283648,-56320,-1408000,611328,324608,1072128,720896,863232,-458752,217088,276480,-378880,531456,975872,-94208,1200128,1113088,-564224,805888,896000,-422912,-228352,175104,-945152,913408,789504,144384,670720,514048,-759808,337920,-391168,542720,-368640,-644096,475136,-137216,956416,-464896,-1556480,-1641472,1024000,-272384,244736,650240,232448,1596416,-79872,702464,-927744,-1260544,353280,-168960,197632,208896,-579584,-22528,-653312,616448,55296,-385024,520192,701440,-793600,900096,-235520,527360,-335872,1092608,-657408,877568,86016,-398336,1536000,454656,260096,-74752,-37888,-1301504,587776,1280000,1036288,1411072,3072,1045504,-458752,-380928,-909312,-1195008,-406528,291840,492544,801792,156672,-416768,1682432,-325632,-259072,475136,114688,-763904,246784,1188864,633856,458752,384000,343040,-985088,-165888,864256,-369664,-163840,932864,218112,-244736,698368,418816,1241088,-201728,1055744,1259520,-345088,390144,-179200,-868352,-109568,1090560,-184320,-747520,332800,-1090560,1154048,333824,-509952,746496,1361920,-1039360,606208,944128,-434176,1447936,-75776,1041408,-43008,-1559552,18432,-470016,-506880,784384,1758208,295936,660480,-87040,800768,-532480,534528,778240,742400,538624,781312,604160,-19456,-1285120,149504,297984,-535552,292864,-620544,-429056,-530432,289792,-75776,468992,1045504,823296,883712,172032,44032,886784,-885760,778240,134144,-1069056,566272,763904,202752,191488,-171008,-574464,6144,448512,-256000,733184,-466944,-10240,259072,1173504,817152,-335872,-508928,283648,-415744,453632,-115712,-588800,713728,537600,354304,-1071104,-1938432,784384,-537600,-501760,805888,0,-598016,1063936,-851968,-1038336,-79872,686080,-295936,-647168,-362496,272384,761856,-1054720,1034240,-565248,-249856,472064,67584,-630784,-53248,-1026048,-1115136,-875520,-8192,206848,29696,-33792,839680,363520,1199104,-798720,756736,856064,-468992,148480,-411648,1678336,1041408,157696,1054720,493568,445440,64512,423936,910336,149504,-37888,-26624,-1515520,-578560,-358400,244736,994304,326656,-385024,-15360,-864256,-704512,702464,-553984,-322560,-89088,889856,311296,-186368,1061888,730112,-187392,349184,278528,-1110016,369664,119808,-1141760,282624,-240640,-116736,578560,-46080,-943104,-1123328,367616,403456,1980416,500736,281600,769024,54272,115712,-1131520,-507904,109568,468992,159744,467968,680960,257024,-1060864,-1395712,4096,-659456,-286720,898048,-7168,-90112,-365568
190464,64512,-58368,189440,254976,-87040,8192,-527360,-912384,-128000,-1467392,-462848,1011712,264192,388096,-1266688,-738304,-484352,-1112064,526336,748544,-253952,932864,926720,-1319936,546816,-1430528,78848,846848,21504,-831488,89088,-1299456,-590848,369664,-1860608,-518144,21504,-586752,536576,532480,559104,-763904,-107520,-459776,-270336,492544,-745472,576512,-336896,1447936,-102400,-896000,29696,891904,-1277952,586752,473088,704512,-392192,-1747968,323584,683008,-411648,-902144,-589824,35840,-907264,-193536,694272,216064,1067008,309248,-1316864,-1009664,-27648,-208896,636928,-77824,294912,25600,-110592,-2048,896000,-1403904,-1107968,-663552,-659456,732160,323584,-1025024,29696,-660480,-693248,-514048,195584,-1032192,94208,-1180672,-422912,718848,494592,-763904,614400,175104,-293888,-605184,238592,-8192,-1118208,-1102848,273408,782336,-724992,-631808,-157696,422912,450560,-1325056,329728,-258048,297984,-1150976,-814080,-67584,575488,-80896,72704,372736,193536,-572416,-1662976,200704,741376,-36864,1643520,401408,-171008,1225728,135168,-732160,538624,-365568,-635904,-53248,-1181696,-848896,1101824,-1258496,-2019328,251904,219136,198656,59392,-900096,1328128,389120,12288,656384,-178176,1348608,-1422336,285696,-230400,-1039360,-1473536,950272,182272,1055744,148480,877568,-635904,-626688,772096,-1062912,-541696,-495616,205824,489472,-53248,959488,-190464,-451584,-550912,-58368,-528384,-1067008,1561600,-113664,1182720,-488448,503808,-880640,1114112,-2249728,-190464,793600,529408,144384,-937984,-369664,-345088,34816,-601088,-327680,-1201152,1225728,-281600,367616,-379904,39936,-542720,-558080,-866304,-845824,1034240,-835584,107520,-15360,-238592,-724992,-279552,-593920,-1414144,-861184,-1030144,-447488,-329728,-87040,568320,650240,-441344,-1861632,-184320,308224,-142336,505856,6144,-683008,-262144,-631808,-373760,-1087488,-1454080,-836608,-740352,-677888,-263168,-964608,-536576,-569344,-658432,-549888,-910336,1288192,-667648,-596992,-894976,-240640,-1559552,-1221632,-769024,-1031168,-73728,-1134592,330752,714752,-606208,-410624,763904,-2368512,-1489920,-649216,-1249280,-1054720,-110592,-223232,-320512,-730112,-275456,645120,314368,46080,-869376,-24576,-263168,-284672,717824,-188416,-1478656,162816,281600,-1125376,188416,56320,-632832,189440,-607232,-769024,457728,801792,-697344,-916480,622592,677888,-754688,713728,-417792,-1191936,-293888,217088,-543744,105472,5120,-1147904,-740352,-301056,-212992,-289792,-578560
384000,882688,784384,-1439744,-973824,-102400,128000,-708608,1794048,675840,31744,1703936,-228352,251904,278528,443392,1722368,-973824,805888,-66560,225280,-166912,791552,160768,-583680,1228800,-22528,-90112,152576,-189440,1550336,328704,-360448,-728064,-689152,-820224,1807360,333824,-175104,-199680,774144,35840,-1826816,512000,920576,1022976,-225280,390144,530432,-105472,-187392,-61440,1324032,-344064,-63488,513024,1654784,644096,513024,-13312,954368,-162816,104448,765952,229376,715776,83968,-927744,-152576,-402432,-1810432,1438720,563200,-208896,1130496,-876544,178176,1326080,-387072,-14336,439296,-45056,174080,1200128,468992,870400,658432,-29696,924672,115712,219136,-158720,270336,-128000,-506880,837632,785408,520192,332800,-431104,-705536,135168,681984,-206848,539648,453632,871424,384000,-518144,862208,253952,390144,845824,627712,250880,-311296,466944,-192512,-600064,538624,-78848,837632,210944,2104320,570368,812032,-691200,9216,-362496,410624,670720,-1058816,802816,-1421312,-493568,-472064,377856,476160,1296384,757760,209920,1297408,720896,775168,257024,1482752,-400384,-76800,31744,-38912,-152576,-928768,431104,211968,385024,-335872,-553984,-252928,106496,343040,576512,896000,433152,1054720,572416,-294912,374784,1171456,-184320,38912,-472064,-955392,1288192,1170432,-641024,1181696,1687552,63488,68608,230400,-886784,1887232,841728,612352,1369088,121856,994304,-534528,1516544,51200,1025024,-327680,-59392,1083392,-409600,-95232,482304,604160,92160,871424,30720,471040,-647168,458752,1468416,273408,662528,527360,235520,-1273856,35840,1218560,610304,-138240,280576,-450560,198656,-331776,-787456,-377856,38912,959488,-612352,837632,436224,-69632,-354304,46080,889856,26624,158720,802816,-457728,845824,158720,948224,618496,-522240,-1677312,-37888,632832,890880,82944,1131520,881664,358400,-166912,-1099776,385024,-88064,1067008,496640,718848,-257024,166912,-684032,580608,-792576,-452608,115712,141312,-769024,-734208,98304,40960,-452608,-51200,-167936,773120,-243712,-91136,274432,-195584,-311296,-12288,-74752,505856,-257024,1134592,707584,2202624,585728,968704,-435200,291840,-2629632,506880,750592,61440,1558528,388096,1138688,367616,209920,-378880,451584,568320,441344,791552,-448512,531456,1015808,-68608,-71680,-303104,51200,1381376,670720,1330176,1094656,538624,-446464,1150976,-7168,-850944,385024,349184,616448,586752,1192960
393216,-346112,-528384,16384,-261120,-382976,275456,-191488,-206848,-1217536,166912,1549312,227328,417792,-32768,840704,777216,-1178624,-11264,-536576,759808,-327680,324608,169984,201728,-151552,569344,-1310720,513024,113664,-556032,-821248,765952,-646144,-517120,-154624,-401408,-151552,-351232,-160768,380928,-138240,1001472,11264,-574464,904192,611328,-745472,-72704,3072,307200,1006592,-519168,539648,-419840,133120,-292864,1405952,480256,122880,794624,-1083392,-404480,-360448,584704,842752,-1148928,-363520,-133120,-239616,160768,-516096,150528,802816,216064,19456,-961536,-20480,-200704,-294912,-36864,-185344,114688,-275456,-204800,-1091584,463872,1324032,245760,544768,-388096,-227328,-100352,57344,-505856,98304,-557056,-911360,787456,-354304,217088,145408,-222208,-1024000,198656,-346112,-181248,197632,768000,424960,-433152,1175552,899072,247808,1044480,275456,-38912,712704,78848,-1326080,382976,-593920,299008,-1506304,-857088,1517568,542720,808960,-711680,68608,-286720,-134144,-874496,-238592,-122880,530432,608256,-171008,163840,-188416,462848,320512,537600,-1094656,-192512,576512,522240,106496,404480,258048,49152,-208896,-2879488,658432,-240640,-269312,176128,203776,-1904640,685056,762880,813056,146432,-259072,1081344,167936,704512,326656,648192,261120,312320,-329728,192512,513024,470016,21504,-141312,166912,850944,-304128,-454656,445440,168960,-399360,277504,95232,6144,-345088,376832,783360,146432,-28672,167936,1282048,-1071104,-534528,-889856,504832,348160,223232,362496,-1044480,678912,-899072,-301056,-152576,-225280,-834560,-186368,-413696,408576,-691200,-1087488,538624,-670720,-1217536,1293312,104448,149504,-819200,106496,786432,995328,-19456,-432128,201728,-286720,-110592,-320512,888832,-261120,-6144,906240,-1183744,-677888,-125952,-965632,26624,90112,-237568,476160,518144,-1364992,647168,179200,1193984,201728,521216,162816,12288,552960,250880,1088512,-154624,-294912,-707584,-547840,968704,-718848,-1009664,475136,-705536,33792,36864,-394240,1024,961536,-652288,-336896,-950272,-431104,528384,1045504,447488,-714752,-19456,-920576,-114688,245760,-309248,958464,-712704,-1046528,28672,870400,-366592,-1391616,-546816,889856,-339968,57344,184320,-179200,-466944,252928,804864,618496,166912,-411648,293888,-1833984,-716800,-243712,98304,1063936,-590848,259072,-147456,-142336,-1330176,685056,485376,-23552,1721344,-514048,870400,-19456,-493568,194560,571392
250880,-617472,-986112,-359424,-684032,-2147328,-125952,-1032192,-487424,-219136,-890880,243712,-438272,-884736,-1046528,655360,-883712,-297984,-1226752,218112,-633856,-744448,-1472512,445440,-2164736,-328704,-294912,-467968,281600,-1623040,-297984,-1379328,-1459200,-616448,-245760,-1790976,-1248256,-566272,-785408,306176,-902144,-315392,-1996800,-571392,7168,-972800,844800,-586752,2048,-524288,802816,-1753088,283648,-3104768,-209920,185344,-138240,-934912,-1116160,-839680,-861184,614400,-2091008,-1437696,-381952,38912,-358400,141312,-216064,89088,-1376256,37888,186368,163840,281600,-640000,-1408000,308224,561152,-1291264,-253952,-561152,-254976,-165888,-1341440,-486400,-555008,-313344,-323584,-598016,-308224,-847872,-818176,-1447936,-1295360,-831488,-366592,123904,-947200,71680,-1811456,-701440,-457728,-798720,458752,-1489920,-584704,-98304,-530432,-1137664,32768,-646144,-859136,198656,-795648,-1498112,32768,-181248,-359424,-3072,-271360,-993280,-162816,-187392,1079296,856064,-576512,382976,-515072,-2415616,-643072,-183296,-286720,11264,21504,653312,-357376,-610304,-1449984,-1696768,605184,-71680,-81920,-1181696,-338944,-314368,-267264,37888,765952,-202752,-713728,1211392,-102400,-305152,146432,-550912,-634880,-1082368,360448,221184,-1290240,-2321408,-1404928,-655360,-1070080,-808960,472064,-471040,594944,-647168,861184,-1239040,-92160,-688128,-401408,392192,-599040,-984064,-550912,-788480,-117760,-954368,-575488,-1462272,456704,-1266688,-516096,17408,-502784,-1463296,-290816,-754688,66560,124928,-162816,-199680,459776,44032,-573440,-118784,-208896,-2335744,-1747968,265216,-1205248,-2048,-480256,-501760,-1085440,-1115136,-1185792,323584,-1508352,19456,328704,-1084416,-850944,-672768,150528,-1270784,-192512,-446464,-1730560,-443392,-671744,-376832,144384,900096,594944,-547840,-59392,69632,-641024,-510976,683008,-571392,-1016832,-491520,-757760,-1595392,-932864,676864,-1878016,-132096,-850944,-2221056,386048,-693248,-518144,148480,-998400,901120,-197632,923648,358400,-1135616,-1259520,227328,-953344,-1076224,-1530880,-163840,-930816,92160,-1217536,-971776,-942080,74752,-1078272,68608,295936,-50176,-424960,-1191936,-1471488,-1467392,-322560,-2196480,-877568,-506880,-980992,-299008,-345088,-696320,-69632,-331776,-699392,-1674240,-621568,-655360,-957440,-472064,-946176,-144384,-617472,-1776640,-610304,-1435648,297984,-659456,557056,1056768,-1458176,-293888,-30720,-830464,1262592,-865280,-162816,699392,-293888,-880640,-1643520,-1681408,-236544,-2408448,-743424,-57344,-1041408,-467968
524288,-1223680,872448,-219136,428032,480256,1968128,657408,557056,695296,396288,-637952,928768,450560,82944,-72704,185344,668672,398336,178176,-281600,-845824,-924672,1050624,290816,-13312,591872,43008,-274432,675840,22528,1504256,1528832,-301056,1002496,47104,514048,543744,-315392,-1797120,-718848,378880,471040,-163840,772096,580608,646144,15360,73728,272384,-988160,-1222656,466944,437248,863232,437248,-640000,404480,-342016,201728,1152000,1647616,581632,264192,-876544,1163264,378880,1473536,-365568,-1077248,823296,759808,199680,638976,357376,7168,1189888,-582656,260096,1199104,1012736,318464,392192,-774144,290816,83968,1195008,465920,283648,1062912,1694720,119808,-22528,2276352,348160,377856,261120,1125376,73728,1440768,216064,31744,-37888,1043456,1350656,-194560,1067008,-1413120,1060864,-515072,824320,208896,492544,58368,-262144,-600064,1433600,108544,1520640,1826816,577536,380928,51200,161792,788480,679936,624640,-355328,211968,1616896,543744,1571840,1705984,453632,427008,897024,-137216,43008,155648,2792448,-398336,-58368,-766976,53248,-81920,563200,1355776,239616,1542144,-88064,-592896,463872,290816,-444416,889856,-238592,914432,418816,111616,-793600,155648,248832,632832,-449536,1359872,-121856,332800,219136,-28672,611328,-573440,74752,352256,793600,-88064,1283072,-642048,1328128,615424,-50176,465920,-789504,446464,-90112,118784,2072576,230400,-1939456,502784,-18432,-205824,525312,-1064960,-167936,796672,254976,508928,50176,-97280,-457728,-93184,-28672,241664,-133120,927744,-239616,-165888,831488,1884160,-253952,1891328,-294912,892928,1009664,264192,-156672,-2569216,-110592,485376,530432,1079296,53248,-225280,114688,-260096,-996352,-303104,-261120,540672,784384,1529856,1072128,1842176,758784,617472,-425984,1650688,-434176,-594944,278528,283648,6144,90112,1009664,857088,785408,108544,-573440,32768,82944,1209344,-607232,1320960,-40960,-1462272,81920,547840,178176,634880,14336,926720,967680,805888,192512,-834560,-569344,878592,211968,-1010688,927744,-422912,949248,52224,-208896,-720896,-591872,364544,-437248,514048,228352,-585728,-235520,-309248,-370688,496640,1053696,-434176,574464,540672,579584,-339968,110592,210944,385024,4096,927744,888832,-651264,172032,714752,427008,57344,-713728,800768,-921600,1087488,482304,719872,728064,680960,1123328,538624,983040,842752,271360,1211392,1455104,628736,172032,-473088
331776,-245760,416768,-961536,-670720,169984,285696,478208,-322560,-154624,-562176,316416,-1176576,-848896,337920,526336,-578560,-196608,-813056,-691200,-928768,-1249280,-258048,-176128,160768,184320,-1040384,225280,-489472,-801792,-782336,34816,-344064,-348160,48128,-366592,31744,438272,458752,163840,-436224,-755712,30720,-798720,-34816,-1460224,-565248,480256,-1224704,490496,-463872,-277504,-605184,260096,-311296,413696,833536,116736,-8192,629760,-337920,-87040,-120832,-570368,588800,-273408,-1461248,187392,-852992,-908288,266240,73728,-519168,-154624,-37888,524288,223232,-1195008,-456704,-107520,754688,-1342464,-169984,-1424384,159744,-500736,620544,312320,-940032,-811008,-637952,137216,-666624,-1090560,140288,-53248,-833536,563200,-982016,-179200,122880,-830464,796672,-479232,595968,-564224,-203776,-881664,-325632,380928,-264192,134144,313344,-683008,759808,684032,665600,-699392,941056,264192,332800,-2024448,-495616,-234496,-567296,259072,788480,115712,-838656,204800,-234496,-522240,-988160,-461824,150528,-123904,-689152,-777216,312320,780288,-565248,98304,-566272,-495616,281600,301056,558080,-417792,-533504,301056,39936,-1117184,-982016,-591872,-33792,-229376,-797696,-949248,-282624,394240,-415744,-472064,1369088,-119808,-1346560,-1204224,-16384,-992256,629760,-488448,1048576,-1257472,-907264,-484352,-1564672,-607232,217088,169984,962560,-683008,-294912,-1088512,77824,-681984,74752,-150528,-250880,445440,-223232,507904,-996352,-952320,198656,-1335296,-440320,877568,-205824,288768,587776,29696,152576,1319936,-558080,-364544,-576512,-744448,-27648,-390144,948224,-915456,-130048,-738304,243712,-976896,-489472,-58368,241664,837632,250880,-1156096,764928,-399360,-117760,59392,-1093632,-602112,1188864,-500736,-424960,407552,-1139712,-1573888,-438272,-23552,-94208,577536,409600,907264,-1205248,-783360,314368,-323584,-714752,-410624,633856,403456,172032,-81920,-461824,-648192,115712,-309248,-990208,-1226752,252928,-309248,-229376,-108544,952320,-933888,968704,140288,153600,52224,904192,-254976,-180224,-516096,743424,-3409920,-1324032,253952,-162816,359424,-1406976,-762880,37888,-888832,-1747968,173056,-753664,-188416,259072,-79872,77824,169984,373760,-1691648,-542720,73728,246784,-636928,-68608,340992,-436224,-816128,-339968,-67584,-522240,-1727488,1201152,-830464,536576,-582656,1500160,-1475584,-762880,-891904,920576,86016,-442368,337920,1417216,-460800,355328,489472,-1030144,855040,610304,-544768
364544,370688,-1290240,-1029120,38912,846848,138240,961536,-614400,-704512,-648192,-297984,1135616,328704,-322560,1037312,1752064,280576,569344,-800768,-221184,839680,-346112,149504,536576,470016,689152,638976,-997376,1052672,60416,-250880,-323584,310272,436224,1814528,80896,-10240,232448,-99328,-634880,-552960,-538624,1187840,715776,834560,464896,-1316864,-168960,1386496,80896,265216,-70656,56320,-399360,481280,-716800,549888,-408576,-446464,359424,-349184,1437696,746496,972800,-285696,2084864,-26624,1275904,29696,-1728512,229376,704512,123904,766976,459776,165888,534528,-324608,736256,1130496,599040,-155648,-131072,739328,690176,812032,261120,238592,638976,548864,616448,197632,307200,-286720,698368,680960,-1412096,-941056,271360,401408,-386048,1038336,397312,506880,1234944,-200704,-501760,760832,385024,508928,19456,-958464,644096,-235520,243712,-578560,625664,450560,187392,-459776,-37888,324608,750592,-48128,-728064,-329728,1148928,727040,555008,575488,1146880,251904,186368,196608,404480,1745920,616448,493568,-443392,-943104,142336,558080,160768,-95232,-751616,351232,888832,608256,1338368,449536,412672,-574464,-550912,175104,1387520,-133120,-149504,219136,-294912,297984,1277952,619520,-48128,363520,1145856,344064,828416,1372160,-237568,-176128,1262592,-618496,-439296,429056,57344,553984,-233472,1265664,-1366016,-638976,711680,124928,417792,-290816,614400,464896,292864,-1045504,486400,419840,-113664,1206272,903168,-103424,845824,-4096,272384,582656,335872,-884736,-558080,479232,1051648,1475584,4096,162816,164864,-26624,-587776,266240,1219584,1409024,903168,-180224,1077248,156672,1190912,868352,-202752,852992,433152,1020928,851968,-324608,-61440,478208,499712,1465344,1078272,1314816,-727040,407552,394240,720896,-626688,622592,-224256,-248832,-645120,648192,449536,1977344,1091584,235520,1025024,-993280,1187840,892928,83968,901120,646144,-471040,-75776,480256,696320,796672,556032,496640,709632,849920,-352256,452608,-1653760,-57344,445440,-210944,-89088,-248832,259072,1498112,453632,761856,730112,730112,747520,287744,-831488,-405504,1222656,306176,-83968,-893952,1173504,-1596416,19456,-54272,1025024,337920,-464896,-77824,2048,634880,-1501184,-78848,274432,-17408,836608,-195584,266240,578560,738304,656384,-557056,-1182720,317440,1178624,-658432,-275456,-911360,80896,-264192,186368,-812032,-86016,-657408,1133568,601088,323584,121856
1063936,-713728,703488,-3072,282624,724992,-755712,507904,-1561600,495616,118784,-171008,528384,-1024000,-491520,711680,808960,571392,190464,217088,-45056,-410624,-218112,435200,787456,-130048,-249856,-915456,-368640,979968,-1303552,459776,-724992,49152,55296,-365568,-1257472,-660480,-2138112,-492544,131072,525312,-660480,935936,-1263616,611328,-1145856,1606656,-337920,-1070080,2118656,-565248,869376,-763904,635904,-314368,-375808,59392,-519168,-542720,-701440,498688,223232,69632,-1239040,-277504,-161792,-158720,317440,92160,-657408,1330176,-345088,-586752,-625664,-374784,1413120,-1072128,-715776,1397760,-836608,-701440,514048,-14336,-994304,50176,-324608,-759808,-546816,-547840,-1079296,-572416,-60416,-286720,-1030144,-92160,-352256,291840,1009664,-570368,-55296,38912,-212992,-763904,-438272,-396288,-793600,-723968,880640,-444416,-1431552,-532480,-96256,-1301504,257024,-1024,67584,581632,8192,267264,-250880,347136,-1768448,-622592,-325632,1315840,368640,-245760,-784384,-219136,1065984,-473088,591872,-43008,227328,-233472,1263616,-44032,-321536,-207872,-713728,-683008,-566272,-6144,201728,-1454080,68608,-411648,-798720,1093632,691200,-2581504,-314368,-669696,212992,199680,-180224,-287744,308224,-300032,-778240,977920,-233472,351232,496640,90112,-717824,315392,-393216,-191488,-212992,-575488,-274432,-860160,-712704,-1597440,522240,-899072,188416,-521216,763904,355328,342016,172032,-545792,-1604608,-436224,-237568,141312,410624,-761856,-48128,-79872,-549888,-931840,-1317888,470016,-11264,339968,-238592,267264,1086464,89088,173056,-233472,847872,-664576,-267264,-825344,1121280,172032,327680,-101376,-505856,-829440,-320512,-178176,177152,481280,-203776,-232448,-894976,-331776,-738304,363520,-78848,-791552,206848,392192,-878592,-966656,-17408,-8192,389120,294912,-302080,-48128,-267264,-600064,-62464,-1128448,-679936,-540672,699392,-192512,129024,220160,-51200,184320,-319488,-1785856,92160,364544,-179200,-850944,459776,-111616,-200704,-724992,242688,-831488,-1479680,-563200,-585728,-154624,260096,-1150976,-1727488,143360,-995328,-208896,-663552,-299008,-389120,1842176,441344,431104,171008,-26624,-777216,-755712,-444416,-105472,254976,-366592,-925696,-993280,-1037312,-658432,364544,-920576,-923648,-393216,-493568,455680,-508928,-272384,-1523712,-349184,-1888256,-90112,726016,632832,-546816,-1037312,29696,-388096,442368,-286720,-409600,-827392,-263168,-369664,-388096,-344064,-457728,515072,-91136,406528,-692224
332800,-625664,-381952,-621568,-211968,-313344,-1376256,111616,-160768,-1103872,-1181696,-565248,-1502208,51200,-1960960,-19456,48128,-446464,1414144,-1283072,221184,-761856,589824,-330752,-505856,66560,78848,858112,254976,-555008,-23552,-1514496,-369664,-627712,44032,-1020928,-270336,-245760,1058816,-231424,-595968,-1078272,-143360,-168960,-907264,235520,280576,118784,483328,677888,-563200,372736,-1180672,66560,-28672,142336,52224,-187392,-809984,-908288,-2124800,-875520,-672768,166912,-1636352,802816,-837632,-1465344,-655360,756736,-363520,-743424,-822272,-622592,-37888,-160768,-431104,302080,231424,-277504,-1217536,401408,-1497088,-287744,-402432,-527360,-581632,-100352,-966656,-408576,-1483776,-306176,-988160,-1012736,1004544,-836608,-1018880,-996352,-1206272,-1316864,91136,388096,-724992,484352,-280576,-891904,460800,103424,-20480,-722944,-163840,-714752,-367616,-962560,7168,-826368,-860160,-1028096,-253952,-548864,-395264,92160,-1378304,1247232,452608,-586752,-989184,-561152,-1605632,-109568,-24576,-308224,-79872,-592896,304128,-222208,243712,-1499136,-423936,-703488,-197632,121856,-1024,-508928,-1301504,-418816,-299008,75776,-1428480,-260096,-1022976,365568,-1490944,-287744,-416768,-945152,-898048,-16384,-1312768,-359424,-1087488,783360,133120,-235520,-823296,433152,-1260544,-227328,650240,209920,-530432,-459776,-219136,133120,-1505280,-336896,-1085440,-346112,-1133568,-165888,-2246656,-1253376,-1035264,139264,-746496,-990208,-828416,-1049600,-146432,-509952,-914432,526336,-1373184,448512,-701440,-708608,-679936,458752,-772096,-504832,-2242560,-236544,-890880,-330752,-813056,-81920,-776192,-1556480,-336896,-1519616,-1461248,-1519616,33792,-1077248,-693248,-516096,-939008,-883712,-652288,-481280,684032,41984,1024,-310272,-769024,-671744,200704,-688128,-643072,-172032,-1421312,152576,-1059840,965632,-971776,-293888,305152,-1448960,-2247680,-1091584,-372736,-763904,-931840,-921600,-474112,-144384,-457728,34816,424960,-828416,500736,-632832,-371712,-335872,-506880,131072,-726016,-244736,-1169408,-815104,369664,-637952,-1042432,-827392,-1620992,48128,-517120,128000,-115712,-240640,-917504,-1112064,202752,-573440,-1647616,-421888,-1351680,-775168,106496,-735232,398336,546816,-164864,-466944,-466944,-699392,-976896,811008,-1180672,45056,99328,-4096,-16384,45056,371712,-247808,-158720,-649216,-891904,-1049600,-369664,-339968,-1403904,-645120,-214016,-1186816,-823296,-747520,-837632,279552,-766976,-1183744,-724992,-1550336,-804864,-134144,993280,-1133568,73728,69632
-1114112,245760,1858560,349184,1180672,1222656,-516096,109568,159744,138240,1333248,-474112,144384,305152,202752,1032192,-752640,657408,-768000,-212992,-160768,951296,264192,856064,91136,30720,-286720,1449984,623616,-1003520,987136,501760,404480,1175552,508928,-124928,712704,-144384,819200,784384,607232,1043456,424960,-272384,33792,794624,586752,291840,1377280,340992,867328,402432,-330752,1311744,-449536,154624,1814528,848896,433152,970752,828416,1495040,1165312,519168,61440,-477184,-691200,-171008,18432,987136,1197056,792576,676864,-1205248,353280,-331776,-8192,43008,503808,799744,933888,-107520,-45056,-215040,352256,-983040,-29696,419840,-157696,2542592,146432,-119808,-657408,-310272,331776,527360,408576,125952,1540096,70656,-98304,662528,775168,528384,-259072,-1491968,-466944,587776,-555008,1053696,1399808,-288768,552960,518144,756736,1211392,805888,1598464,1213440,764928,-373760,-24576,-356352,-10240,-301056,1019904,115712,540672,811008,-150528,70656,55296,202752,995328,-496640,838656,1515520,1149952,522240,-91136,55296,-228352,651264,-903168,-38912,438272,912384,1583104,490496,221184,908288,433152,-526336,650240,661504,629760,1163264,774144,828416,632832,779264,814080,348160,288768,-220160,390144,14336,-454656,-592896,-568320,660480,388096,1225728,531456,324608,1015808,125952,-769024,-666624,882688,-114688,-50176,189440,153600,-338944,1261568,-612352,151552,595968,544768,-559104,-77824,-550912,-743424,157696,209920,539648,-173056,181248,1898496,244736,233472,1132544,-9216,-1536000,-367616,387072,492544,1115136,-396288,248832,338944,343040,459776,1308672,-492544,228352,77824,292864,1204224,-405504,140288,382976,-66560,-692224,1247232,-592896,614400,-342016,277504,205824,-344064,-434176,105472,54272,148480,-444416,-10240,-354304,1239040,-806912,-433152,-290816,413696,-558080,-1018880,80896,98304,312320,149504,611328,-415744,721920,-502784,-114688,1325056,-316416,1226752,1019904,285696,1059840,559104,1311744,412672,538624,182272,394240,-385024,-320512,167936,-1178624,-290816,-265216,-524288,102400,528384,108544,800768,501760,216064,52224,-250880,-297984,-1039360,1299456,1145856,165888,-1333248,-672768,-71680,907264,-25600,423936,-320512,356352,51200,705536,489472,434176,-423936,-466944,358400,822272,446464,176128,930816,-312320,137216,519168,-488448,1668096,394240,-613376,561152,193536,386048,411648,831488,503808,1260544
802816,-503808,-502784,-377856,-719872,-594944,78848,-2048,483328,580608,-411648,-1022976,-1513472,-56320,-45056,-2030592,-622592,-262144,506880,1007616,134144,-525312,135168,-274432,-797696,-429056,-801792,-1189888,-826368,191488,-115712,-202752,605184,-320512,-160768,-264192,734208,-166912,1307648,123904,-646144,707584,-885760,-807936,546816,-292864,-16384,-912384,-2376704,113664,31744,29696,762880,88064,252928,40960,-193536,884736,189440,305152,321536,-390144,-31744,-506880,-1152000,-1233920,1071104,-1227776,-179200,63488,-792576,-508928,-659456,-1676288,-126976,-582656,-376832,-480256,-174080,-980992,-221184,-74752,-1737728,103424,31744,-690176,905216,-106496,-274432,-1040384,-557056,-1449984,-1278976,-244736,-1324032,-247808,-179200,64512,-844800,1567744,-207872,-1352704,-1112064,-456704,961536,-275456,931840,1054720,181248,260096,175104,-491520,1119232,-31744,802816,586752,957440,-176128,-133120,595968,-577536,-781312,-939008,233472,-377856,181248,-550912,-778240,-417792,-500736,-992256,-473088,84992,596992,-610304,328704,-424960,937984,129024,-806912,960512,-616448,-28672,435200,-160768,-245760,-856064,-1312768,855040,-762880,-1238016,-231424,-514048,276480,484352,387072,-1161216,-1001472,-969728,441344,-457728,-537600,-871424,-497664,613376,-602112,409600,286720,-503808,-187392,-70656,307200,-719872,357376,-2059264,744448,-1376256,-21504,-130048,-700416,47104,-1110016,-432128,-410624,375808,432128,-1178624,-540672,-126976,-357376,1319936,-571392,-1503232,-178176,-724992,-713728,-221184,-497664,-239616,-509952,93184,-1344512,-7168,-1166336,-44032,-134144,-879616,-688128,-509952,265216,221184,142336,768000,26624,89088,-1160192,505856,-1123328,-868352,-999424,-799744,1074176,-1185792,607232,904192,253952,-884736,38912,-688128,-2086912,-2494464,808960,624640,221184,806912,-660480,-1159168,-48128,-116736,-846848,175104,178176,-1318912,658432,152576,542720,-342016,-1155072,-903168,128000,-928768,-431104,-10240,-805888,-404480,178176,-464896,-936960,-651264,-1838080,-1038336,303104,129024,407552,1327104,-122880,-643072,-412672,259072,-507904,-144384,248832,291840,95232,-558080,-852992,-154624,-516096,135168,-202752,-1599488,359424,-156672,-28672,435200,-1980416,-1259520,-546816,-852992,-176128,-827392,-235520,777216,-998400,316416,-283648,-111616,-1083392,-167936,-1245184,-448512,16384,-274432,-58368,-2145280,94208,-2100224,-1419264,-1627136,-1083392,-333824,-348160,1024,900096,-17408,-248832,231424,215040,-600064,-512000
567296,-99328,-373760,114688,335872,677888,-8192,1729536,-393216,1917952,-154624,73728,-66560,768000,1056768,82944,946176,779264,1004544,934912,-1115136,-96256,100352,88064,123904,-555008,300032,-329728,163840,10240,-1393664,552960,-100352,641024,437248,935936,-764928,521216,-174080,744448,964608,177152,1190912,1160192,-16384,911360,467968,568320,-818176,-669696,-665600,481280,-420864,493568,401408,66560,528384,536576,106496,-529408,395264,238592,633856,536576,1145856,-652288,-279552,117760,-661504,-324608,-162816,1556480,1319936,-111616,-150528,-357376,274432,71680,942080,332800,-333824,169984,5120,-183296,754688,316416,147456,300032,-719872,371712,608256,-448512,1496064,844800,871424,1979392,429056,-686080,-339968,397312,-1034240,830464,-1217536,299008,-292864,1977344,690176,-125952,907264,1047552,401408,1020928,376832,-247808,-104448,435200,-933888,-460800,599040,82944,232448,362496,200704,838656,343040,329728,1244160,521216,764928,-175104,-501760,-94208,332800,1265664,762880,-1280000,149504,565248,-678912,360448,-233472,-446464,133120,-791552,-462848,104448,308224,1251328,1108992,528384,720896,636928,1238016,-211968,496640,60416,-791552,49152,-770048,-807936,1797120,-622592,281600,-60416,100352,935936,-216064,-240640,663552,348160,421888,-443392,-633856,2052096,-846848,545792,159744,264192,580608,144384,413696,653312,461824,1552384,285696,353280,-187392,-214016,455680,25600,-175104,808960,1110016,850944,49152,-765952,484352,76800,735232,1009664,1165312,-120832,1013760,8192,-579584,-36864,-28672,-330752,-540672,268288,577536,1199104,591872,-53248,984064,199680,100352,19456,-31744,431104,907264,454656,328704,737280,880640,104448,-250880,737280,-1036288,1247232,-399360,266240,-83968,640000,-422912,-958464,360448,93184,-736256,-406528,1127424,1829888,-315392,-218112,1108992,-544768,-99328,1233920,-309248,97280,746496,-446464,-977920,312320,-665600,663552,-546816,-153600,374784,-88064,-281600,1187840,-196608,250880,986112,494592,68608,-1130496,-606208,472064,1147904,508928,418816,409600,369664,698368,-113664,38912,698368,-84992,598016,-289792,521216,1440768,-738304,1159168,475136,53248,1561600,-740352,281600,-283648,-806912,971776,687104,666624,527360,254976,56320,59392,-710656,159744,414720,-461824,14336,929792,400384,-251904,696320,736256,53248,-690176,-576512,645120,860160,-1037312,1524736,197632,129024,438272
991232,617472,556032,265216,-398336,525312,-192512,-880640,-206848,-535552,608256,311296,-30720,106496,685056,702464,-794624,667648,1255424,313344,-631808,736256,555008,-232448,248832,-175104,1083392,-285696,1036288,1056768,1460224,727040,-971776,-497664,1875968,202752,-1226752,-1110016,1616896,-947200,-182272,1606656,-557056,808960,52224,-90112,-72704,57344,536576,2311168,11264,-474112,135168,-427008,329728,-454656,1261568,-415744,943104,-240640,623616,603136,699392,615424,574464,-473088,996352,122880,1305600,-99328,287744,695296,-160768,-953344,-39936,-669696,352256,110592,960512,731136,123904,666624,-678912,39936,-241664,-28672,643072,650240,-635904,-72704,-555008,286720,-307200,847872,1149952,686080,712704,-442368,775168,-10240,889856,-843776,-393216,104448,285696,1550336,-174080,429056,668672,-36864,-695296,663552,-1739776,92160,563200,-604160,101376,10240,-849920,611328,96256,-278528,1102848,159744,752640,-21504,-2210816,-487424,722944,993280,109568,365568,1011712,-1305600,1486848,130048,-181248,-254976,-627712,-2002944,-742400,395264,358400,345088,-553984,1786880,414720,-741376,-1047552,-284672,-1777664,224256,-22528,227328,315392,-72704,1352704,695296,1155072,1203200,-138240,636928,-786432,1417216,-18432,-1108992,-881664,272384,-121856,1141760,1042432,-544768,590848,869376,1419264,359424,601088,941056,390144,-203776,623616,107520,1250304,-480256,-1837056,1275904,144384,487424,1091584,1277952,73728,-1300480,-77824,-315392,1024,-185344,924672,-292864,560128,-254976,324608,1140736,-402432,1021952,763904,1276928,1183744,-110592,-175104,-529408,-599040,-591872,738304,-406528,-908288,189440,659456,258048,430080,-114688,109568,-373760,-2226176,1022976,176128,448512,129024,748544,41984,602112,613376,225280,997376,1077248,590848,-567296,384000,-480256,-684032,145408,680960,-456704,-281600,1198080,-33792,616448,235520,-1601536,167936,584704,-442368,983040,-484352,-910336,-646144,83968,-758784,388096,-309248,537600,-584704,153600,-1323008,-1115136,-166912,-472064,-479232,-126976,-416768,217088,-766976,-281600,-415744,644096,-1552384,839680,499712,-670720,33792,-139264,408576,-471040,561152,-151552,1345536,-268288,250880,-228352,-430080,624640,-498688,380928,567296,392192,-834560,141312,882688,-1153024,-1562624,-202752,773120,817152,-5120,-54272,-384000,601088,524288,498688,1293312,-232448,-438272,949248,578560,465920,-1038336,-49152,-727040,-647168,610304,690176
340992,-1053696,-1629184,481280,-1119232,-1363968,-214016,280576,-806912,-81920,-979968,-829440,-1775616,-1622016,-809984,783360,-1719296,486400,218112,-1737728,-906240,-522240,-1478656,-729088,-739328,-352256,52224,-96256,-809984,-596992,-877568,-79872,552960,-1641472,-837632,-125952,-12288,-486400,-805888,-1398784,-499712,71680,-1779712,-221184,-355328,325632,-70656,52224,-621568,-299008,-266240,-37888,-175104,-1298432,-162816,59392,718848,-1048576,107520,270336,-2019328,-1203200,-193536,-601088,-1960960,-1746944,200704,-1063936,-379904,-1397760,-859136,303104,-33792,441344,-910336,-263168,-2262016,194560,-453632,-940032,739328,44032,-123904,-1622016,-339968,-109568,-1128448,-462848,-966656,-1822720,301056,-470016,-94208,82944,2048,18432,-506880,462848,-1037312,-280576,-95232,246784,-411648,-139264,1035264,-507904,-1411072,164864,-541696,289792,-223232,-525312,-782336,-777216,524288,-1054720,-1482752,-777216,-1501184,-350208,-879616,-551936,-592896,-27648,-1610752,-434176,-175104,-919552,-890880,-86016,-689152,-251904,-851968,-806912,-605184,-913408,-1458176,-242688,-200704,-1065984,-95232,-1137664,-529408,-238592,-740352,-840704,-413696,-1164288,-1247232,-624640,-983040,142336,340992,16384,-184320,-717824,-254976,-182272,-653312,351232,-1709056,-2880512,-1308672,-466944,-1794048,299008,-578560,-826368,-1929216,253952,-1274880,-1402880,-1436672,-885760,-1599488,-791552,-758784,-1728512,-979968,-502784,-285696,-368640,-1297408,-1884160,-1052672,-833536,-925696,175104,-1361920,-925696,-106496,394240,-678912,-1542144,-1048576,-1216512,-599040,109568,-77824,-2306048,-279552,484352,-1725440,538624,-1157120,-603136,-858112,35840,-1108992,-46080,400384,-1317888,-277504,-913408,137216,-400384,-445440,-863232,-221184,-1784832,6144,-841728,-416768,-304128,-340992,187392,-409600,-776192,66560,-258048,-716800,-434176,-542720,176128,334848,-698368,39936,-1874944,371712,1166336,-1511424,-953344,-303104,-109568,-499712,-1617920,-1970176,-374784,-268288,-1046528,-407552,-371712,-809984,-155648,-142336,-222208,-731136,-1012736,-1422336,-130048,-263168,-282624,-1063936,-29696,-868352,-795648,-665600,-1833984,-1479680,-970752,-608256,-2378752,-1356800,-1121280,-700416,-2344960,-1498112,-988160,-146432,-906240,-964608,-1485824,-781312,-1892352,-708608,-683008,-54272,-1105920,-372736,-33792,-1214464,364544,-1490944,-875520,180224,-40960,-1041408,286720,-1768448,555008,-640000,-1281024,12288,850944,-327680,-7168,-697344,-629760,354304,-1224704,894976,-108544,-2050048,-88064,-562176,-1089536,-1209344,-922624,-959488,869376
813056,380928,183296,711680,-133120,-484352,-333824,882688,-287744,457728,111616,503808,931840,871424,723968,930816,-31744,-373760,359424,-157696,957440,708608,447488,1300480,2048,749568,891904,1181696,-460800,-325632,2027520,330752,1603584,175104,884736,271360,793600,1013760,150528,716800,332800,211968,137216,1010688,1724416,1341440,-1142784,297984,117760,-467968,1141760,51200,809984,-501760,922624,1610752,-668672,640000,1043456,585728,9216,1446912,-505856,861184,558080,1515520,-760832,856064,1522688,635904,-4096,-194560,651264,564224,1255424,1964032,-972800,1188864,-71680,464896,1470464,-370688,886784,606208,156672,-1181696,9216,629760,2718720,2057216,375808,1839104,363520,-198656,-168960,874496,-215040,284672,407552,70656,1296384,1017856,368640,550912,-1515520,-142336,193536,-120832,1391616,-1201152,-181248,503808,1167360,-794624,1604608,1085440,1205248,1299456,-248832,-199680,734208,627712,1946624,832512,904192,-61440,579584,1513472,630784,-1505280,818176,-473088,-364544,-176128,-67584,-155648,177152,1543168,283648,567296,219136,919552,-1245184,503808,794624,404480,1101824,998400,-369664,116736,-398336,82944,889856,930816,869376,1113088,-76800,885760,373760,-260096,621568,702464,161792,227328,800768,273408,-34816,-150528,700416,-65536,-454656,-172032,461824,-1037312,453632,90112,-2628608,-514048,139264,-1132544,524288,823296,-736256,-1051648,1345536,274432,1124352,169984,1339392,463872,475136,-39936,452608,1412096,1643520,-282624,352256,-386048,490496,-745472,-229376,76800,-1592320,318464,345088,-97280,513024,888832,324608,1350656,69632,416768,-203776,371712,-73728,629760,1463296,-18432,1198080,510976,512000,-317440,-91136,448512,608256,617472,292864,1315840,-134144,743424,-565248,-1519616,-110592,679936,-108544,1523712,483328,-181248,788480,-1044480,401408,1257472,723968,-573440,-295936,657408,266240,-403456,40960,90112,419840,1124352,-306176,-319488,681984,598016,1513472,-352256,292864,616448,1648640,-1036288,-914432,867328,485376,661504,-238592,717824,984064,75776,467968,883712,-638976,479232,-1094656,-461824,1124352,1300480,-221184,398336,-100352,1208320,995328,-401408,-108544,832512,1304576,1015808,746496,-313344,-912384,74752,999424,-411648,271360,301056,289792,348160,-437248,1652736,-462848,1871872,78848,1727488,34816,-290816,447488,1177600,-268288,122880,1200128,728064,2069504,1380352,1185792,247808,631808,7168,666624,506880
1655808,-1661952,-352256,287744,1131520,-1001472,-303104,1748992,-654336,521216,-304128,-294912,492544,-877568,-862208,-292864,-486400,-481280,1243136,-688128,-487424,-503808,12288,-216064,-918528,-339968,-706560,467968,-419840,-636928,-1220608,-606208,-1053696,-172032,-2240512,359424,-1039360,-84992,1174528,221184,363520,-1072128,112640,-1293312,-926720,681984,263168,446464,443392,769024,-149504,171008,-1203200,-92160,608256,-484352,393216,-385024,-656384,-640000,70656,-81920,-967680,-143360,-1853440,1330176,537600,-360448,-282624,-1505280,-33792,-141312,393216,-313344,241664,-2020352,22528,-376832,154624,-307200,-230400,-331776,-241664,-811008,-1388544,869376,380928,-59392,126976,-950272,-2010112,-631808,974848,-704512,-115712,538624,189440,212992,-792576,-259072,-517120,-199680,-355328,-43008,26624,-750592,-911360,-60416,-906240,-190464,-708608,230400,730112,-369664,-438272,-402432,-1179648,-515072,-1222656,-2418688,-1089536,-388096,-1369088,-334848,15360,-868352,-249856,140288,-1119232,-205824,-1121280,-683008,36864,-569344,-624640,32768,-441344,-41984,-354304,-172032,-715776,115712,-1134592,1689600,-130048,410624,-1106944,400384,-485376,130048,311296,92160,729088,-86016,-371712,-492544,-407552,-1178624,-233472,-587776,-371712,330752,-830464,-787456,-142336,-503808,-617472,267264,-90112,-169984,-198656,-728064,-678912,-493568,-322560,-524288,58368,308224,-1280000,941056,-276480,-629760,204800,-782336,27648,229376,-369664,-317440,-1056768,288768,-2019328,-1153024,-428032,-68608,227328,-480256,-303104,-21504,-168960,24576,-768000,-342016,-1377280,-839680,-375808,-460800,588800,-1024000,-97280,19456,-930816,-503808,300032,264192,-258048,-1540096,-1666048,-412672,-2265088,203776,-414720,-1205248,-1285120,-101376,-479232,862208,-1797120,-562176,-685056,-1926144,-712704,-1167360,-1215488,35840,-178176,-852992,-435200,78848,-954368,37888,287744,-1457152,-211968,-1056768,622592,394240,-577536,-39936,425984,-1015808,-2383872,-408576,-1204224,84992,-1289216,-265216,173056,-166912,-1613824,-1125376,293888,-1026048,-195584,437248,-185344,-1069056,-966656,-746496,-1291264,300032,-312320,-138240,11264,156672,-1696768,188416,-1412096,53248,304128,-1413120,588800,-1219584,-626688,-978944,-251904,-977920,-1478656,-119808,-1486848,-520192,-1586176,-293888,-571392,-1245184,237568,-2029568,-702464,-918528,633856,-612352,-3072,-652288,561152,-109568,-581632,-297984,-544768,-421888,577536,-531456,-811008,-365568,-1137664,-1313792,-1485824,92160,427008,-102400,-515072,-178176
-796672,482304,1167360,-1024,-643072,-1096704,43008,309248,-198656,104448,89088,942080,-276480,-369664,552960,-1207296,-160768,134144,-165888,-108544,-891904,-132096,-253952,-1372160,1456128,-705536,-1164288,-708608,-215040,-454656,-287744,319488,-858112,-137216,-100352,-494592,-1108992,456704,-1205248,-290816,-760832,-1385472,-222208,-710656,769024,1229824,101376,600064,1192960,-1000448,966656,406528,-162816,839680,-212992,-716800,-1096704,70656,-487424,-1714176,-91136,1190912,297984,-57344,-84992,-346112,150528,-1294336,327680,-400384,-184320,-922624,103424,-717824,-715776,-756736,719872,-1423360,197632,-478208,-14336,117760,-471040,-1162240,416768,388096,205824,493568,306176,538624,476160,288768,454656,475136,-342016,-93184,-848896,-651264,-646144,-732160,675840,-637952,1366016,10240,53248,-381952,781312,-503808,1308672,13312,-1039360,760832,-136192,-735232,-435200,-537600,-389120,271360,605184,-322560,-329728,698368,467968,256000,478208,43008,-254976,156672,-1283072,109568,135168,165888,-144384,-143360,-1798144,-851968,-505856,-120832,602112,-40960,-696320,269312,-514048,-852992,-600064,654336,-1379328,53248,31744,1032192,1372160,-637952,297984,-272384,-439296,-691200,-961536,-795648,-670720,-123904,494592,-665600,8192,-59392,-503808,-419840,49152,1165312,-1879040,251904,-841728,-303104,338944,123904,-325632,-205824,35840,-688128,-419840,508928,-822272,53248,-737280,428032,-444416,-549888,-297984,-1719296,51200,-191488,-376832,-349184,-816128,58368,-135168,-71680,373760,-448512,-757760,-182272,722944,462848,745472,-787456,-497664,-722944,-561152,181248,-610304,112640,1218560,653312,-548864,-97280,-151552,-2018304,-178176,-1889280,-191488,-204800,-1461248,385024,-664576,288768,152576,-560128,-667648,36864,1105920,282624,987136,24576,356352,-770048,-945152,-125952,-402432,230400,-1273856,648192,-176128,482304,-753664,-916480,-1671168,-1200128,-792576,-472064,-757760,352256,1690624,-1033216,-619520,-1619968,-1266688,431104,-515072,44032,-394240,117760,421888,288768,485376,-84992,-459776,-1019904,-565248,-178176,-732160,-657408,-915456,-650240,403456,-1193984,276480,-241664,-361472,-521216,-599040,80896,-844800,-257024,-2132992,909312,-736256,-307200,-566272,1369088,-107520,-984064,-256000,-318464,-1160192,473088,-615424,198656,730112,492544,29696,104448,-401408,-1124352,65536,282624,-1809408,-94208,-781312,-942080,-347136,422912,-389120,-522240,100352,-320512,-1455104,-349184,-579584,301056,-850944,1563648
528384,1207296,-845824,271360,380928,47104,-497664,623616,208896,498688,1342464,163840,813056,25600,555008,-641024,1159168,246784,-136192,633856,271360,976896,374784,625664,1861632,571392,827392,581632,571392,-659456,564224,-358400,-1152000,1271808,1163264,204800,401408,690176,681984,1100800,-139264,700416,-232448,-235520,-700416,806912,843776,-179200,405504,1513472,-370688,1087488,455680,1116160,801792,596992,-737280,522240,106496,612352,205824,385024,106496,-308224,-81920,-131072,1214464,18432,1594368,-299008,-1089536,165888,1282048,-461824,146432,-112640,-568320,1345536,577536,-439296,1248256,1200128,-115712,-939008,833536,-30720,-847872,297984,13312,-39936,1516544,1087488,-270336,714752,-203776,288768,512000,232448,-12288,515072,-527360,193536,-162816,486400,112640,461824,718848,588800,-168960,308224,1036288,15360,-52224,-364544,802816,950272,509952,91136,337920,186368,-547840,358400,724992,287744,215040,-87040,763904,108544,1050624,936960,37888,12288,20480,1532928,985088,1079296,-1295360,-668672,882688,-171008,-496640,609280,605184,910336,885760,-646144,647168,876544,284672,-355328,262144,-21504,1060864,968704,1234944,386048,744448,906240,1623040,1085440,20480,1431552,-338944,-269312,-25600,910336,-120832,-402432,628736,234496,-163840,-243712,-541696,795648,707584,492544,38912,-39936,798720,447488,-272384,375808,851968,-1422336,272384,1050624,467968,163840,269312,1217536,-237568,-1277952,-584704,646144,-373760,240640,123904,-4096,466944,521216,-143360,903168,929792,303104,48128,533504,295936,-15360,-1317888,746496,409600,738304,1342464,187392,612352,-128000,1070080,1008640,208896,-516096,239616,-1404928,-353280,-693248,388096,1118208,1022976,-660480,280576,-413696,-90112,509952,181248,264192,2014208,-401408,-333824,482304,-812032,543744,295936,-1067008,156672,238592,50176,-329728,-953344,1348608,-849920,275456,902144,-17408,382976,585728,1256448,-807936,432128,-423936,328704,-428032,-582656,633856,-815104,307200,-320512,-412672,577536,836608,56320,-606208,1163264,80896,-256000,453632,-191488,1367040,-1617920,-189440,1106944,-349184,-519168,1571840,712704,860160,-278528,265216,763904,2109440,-1060864,-340992,109568,-138240,678912,477184,-613376,-1422336,1050624,-1073152,570368,389120,52224,100352,419840,1409024,403456,-999424,904192,-1629184,-34816,2141184,-185344,780288,-250880,-4096,1132544,-673792,1081344,392192,297984,422912
440320,969728,139264,1415168,237568,40960,-1548288,1100800,1096704,748544,-326656,218112,-224256,-66560,371712,481280,1405952,153600,-418816,-506880,181248,-547840,109568,-481280,-380928,-399360,-45056,-434176,605184,122880,1046528,-557056,1304576,-1308672,318464,120832,157696,37888,-584704,-354304,254976,48128,-1310720,-234496,359424,970752,-1358848,-296960,-271360,63488,-1498112,348160,133120,-1068032,1228800,-522240,-20480,359424,-629760,-1044480,-627712,1190912,-1478656,1169408,1178624,-730112,-687104,-661504,-997376,1542144,-504832,-833536,-7168,681984,-222208,-310272,740352,-1502208,862208,48128,-95232,-959488,166912,377856,818176,-740352,88064,770048,-1016832,272384,326656,-260096,-23552,-694272,-887808,220160,-1169408,871424,-604160,-465920,514048,-805888,-404480,979968,-1500160,-325632,-1024,-615424,-943104,-1740800,-237568,805888,276480,345088,361472,-652288,-7168,-1516544,-1394688,360448,-107520,1285120,-131072,-695296,-370688,21504,-1226752,292864,1855488,-149504,1413120,-627712,264192,-581632,559104,-526336,-370688,497664,291840,-850944,390144,-225280,-149504,1353728,780288,778240,777216,-14336,-307200,-212992,-537600,248832,306176,-666624,381952,621568,247808,340992,-31744,-133120,-1308672,-479232,47104,308224,-526336,462848,232448,835584,-449536,-179200,96256,796672,1447936,-222208,690176,-33792,238592,-614400,-326656,-299008,-347136,669696,657408,97280,1137664,-275456,617472,-628736,-406528,-1389568,-489472,6144,-312320,944128,-617472,-1479680,-433152,141312,-1747968,-1304576,-365568,-112640,645120,-504832,-350208,77824,-304128,-347136,-536576,141312,-294912,-1349632,-1216512,7168,679936,-140288,-932864,-430080,-575488,-1015808,-453632,-846848,1377280,-138240,62464,-695296,-760832,-1383424,64512,-236544,-309248,-1074176,-634880,86016,-38912,-169984,-617472,112640,-595968,-1264640,437248,678912,-572416,296960,-951296,-664576,145408,-985088,-1103872,-1024,-701440,-88064,-253952,1002496,-71680,-30720,17408,494592,88064,404480,-156672,54272,257024,82944,-293888,336896,361472,-545792,928768,716800,443392,-88064,-751616,-917504,-955392,-194560,-958464,-157696,-564224,-642048,963584,137216,681984,-1212416,-220160,-1357824,-315392,509952,-372736,95232,-658432,-928768,-925696,-123904,-1356800,-108544,-284672,-588800,-1096704,760832,-1144832,129024,-834560,-1402880,-119808,500736,-748544,562176,-751616,187392,-591872,673792,-212992,-1572864,-1221632,-64512,-432128,-729088,-505856,101376
33792,-976896,-175104,-24576,599040,183296,186368,897024,35840,830464,832512,385024,1651712,107520,607232,-60416,1075200,1445888,1048576,226304,1299456,898048,-40960,707584,33792,269312,876544,-902144,8192,457728,149504,1014784,-970752,173056,3072,749568,-1403904,706560,1045504,849920,1250304,300032,105472,94208,1516544,300032,-429056,-281600,-68608,1333248,-19456,1002496,719872,188416,748544,-1235968,1707008,927744,205824,570368,1030144,879616,393216,1423360,-151552,-97280,1016832,626688,280576,620544,110592,837632,-406528,62464,-1114112,1470464,-343040,-143360,962560,-1007616,636928,252928,925696,607232,80896,-6144,-366592,165888,595968,829440,514048,-150528,1278976,266240,48128,852992,841728,289792,449536,-13312,418816,-787456,372736,1024000,-566272,-140288,-43008,133120,-1024,-97280,644096,-153600,237568,794624,1996800,-172032,1875968,911360,-185344,128000,-201728,-468992,910336,17408,-864256,487424,-441344,1257472,462848,-100352,269312,-184320,809984,494592,232448,716800,919552,60416,349184,119808,-497664,-1620992,216064,512000,189440,1157120,173056,492544,638976,-349184,83968,-1325056,-846848,496640,1424384,1199104,479232,-196608,-120832,968704,1561600,-119808,311296,640000,-17408,474112,380928,967680,466944,544768,897024,1103872,-452608,-72704,67584,-1012736,125952,629760,475136,686080,463872,131072,35840,291840,-481280,543744,-1116160,561152,842752,300032,310272,376832,75776,1013760,883712,412672,514048,492544,486400,151552,272384,-462848,1725440,-18432,13312,1415168,-334848,471040,328704,281600,-324608,1126400,-447488,-585728,735232,357376,-132096,282624,564224,1468416,-38912,-531456,-1183744,1479680,381952,217088,1120256,-530432,-760832,-332800,400384,-1021952,346112,845824,855040,270336,66560,917504,139264,-348160,540672,514048,-809984,239616,1024,-669696,498688,1125376,336896,373760,318464,-109568,-371712,678912,252928,120832,4096,652288,-313344,315392,748544,-334848,1090560,-566272,1269760,512000,54272,1247232,-699392,-390144,1187840,348160,738304,421888,450560,36864,218112,1083392,-316416,196608,-1037312,40960,-120832,-262144,1938432,160768,8192,-264192,106496,-1630208,-222208,1014784,1042432,1104896,1221632,739328,684032,1547264,633856,308224,-2048,990208,-46080,1280000,1002496,-563200,-1155072,1249280,342016,-138240,-370688,336896,721920,257024,148480,575488,-157696,977920,-719872,-556032
422912,-625664,415744,-518144,-953344,-1028096,1501184,-29696,-238592,-248832,-286720,-829440,131072,-1091584,-1321984,-419840,-414720,-572416,-193536,896000,-31744,27648,-859136,617472,-139264,-793600,173056,784384,642048,403456,-1059840,-19456,-1175552,-623616,-330752,1218560,-1141760,468992,258048,-253952,-4096,615424,-880640,-1264640,351232,224256,438272,-14336,983040,58368,-750592,-701440,-246784,177152,-407552,389120,-784384,-125952,23552,-1374208,-172032,21504,-216064,-520192,220160,462848,-411648,-37888,-256000,580608,-342016,1357824,-621568,180224,-690176,256000,-827392,-177152,-860160,-35840,-1944576,261120,376832,-1065984,433152,67584,-208896,237568,871424,-640000,-513024,-867328,-224256,-373760,701440,-475136,1277952,-312320,9216,656384,-826368,-278528,-998400,151552,33792,-416768,122880,-721920,538624,10240,-39936,248832,432128,403456,-436224,248832,1085440,108544,-2427904,-307200,93184,547840,648192,-694272,285696,149504,829440,-971776,-721920,146432,-717824,-1051648,216064,197632,-992256,11264,-552960,-111616,-386048,-689152,123904,-251904,910336,-588800,-522240,442368,-67584,-563200,-357376,550912,-512000,-26624,465920,-130048,1127424,20480,-771072,-515072,-403456,-157696,-146432,-519168,559104,979968,720896,-321536,269312,-145408,180224,-4096,284672,575488,195584,-415744,-772096,624640,32768,-327680,-120832,-912384,-1099776,-374784,-441344,-73728,-202752,-860160,913408,-1345536,-860160,-188416,-2443264,125952,-512000,-792576,-10240,-382976,-138240,-107520,-279552,-1699840,-461824,-59392,-344064,123904,-1558528,-304128,-1067008,-14336,19456,321536,-204800,-209920,-211968,369664,932864,-688128,-20480,-614400,562176,-76800,-440320,-122880,147456,-1314816,-875520,316416,499712,-24576,-1439744,-714752,182272,-387072,465920,-1574912,637952,95232,39936,-1167360,331776,-578560,-1107968,-776192,308224,62464,755712,-163840,228352,738304,-222208,-1813504,-1010688,524288,1255424,-1447936,-761856,540672,-309248,143360,-319488,-1473536,9216,-81920,-1304576,172032,-1077248,-559104,-2117632,627712,-480256,-622592,84992,-159744,187392,-433152,741376,-1774592,-490496,-212992,185344,176128,774144,-149504,200704,-117760,-518144,358400,764928,-345088,-370688,-1673216,-86016,81920,1125376,-923648,854016,-92160,782336,-287744,-617472,794624,-311296,461824,38912,404480,-1083392,-131072,-424960,-1147904,1027072,-1235968,289792,616448,-97280,-22528,935936,-582656,-1433600,118784,-322560,-704512
-598016,-1272832,-438272,-838656,-1399808,-675840,-846848,-2101248,-1203200,-1926144,521216,-814080,-590848,94208,1004544,-622592,-146432,-108544,-210944,-1211392,-630784,-292864,-718848,-503808,-293888,-1182720,624640,609280,-822272,-1371136,-315392,-1815552,-458752,525312,-1275904,-759808,-945152,-242688,-746496,12288,-124928,451584,-499712,-178176,-1489920,330752,35840,294912,584704,-726016,-23552,-983040,621568,-144384,65536,-446464,1196032,-1656832,-2028544,-811008,-618496,-1260544,182272,150528,-1077248,-972800,-1180672,-651264,-1899520,-2138112,37888,534528,-727040,-252928,-1693696,-761856,-1284096,148480,-1139712,184320,-717824,-692224,-565248,-797696,-93184,-214016,-489472,-712704,37888,-18432,445440,-522240,-1065984,14336,-1178624,-1674240,-43008,-375808,533504,-718848,-253952,-939008,242688,-864256,-1742848,-1337344,-868352,142336,585728,-289792,-424960,-623616,948224,-513024,-434176,-713728,-588800,-726016,-1302528,-1183744,-115712,-320512,-695296,-1520640,-1231872,688128,-685056,-1074176,-65536,483328,-71680,-1682432,-188416,-2032640,-242688,-904192,-443392,1210368,-241664,-536576,-1141760,-248832,-1994752,-845824,-1166336,-31744,56320,-657408,74752,-294912,-1070080,-155648,391168,-851968,-897024,-369664,-548864,-327680,-947200,358400,23552,-910336,-1314816,-84992,-891904,-1863680,-1385472,-838656,-459776,-288768,-68608,778240,-996352,729088,-242688,134144,521216,-860160,124928,-140288,-163840,-325632,5120,-807936,422912,-723968,-400384,-61440,-976896,-581632,162816,-1047552,224256,159744,-242688,-332800,-591872,-1974272,-568320,-704512,-803840,-863232,220160,-523264,-648192,-2497536,-976896,-390144,430080,109568,103424,-1272832,156672,-897024,-1321984,-197632,-593920,-1046528,-1264640,-199680,-667648,-3072,-171008,-277504,-1671168,-2203648,141312,-904192,52224,619520,459776,-1232896,-714752,-500736,-323584,-1636352,-573440,-781312,-1145856,-622592,-959488,318464,-908288,-1522688,-1573888,297984,-690176,-743424,322560,-828416,288768,-150528,-846848,-621568,-347136,-173056,-151552,-1344512,-440320,-717824,-735232,-80896,-656384,-1704960,-524288,424960,-679936,606208,-392192,-1142784,-1274880,-999424,-1138688,18432,-327680,-371712,431104,477184,-765952,-509952,-584704,-951296,111616,-407552,-52224,164864,-190464,-1055744,38912,801792,-1106944,-1674240,-162816,-1243136,-5120,-3072,-743424,-857088,-119808,-573440,-782336,-663552,-95232,-548864,-319488,782336,-481280,-472064,-299008,-211968,-1065984,-143360,-732160,-421888,-2048,-399360,-406528,-964608,-742400,-1585152
931840,451584,615424,-1408000,785408,293888,618496,585728,1666048,-7168,601088,-185344,-203776,427008,-74752,1615872,1097728,799744,203776,444416,-225280,652288,497664,119808,-55296,969728,691200,-627712,-371712,1745920,350208,898048,745472,-188416,-785408,510976,-503808,755712,308224,158720,270336,1191936,-47104,-340992,94208,1750016,301056,1483776,1527808,317440,-301056,323584,549888,1137664,364544,412672,1009664,-347136,729088,476160,517120,-299008,1739776,-21504,122880,1403904,615424,958464,-313344,-905216,-991232,1101824,-540672,166912,364544,-837632,534528,-840704,539648,1051648,567296,-1375232,500736,1075200,1337344,305152,-274432,105472,1421312,1482752,442368,278528,-55296,476160,1522688,368640,758784,1371136,-521216,245760,-218112,301056,346112,742400,999424,606208,915456,231424,91136,781312,-2242560,1414144,168960,755712,1772544,232448,1492992,182272,537600,-491520,221184,391168,755712,884736,-438272,872448,1254400,695296,-380928,813056,1149952,-732160,1487872,995328,1734656,1658880,-8192,556032,90112,2009088,1725440,-55296,-208896,749568,551936,712704,922624,-824320,-858112,1054720,1273856,637952,480256,-601088,-173056,559104,738304,-172032,-371712,1020928,-160768,77824,815104,46080,-251904,246784,590848,65536,878592,644096,13312,182272,210944,-268288,-163840,312320,181248,999424,164864,1885184,-179200,-308224,-873472,785408,612352,1104896,553984,-72704,1335296,168960,-1104896,-1902592,-272384,-699392,365568,1380352,-358400,1180672,-43008,132096,211968,118784,496640,543744,667648,413696,1579008,323584,1093632,194560,1051648,94208,408576,-620544,-349184,1384448,713728,153600,562176,556032,-1551360,-57344,3072,-139264,900096,229376,806912,37888,-445440,-581632,-616448,613376,231424,1031168,368640,1011712,369664,1230848,-1034240,-538624,-1517568,-687104,1833984,245760,1944576,-961536,20480,-612352,1284096,-1400832,114688,1377280,309248,1509376,408576,1306624,559104,-396288,-450560,-1128448,991232,634880,1625088,222208,-164864,-232448,183296,-180224,-340992,502784,582656,1073152,346112,316416,-1105920,656384,482304,-755712,-233472,-43008,792576,-179200,445440,551936,-1348608,77824,-632832,-367616,144384,1384448,-548864,587776,69632,-129024,640000,-495616,-506880,240640,368640,646144,172032,1063936,915456,-626688,-139264,-44032,-319488,508928,-763904,-437248,722944,536576,1374208,506880,1255424,-57344,697344,861184,439296,435200
-350208,-225280,-777216,318464,-755712,-304128,-70656,-577536,-366592,747520,-27648,485376,-754688,-652288,-1220608,-74752,-364544,246784,98304,-825344,-1401856,223232,-754688,-1067008,-64512,15360,67584,-1335296,-893952,-1164288,136192,-87040,361472,-399360,206848,196608,-756736,1456128,245760,-801792,-856064,-389120,-765952,559104,1797120,211968,-4096,784384,-752640,-1494016,-753664,-116736,31744,1093632,9216,-357376,764928,1183744,-1510400,-196608,-1129472,-679936,684032,-299008,-556032,-523264,-584704,-94208,648192,-979968,1024,-967680,-865280,439296,-509952,67584,-668672,-1584128,-155648,-1017856,427008,-286720,79872,411648,-1090560,354304,-740352,-176128,-1321984,600064,-856064,854016,-174080,-373760,-1191936,-200704,-2250752,-229376,-874496,-75776,166912,-759808,253952,-897024,9216,118784,-55296,327680,-58368,202752,1200128,-435200,-171008,-627712,765952,286720,-194560,-286720,-436224,163840,530432,-567296,-17408,-631808,-320512,-310272,-492544,-462848,-77824,967680,120832,-487424,169984,37888,-1515520,-429056,-377856,-360448,-420864,-1245184,-512000,-168960,-811008,252928,1131520,1617920,-321536,-613376,-536576,328704,-896000,111616,-689152,-1533952,-933888,-152576,-32768,-640000,165888,-983040,-197632,273408,-1382400,1612800,579584,-281600,-558080,-1006592,-1113088,-491520,552960,-1561600,812032,-121856,-223232,-379904,-119808,592896,117760,-80896,-1608704,-37888,456704,497664,-463872,807936,165888,680960,-1210368,-176128,-1567744,-491520,1005568,198656,-1054720,-237568,879616,-666624,-344064,285696,-242688,-101376,-1015808,-840704,-328704,108544,-245760,980992,-364544,-629760,100352,-360448,-248832,-371712,-708608,-56320,-399360,-384000,14336,-104448,-946176,1034240,211968,-744448,79872,-1204224,-617472,36864,-1491968,-523264,-232448,257024,-669696,404480,-1469440,-874496,-575488,-543744,-884736,-28672,-831488,79872,315392,-151552,-823296,-817152,-285696,750592,-98304,-225280,-568320,-179200,-651264,-49152,656384,-284672,-241664,-178176,87040,-211968,-258048,-464896,829440,250880,278528,-569344,556032,-2007040,1060864,286720,116736,-231424,-1093632,-1709056,-999424,-1105920,-103424,346112,-850944,379904,-579584,-167936,-1153024,-989184,-429056,157696,-254976,239616,-423936,259072,282624,-947200,-1512448,-366592,242688,169984,-1046528,-582656,-900096,-280576,-139264,94208,-2187264,-702464,-702464,464896,-353280,-585728,-1119232,-794624,57344,-1524736,-643072,-33792,1276928,485376,-231424,431104,-256000,-1089536
1144832,141312,-307200,925696,798720,206848,568320,988160,-440320,-620544,627712,2562048,351232,369664,352256,-43008,-15360,-263168,-570368,424960,1018880,-578560,345088,-68608,-717824,-954368,-416768,-91136,1084416,311296,1036288,814080,674816,864256,429056,-820224,541696,8192,692224,250880,-568320,1154048,169984,299008,-160768,1430528,225280,55296,1920000,-536576,1297408,-850944,-364544,100352,1044480,206848,377856,1067008,1628160,697344,339968,518144,-223232,583680,-1565696,1767424,832512,906240,1135616,-1184768,-60416,962560,1138688,-663552,774144,226304,872448,-265216,166912,-516096,-25600,1010688,575488,765952,-35840,630784,368640,69632,-66560,149504,86016,-17408,1243136,-499712,936960,-308224,395264,896000,1157120,693248,235520,66560,-910336,114688,806912,163840,456704,1157120,687104,507904,564224,1295360,-1106944,413696,-520192,968704,-1271808,1681408,1177600,1676288,1024,-756736,1227776,238592,1014784,605184,64512,100352,-837632,-660480,1702912,1088512,1000448,-7168,-60416,355328,490496,-894976,52224,-219136,-373760,336896,635904,-179200,1563648,-348160,928768,306176,47104,266240,714752,843776,-184320,251904,-789504,260096,-176128,90112,-691200,935936,1378304,391168,-801792,-192512,844800,-91136,-136192,239616,154624,-636928,139264,498688,-811008,-707584,-1387520,-773120,1054720,364544,95232,957440,-384000,537600,524288,279552,155648,-227328,-396288,409600,-824320,759808,548864,765952,-497664,1221632,-1249280,-496640,1181696,190464,1630208,-114688,1005568,-5120,-433152,76800,668672,55296,406528,292864,-1193984,-33792,512000,-28672,186368,-307200,1166336,1079296,-517120,252928,-749568,923648,1120256,-735232,-457728,44032,-912384,948224,1549312,9216,400384,442368,493568,1457152,136192,-890880,-494592,-619520,844800,202752,-489472,539648,-47104,159744,409600,-154624,553984,1644544,-795648,496640,429056,-1094656,-937984,-284672,862208,109568,-29696,-342016,-39936,66560,513024,955392,-137216,735232,-305152,-1063936,2069504,40960,163840,400384,-472064,303104,1430528,1327104,784384,457728,1301504,830464,-605184,-227328,860160,-869376,41984,312320,31744,132096,124928,326656,1050624,-141312,-856064,-831488,-92160,857088,-194560,-230400,233472,1188864,1207296,807936,311296,1060864,358400,1564672,-510976,1013760,-400384,788480,80896,125952,-102400,-226304,-270336,318464,1928192,93184,1101824,-223232,-287744,-817152,-997376,373760
180224,1028096,144384,-1768448,-718848,-521216,-711680,531456,703488,445440,-101376,-244736,-342016,-946176,-1313792,-113664,-346112,1306624,-84992,259072,359424,-133120,-1213440,-826368,-525312,-433152,854016,636928,695296,-791552,-766976,-56320,-496640,-570368,190464,-547840,492544,-198656,-738304,-7168,454656,-2499584,-704512,140288,280576,-149504,181248,1287168,-262144,198656,-668672,-105472,-243712,421888,-281600,-1328128,-1650688,90112,-631808,-1561600,-348160,-574464,-248832,69632,-491520,-907264,-138240,-124928,-1122304,-1541120,141312,-608256,-359424,321536,-75776,-820224,-314368,-1002496,-768000,-1114112,201728,256000,-134144,-77824,384000,-297984,-256000,-5120,952320,-224256,629760,-1552384,-28672,-415744,-117760,-17408,852992,295936,-60416,-993280,-322560,-613376,505856,427008,-116736,196608,96256,-545792,-951296,335872,142336,966656,791552,276480,446464,-616448,-335872,-734208,-720896,237568,-250880,-285696,-456704,-128000,-403456,110592,-1085440,-979968,-1211392,698368,-430080,1128448,473088,43008,-131072,385024,91136,-306176,-640000,-1122304,871424,-606208,-770048,-257024,-688128,-56320,-797696,-1042432,479232,430080,-465920,7168,-481280,-609280,50176,488448,594944,-640000,302080,-3072,-1301504,310272,-869376,-503808,150528,41984,277504,-229376,423936,-160768,-261120,1093632,-337920,-680960,507904,1458176,-260096,2015232,708608,-406528,741376,-157696,174080,-784384,0,-440320,418816,598016,365568,-1650688,-683008,950272,-245760,-683008,-829440,-709632,608256,-422912,-772096,995328,389120,-391168,1141760,-1168384,-263168,-89088,1440768,-1052672,-306176,-726016,533504,1465344,-740352,603136,-483328,-1242112,641024,18432,-1404928,159744,-1093632,-1581056,834560,-871424,-193536,-668672,269312,-802816,-82944,-2347008,87040,468992,41984,284672,450560,-360448,-1148928,-734208,742400,-822272,487424,-15360,-1128448,221184,-799744,126976,82944,711680,-681984,-280576,-40960,-357376,-667648,231424,441344,317440,-1071104,316416,-198656,-240640,-184320,249856,-193536,-743424,-753664,-1138688,925696,560128,-203776,-134144,-1111040,-409600,-488448,-239616,-309248,-420864,657408,-455680,-617472,604160,-335872,975872,69632,-1436672,-519168,-326656,1024,434176,-708608,464896,104448,295936,260096,-1017856,-1213440,-770048,857088,-616448,665600,-816128,-653312,453632,-424960,-407552,-973824,108544,-607232,1506304,689152,-318464,-162816,166912,-497664,278528,-72704,-1553408,398336,-541696,-490496,-459776
-1500160,-901120,-1055744,-78848,-447488,-601088,119808,-59392,-2116608,-2432000,-62464,-832512,-1016832,780288,-446464,121856,-561152,-361472,-1793024,-1068032,-694272,429056,-576512,-415744,282624,-225280,-2672640,-187392,-1278976,-706560,-1114112,438272,532480,-645120,-274432,-137216,-1211392,-372736,-843776,-900096,-1959936,-1451008,-1221632,-736256,-797696,-599040,-1064960,-1235968,-1022976,-734208,527360,-686080,-899072,-632832,-642048,124928,-2055168,-1053696,495616,-757760,-924672,-1562624,-1843200,-2268160,-769024,-2710528,-241664,-1543168,-727040,445440,386048,-815104,-387072,86016,-1434624,-751616,-634880,-953344,-1399808,17408,-10240,-1513472,-316416,-212992,-183296,-802816,-546816,-1536000,-321536,16384,55296,452608,-237568,372736,-1487872,-980992,-131072,-1174528,-1006592,-1507328,-687104,-567296,-1127424,-1707008,-116736,365568,-476160,-901120,-256000,257024,-867328,-1072128,-1323008,-901120,-692224,-1024000,-160768,-1152000,380928,-790528,-6144,47104,506880,-1290240,391168,-217088,48128,-680960,-764928,-1104896,-18432,-732160,-2289664,-112640,-356352,226304,-532480,-477184,-878592,-535552,-166912,-223232,-925696,-849920,-575488,-1181696,-2029568,-684032,-1680384,933888,-169984,-486400,-786432,-737280,-1167360,-552960,1046528,-1004544,-737280,-983040,-1021952,991232,-921600,-1377280,-1421312,-310272,-2377728,-1161216,-889856,360448,-1511424,-1802240,-1311744,179200,-953344,-1606656,-96256,555008,452608,-1128448,-1117184,-632832,-544768,-1065984,-518144,-1245184,92160,-1022976,-753664,-717824,-112640,-1548288,-233472,-2324480,-436224,168960,646144,-1192960,-227328,-1734656,-590848,-1318912,-46080,-990208,-2754560,-362496,-295936,-905216,88064,-1230848,-247808,-1089536,-843776,-805888,11264,-833536,-2048,-282624,-335872,-808960,-409600,-562176,-520192,-754688,-945152,-364544,290816,-694272,129024,-864256,-1868800,-1276928,-1737728,-1890304,-450560,-272384,-437248,-516096,-1225728,-512000,-1200128,-1422336,-1821696,-1290240,-801792,-159744,144384,-447488,-780288,-2066432,-886784,-959488,-1828864,-1116160,-1615872,-706560,211968,-1221632,-1268736,-423936,-1345536,190464,-1172480,-429056,-944128,-990208,-532480,-560128,-942080,-414720,-1444864,-2011136,-1261568,-727040,-1335296,-148480,-139264,-1574912,-256000,-1161216,-1271808,-1900544,-1121280,-584704,-58368,-598016,25600,-350208,-721920,-385024,-425984,-497664,-412672,-877568,-1390592,-1670144,-1210368,-257024,-1040384,-1612800,-611328,-570368,184320,-882688,-221184,-570368,-27648,-1592320,-509952,-1412096,-1793024,-410624,-1308672,-69632,-654336,-93184,-1384448,41984,-2502656,-245760
153600,617472,971776,174080,89088,720896,1408000,-1079296,-315392,893952,479232,40960,-287744,-543744,-19456,-1562624,-88064,606208,-586752,-527360,-77824,370688,390144,547840,-865280,362496,1203200,-291840,138240,465920,167936,-22528,525312,1308672,510976,-6144,-510976,1209344,595968,-7168,1244160,269312,-195584,467968,-409600,1399808,944128,1072128,-150528,-492544,146432,-450560,711680,912384,1257472,-561152,827392,1247232,-4096,518144,159744,160768,-452608,25600,369664,-550912,553984,-284672,792576,101376,-1464320,-1422336,755712,996352,286720,212992,-150528,-69632,-1150976,570368,-297984,919552,-374784,243712,1013760,894976,443392,209920,762880,-333824,488448,950272,-514048,667648,384000,-251904,-382976,376832,-71680,-611328,126976,1064960,140288,-823296,419840,648192,442368,-207872,22528,-2391040,-602112,-234496,425984,181248,962560,458752,-89088,1044480,-335872,-149504,-734208,1103872,730112,837632,-229376,-76800,507904,148480,-621568,251904,218112,-279552,35840,885760,-88064,-110592,-915456,-303104,918528,736256,-245760,421888,619520,389120,-489472,261120,-418816,-999424,231424,163840,-744448,-76800,326656,-473088,-606208,478208,-518144,528384,-386048,-146432,-164864,120832,-1247232,-439296,1704960,961536,340992,1425408,396288,1414144,-891904,-126976,-806912,-199680,-359424,303104,-177152,393216,288768,-841728,-380928,-1094656,-161792,-268288,-143360,-540672,428032,-290816,716800,324608,-686080,375808,5120,-526336,29696,-391168,415744,690176,-160768,-91136,-780288,-518144,327680,822272,-217088,-965632,77824,696320,579584,332800,-78848,-344064,1136640,568320,1942528,-228352,977920,394240,-89088,-824320,-23552,1079296,-371712,147456,-753664,-432128,441344,-251904,-84992,-708608,-260096,-46080,1408000,875520,-1319936,703488,1644544,-429056,189440,-96256,1622016,732160,-1043456,801792,-668672,220160,-504832,-382976,-2310144,925696,140288,-102400,713728,-698368,649216,240640,408576,520192,1015808,272384,-86016,629760,420864,827392,-87040,336896,400384,-73728,-1009664,-27648,-776192,678912,419840,-317440,-67584,-160768,1139712,48128,-1103872,-29696,847872,194560,1629184,34816,96256,83968,-1320960,-178176,584704,-315392,1079296,2048,136192,355328,177152,-249856,832512,419840,354304,-387072,-699392,-525312,917504,-1628160,100352,-143360,686080,-529408,-991232,606208,1235968,-949248,-1094656,605184,-887808,-282624,-410624,-72704,1384448,1609728
1210368,-193536,415744,111616,-290816,804864,-857088,714752,990208,1071104,-2759680,196608,1511424,-1004544,912384,-344064,-490496,-572416,140288,-1270784,44032,-147456,-847872,1011712,782336,-1086464,-164864,-691200,-418816,-67584,-262144,-288768,41984,324608,248832,88064,-431104,-1901568,-1174528,495616,140288,280576,-658432,-698368,12288,414720,-792576,7168,-796672,-508928,1121280,-646144,-474112,-387072,-48128,-1245184,-455680,-2328576,889856,-537600,-769024,510976,-238592,-84992,-892928,-322560,-100352,-543744,-1184768,242688,235520,-784384,-333824,476160,465920,-151552,164864,420864,-977920,283648,397312,456704,-211968,-733184,-1328128,-928768,-877568,749568,-398336,-458752,416768,378880,139264,-1316864,-250880,-774144,-1156096,-239616,-239616,-429056,306176,-214016,-750592,-351232,-971776,-1720320,-404480,-600064,70656,-73728,-239616,738304,227328,-163840,988160,304128,-24576,-67584,142336,-263168,1026048,1021952,-864256,72704,-1285120,366592,-788480,-1341440,131072,-48128,-1133568,-361472,685056,-348160,-539648,239616,-150528,-780288,-1201152,-438272,333824,-459776,-1000448,538624,526336,-159744,286720,-670720,-330752,-287744,185344,-1374208,-1323008,-112640,452608,-103424,-1499136,-1168384,-760832,-815104,-315392,-527360,960512,841728,-695296,746496,102400,-824320,38912,-348160,-1130496,586752,-719872,481280,-47104,217088,-397312,736256,-365568,-102400,535552,-14336,614400,885760,-1041408,101376,-906240,620544,-785408,-1001472,-154624,856064,-545792,412672,-1056768,-314368,269312,-495616,187392,144384,519168,24576,-504832,-21504,295936,-1212416,448512,-1188864,-159744,-33792,-130048,-366592,-1108992,130048,-574464,1242112,19456,180224,-334848,-440320,1054720,-454656,435200,-1249280,-550912,-1083392,-794624,-1553408,-271360,647168,-211968,324608,852992,-491520,-1188864,277504,-1632256,-147456,-192512,74752,-816128,-1442816,48128,-47104,377856,427008,-740352,211968,512000,334848,-646144,-242688,193536,-374784,-308224,-548864,398336,-1112064,-158720,-337920,156672,636928,-1810432,-217088,40960,-1453056,-29696,-562176,-181248,-688128,-774144,-62464,-564224,-726016,1515520,-640000,-694272,329728,-275456,-201728,98304,-819200,-786432,-133120,1398784,-230400,-282624,98304,989184,1178624,-98304,-713728,181248,-228352,831488,-517120,-566272,-19456,1398784,-737280,962560,-330752,-202752,-381952,-358400,179200,525312,-2499584,133120,35840,-387072,135168,-1140736,-832512,380928,-1198080,723968,-851968,472064,-718848
1135616,859136,-113664,654336,936960,-677888,466944,-68608,-1501184,1216512,486400,-318464,1465344,203776,-1464320,319488,702464,707584,1049600,664576,759808,-180224,865280,239616,258048,-874496,-24576,390144,-248832,770048,954368,574464,-1016832,855040,230400,-746496,-5120,-218112,1328128,-355328,-153600,818176,-55296,63488,-1624064,8192,670720,885760,-743424,-434176,314368,-56320,495616,-231424,487424,1166336,-48128,389120,-572416,23552,288768,1628160,527360,-1232896,491520,-180224,661504,1038336,260096,1215488,380928,-713728,22528,1465344,1639424,27648,1491968,76800,1519616,-265216,-408576,-1362944,-62464,168960,275456,706560,-343040,1058816,722944,394240,522240,289792,-1000448,218112,-369664,420864,670720,789504,365568,647168,-525312,-576512,661504,809984,622592,1564672,125952,404480,841728,443392,275456,9216,484352,-864256,1323008,501760,483328,517120,779264,324608,1225728,407552,238592,557056,891904,1530880,1332224,218112,-339968,291840,94208,315392,-596992,1494016,1181696,370688,-50176,236544,207872,-2214912,1232896,448512,-391168,2145280,307200,391168,-495616,937984,488448,1270784,-77824,94208,1786880,-987136,572416,600064,-494592,-585728,448512,-195584,1095680,266240,-1141760,-728064,247808,-365568,45056,-46080,1215488,1004544,565248,894976,128000,-407552,239616,1076224,324608,1143808,1033216,177152,818176,-628736,-1573888,1015808,-144384,125952,363520,292864,-1034240,1049600,350208,-540672,405504,-766976,-53248,1012736,136192,1036288,-587776,98304,245760,1060864,112640,512000,1172480,-134144,737280,1581056,3072,390144,1320960,-598016,679936,-300032,-613376,860160,63488,-240640,-582656,-186368,-879616,-82944,663552,-881664,1042432,156672,-291840,-113664,241664,-452608,-346112,1696768,670720,234496,-506880,326656,-696320,210944,1350656,830464,1566720,-251904,19456,-551936,1114112,-253952,-46080,-308224,447488,-661504,235520,-711680,-206848,629760,1325056,552960,134144,-245760,843776,-582656,-570368,-212992,98304,1046528,685056,-606208,1253376,-234496,-858112,-1179648,-154624,-772096,847872,1229824,4096,736256,-568320,411648,186368,48128,-936960,-394240,-233472,950272,-204800,-785408,242688,-1915904,815104,-710656,335872,-356352,20480,-64512,-416768,742400,-1320960,1020928,-871424,1588224,907264,-252928,1806336,625664,441344,-95232,-993280,915456,811008,656384,-357376,844800,362496,1254400,-254976,359424,-1971200,-476160,693248,1563648
-868352,484352,-807936,-130048,158720,888832,-151552,-645120,245760,585728,1118208,-129024,-69632,977920,-304128,2145280,143360,-44032,-214016,373760,-472064,980992,212992,-15360,437248,389120,-828416,619520,534528,-103424,763904,508928,789504,-758784,719872,105472,878592,-15360,431104,273408,-1080320,-320512,1189888,-514048,919552,-56320,-187392,-405504,1100800,-826368,1366016,-350208,-424960,-558080,-516096,-1513472,1094656,1688576,-608256,153600,50176,-952320,-139264,-880640,-14336,707584,321536,338944,40960,911360,762880,775168,966656,1126400,-717824,964608,338944,1542144,-490496,-596992,1336320,-619520,1192960,-317440,471040,627712,890880,-762880,-427008,558080,323584,58368,-390144,-22528,-108544,430080,286720,821248,1604608,-440320,-109568,65536,1247232,412672,613376,1721344,1403904,-546816,-378880,-102400,62464,-299008,-788480,-680960,645120,-621568,-1416192,369664,115712,-765952,387072,-89088,555008,-474112,274432,587776,552960,862208,157696,-30720,-313344,629760,-460800,287744,-430080,398336,-457728,-976896,-359424,549888,-294912,-90112,74752,705536,205824,297984,-846848,557056,214016,583680,-98304,-195584,-257024,66560,-1402880,-1035264,-739328,-40960,-795648,-637952,1027072,-143360,101376,447488,862208,334848,-75776,309248,667648,411648,15360,-251904,576512,552960,969728,-270336,-22528,602112,-986112,305152,1262592,-1282048,-185344,161792,1414144,666624,733184,-293888,-1146880,-516096,281600,-603136,77824,881664,271360,-325632,1433600,-1641472,-11264,-945152,-569344,523264,-1132544,1271808,867328,1682432,52224,71680,400384,-804864,522240,505856,1115136,-1259520,1184768,287744,-41984,-1149952,638976,1189888,907264,191488,-1743872,-629760,160768,-1051648,-1419264,-166912,28672,278528,-344064,629760,592896,-640000,105472,-248832,1481728,195584,389120,-821248,-158720,-225280,-1002496,-315392,-776192,45056,-1201152,431104,-939008,-103424,-16384,201728,-487424,-1382400,66560,-513024,-147456,-32768,1134592,-686080,-458752,393216,588800,-706560,-1240064,-714752,-211968,-249856,1521664,-638976,946176,-137216,-931840,100352,38912,350208,-157696,18432,-1141760,1307648,130048,-293888,-37888,-827392,-592896,859136,-501760,311296,524288,-576512,496640,-772096,-229376,-462848,-316416,487424,-1494016,26624,-1008640,3072,-240640,885760,-2127872,1175552,-852992,443392,995328,1072128,-178176,1616896,400384,-951296,-425984,-251904,372736,-1276928,-690176,429056,-1243136,13312
837632,150528,-367616,1515520,556032,384000,2048,-283648,521216,-1406976,77824,-56320,-636928,-234496,-1086464,-434176,109568,-2352128,757760,-723968,-562176,-842752,-790528,156672,-1227776,875520,-1747968,-435200,1082368,15360,532480,-329728,696320,136192,509952,-757760,505856,-204800,-357376,-123904,-452608,-746496,78848,-123904,-530432,210944,680960,-558080,-675840,-836608,366592,286720,155648,-247808,-404480,-2468864,-690176,19456,-287744,495616,128000,-421888,-235520,930816,29696,-571392,-705536,336896,636928,-751616,-528384,-487424,504832,440320,373760,-607232,-703488,216064,-328704,-259072,228352,-102400,-1157120,374784,320512,-845824,-707584,1012736,128000,55296,319488,-1064960,-1590272,-611328,899072,1140736,218112,296960,525312,-743424,488448,-99328,-239616,-350208,498688,-954368,236544,989184,308224,-80896,20480,-1710080,10240,-706560,-1248256,1200128,-1058816,-309248,-461824,-1169408,-330752,166912,-2086912,94208,260096,650240,101376,-673792,601088,8192,112640,-672768,-350208,-366592,-515072,481280,-1815552,-40960,-211968,701440,-218112,-1264640,-1168384,241664,401408,-661504,439296,-966656,671744,1219584,-1491968,-917504,-369664,987136,-909312,-173056,-821248,450560,-1300480,-379904,598016,-440320,-894976,4096,-169984,-1838080,-702464,254976,-626688,-324608,-1152000,162816,-72704,-698368,370688,234496,-1214464,-736256,-869376,-137216,-780288,-741376,-418816,-606208,-503808,-943104,-1149952,228352,-29696,520192,-1033216,462848,751616,-753664,179200,1198080,256000,-1607680,431104,-892928,-321536,-129024,-499712,-2019328,-894976,157696,-870400,266240,742400,866304,518144,1124352,-989184,-438272,-552960,433152,1232896,-757760,-928768,-296960,-1069056,-866304,-928768,-852992,75776,-145408,-1446912,177152,-164864,-791552,-130048,280576,-462848,-121856,187392,-326656,1219584,162816,197632,310272,-1275904,-740352,-468992,750592,-738304,421888,-1092608,-331776,-288768,-186368,-109568,55296,-364544,-286720,135168,744448,-714752,-157696,954368,66560,258048,-710656,-1032192,359424,557056,658432,-149504,98304,450560,953344,-1169408,-572416,586752,70656,580608,1030144,-48128,-328704,-689152,-1909760,-202752,-528384,-1755136,-2681856,416768,33792,151552,425984,206848,301056,-1079296,-312320,-879616,-64512,-311296,-1480704,-1247232,808960,-146432,119808,301056,241664,100352,556032,996352,-633856,-314368,321536,-474112,354304,1813504,286720,-48128,435200,785408,176128,404480,-1979392,-262144,190464
-1137664,739328,567296,-1234944,642048,688128,311296,598016,530432,470016,328704,312320,407552,230400,-548864,167936,-22528,-118784,662528,-259072,-63488,-819200,-190464,223232,10240,181248,-387072,2628608,222208,956416,205824,-280576,-772096,-969728,-291840,89088,2423808,200704,-79872,458752,997376,-120832,-680960,433152,283648,-120832,687104,204800,960512,908288,370688,-912384,46080,833536,430080,842752,-254976,1464320,-145408,1598464,-1018880,1026048,1062912,703488,758784,-1105920,-1360896,626688,505856,279552,-393216,-653312,-303104,1022976,55296,-1114112,645120,-484352,-620544,-546816,-109568,327680,-425984,1164288,1163264,744448,0,1738752,376832,34816,398336,-265216,681984,612352,457728,-389120,384000,-422912,607232,-512000,334848,958464,408576,886784,61440,158720,-97280,-317440,-1630208,-51200,17408,740352,546816,200704,-310272,672768,763904,31744,-46080,293888,-530432,-680960,552960,846848,-340992,382976,-22528,-577536,296960,809984,1113088,-142336,1887232,414720,424960,76800,81920,267264,-148480,1943552,-250880,357376,741376,-735232,225280,167936,-1971200,242688,1261568,4096,274432,-302080,-611328,281600,230400,-715776,-63488,-265216,-149504,1418240,-727040,-1000448,218112,1406976,-118784,1294336,799744,-253952,236544,-244736,-971776,695296,-117760,-260096,622592,-320512,-24576,1224704,-379904,228352,4096,115712,438272,223232,47104,894976,-1088512,530432,410624,-436224,865280,375808,766976,468992,976896,484352,986112,254976,-27648,-978944,-1041408,102400,-238592,-439296,-229376,110592,-164864,-765952,685056,687104,-402432,125952,-1129472,1306624,-432128,80896,-102400,106496,-340992,104448,84992,-834560,533504,-492544,-304128,-4096,1245184,-644096,-924672,239616,-428032,-657408,-142336,-75776,-282624,658432,826368,-1024,-683008,615424,-236544,-193536,893952,1827840,681984,-755712,763904,-872448,-1334272,-344064,-883712,450560,-103424,-172032,439296,636928,-1232896,746496,-77824,1037312,339968,179200,300032,297984,1369088,1396736,-74752,1981440,1453056,-431104,814080,458752,-541696,278528,676864,-158720,1606656,-726016,314368,-439296,843776,37888,-574464,106496,-473088,-579584,-487424,862208,-556032,-1125376,37888,109568,1324032,175104,131072,235520,574464,727040,23552,-174080,215040,-332800,48128,134144,119808,-1077248,281600,1356800,-975872,-34816,521216,-560128,320512,1376256,424960,388096,-400384,1049600,-97280,-475136
349184,108544,111616,-65536,-685056,436224,544768,-620544,-827392,-819200,-1159168,-723968,-670720,-471040,1196032,-377856,-5120,694272,-893952,34816,-486400,-575488,137216,-596992,-2075648,-463872,-1277952,-437248,-478208,-177152,-273408,257024,-1099776,209920,-134144,-132096,650240,114688,-258048,217088,-586752,-429056,496640,-46080,-831488,745472,-58368,-1031168,-1363968,-1389568,634880,-136192,-94208,-187392,90112,-243712,-4096,-165888,-1190912,-484352,304128,-295936,-176128,427008,-182272,-846848,-1331200,-946176,-629760,153600,-297984,-730112,-370688,-377856,-201728,-388096,-590848,-313344,-518144,691200,1041408,-391168,61440,-768000,-648192,-1575936,-374784,-577536,-1742848,-245760,-122880,1121280,-221184,420864,-1556480,140288,-121856,-436224,-136192,10240,-1216512,256000,1923072,362496,-354304,657408,-782336,-338944,70656,-173056,-2048,164864,593920,-378880,272384,204800,304128,477184,735232,132096,189440,-275456,411648,-2098176,-1319936,-764928,-867328,651264,58368,622592,-764928,-307200,-599040,350208,-774144,-56320,706560,88064,518144,-28672,-658432,-1042432,219136,-519168,590848,1250304,-100352,1189888,-813056,-2048,-21504,-262144,-740352,696320,224256,-990208,9216,-250880,-456704,-40960,-117760,489472,347136,-402432,461824,-669696,-963584,-68608,-270336,-784384,310272,-731136,-394240,681984,-814080,-882688,-1486848,-62464,253952,-393216,416768,-421888,-363520,-165888,21504,-218112,301056,-382976,83968,118784,-248832,-496640,-258048,-340992,-729088,-1028096,-291840,-205824,1091584,336896,52224,-442368,-1528832,-184320,-980992,-1415168,-715776,-684032,-100352,1213440,-1174528,10240,498688,-1594368,-61440,-523264,31744,-265216,-118784,423936,-1343488,-1028096,-328704,-130048,236544,-1361920,1527808,-866304,693248,563200,-1366016,377856,-974848,-1003520,-310272,-147456,-813056,-622592,595968,-468992,-1270784,320512,-727040,157696,93184,1009664,737280,-1244160,774144,14336,-461824,-485376,-140288,-473088,-1223680,-125952,-38912,209920,-547840,-880640,-658432,275456,-308224,4096,354304,285696,736256,1091584,653312,-122880,269312,-632832,6144,-161792,367616,-618496,1018880,198656,118784,969728,-941056,844800,-846848,-107520,-738304,-1329152,-742400,-1096704,-1148928,-1651712,-156672,-1008640,-216064,46080,-662528,-610304,293888,-623616,752640,1094656,-867328,-571392,1068032,344064,-212992,-449536,-817152,390144,-904192,-2174976,-735232,-814080,-58368,384000,421888,-940032,841728,-95232,-549888,126976
349184,130048,-647168,-1040384,-493568,310272,205824,231424,611328,882688,-275456,224256,946176,898048,117760,-903168,-39936,1063936,-755712,650240,-223232,238592,-182272,-95232,-645120,-410624,-7168,-1542144,463872,54272,526336,453632,-279552,-497664,1217536,370688,-189440,1274880,-515072,1580032,-189440,-65536,-432128,1166336,-223232,8192,-403456,40960,322560,-696320,447488,-802816,336896,-314368,-323584,318464,1106944,748544,473088,812032,671744,129024,-519168,370688,-671744,180224,865280,675840,-109568,-881664,-205824,-1094656,-1003520,147456,1152000,476160,-234496,52224,-1075200,-968704,790528,966656,-727040,-304128,-831488,-664576,999424,-1240064,392192,759808,-516096,24576,-320512,564224,-758784,-173056,1357824,317440,-151552,891904,-1319936,248832,129024,839680,1384448,-165888,-263168,307200,-1145856,-976896,-717824,656384,184320,-565248,752640,165888,-167936,-481280,-523264,819200,-482304,-732160,93184,533504,90112,-317440,159744,-899072,-494592,-449536,-1413120,533504,385024,166912,228352,-407552,-530432,1156096,-1056768,823296,-562176,418816,687104,-82944,-1010688,1102848,-49152,-61440,834560,694272,31744,1152000,-182272,560128,134144,-81920,556032,-1142784,985088,-327680,-526336,-584704,-1247232,45056,362496,118784,75776,652288,224256,665600,390144,329728,-2341888,-105472,1168384,462848,973824,605184,364544,492544,-1024,-1217536,-1576960,437248,-217088,-122880,-539648,-407552,19456,517120,676864,567296,-526336,-258048,-137216,578560,470016,-368640,-604160,264192,179200,-796672,-234496,71680,586752,556032,-432128,140288,-120832,305152,320512,617472,16384,274432,506880,194560,-1751040,104448,23552,-252928,-1271808,758784,-731136,-1037312,1506304,1671168,512000,518144,700416,-193536,-36864,-180224,795648,797696,-110592,-491520,464896,-248832,161792,-334848,-365568,691200,6144,290816,-346112,-854016,-141312,885760,-2168832,747520,-46080,333824,302080,366592,180224,-582656,61440,-350208,591872,105472,-471040,443392,-245760,1063936,1860608,1143808,466944,580608,-140288,700416,286720,-191488,-314368,357376,-559104,-348160,292864,-39936,130048,1199104,234496,1695744,-34816,-757760,-294912,-382976,-76800,-200704,194560,-848896,604160,83968,875520,-1332224,514048,-55296,685056,611328,250880,-635904,-438272,-860160,1503232,-24576,-272384,-1057792,83968,1438720,-348160,31744,999424,229376,-1162240,264192,1394688,-1225728,-997376,812032,-1124352,989184
-733184,-1043456,1106944,650240,-517120,2143232,545792,530432,-1028096,-344064,124928,101376,1037312,1229824,-92160,253952,930816,1378304,123904,394240,-429056,771072,451584,1699840,835584,963584,363520,1177600,1210368,-190464,-832512,1598464,357376,452608,473088,-887808,-80896,625664,1347584,-1191936,-104448,-247808,220160,532480,994304,-448512,227328,1551360,-658432,281600,766976,493568,686080,593920,1710080,1006592,-210944,903168,111616,-62464,1242112,925696,-123904,937984,1018880,1342464,1966080,-193536,215040,1005568,443392,321536,1558528,-188416,287744,-152576,-149504,-930816,1108992,509952,590848,679936,47104,1177600,665600,76800,1517568,1068032,635904,-605184,-226304,-798720,379904,2140160,726016,-86016,-10240,-564224,440320,876544,571392,195584,486400,129024,27648,486400,535552,806912,1471488,528384,642048,1191936,-219136,560128,731136,-714752,1374208,375808,290816,-470016,1331200,-487424,1550336,497664,-66560,-890880,124928,-223232,796672,444416,883712,545792,214016,-535552,272384,-365568,101376,36864,658432,1878016,435200,-513024,160768,-564224,-185344,-410624,770048,1442816,822272,351232,322560,471040,247808,115712,-99328,250880,-451584,1274880,-291840,796672,660480,202752,527360,399360,112640,276480,1022976,630784,650240,-833536,-494592,-118784,1051648,1324032,831488,-373760,272384,-75776,1820672,1235968,-39936,118784,763904,-184320,718848,893952,-809984,-193536,-928768,899072,41984,-152576,-232448,-125952,-560128,103424,879616,-345088,-421888,-95232,93184,455680,328704,1106944,-600064,-471040,-688128,263168,753664,815104,490496,87040,1024000,-886784,206848,658432,-1209344,1270784,419840,57344,494592,6144,-174080,1243136,132096,202752,-576512,136192,314368,1642496,397312,-53248,1296384,1471488,992256,453632,977920,561152,264192,1104896,-774144,211968,-730112,-119808,961536,109568,698368,477184,83968,-128000,-242688,178176,-279552,31744,-845824,-523264,235520,1095680,2042880,249856,-699392,708608,756736,-1541120,665600,474112,-25600,143360,174080,955392,572416,-107520,-623616,113664,249856,273408,-281600,1127424,231424,603136,790528,595968,-1050624,471040,1289216,437248,681984,711680,-94208,869376,177152,1345536,-1156096,878592,-104448,-207872,253952,-70656,-1205248,-27648,-384000,-402432,-1043456,567296,368640,516096,953344,-442368,506880,-74752,-760832,375808,-374784,-243712,219136,-1160192,904192,778240,829440,-601088
351232,-462848,-1113088,932864,-559104,-92160,575488,-309248,303104,-641024,-618496,172032,-1179648,-1102848,-276480,-56320,-2160640,-1037312,-157696,51200,1061888,-325632,-384000,-776192,-480256,-2287616,-1072128,-117760,271360,-241664,-150528,-1065984,431104,-602112,-988160,-68608,-388096,82944,799744,316416,-614400,-1297408,-361472,-1113088,-29696,-904192,-1326080,-101376,-862208,97280,-88064,-1095680,-215040,-62464,-1501184,-1099776,166912,-983040,117760,545792,-166912,-563200,-648192,-404480,22528,-664576,-181248,805888,-1740800,-209920,-896000,649216,-1773568,361472,114688,133120,664576,-352256,-412672,49152,-1013760,-348160,384000,402432,788480,-1495040,-105472,-95232,-905216,-304128,147456,556032,-1020928,303104,-321536,291840,152576,548864,-718848,280576,-992256,-1129472,-531456,565248,-316416,-983040,-611328,-280576,136192,-696320,-683008,211968,-401408,-427008,-225280,813056,-59392,-53248,-318464,-1455104,-822272,-1548288,-646144,482304,-2142208,-689152,349184,-410624,-839680,-894976,-1415168,-1015808,358400,-638976,701440,-297984,-1403904,-329728,-650240,-253952,506880,-340992,-1281024,565248,-487424,109568,-898048,-151552,214016,-712704,-536576,39936,-1171456,-603136,-38912,-644096,-596992,-461824,541696,-373760,-873472,-1861632,146432,-826368,-1008640,53248,-211968,673792,250880,-131072,-713728,1357824,405504,-434176,-36864,30720,-489472,-102400,100352,147456,132096,-431104,-1064960,74752,100352,-673792,240640,398336,-1668096,-879616,-66560,-32768,-567296,-1186816,-153600,-270336,-1073152,-720896,-28672,-175104,-546816,240640,-796672,707584,-424960,-384000,-867328,-413696,-1810432,-1192960,-638976,-1112064,-746496,-162816,-1371136,-357376,-659456,-441344,-392192,-721920,-877568,446464,431104,-825344,-474112,201728,840704,-44032,-617472,-416768,-7168,-2509824,-652288,-181248,-88064,284672,-863232,174080,196608,-1034240,-1084416,-809984,-1230848,-28672,-688128,-287744,-724992,751616,-521216,-926720,-478208,-187392,16384,-973824,-1460224,-578560,-1402880,-847872,-1022976,-477184,689152,-1157120,-737280,852992,201728,-827392,1402880,741376,-1280000,75776,-570368,80896,-600064,-288768,502784,-1662976,-669696,-1161216,-2077696,-1294336,369664,132096,419840,-1968128,-242688,-65536,-88064,-987136,1160192,-4096,-1026048,887808,-1071104,-161792,-976896,-260096,-679936,522240,-540672,-25600,-765952,-239616,-724992,979968,415744,-74752,-395264,-421888,-471040,169984,-492544,-222208,-834560,-217088,520192,-1181696,-620544,235520,-249856,-835584
48128,260096,-109568,1076224,931840,1214464,1681408,448512,51200,-300032,966656,-327680,427008,-36864,-3072,826368,1024,1250304,1107968,1404928,44032,-1298432,589824,1308672,1293312,522240,975872,963584,676864,-250880,760832,-1979392,891904,357376,-353280,287744,-417792,289792,608256,1462272,201728,513024,1361920,-470016,711680,-37888,1869824,-365568,777216,107520,-327680,297984,-538624,-110592,578560,-29696,929792,-1014784,33792,-577536,1306624,-171008,-447488,-748544,535552,51200,573440,-279552,416768,-436224,-548864,177152,575488,1599488,246784,464896,575488,446464,-2436096,152576,171008,-873472,737280,256000,667648,163840,406528,77824,-187392,-568320,562176,984064,1558528,1148928,765952,466944,-399360,720896,-199680,435200,234496,211968,-4096,293888,-332800,-354304,-465920,-1034240,-506880,88064,-133120,-63488,233472,-917504,1076224,227328,976896,201728,0,-191488,870400,1272832,435200,1318912,-162816,878592,387072,14336,182272,539648,1088512,215040,-37888,-50176,-1220608,-787456,294912,806912,1526784,331776,-68608,964608,671744,-3072,395264,-1105920,243712,-11264,728064,-116736,181248,105472,404480,734208,-1009664,-487424,158720,218112,92160,154624,190464,-1413120,146432,223232,953344,1258496,625664,88064,1561600,-452608,982016,163840,547840,468992,1000448,901120,795648,797696,-90112,-1445888,-948224,-567296,176128,972800,845824,-590848,-845824,734208,753664,1154048,379904,-313344,1296384,349184,-125952,711680,-409600,842752,99328,345088,375808,786432,916480,-994304,-147456,-787456,-538624,543744,-764928,-47104,34816,-840704,-94208,211968,925696,377856,-186368,-972800,-121856,-672768,854016,172032,132096,99328,968704,338944,245760,553984,448512,806912,-468992,-6144,-385024,-792576,523264,134144,-179200,1086464,-1585152,-21504,-82944,166912,-402432,-1273856,-273408,194560,-732160,189440,-183296,-15360,944128,1676288,-162816,781312,-353280,-562176,25600,549888,-737280,512000,653312,66560,-343040,113664,931840,-350208,-121856,1054720,209920,211968,239616,654336,614400,574464,-309248,835584,159744,-529408,749568,388096,-924672,972800,35840,238592,-95232,568320,-128000,1659904,1714176,1354752,591872,793600,471040,-855040,-808960,343040,-688128,1398784,-258048,-801792,1040384,-78848,-775168,53248,322560,1341440,1446912,1411072,-83968,-186368,241664,346112,-314368,-10240,-649216,539648,710656,204800,277504,328704
-230400,764928,523264,-673792,-1191936,-1268736,-1027072,291840,-909312,-173056,1080320,185344,22528,-622592,-720896,-87040,99328,-1300480,-393216,-72704,-262144,-521216,-826368,453632,111616,-331776,-693248,-744448,-1077248,415744,-628736,-613376,662528,-396288,-1583104,1024,-766976,-781312,-944128,161792,-412672,1042432,-1074176,-863232,-71680,1060864,-1687552,40960,-18432,625664,371712,-1630208,760832,-673792,-237568,-934912,-522240,60416,261120,-121856,-7168,-120832,472064,264192,-73728,-835584,326656,-649216,266240,-1029120,1059840,-754688,335872,-244736,157696,-712704,369664,837632,-961536,-396288,361472,-405504,-1282048,95232,-1120256,-434176,300032,-791552,-115712,-371712,275456,-1132544,-758784,-1391616,-205824,-1283072,714752,-242688,-350208,-310272,172032,728064,1107968,472064,-1044480,216064,-242688,-321536,-528384,-1085440,441344,304128,-726016,403456,-1184768,-120832,-1699840,1017856,-48128,-684032,-1107968,-1561600,-1025024,145408,965632,359424,485376,610304,-953344,281600,-48128,-715776,788480,-405504,513024,-561152,-187392,-385024,-1231872,-990208,673792,-1027072,128000,-547840,623616,-1300480,-286720,-94208,-400384,-20480,-102400,-978944,-253952,673792,363520,-120832,-819200,38912,-621568,604160,609280,-697344,796672,-1118208,-1150976,-455680,-1274880,949248,-1210368,540672,-581632,-594944,1488896,-193536,382976,-430080,-1148928,-821248,-623616,117760,-210944,71680,-21504,-512000,-1054720,23552,379904,800768,320512,1971200,-352256,553984,-450560,-473088,-1390592,-1329152,1411072,708608,1142784,-1088512,-406528,-584704,701440,-1001472,-731136,-1799168,-592896,-1317888,-417792,-15360,-643072,783360,-368640,-18432,663552,-202752,-710656,868352,-336896,859136,-657408,-1229824,-221184,-95232,-943104,-418816,571392,344064,-1272832,-588800,-676864,-669696,-1319936,-1301504,110592,-80896,1050624,-1355776,-611328,212992,119808,-631808,273408,-858112,34816,-796672,323584,508928,-104448,-416768,-258048,-1081344,-1252352,-1490944,-637952,178176,-165888,-294912,-310272,-1074176,15360,-1426432,-570368,4096,39936,-758784,-621568,-108544,-315392,406528,-2036736,970752,-497664,-280576,513024,-859136,44032,-473088,-193536,-798720,1111040,-1047552,-659456,407552,-204800,-154624,-499712,-1307648,-27648,-1075200,-11264,-248832,-41984,-764928,-109568,-1387520,-1155072,172032,-234496,-667648,311296,1563648,-101376,-168960,-30720,-417792,-1241088,457728,-1954816,399360,-928768,-285696,-314368,-167936,-158720,649216,-379904,-1529856,716800,18432
-450560,-62464,-679936,-483328,-1016832,493568,-184320,594944,-480256,403456,-1241088,-836608,-1875968,-862208,1173504,-794624,-428032,-741376,1259520,418816,123904,417792,-489472,-2364416,-537600,-623616,-543744,1057792,-664576,-307200,-1751040,-963584,-422912,297984,-386048,171008,281600,599040,-228352,250880,-844800,613376,150528,-143360,-52224,-283648,-230400,799744,-31744,-820224,45056,184320,-101376,591872,-313344,140288,-328704,-100352,-419840,-1293312,-777216,-1603584,-320512,-415744,-797696,416768,646144,1082368,-507904,-151552,-1679360,364544,-149504,-145408,-346112,-71680,181248,488448,861184,-1345536,27648,1467392,360448,195584,347136,54272,-551936,-177152,-251904,221184,-16384,-402432,-193536,519168,250880,-425984,-822272,-416768,393216,-1747968,-818176,856064,-687104,816128,-367616,228352,-99328,-258048,199680,-349184,488448,251904,-672768,-1186816,680960,-876544,-538624,585728,159744,-50176,-802816,517120,-282624,-66560,-847872,821248,106496,-1022976,-950272,-917504,-193536,-28672,176128,1154048,413696,-196608,-180224,-1465344,-177152,732160,-177152,-284672,66560,-661504,316416,-695296,-72704,410624,-537600,-1041408,134144,-5120,1648640,-650240,-166912,-1040384,-534528,-356352,-660480,431104,758784,38912,-901120,-726016,-733184,347136,354304,-972800,160768,-105472,11264,-584704,1231872,106496,905216,150528,-647168,-95232,-836608,-652288,-966656,-1612800,948224,-375808,316416,-665600,-811008,-110592,376832,-325632,803840,-1351680,-703488,-231424,-295936,43008,1184768,-201728,155648,-771072,-552960,-1566720,930816,-49152,7168,-739328,1231872,-216064,448512,-615424,-524288,126976,410624,-1159168,84992,1222656,-198656,-762880,-318464,-251904,162816,-125952,533504,384000,-781312,351232,-92160,126976,82944,752640,553984,128000,1071104,-542720,-505856,-258048,-936960,224256,-19456,468992,-386048,-769024,1401856,-654336,-280576,-43008,-408576,-1593344,353280,108544,-713728,437248,412672,198656,-21504,210944,-416768,-390144,-275456,1313792,-1005568,52224,752640,-293888,-151552,-528384,-18432,-418816,-1293312,-1024,1016832,230400,195584,177152,-1241088,-304128,-1149952,-342016,542720,-1724416,2048,698368,-63488,-297984,368640,-851968,266240,779264,114688,-475136,1093632,-702464,-739328,433152,391168,625664,263168,-828416,514048,-455680,8192,804864,627712,-656384,238592,-13312,248832,1163264,101376,1433600,108544,-1039360,99328,-363520,-777216,-1172480,-223232,209920,80896,131072
-264192,-6144,149504,-1024,328704,542720,-285696,796672,-175104,-78848,552960,71680,322560,434176,-150528,-254976,-623616,546816,718848,589824,-610304,-37888,448512,-576512,536576,103424,-819200,451584,-105472,829440,596992,900096,23552,1745920,-371712,991232,736256,180224,-473088,-401408,624640,974848,1129472,1139712,407552,412672,1619968,-100352,466944,-96256,277504,1417216,1723392,1165312,1140736,246784,402432,168960,709632,-28672,1137664,-51200,699392,967680,652288,264192,1814528,56320,1203200,70656,458752,1001472,506880,-631808,713728,303104,-192512,733184,1953792,1632256,1410048,1050624,143360,1313792,339968,891904,1681408,1053696,1012736,220160,-280576,915456,1094656,275456,-397312,-237568,731136,-90112,867328,-585728,1097728,557056,362496,613376,456704,261120,283648,1115136,1947648,-135168,644096,986112,549888,1190912,1762304,304128,111616,358400,1189888,390144,44032,968704,1255424,-148480,1339392,79872,1440768,362496,395264,1163264,-30720,86016,-404480,1259520,293888,-112640,-342016,-70656,28672,167936,1156096,424960,-445440,858112,412672,915456,492544,549888,851968,1358848,-240640,128000,-685056,991232,371712,185344,831488,983040,1035264,1390592,327680,2024448,527360,-948224,1091584,-285696,2048,812032,642048,674816,1461248,560128,1949696,964608,37888,883712,723968,-920576,94208,-299008,389120,696320,429056,849920,883712,438272,493568,494592,-602112,135168,1182720,555008,1325056,841728,453632,62464,1013760,1274880,-296960,1217536,-64512,1153024,308224,1082368,-277504,883712,316416,-574464,10240,113664,-695296,246784,-91136,-106496,1984512,-165888,948224,974848,1192960,645120,364544,694272,107520,-237568,1078272,907264,683008,1137664,1041408,370688,-126976,143360,705536,747520,214016,166912,836608,306176,310272,630784,305152,-768000,937984,29696,588800,465920,277504,291840,861184,-28672,-457728,-621568,46080,63488,-492544,-272384,948224,760832,304128,119808,68608,566272,-750592,592896,1787904,1153024,1398784,824320,712704,574464,259072,462848,459776,315392,1036288,1238016,677888,-155648,807936,-311296,-371712,-313344,-644096,1072128,-56320,386048,1138688,-535552,-33792,1229824,290816,-1159168,403456,468992,764928,741376,358400,772096,-257024,621568,-862208,366592,1503232,814080,225280,489472,61440,73728,561152,1032192,1101824,51200,623616,1736704,1328128,858112,178176,586752,296960,1508352
-99328,1244160,-728064,328704,-573440,473088,-1648640,-498688,-948224,-438272,245760,118784,-1537024,-687104,-233472,-2091008,-320512,-5120,-551936,-1731584,-702464,147456,-876544,-583680,-1339392,189440,-211968,-495616,463872,115712,-1418240,-696320,-633856,-535552,-463872,-442368,-1282048,141312,-589824,328704,101376,206848,-139264,-1052672,-72704,-1277952,-711680,-324608,-191488,-37888,-1213440,-483328,-812032,-1790976,-314368,-462848,-738304,104448,-1592320,-324608,352256,-1059840,-1790976,-287744,-828416,-231424,-982016,-638976,-280576,-150528,-1435648,-1022976,-1626112,257024,-796672,-696320,-701440,646144,-1581056,-146432,-1323008,-235520,-1526784,-1101824,-481280,-94208,-261120,40960,-533504,-751616,-2048,-1259520,-487424,406528,-789504,183296,-829440,342016,361472,-652288,-1195008,84992,-1260544,548864,-715776,-2237440,-181248,644096,26624,-146432,-234496,391168,-530432,-1408000,-658432,188416,119808,401408,-13312,-280576,264192,-992256,-1460224,-1241088,-1152000,-184320,-698368,-1170432,-268288,-1090560,-1512448,174080,-483328,-454656,-340992,-683008,-494592,325632,-1119232,-766976,-695296,-835584,927744,173056,-1021952,-741376,-1309696,172032,-734208,-651264,-2060288,637952,-1043456,-405504,-89088,-1316864,-619520,-549888,536576,-553984,-467968,-1658880,-380928,-2147328,-541696,-992256,553984,-293888,-22528,77824,-655360,475136,-1197056,567296,-714752,-695296,560128,-766976,1047552,-839680,136192,-1438720,-680960,-754688,-1687552,284672,-997376,-67584,-704512,-901120,291840,-71680,-1907712,-435200,-1002496,-805888,941056,-154624,-244736,34816,-1217536,-1478656,1077248,615424,-1135616,-575488,-1432576,-177152,-732160,-1048576,-1149952,-859136,-68608,-84992,274432,-488448,-418816,-615424,-1034240,599040,142336,-672768,-2052096,-1898496,40960,43008,-1340416,-1503232,-32768,-252928,-548864,-2287616,-1272832,-1504256,-1486848,-722944,-916480,34816,-1340416,-1122304,-1035264,-378880,-742400,716800,122880,-968704,306176,145408,-940032,-679936,-1748992,-1718272,-724992,182272,669696,-931840,-637952,-210944,-773120,-968704,-1346560,-191488,-510976,-77824,-955392,275456,-1045504,-603136,-1150976,-432128,-1369088,-523264,339968,545792,11264,-357376,-214016,-1108992,-1046528,120832,-312320,-1437696,-854016,-1576960,-516096,-1172480,-737280,-644096,-1863680,-1268736,955392,-482304,-684032,-399360,-1111040,-1169408,-954368,-1335296,-459776,-463872,-25600,366592,-1487872,-631808,-99328,-1120256,-2129920,-613376,-1100800,-737280,214016,-1060864,-1246208,-817152,-556032,-727040,194560,-803840,424960,77824
529408,276480,-59392,1689600,1418240,891904,737280,-658432,372736,-688128,176128,787456,-417792,475136,1502208,1191936,447488,41984,508928,729088,1205248,-960512,822272,114688,-195584,1010688,-262144,260096,396288,295936,-536576,363520,-1046528,-398336,1271808,-1025024,1478656,-493568,488448,493568,658432,1362944,263168,1214464,500736,2001920,80896,911360,774144,-474112,1338368,-904192,-48128,528384,689152,315392,-357376,-132096,-975872,743424,-96256,-103424,746496,912384,1088512,-218112,1162240,872448,-907264,677888,855040,-759808,871424,1509376,40960,1763328,760832,532480,138240,-423936,721920,168960,-781312,-287744,1550336,116736,83968,-937984,805888,126976,403456,65536,654336,582656,25600,-971776,1277952,-750592,-965632,304128,94208,2114560,325632,360448,915456,94208,-277504,-1738752,656384,129024,880640,1045504,-276480,215040,-292864,-485376,979968,299008,1314816,1726464,653312,-13312,4096,-97280,-430080,922624,-688128,-595968,-625664,643072,40960,71680,612352,-452608,-571392,-299008,-49152,-80896,-239616,1038336,-928768,-13312,1144832,782336,-1027072,-217088,275456,713728,-360448,100352,-856064,6144,-86016,121856,-318464,105472,1768448,1029120,-272384,631808,324608,-788480,-371712,-437248,746496,-21504,791552,916480,473088,-935936,-347136,664576,21504,453632,504832,109568,141312,1024,-468992,540672,-456704,-139264,583680,-849920,115712,-805888,277504,317440,-270336,301056,-594944,268288,411648,686080,745472,132096,-676864,1033216,242688,625664,653312,-220160,988160,-41984,1230848,-1092608,-669696,187392,-623616,-600064,842752,94208,35840,644096,-267264,-399360,-88064,624640,-269312,-52224,-117760,976896,182272,293888,7168,-633856,1783808,185344,-574464,286720,1025024,355328,697344,9216,-75776,-689152,60416,1191936,403456,-100352,-4096,529408,47104,-385024,-126976,-670720,143360,257024,-477184,832512,594944,-81920,528384,870400,-870400,-1013760,-61440,207872,317440,-404480,-419840,-2048,234496,-401408,-109568,205824,782336,-411648,-922624,-530432,760832,-67584,1050624,-1289216,22528,1130496,1168384,-249856,204800,-267264,-402432,708608,768000,-116736,-117760,-27648,540672,-74752,-46080,-547840,271360,402432,-747520,-647168,109568,-864256,-220160,365568,336896,497664,881664,-734208,-3072,389120,307200,-961536,32768,201728,73728,1290240,-88064,-846848,-1913856,-805888,826368,119808,746496,-445440,553984,-522240
723968,407552,1577984,385024,-263168,-1752064,106496,-1576960,-84992,-651264,-598016,145408,801792,-43008,258048,-599040,715776,239616,-694272,-660480,6144,-831488,200704,31744,-227328,-1245184,-1016832,549888,-869376,253952,-356352,-83968,-16384,463872,322560,-427008,355328,888832,-1427456,-151552,-339968,-99328,68608,-1107968,318464,-525312,666624,-628736,-241664,1366016,-537600,1048576,-153600,-1080320,-1226752,889856,563200,-454656,915456,235520,589824,-792576,-710656,721920,-745472,-253952,-26624,411648,901120,352256,546816,391168,-60416,657408,361472,-603136,162816,-1209344,-382976,978944,-371712,235520,-304128,-933888,-65536,262144,-545792,-716800,-21504,583680,293888,36864,-649216,-1039360,-280576,-962560,-419840,-948224,546816,-1154048,93184,583680,330752,-94208,-252928,-37888,-760832,1499136,2302976,-354304,-1141760,-984064,-323584,-330752,1008640,-1408000,492544,-461824,20480,-1259520,1047552,-2001920,400384,824320,-548864,914432,272384,-698368,-574464,-685056,980992,-100352,-199680,-219136,-183296,-1186816,208896,-304128,-738304,176128,262144,389120,759808,142336,-1377280,412672,-301056,909312,-513024,-5120,-1114112,-344064,115712,1091584,375808,-769024,701440,-637952,-499712,-39936,-762880,-1008640,-304128,-254976,-804864,679936,-363520,423936,693248,-589824,-308224,-266240,-674816,584704,167936,83968,-425984,-214016,372736,-447488,97280,531456,-862208,210944,-315392,1309696,-197632,-450560,-684032,-128000,1033216,5120,-169984,-1945600,62464,-1053696,873472,-54272,149504,-100352,-91136,43008,-1381376,-84992,418816,-173056,-68608,-324608,-60416,-710656,-349184,-489472,-392192,-624640,-622592,-79872,-675840,937984,-720896,-203776,-765952,-550912,-407552,-795648,755712,-1059840,-166912,894976,307200,49152,-82944,-470016,-122880,-219136,250880,688128,124928,385024,-441344,149504,-532480,162816,289792,465920,-537600,-1207296,-86016,-969728,-402432,-388096,-674816,-1060864,-702464,131072,56320,-739328,199680,-576512,562176,-971776,-1089536,-175104,-439296,-1058816,-104448,-232448,23552,23552,-721920,231424,391168,99328,-656384,880640,-93184,-1776640,155648,1295360,-72704,-580608,-387072,-16384,785408,-1788928,-2254848,-775168,-216064,-836608,-381952,879616,-796672,-259072,946176,844800,-53248,-522240,-1276928,-322560,-628736,-805888,118784,-849920,375808,-501760,-578560,-169984,-159744,-1359872,339968,-297984,-1338368,854016,-131072,179200,-1643520,-478208,-20480,-248832,198656,172032
1471488,-723968,-607232,-199680,385024,-351232,1041408,216064,406528,-344064,-156672,275456,-29696,642048,116736,263168,101376,326656,-130048,-581632,-962560,-153600,-569344,-831488,-575488,-438272,870400,-611328,-400384,-603136,-1083392,468992,354304,387072,-1263616,-620544,-934912,143360,-379904,-1186816,-1416192,-447488,-24576,-403456,562176,-480256,131072,-245760,-791552,-80896,1174528,631808,500736,458752,-604160,716800,-576512,-611328,-285696,698368,-843776,83968,1588224,163840,1047552,-1518592,-524288,1288192,-1022976,336896,-527360,238592,128000,3072,-607232,-364544,-308224,519168,910336,-799744,47104,-67584,-741376,-358400,-151552,-1035264,549888,-172032,-1605632,540672,-646144,946176,-679936,93184,-223232,-154624,-378880,159744,-1335296,-1712128,377856,722944,20480,124928,481280,538624,579584,-708608,713728,-82944,415744,388096,595968,-335872,986112,-515072,-1014784,-1352704,-522240,-508928,229376,-773120,1101824,-163840,644096,700416,-669696,375808,-1103872,-821248,-309248,491520,206848,-655360,1021952,64512,228352,555008,-130048,-965632,-244736,360448,-526336,-822272,77824,-712704,-406528,194560,-869376,1075200,-263168,-1032192,-154624,-613376,-294912,-125952,-452608,-51200,27648,-80896,726016,-1874944,-415744,-69632,269312,826368,-299008,476160,406528,-33792,-1096704,-274432,-196608,-347136,80896,-310272,-217088,1025024,-25600,210944,-329728,291840,-204800,-218112,14336,491520,96256,-393216,217088,367616,918528,-273408,218112,-683008,365568,442368,-374784,104448,-7168,222208,-351232,606208,-224256,973824,51200,-1003520,-500736,-738304,-1638400,-449536,625664,-549888,-4096,54272,-777216,305152,695296,-440320,-388096,701440,98304,1056768,-709632,394240,-595968,-846848,-913408,-206848,-881664,-617472,-759808,-126976,132096,63488,-807936,399360,892928,-1439744,-1073152,232448,-257024,487424,452608,494592,-968704,-201728,-484352,-25600,139264,359424,174080,-443392,-565248,360448,785408,380928,-337920,-1137664,-1038336,370688,-376832,167936,-132096,225280,-1320960,356352,-602112,-967680,627712,-1292288,-680960,10240,-1190912,368640,-92160,-1397760,-254976,530432,363520,1044480,-640000,-12288,635904,494592,-1260544,706560,-337920,-260096,-483328,-574464,332800,241664,-781312,-1107968,-478208,-993280,563200,-167936,-429056,-254976,53248,1081344,-373760,-677888,372736,-1177600,201728,427008,-429056,-508928,48128,-386048,189440,-1039360,-780288,421888,408576,451584,-649216,1304576
126976,1302528,760832,1845248,746496,1252352,-27648,-162816,-605184,445440,-239616,448512,1215488,1437696,633856,-346112,1055744,-326656,1221632,455680,-770048,1473536,-264192,-299008,665600,508928,-9216,1558528,553984,738304,914432,716800,814080,167936,577536,1683456,-567296,475136,-45056,493568,-620544,851968,204800,835584,397312,362496,890880,1586176,714752,134144,1256448,-1063936,-128000,-410624,773120,608256,1286144,1300480,862208,1142784,262144,850944,487424,1168384,307200,1050624,-29696,262144,1278976,201728,2368512,444416,-178176,560128,715776,-441344,920576,807936,206848,1642496,760832,529408,883712,-162816,-93184,695296,1466368,832512,534528,1105920,202752,1897472,477184,1718272,-647168,623616,141312,254976,1261568,-187392,491520,448512,1277952,1301504,759808,310272,398336,988160,1858560,803840,-192512,-77824,1130496,-1717248,389120,1540096,1113088,1218560,726016,149504,-92160,1225728,-1224704,792576,1545216,-12288,980992,317440,28672,1031168,134144,1415168,-350208,181248,-29696,716800,278528,-492544,-116736,-391168,-228352,645120,451584,432128,1343488,-363520,1047552,128000,1373184,498688,936960,545792,886784,-211968,874496,837632,-175104,46080,-516096,3072,722944,1317888,1348608,-401408,2486272,326656,-174080,615424,1213440,-154624,618496,1378304,591872,599040,57344,-16384,-1056768,779264,1524736,888832,1062912,1952768,941056,1223680,-86016,112640,601088,768000,1053696,1009664,-330752,713728,-512000,708608,1774592,424960,1200128,212992,-852992,-273408,-869376,-978944,900096,-329728,491520,-327680,1159168,133120,2161664,112640,-183296,503808,423936,457728,1073152,269312,1462272,61440,592896,306176,1015808,674816,402432,-1425408,223232,1366016,890880,1198080,-1367040,87040,1199104,-228352,-984064,-389120,-165888,473088,1669120,848896,97280,967680,-507904,-190464,502784,508928,702464,930816,62464,1593344,69632,602112,990208,-333824,667648,1370112,-950272,982016,-392192,624640,86016,504832,22528,932864,-670720,686080,824320,374784,-405504,957440,-855040,1269760,-3072,-900096,862208,662528,1062912,897024,108544,850944,520192,-5120,984064,782336,717824,463872,123904,616448,977920,806912,-445440,773120,-1831936,189440,203776,-282624,694272,-576512,501760,-121856,2086912,-354304,930816,1107968,161792,297984,-134144,410624,934912,97280,-517120,467968,-372736,433152,-485376,557056,739328,654336,1123328,952320,1961984,-600064
-156672,-699392,-931840,-1274880,-207872,233472,-285696,360448,-318464,366592,-1254400,-207872,-412672,-796672,-972800,519168,463872,89088,522240,-833536,-737280,-883712,-629760,-1056768,-927744,-83968,-821248,221184,512000,-840704,-282624,505856,-1117184,-2162688,424960,-1056768,-562176,835584,-1054720,-829440,261120,-665600,116736,-727040,-307200,-446464,-313344,759808,-128000,-640000,-306176,97280,-2646016,414720,-1221632,-842752,1113088,-734208,990208,-807936,-365568,-438272,-331776,-2093056,-833536,887808,-474112,-97280,195584,-134144,-191488,-348160,-1002496,105472,429056,-1315840,193536,-655360,378880,-1072128,-809984,-1566720,-633856,-314368,-243712,401408,-1264640,-980992,241664,977920,-1556480,-1298432,-472064,-1378304,765952,-432128,-847872,-651264,-1100800,-1710080,271360,-236544,-287744,-222208,-1313792,-1389568,251904,-1492992,-919552,-865280,-951296,89088,76800,-609280,-312320,-876544,-173056,703488,-370688,-1116160,-675840,237568,247808,-87040,417792,519168,701440,583680,-1086464,-1776640,-533504,19456,989184,-1470464,-1065984,-836608,-300032,-826368,-452608,-117760,-1661952,-649216,321536,241664,-108544,401408,-1070080,-1762304,-404480,802816,-376832,175104,-1224704,368640,-1128448,-284672,-534528,-289792,39936,-1101824,-75776,-1501184,-1358848,-84992,-516096,-343040,577536,-199680,172032,-883712,284672,-647168,317440,-300032,315392,-24576,-52224,458752,-1105920,-26624,-972800,-481280,-39936,-192512,-1042432,-1164288,233472,-200704,549888,-1130496,-1195008,116736,-718848,1141760,-690176,5120,-261120,-119808,-15360,1289216,-1272832,-1519616,634880,-52224,-386048,-992256,-160768,139264,-733184,-678912,-913408,-218112,-872448,-615424,-438272,-1102848,-425984,-1297408,-429056,-838656,587776,626688,-247808,-510976,145408,-361472,-330752,-1178624,198656,-1626112,-80896,-171008,-1240064,-70656,-220160,-1288192,-817152,-492544,-2056192,-188416,-633856,-809984,-33792,-361472,-949248,-287744,337920,-220160,-552960,-1102848,344064,574464,386048,956416,-815104,-421888,-650240,-332800,-513024,-1137664,-740352,-2106368,-609280,-785408,-415744,-646144,742400,-148480,53248,-1019904,-921600,-106496,176128,-374784,-1524736,-1124352,-1348608,-658432,598016,861184,-411648,-1452032,236544,-713728,-1172480,-826368,34816,-594944,564224,67584,-457728,244736,317440,-251904,-862208,-1360896,-1378304,452608,1138688,-293888,-419840,-1122304,-324608,-1282048,592896,-1766400,-1207296,640000,-244736,-76800,959488,185344,-505856,25600,-1236992,-21504,322560,112640,604160,-1295360
-201728,-987136,366592,98304,88064,-112640,-1211392,-148480,530432,-233472,33792,1037312,-632832,749568,115712,765952,692224,-16384,-89088,581632,72704,-73728,1100800,693248,1928192,-208896,845824,-685056,285696,-342016,2202624,813056,-245760,485376,189440,952320,592896,-133120,-1051648,486400,-131072,595968,860160,1897472,696320,-302080,1084416,1484800,729088,453632,1203200,-186368,2106368,-182272,41984,366592,-1198080,-61440,632832,972800,1073152,-286720,-200704,628736,-147456,26624,431104,-1694720,-1158144,527360,159744,991232,-498688,-39936,-214016,375808,-632832,209920,1131520,-3072,1785856,706560,-845824,903168,-366592,-1062912,-1484800,-1209344,-319488,851968,349184,1048576,2104320,-447488,553984,528384,736256,70656,545792,1047552,1893376,-612352,1017856,561152,451584,467968,870400,801792,-61440,-108544,352256,-356352,523264,280576,-1041408,467968,-1056768,578560,245760,194560,-1150976,547840,-66560,-235520,377856,-735232,522240,297984,224256,185344,582656,525312,560128,-82944,-514048,1183744,34816,-98304,764928,-516096,806912,879616,-753664,-719872,526336,-60416,1904640,242688,504832,361472,-792576,-230400,496640,-409600,-473088,-165888,737280,787456,174080,365568,-988160,-118784,376832,1353728,230400,470016,-632832,187392,-16384,-1380352,240640,-309248,416768,451584,499712,-580608,1082368,-693248,-887808,-538624,538624,1024,-191488,590848,-845824,-8192,-903168,414720,1067008,417792,-577536,1114112,886784,1235968,314368,-46080,-137216,542720,-178176,-1177600,-316416,1186816,362496,736256,-1323008,593920,-1541120,-192512,481280,1508352,515072,-522240,156672,136192,-559104,-1351680,-644096,1294336,1382400,737280,313344,782336,613376,76800,-216064,264192,1328128,468992,1130496,-999424,-262144,-231424,-320512,-248832,-204800,-534528,364544,-686080,898048,257024,-294912,1005568,246784,476160,-599040,-268288,434176,636928,-132096,137216,238592,697344,-497664,-1124352,416768,1017856,227328,344064,473088,33792,585728,-536576,655360,-1675264,-544768,161792,-1265664,523264,-900096,683008,83968,-121856,241664,596992,-227328,422912,610304,-115712,214016,1041408,575488,581632,-613376,-565248,-282624,-549888,223232,352256,26624,925696,653312,-858112,-177152,-628736,245760,984064,323584,-72704,-134144,1004544,-814080,-654336,471040,859136,934912,178176,1603584,1114112,201728,-201728,859136,684032,-862208,-308224,443392,962560,-56320,299008,522240,-448512
-391168,70656,504832,-688128,142336,241664,-1486848,-441344,-457728,-295936,-104448,-503808,-99328,-1292288,-982016,156672,-452608,18432,8192,308224,301056,-352256,-20480,-875520,-370688,-29696,-151552,168960,-545792,-458752,948224,445440,-922624,-410624,257024,-568320,-398336,-5120,-650240,1632256,402432,-957440,-900096,-1016832,-2583552,-487424,-525312,-176128,-41984,730112,378880,-202752,-387072,-1774592,339968,-640000,-32768,793600,-128000,556032,198656,-128000,64512,785408,-939008,391168,-306176,642048,872448,169984,-1293312,-56320,-663552,75776,-1010688,395264,-437248,-106496,-149504,-1159168,314368,351232,-176128,-1438720,27648,-371712,-384000,352256,-76800,711680,-302080,-411648,-18432,130048,-761856,482304,-439296,-833536,306176,-543744,-1213440,908288,-1067008,1582080,26624,798720,1024000,-11264,-1084416,196608,-1164288,686080,1689600,-328704,-865280,697344,-273408,-581632,-772096,-1720320,-1545216,-851968,-606208,-647168,-176128,286720,232448,-181248,-526336,375808,-558080,630784,-430080,747520,-483328,-234496,-868352,-468992,142336,67584,-102400,-887808,443392,642048,399360,-211968,771072,-156672,939008,-931840,-368640,924672,-636928,685056,134144,-297984,932864,734208,-59392,388096,-991232,965632,-364544,-839680,326656,415744,174080,-277504,-147456,-287744,-345088,-24576,-274432,-428032,35840,-694272,553984,-698368,636928,-475136,-884736,-275456,149504,-1190912,119808,-729088,92160,1511424,755712,-792576,-399360,-82944,-1680384,261120,615424,-424960,670720,-51200,-239616,-391168,159744,-1105920,-991232,949248,-792576,747520,-480256,-493568,-516096,-1215488,-1289216,-1616896,-301056,209920,-44032,-126976,380928,-128000,-1110016,722944,-194560,-1144832,-1223680,-709632,263168,-32768,-1116160,-858112,-886784,184320,-1213440,-83968,-1123328,-211968,251904,-443392,-107520,-1234944,720896,-438272,-881664,-814080,-238592,267264,91136,-428032,680960,-1226752,-823296,-192512,240640,261120,-238592,-146432,-825344,-278528,-673792,-591872,-400384,-699392,153600,11264,-1275904,1078272,246784,70656,-500736,-292864,-1256448,-749568,-750592,591872,-777216,-158720,-524288,-1387520,-434176,503808,219136,205824,1205248,166912,526336,852992,110592,57344,492544,-1475584,564224,-75776,679936,-634880,813056,6144,-537600,-48128,-504832,-124928,-395264,736256,-400384,-813056,176128,516096,-149504,995328,-154624,-1241088,-699392,745472,378880,628736,382976,-354304,244736,-1059840,-557056,-257024,-635904,740352
-273408,-38912,-1693696,-7168,-1298432,-819200,-995328,116736,-280576,-459776,-519168,-821248,-1424384,49152,-434176,-395264,1467392,1203200,-701440,34816,54272,-1041408,-1475584,-834560,-651264,461824,148480,-818176,-760832,-932864,-161792,-828416,-655360,144384,817152,-1186816,935936,-821248,-1294336,101376,-582656,1337344,-635904,-551936,-227328,-1101824,-315392,-435200,-286720,-1946624,189440,-658432,-1065984,-516096,-1099776,-903168,775168,-854016,-890880,-773120,-788480,-320512,-267264,405504,295936,-733184,-199680,26624,-1971200,-952320,-226304,-1492992,201728,-739328,-482304,-202752,-1131520,83968,-466944,-238592,-812032,609280,-422912,369664,-886784,-918528,293888,211968,207872,828416,-722944,131072,-300032,-712704,-730112,377856,-13312,-1979392,-1110016,12288,79872,-524288,-1301504,-953344,-1164288,-321536,-493568,-742400,1198080,-17408,-34816,-394240,-159744,-448512,-862208,894976,601088,-57344,-733184,357376,-917504,-1063936,-409600,-526336,-510976,-451584,-1587200,-561152,-950272,-184320,384000,-215040,-762880,876544,-573440,-1639424,-1280000,-798720,-798720,295936,-253952,-188416,-1202176,21504,38912,-294912,249856,-694272,827392,446464,-661504,-558080,-1366016,-534528,-338944,203776,221184,276480,-780288,-565248,-1082368,530432,-801792,-746496,-414720,1696768,-406528,-399360,-536576,-1495040,-1606656,201728,-479232,400384,-566272,271360,294912,290816,-315392,-380928,-628736,-696320,-126976,728064,944128,-270336,-1030144,-1153024,26624,-1012736,-745472,-324608,1141760,478208,-894976,558080,-29696,-1183744,-539648,567296,202752,-365568,88064,226304,-854016,-518144,-1938432,-960512,-66560,-1160192,1086464,1077248,-855040,532480,-462848,300032,-656384,-727040,744448,-582656,-119808,-726016,-409600,-1222656,-274432,-823296,-130048,-154624,-1203200,250880,-121856,323584,-434176,-1071104,544768,493568,-1615872,513024,-1340416,-328704,611328,-1278976,246784,103424,-144384,-1318912,-306176,-366592,38912,-1684480,-747520,64512,-319488,-707584,-563200,-1088512,51200,346112,95232,-612352,-653312,-328704,411648,-208896,522240,-953344,497664,-617472,423936,-236544,-250880,501760,-907264,-1031168,-1171456,-1082368,186368,234496,89088,-378880,-689152,-736256,-1217536,145408,-1482752,-1762304,-442368,900096,-779264,142336,-846848,-30720,-39936,73728,-251904,-2232320,1019904,-98304,-891904,-71680,-1202176,1047552,80896,233472,-429056,-754688,-611328,-454656,299008,-1029120,-296960,360448,-1617920,693248,67584,-460800,126976,118784,-1235968,360448
-26624,-63488,1887232,-250880,760832,334848,171008,-192512,346112,1002496,186368,771072,405504,-144384,-118784,291840,440320,34816,354304,388096,497664,-481280,774144,-116736,467968,-935936,62464,-336896,-197632,1217536,17408,160768,-735232,1594368,416768,73728,-563200,335872,-727040,150528,901120,940032,470016,197632,1531904,1379328,328704,359424,-763904,-681984,31744,-47104,881664,192512,595968,-964608,317440,330752,900096,306176,-252928,-1007616,677888,5120,110592,490496,1080320,-2111488,228352,1051648,101376,306176,270336,1059840,-1003520,-601088,-70656,99328,1174528,862208,0,-506880,259072,-586752,647168,576512,283648,275456,307200,400384,89088,413696,-150528,1336320,-2051072,-963584,-264192,1245184,-200704,194560,671744,-435200,1175552,420864,-202752,-307200,-1364992,386048,-96256,-1026048,-290816,-1133568,-1975296,353280,-447488,-107520,227328,22528,-1461248,560128,278528,-369664,346112,578560,47104,859136,815104,319488,-795648,-33792,-636928,331776,-310272,-240640,-203776,730112,1415168,459776,1309696,200704,-713728,-1930240,602112,315392,832512,-304128,406528,1010688,-392192,371712,-732160,-746496,-844800,577536,922624,-357376,1277952,-14336,847872,225280,491520,629760,-762880,-534528,-401408,-1569792,1124352,535552,1280000,-1313792,399360,-1249280,-885760,-664576,851968,-99328,797696,-303104,478208,910336,753664,361472,776192,849920,-13312,253952,-278528,495616,822272,402432,-15360,749568,912384,659456,794624,75776,-103424,579584,713728,-493568,719872,1300480,-928768,325632,-279552,-763904,116736,-1348608,282624,898048,83968,108544,-492544,192512,-438272,-118784,-171008,591872,-266240,-849920,921600,680960,-94208,188416,1018880,86016,-204800,851968,-297984,-319488,-1128448,179200,1333248,594944,517120,1339392,442368,-177152,-1159168,22528,32768,1010688,261120,222208,425984,-243712,56320,664576,-781312,72704,171008,-869376,82944,290816,-659456,-17408,818176,-1193984,-281600,-454656,-394240,348160,462848,455680,516096,1509376,364544,411648,-265216,-224256,2577408,336896,677888,482304,15360,363520,53248,453632,-700416,248832,620544,653312,180224,157696,-202752,458752,-212992,-496640,-891904,-400384,933888,591872,-51200,909312,406528,831488,-111616,926720,273408,56320,1036288,347136,828416,1040384,-272384,-293888,1452032,-908288,108544,-641024,911360,401408,841728,403456,1305600,-1562624,-100352,754688,-476160,643072
657408,-931840,-1323008,-171008,-545792,-524288,295936,-1416192,612352,-937984,-540672,-270336,52224,-2242560,-309248,155648,473088,-891904,-672768,-4096,-1015808,-1226752,-411648,-1762304,-869376,-775168,-73728,-685056,450560,-4096,-560128,-1781760,-1340416,464896,-1043456,-438272,-366592,-262144,654336,277504,-1420288,634880,324608,-381952,3072,-1040384,-907264,-381952,-610304,-1031168,-726016,-1893376,128000,-502784,-438272,-9216,-191488,-1444864,901120,-143360,-786432,-1352704,-4096,-1345536,415744,-1072128,97280,-151552,332800,992256,-2073600,-538624,-1147904,-287744,303104,84992,-748544,-872448,-1449984,-1119232,-1608704,-1343488,-1484800,28672,-30720,-1308672,-838656,-1056768,44032,-178176,-1477632,-471040,-102400,286720,413696,-1546240,-328704,-189440,-946176,256000,416768,-467968,-1068032,-520192,563200,139264,-602112,15360,-482304,321536,133120,-353280,-707584,-226304,-610304,-584704,-302080,297984,-513024,-183296,-205824,-1439744,-88064,-1070080,-454656,203776,119808,-1657856,-728064,-848896,-204800,964608,-195584,-423936,-1095680,-1218560,-103424,-1263616,-192512,-1067008,409600,-203776,-1033216,-222208,-260096,-1505280,-1007616,137216,24576,540672,-284672,957440,437248,-540672,428032,70656,-1286144,-459776,-379904,-342016,-999424,-1084416,-1096704,-212992,-866304,-1583104,-1294336,-63488,-903168,328704,-976896,-1542144,-180224,558080,-1033216,-973824,88064,318464,-167936,-872448,-495616,-190464,-667648,-529408,-459776,-99328,72704,-119808,-1659904,-603136,-1857536,-258048,-1694720,-220160,50176,-135168,-2000896,-244736,-485376,-1794048,260096,766976,-76800,1318912,71680,-442368,15360,-1051648,-1233920,-307200,-327680,-653312,732160,-754688,-843776,-223232,-179200,-1046528,-15360,307200,842752,-768000,53248,63488,-614400,-169984,-515072,-714752,-1354752,-1002496,-581632,-472064,-875520,-689152,20480,-497664,-900096,-2144256,-1128448,-550912,-1563648,568320,-423936,462848,340992,-23552,-1616896,-618496,-877568,-474112,-461824,-1218560,228352,68608,-614400,-100352,-363520,-927744,-77824,-1871872,-1157120,-505856,-1086464,-302080,-771072,-886784,-1030144,-1338368,-1222656,-900096,817152,-314368,-180224,-1002496,-1554432,-1615872,-581632,-71680,-694272,863232,-1832960,418816,-713728,779264,-836608,-2044928,-638976,-291840,707584,-275456,-1095680,-789504,-53248,-906240,-608256,570368,327680,-1637376,-420864,-1071104,-394240,129024,-694272,-228352,-1239040,-1816576,-1086464,-265216,-269312,-619520,-216064,-616448,-772096,-1446912,-917504,125952,-545792,-994304,405504,-462848
1107968,491520,192512,971776,5120,458752,909312,2135040,1024000,-750592,-303104,524288,728064,94208,285696,648192,-216064,-481280,226304,1278976,415744,481280,577536,1534976,343040,866304,1297408,461824,-1396736,-148480,1135616,-544768,317440,153600,894976,422912,-319488,466944,314368,-223232,-77824,282624,141312,-119808,478208,-521216,-385024,-1310720,667648,859136,1020928,719872,-253952,701440,1112064,326656,-970752,-276480,-204800,1152000,1204224,678912,769024,2034688,1132544,1390592,-1606656,-143360,-276480,348160,1353728,652288,629760,-198656,326656,-1342464,724992,396288,1218560,-84992,626688,-108544,274432,252928,-360448,149504,1220608,1211392,946176,566272,755712,586752,361472,-321536,1345536,-333824,388096,433152,521216,1398784,1565696,696320,832512,966656,293888,660480,106496,1225728,1164288,1092608,311296,546816,1471488,954368,-214016,47104,786432,1492992,701440,636928,1172480,787456,1099776,116736,1137664,17408,149504,-253952,969728,952320,1436672,51200,209920,374784,380928,982016,1440768,1062912,93184,-647168,592896,-859136,-1408000,1186816,100352,-446464,607232,468992,780288,443392,768000,-680960,478208,378880,186368,1440768,319488,1053696,-558080,268288,1117184,433152,31744,271360,-470016,-110592,1473536,-913408,1058816,226304,1184768,246784,-796672,1153024,176128,1569792,-584704,115712,222208,1178624,1381376,-119808,92160,703488,522240,1368064,768000,878592,1319936,-96256,-72704,1930240,134144,-89088,16384,374784,733184,-765952,513024,-296960,946176,314368,512000,206848,146432,-667648,-430080,1084416,743424,1129472,303104,220160,664576,-995328,-643072,1376256,442368,1131520,1163264,690176,542720,310272,970752,516096,1240064,257024,440320,829440,142336,524288,658432,1093632,397312,1003520,992256,480256,-669696,4096,1444864,-600064,803840,-326656,-184320,-683008,14336,1597440,817152,806912,829440,159744,-387072,-815104,-739328,-56320,1714176,940032,-159744,555008,1130496,1348608,382976,1511424,246784,-730112,1406976,143360,633856,328704,309248,-57344,666624,823296,-12288,278528,-365568,1188864,474112,-24576,606208,121856,-756736,182272,-386048,783360,-64512,746496,356352,631808,1668096,2044928,-453632,331776,332800,460800,364544,1184768,-338944,171008,51200,-319488,-225280,600064,876544,-169984,1061888,-60416,675840,216064,209920,-641024,444416,775168,533504,501760,946176,1269760,1596416,-292864,1200128,-347136
400384,490496,539648,181248,321536,-1482752,815104,1063936,-436224,1024,977920,893952,-699392,249856,-1551360,288768,185344,-746496,-439296,545792,157696,193536,-1190912,50176,-661504,33792,-397312,760832,1258496,-76800,546816,133120,484352,-318464,-111616,80896,-352256,210944,641024,45056,-74752,-217088,666624,-1500160,-1031168,-1057792,-571392,1829888,146432,1081344,38912,608256,486400,-911360,200704,-357376,550912,540672,-461824,638976,832512,-616448,-1165312,691200,-1243136,950272,343040,1362944,-903168,1036288,-44032,-179200,420864,-219136,288768,363520,283648,-287744,354304,-1058816,924672,-475136,93184,-158720,557056,579584,930816,1941504,-1029120,940032,-1723392,241664,252928,300032,470016,3072,-38912,82944,-32768,305152,522240,-63488,548864,235520,1178624,-19456,631808,292864,-253952,431104,177152,224256,-84992,-475136,1944576,-50176,117760,281600,79872,-910336,-395264,400384,146432,582656,-708608,-362496,600064,-711680,-1414144,-840704,395264,409600,497664,-1396736,-191488,336896,116736,712704,1498112,-166912,-498688,955392,1346560,111616,-150528,-88064,-986112,1171456,231424,-898048,-91136,-179200,138240,339968,759808,592896,5120,-1187840,-104448,1044480,138240,-283648,-515072,800768,-18432,1120256,-114688,441344,-1007616,138240,-5120,-377856,-1375232,-698368,362496,1035264,-197632,1002496,777216,272384,-697344,28672,-1677312,-236544,722944,371712,574464,1262592,-480256,1384448,-425984,-931840,37888,-527360,65536,206848,244736,51200,209920,191488,-537600,-786432,-132096,630784,621568,-70656,132096,556032,-407552,-402432,-143360,876544,683008,0,-96256,855040,-1225728,-406528,815104,120832,-192512,121856,-374784,496640,-629760,-746496,1265664,-53248,-1342464,-259072,246784,293888,-233472,-153600,217088,-349184,52224,362496,400384,79872,238592,704512,380928,1272832,-634880,167936,534528,40960,-822272,380928,447488,1092608,-399360,-688128,960512,102400,261120,-192512,-1106944,3072,-165888,-464896,231424,-730112,651264,359424,-82944,-976896,100352,-344064,1335296,443392,611328,-628736,322560,87040,384000,1352704,-676864,-174080,633856,131072,1816576,124928,-2048,-520192,-202752,-227328,288768,569344,1174528,1062912,-177152,-207872,23552,1169408,-613376,940032,1230848,505856,-111616,-294912,-7168,-67584,1166336,-508928,174080,183296,525312,275456,910336,246784,309248,-110592,959488,-281600,617472,-1016832,749568,-293888
28672,-1644544,-1369088,-2566144,-14336,-2171904,-564224,-1419264,728064,-1409024,-175104,-230400,-1631232,-865280,-1792000,-229376,-1008640,-1059840,-1159168,-74752,-2228224,-1876992,544768,-274432,132096,-406528,-573440,-1083392,-952320,-486400,-708608,-453632,-995328,-310272,-1704960,-1496064,-498688,-1639424,-797696,-703488,-1748992,-277504,-1563648,58368,-25600,-919552,-1985536,-2522112,-399360,603136,-1810432,524288,730112,-371712,-961536,-1549312,-1946624,-911360,-1876992,-985088,524288,-1856512,211968,360448,-489472,1236992,-1521664,-1282048,3072,-1318912,-177152,-390144,-416768,-574464,-1954816,-84992,-984064,268288,-1617920,-1001472,-1163264,416768,-371712,-1243136,192512,-108544,-157696,-1282048,256000,-247808,-360448,-1180672,-1064960,-1717248,-755712,-809984,-2470912,-1061888,-1223680,-950272,-1292288,-449536,435200,-1507328,-1204224,-1654784,-1203200,-729088,-2093056,-497664,-1589248,-952320,-366592,308224,-854016,-1388544,-891904,-67584,-553984,-889856,-134144,-787456,-1410048,-1589248,-405504,-850944,-1351680,574464,-2058240,-604160,151552,-1163264,730112,-1283072,-1894400,-251904,-117760,-409600,-802816,-579584,379904,-182272,-2026496,-1046528,-365568,-1233920,264192,-674816,-859136,-761856,-640000,-891904,-1300480,-920576,49152,130048,-1062912,-687104,-1277952,-131072,-2242560,-314368,-1420288,-402432,-1254400,-1153024,-612352,-579584,-2618368,-552960,-656384,-1618944,-168960,-1239040,-881664,-1602560,-669696,-2272256,-1783808,-888832,-278528,-1015808,-812032,-1402880,-79872,-1084416,-405504,-21504,-782336,-1147904,790528,135168,-153600,-121856,-838656,-277504,53248,-917504,-1032192,-543744,-2063360,-1624064,-1261568,-1593344,-841728,-702464,-1926144,-2245632,-910336,-182272,-812032,-516096,-1225728,-1420288,-1042432,-705536,-264192,-1227776,-1006592,131072,-641024,-1101824,-696320,-663552,-1039360,-363520,-779264,-1932288,-783360,1010688,-75776,-1055744,-1103872,-734208,24576,-3035136,-1179648,-718848,-1598464,-69632,-366592,-111616,-937984,-1690624,-1139712,-937984,-546816,-1275904,-462848,-338944,-989184,-1521664,-666624,-760832,-1797120,-1305600,-1526784,-2681856,-1786880,-579584,-1271808,-1327104,-1716224,-504832,-234496,-1126400,-873472,-1165312,-115712,-446464,-1344512,-662528,-757760,-2344960,-694272,-732160,-1188864,-692224,-785408,-387072,-793600,-1356800,-1354752,-1681408,-899072,-1256448,-295936,-650240,-1312768,-1995776,-841728,-586752,-1312768,-925696,-57344,926720,9216,-601088,-998400,-694272,-541696,-1455104,-1210368,-1714176,-1282048,-188416,-1070080,-1871872,-330752,-880640,-1092608,-1615872,-1069056,-1075200,-915456,-683008,-58368,-667648,-480256,-327680
942080,543744,-1223680,-139264,-1119232,-1037312,-575488,-130048,-63488,-132096,731136,-385024,-156672,-454656,472064,-620544,163840,-124928,691200,1273856,-77824,-244736,-1184768,233472,-360448,248832,-867328,-71680,-281600,309248,-203776,496640,-1051648,690176,-1124352,-544768,-1045504,-722944,-1022976,949248,1523712,874496,-126976,1650688,120832,-514048,506880,-22528,-23552,-615424,761856,-370688,339968,486400,343040,-229376,313344,-484352,-1106944,161792,-400384,624640,-382976,20480,1191936,-1001472,254976,-673792,432128,-207872,392192,-657408,134144,-273408,-645120,-259072,496640,893952,823296,1122304,-1586176,952320,276480,-49152,223232,-1094656,-694272,1406976,-365568,-33792,389120,982016,1124352,-356352,898048,-188416,103424,1427456,-1024,-431104,580608,-144384,-187392,408576,-694272,-292864,655360,537600,-67584,222208,75776,-538624,63488,-339968,1051648,943104,-574464,-868352,-325632,482304,181248,175104,619520,602112,88064,675840,-72704,-101376,69632,430080,-845824,227328,-418816,344064,-76800,1020928,107520,-510976,-234496,-61440,-464896,-54272,1197056,-74752,865280,-93184,1478656,1439744,100352,-63488,-324608,-29696,357376,270336,58368,-1199104,22528,-21504,-930816,-481280,120832,556032,-33792,-261120,-879616,-31744,5120,-305152,-76800,71680,790528,-1317888,-515072,-954368,-746496,782336,334848,-1316864,-381952,1144832,-363520,-159744,57344,-1068032,-599040,1364992,432128,369664,-681984,307200,719872,-312320,-199680,-590848,1105920,-163840,1281024,-69632,464896,163840,1059840,744448,-668672,-584704,1052672,150528,871424,-141312,-250880,221184,644096,507904,-50176,32768,-379904,915456,477184,-666624,-254976,316416,130048,-855040,-103424,-884736,1024,940032,-133120,-45056,-658432,1420288,-1241088,-277504,-266240,-591872,1026048,352256,421888,681984,834560,-840704,117760,-251904,-7168,-602112,-131072,265216,-875520,925696,-125952,-378880,-1324032,490496,789504,-1021952,192512,-206848,-568320,402432,-994304,-595968,787456,70656,169984,-516096,141312,459776,-530432,-309248,-455680,-172032,-1311744,-533504,-276480,-99328,969728,75776,221184,-195584,258048,823296,250880,241664,-835584,280576,-153600,-101376,146432,159744,-1604608,1005568,-474112,-101376,847872,777216,-709632,118784,-957440,-973824,-750592,74752,208896,-662528,-236544,563200,-52224,181248,-476160,73728,-378880,-721920,-203776,-308224,-93184,285696,-471040,330752,-1267712,-310272,297984,-108544
-256000,-852992,41984,-246784,-1888256,563200,-1064960,800768,661504,-437248,-1054720,-316416,-1826816,616448,-908288,174080,419840,-953344,755712,343040,1234944,-371712,1000448,56320,911360,1030144,-522240,11264,-248832,-778240,-504832,-250880,557056,520192,236544,1144832,331776,258048,18432,34816,-203776,668672,-1261568,62464,199680,777216,1328128,382976,798720,215040,-990208,-950272,11264,1114112,-109568,-115712,688128,520192,147456,-254976,610304,-563200,-592896,-618496,1435648,717824,768000,360448,-520192,-571392,1024,-900096,-689152,-659456,1686528,2334720,1491968,485376,1075200,88064,-307200,1026048,-116736,-645120,-727040,546816,-743424,128000,-1043456,-568320,-57344,179200,432128,1084416,-384000,-114688,31744,-404480,-1554432,804864,370688,688128,-106496,324608,82944,2048,71680,-230400,358400,616448,683008,-664576,220160,-156672,-299008,-375808,186368,-686080,-149504,601088,312320,1803264,-120832,408576,451584,242688,-1895424,579584,-659456,-633856,736256,424960,105472,-144384,575488,-217088,249856,607232,373760,242688,-346112,-143360,-35840,355328,-178176,359424,-568320,-1559552,487424,-788480,672768,-496640,809984,792576,601088,-1755136,-87040,-139264,1030144,-640000,-749568,-866304,930816,157696,-128000,-36864,35840,463872,776192,-38912,156672,840704,-1122304,368640,907264,1189888,1408000,1508352,264192,539648,224256,698368,-159744,311296,818176,376832,-944128,204800,-196608,-349184,-537600,220160,781312,366592,-268288,-220160,1176576,289792,166912,-1420288,18432,410624,41984,773120,1265664,-324608,-30720,543744,-580608,-23552,-21504,549888,296960,-516096,-857088,754688,937984,-1134592,1245184,688128,-339968,235520,307200,565248,559104,-500736,-218112,-84992,194560,1616896,-23552,36864,412672,545792,-475136,-437248,206848,-291840,228352,91136,-381952,-100352,-784384,-1166336,-1283072,427008,215040,-331776,-620544,433152,462848,542720,274432,-228352,-117760,51200,313344,675840,992256,407552,1489920,-563200,-66560,-229376,-586752,-724992,111616,246784,-491520,-265216,328704,-311296,-70656,1293312,-1570816,-879616,126976,-405504,1137664,-559104,346112,1557504,-204800,-373760,224256,-579584,-508928,286720,91136,-620544,-113664,-370688,-879616,1451008,647168,1184768,209920,-449536,1108992,942080,949248,-764928,958464,-1772544,843776,-445440,151552,536576,1160192,626688,-753664,596992,-740352,382976,-325632,168960,624640,179200,33792,-342016
77824,174080,-593920,136192,372736,498688,1408000,80896,-501760,-704512,312320,76800,745472,623616,-273408,-347136,686080,-746496,-77824,-375808,962560,506880,1692672,662528,167936,-417792,254976,-1498112,-16384,461824,965632,1229824,-211968,847872,-86016,-1001472,-1422336,-596992,-67584,529408,39936,153600,923648,272384,-831488,-1310720,-374784,-677888,-1005568,220160,564224,1369088,-1467392,-620544,314368,177152,10240,384000,824320,-1108992,859136,-15360,733184,-455680,-115712,322560,-1268736,607232,631808,-745472,13312,616448,-588800,-486400,-1192960,110592,94208,464896,1183744,416768,-455680,-1347584,-214016,270336,-6144,-862208,177152,467968,-11264,98304,-388096,76800,-166912,936960,-1101824,1243136,-202752,345088,-283648,-707584,266240,1015808,-653312,133120,60416,-801792,215040,-604160,184320,-361472,225280,-861184,535552,-677888,685056,-1403904,417792,290816,-580608,108544,-861184,-175104,-220160,-121856,15360,-550912,486400,-798720,-362496,-567296,-858112,-316416,16384,25600,683008,-490496,868352,394240,-661504,-224256,-134144,-2448384,-537600,-791552,-124928,1399808,-961536,-593920,-499712,694272,-477184,225280,-142336,-16384,419840,-2048,-1072128,-910336,319488,1083392,-675840,922624,264192,809984,-620544,-849920,-2335744,100352,-14336,1099776,-728064,416768,-274432,167936,-1468416,-1534976,-1315840,-391168,114688,-32768,280576,433152,293888,-521216,-12288,934912,-180224,10240,209920,-750592,246784,935936,-532480,-272384,-163840,-97280,-290816,-275456,-1630208,930816,-796672,-910336,337920,721920,-734208,-1065984,-278528,489472,1048576,158720,702464,-154624,-356352,-346112,619520,-19456,-399360,-748544,-240640,-109568,-254976,696320,-28672,-390144,-263168,171008,-208896,214016,107520,881664,215040,-928768,162816,1746944,920576,-822272,726016,171008,-56320,447488,144384,-714752,-765952,1178624,-762880,72704,710656,-757760,-564224,-1264640,-572416,-1060864,-587776,-388096,-659456,-819200,340992,-776192,843776,-998400,-299008,301056,90112,267264,-63488,504832,83968,63488,308224,-355328,-1126400,-1065984,-610304,791552,-88064,16384,-899072,-613376,-543744,200704,-451584,-1172480,-337920,-306176,-870400,-362496,231424,-589824,-463872,-1352704,79872,-1116160,66560,-281600,174080,-954368,-615424,-560128,-1127424,-1118208,-357376,9216,621568,-709632,363520,126976,-643072,163840,629760,159744,1002496,-278528,600064,670720,-7168,-538624,1481728,395264,-1973248,509952
848896,477184,1433600,1380352,-877568,84992,-117760,606208,1113088,-236544,-807936,16384,543744,536576,794624,1447936,235520,856064,559104,188416,752640,1271808,497664,1222656,50176,-550912,1018880,1330176,-219136,-115712,372736,-605184,1189888,1184768,-268288,692224,-155648,1416192,1097728,1350656,1285120,209920,-1444864,1178624,458752,610304,489472,968704,-724992,-2048,188416,620544,530432,1020928,1374208,653312,-520192,1563648,591872,-443392,-296960,1413120,217088,167936,156672,-157696,1832960,692224,1008640,574464,1231872,288768,1346560,364544,735232,-151552,834560,959488,527360,-856064,-1005568,369664,-178176,-568320,1401856,532480,1393664,881664,836608,199680,911360,857088,-99328,1104896,217088,60416,180224,89088,10240,1169408,770048,695296,-289792,736256,329728,521216,28672,689152,396288,739328,1010688,679936,608256,605184,1074176,-1783808,1638400,109568,575488,824320,-154624,569344,1132544,746496,103424,156672,928768,-252928,958464,-328704,409600,-680960,837632,172032,206848,300032,2048,118784,823296,90112,564224,43008,62464,179200,6144,86016,1196032,704512,784384,-522240,-366592,902144,308224,-96256,-64512,-198656,-951296,1401856,690176,486400,346112,302080,1132544,1126400,411648,848896,807936,-97280,916480,1047552,-446464,1397760,991232,665600,768000,-371712,-34816,-368640,216064,-86016,856064,-297984,578560,-661504,549888,797696,2041856,1596416,527360,413696,254976,846848,16384,1004544,996352,125952,-717824,766976,386048,656384,499712,1060864,81920,545792,174080,372736,509952,-987136,231424,1107968,1510400,138240,497664,782336,371712,829440,601088,123904,-107520,621568,1072128,944128,386048,774144,1254400,-564224,161792,752640,-1282048,35840,1615872,700416,1271808,1121280,780288,243712,516096,1055744,963584,80896,113664,848896,418816,1121280,428032,46080,458752,84992,1487872,204800,1367040,-592896,841728,-408576,-1024,-544768,-754688,-1523712,-261120,537600,-37888,736256,1240064,37888,18432,564224,-5120,-530432,237568,64512,1140736,477184,-101376,841728,470016,-438272,-404480,-602112,952320,1970176,-874496,279552,-244736,373760,621568,370688,-125952,188416,759808,1143808,692224,1485824,358400,478208,53248,-949248,305152,-96256,640000,652288,495616,82944,1196032,1096704,-1381376,-326656,1111040,434176,574464,842752,677888,1100800,451584,379904,1135616,174080,-240640,-266240,248832,580608
81920,174080,-532480,-1701888,-311296,-116736,1462272,306176,-1078272,-871424,-1838080,-73728,-543744,1078272,633856,-663552,363520,-225280,-505856,-930816,-559104,271360,43008,735232,-648192,-1298432,-67584,-947200,-990208,-744448,366592,-1640448,1424384,-381952,-72704,-80896,-638976,-112640,643072,-1009664,867328,825344,-596992,-386048,-1173504,-684032,-818176,-175104,88064,-1312768,441344,-660480,727040,-586752,624640,-295936,607232,-2079744,-96256,94208,190464,-22528,816128,356352,265216,838656,-702464,555008,-110592,-64512,-446464,1024,-549888,-268288,-583680,-795648,371712,-559104,-1216512,-626688,-84992,-486400,45056,-1299456,-378880,-272384,-1634304,904192,-273408,-212992,-325632,142336,57344,579584,315392,-1142784,897024,318464,-312320,-40960,46080,807936,-233472,235520,74752,-565248,-366592,74752,657408,214016,-242688,-339968,1770496,-332800,354304,-243712,330752,-584704,-406528,96256,-300032,-116736,-226304,-303104,-166912,498688,703488,-204800,-315392,30720,-366592,-1403904,-586752,-34816,-271360,-1009664,736256,867328,-357376,-576512,68608,-47104,154624,-812032,259072,-237568,120832,18432,-721920,79872,309248,-656384,-137216,-658432,-29696,339968,-535552,5120,324608,353280,-461824,123904,614400,70656,-318464,36864,361472,-1687552,-156672,-446464,477184,-132096,-303104,-791552,260096,-884736,-839680,-1536000,-1115136,-931840,349184,-139264,-180224,-356352,133120,-110592,304128,-191488,-618496,-236544,387072,-859136,407552,-516096,-1190912,89088,-1041408,5120,-423936,-1517568,220160,-656384,-430080,302080,-653312,-560128,-1178624,755712,422912,193536,-462848,683008,-974848,-5120,36864,-185344,-726016,32768,-25600,489472,-684032,1731584,242688,575488,1024000,-404480,-62464,-220160,-1173504,-590848,-71680,-814080,-786432,-121856,-1878016,-760832,584704,-382976,655360,-1106944,-866304,-290816,362496,-296960,-1202176,-309248,-46080,647168,520192,-276480,-715776,-48128,-874496,-965632,1404928,-354304,273408,-817152,-628736,-548864,53248,-1158144,-198656,-274432,-265216,563200,-1333248,585728,343040,162816,284672,-801792,-979968,-215040,-73728,-588800,-237568,-325632,-629760,-400384,717824,-696320,-633856,-45056,-510976,-125952,-506880,1070080,-258048,-743424,-2466816,-866304,-678912,52224,-171008,-1246208,-419840,-44032,-437248,-40960,-178176,-977920,84992,424960,109568,-308224,-438272,-863232,-691200,-814080,-2155520,-1343488,-355328,-275456,-354304,642048,47104,-65536,346112,-414720
332800,825344,1153024,91136,-327680,302080,1625088,-335872,-337920,449536,-70656,-31744,197632,-142336,975872,-268288,-83968,831488,-177152,595968,-250880,1011712,962560,873472,-579584,306176,500736,768000,328704,574464,406528,759808,1335296,-859136,-983040,-716800,460800,82944,633856,-67584,-321536,-606208,961536,-359424,669696,-153600,-706560,915456,806912,-95232,-433152,728064,82944,540672,2048,-308224,1078272,272384,1548288,-187392,694272,748544,-484352,-787456,1397760,792576,959488,589824,1347584,567296,54272,-660480,124928,315392,105472,-35840,1315840,664576,941056,-24576,-499712,-242688,1198080,-1782784,812032,-807936,800768,1071104,909312,-38912,-1179648,25600,399360,-753664,1505280,237568,904192,-175104,-14336,-586752,-377856,420864,1492992,576512,285696,244736,420864,1969152,1206272,-6144,757760,615424,809984,183296,1150976,-499712,107520,1234944,-308224,910336,-431104,966656,277504,-566272,752640,987136,1033216,125952,546816,-332800,-121856,158720,145408,834560,1536000,-661504,-624640,393216,196608,-242688,704512,761856,-999424,1848320,117760,-454656,62464,1041408,478208,1628160,227328,-568320,916480,517120,268288,594944,-140288,131072,414720,412672,-200704,504832,67584,474112,381952,-683008,306176,-574464,408576,532480,493568,610304,-321536,-284672,-13312,363520,764928,624640,157696,106496,-144384,-898048,-1108992,-263168,979968,-539648,987136,219136,985088,699392,-136192,-585728,-88064,4096,1212416,-139264,105472,923648,260096,149504,-267264,549888,50176,-39936,-264192,502784,36864,1297408,910336,300032,-260096,-839680,567296,986112,-333824,1084416,-40960,992256,176128,61440,-669696,1698816,-246784,-191488,1034240,2704384,275456,1005568,217088,163840,-205824,-436224,139264,278528,1344512,-217088,-858112,-290816,1094656,-865280,1616896,-319488,-299008,530432,40960,-300032,-747520,-542720,601088,-829440,-172032,952320,-1144832,-17408,296960,274432,611328,-37888,-889856,676864,473088,83968,301056,-121856,928768,-607232,1059840,-10240,46080,-619520,655360,1181696,786432,-237568,563200,1007616,588800,416768,488448,-77824,1034240,250880,226304,-438272,243712,617472,376832,-931840,-900096,-204800,-303104,828416,84992,529408,-253952,-414720,-1244160,1043456,-1400832,-153600,-387072,-9216,-817152,149504,1559552,-1144832,-566272,398336,-81920,996352,877568,-289792,549888,289792,-606208,1116160,14336,72704,849920,-729088
-781312,-2048,-519168,-443392,-185344,-718848,692224,55296,-361472,-227328,-755712,-1123328,79872,621568,-439296,265216,282624,-620544,-703488,-718848,-620544,317440,-1417216,262144,-139264,345088,-1697792,-778240,-124928,-756736,-1172480,-615424,110592,337920,-195584,-37888,-82944,-83968,-51200,-460800,-1474560,262144,107520,181248,610304,-396288,680960,-1122304,-503808,-5120,-995328,656384,151552,226304,370688,-870400,159744,1420288,-299008,-537600,32768,513024,377856,-1249280,-1567744,336896,-1325056,-136192,-271360,631808,-1048576,-123904,-482304,-508928,-538624,-802816,323584,-548864,-927744,-343040,-319488,401408,342016,-697344,-937984,-902144,-761856,-2121728,-50176,-919552,-331776,313344,613376,-272384,-245760,-702464,-646144,318464,-324608,591872,-1149952,603136,961536,-840704,-275456,-282624,659456,-741376,-319488,-724992,234496,-626688,-718848,-1362944,339968,-596992,-1413120,227328,71680,-1448960,335872,241664,-901120,-724992,-291840,-283648,-297984,754688,-231424,766976,-393216,-369664,1128448,-1324032,-186368,444416,-711680,1069056,158720,-45056,-475136,-248832,-54272,-779264,22528,-304128,-75776,-991232,-183296,-599040,-331776,-55296,-1018880,-588800,-645120,-373760,-391168,-248832,97280,-1638400,378880,21504,-1145856,13312,-643072,-296960,86016,-1784832,-72704,430080,-1529856,-313344,113664,285696,-404480,-438272,-471040,-876544,518144,-102400,673792,-464896,-107520,437248,-894976,-574464,-674816,-1251328,-410624,-458752,244736,-556032,786432,901120,635904,-1243136,-598016,-574464,-628736,-330752,-816128,1204224,411648,106496,119808,-1288192,97280,256000,539648,-317440,-607232,389120,394240,-89088,-502784,-1864704,-1590272,-84992,-614400,612352,-1024000,-236544,385024,-652288,168960,41984,-1389568,-149504,-653312,-416768,634880,1135616,423936,-1539072,-113664,235520,-268288,-354304,-316416,-282624,-822272,406528,-575488,-301056,-420864,-847872,498688,-1376256,257024,386048,3072,461824,-331776,-1294336,322560,-590848,-286720,559104,-422912,1926144,-1113088,205824,-1079296,884736,-439296,630784,109568,845824,-605184,-510976,-7168,128000,-242688,-861184,-1062912,423936,-1029120,756736,917504,970752,132096,-541696,-455680,-984064,697344,-1316864,947200,-386048,503808,872448,-704512,-998400,674816,-499712,219136,679936,-292864,300032,64512,-613376,1147904,-1222656,-1746944,-997376,-843776,-1117184,-25600,-448512,65536,-1776640,879616,-521216,1170432,591872,-2048,-649216,642048,1173504,-132096,-138240
966656,352256,-991232,210944,-1072128,-121856,-1743872,304128,-182272,492544,-104448,-337920,918528,498688,-207872,-937984,-35840,-137216,540672,-135168,-571392,-815104,-672768,-290816,261120,-772096,1103872,-1229824,1417216,-265216,1660928,192512,926720,265216,549888,-468992,-28672,-681984,-238592,333824,-622592,-674816,-787456,-438272,-695296,-1429504,-1191936,956416,202752,8192,678912,-440320,-167936,-360448,-462848,-846848,-452608,202752,-1015808,168960,-103424,-140288,269312,247808,48128,-1417216,996352,205824,978944,-436224,97280,-1079296,132096,-1873920,-117760,407552,-983040,769024,429056,-268288,-976896,-522240,-429056,278528,1085440,-982016,-25600,411648,-435200,-275456,-257024,182272,189440,204800,-794624,-55296,-672768,1784832,-108544,-371712,211968,136192,-199680,-356352,293888,277504,-227328,589824,363520,-1358848,-204800,1405952,-386048,141312,-150528,487424,34816,-189440,-77824,572416,180224,-518144,-697344,-775168,-883712,-971776,1254400,21504,-844800,285696,-852992,515072,-737280,74752,-223232,348160,-11264,-654336,-168960,-69632,578560,614400,-1783808,-274432,-731136,91136,-225280,-144384,-922624,-1420288,-97280,457728,-563200,544768,-391168,-223232,321536,-1693696,642048,1277952,349184,994304,1055744,-722944,3072,-492544,-22528,-681984,289792,634880,183296,-892928,145408,61440,-1271808,-1713152,-1077248,148480,-945152,173056,118784,321536,711680,1168384,150528,-702464,326656,-171008,16384,-331776,-523264,-27648,226304,-776192,-217088,-1253376,-742400,-371712,246784,205824,-2231296,-187392,778240,-942080,617472,79872,-202752,193536,754688,49152,210944,-183296,-389120,-754688,-680960,-432128,425984,-840704,-1104896,160768,400384,-330752,-846848,-205824,-1047552,702464,-297984,133120,-650240,-508928,-861184,-910336,-189440,-894976,251904,-238592,0,-1024,-794624,-777216,-651264,-1179648,-112640,-724992,160768,-1404928,-433152,-184320,-599040,91136,-1076224,98304,1571840,-791552,201728,-640000,-189440,-667648,80896,349184,530432,-911360,676864,531456,-328704,-972800,557056,575488,147456,-167936,-123904,-842752,-1021952,1219584,-384000,-507904,456704,154624,-909312,-1680384,-79872,-96256,-143360,78848,508928,-230400,-44032,-651264,-67584,-1351680,21504,-586752,210944,979968,113664,-432128,1038336,-250880,-173056,564224,-229376,799744,-294912,-157696,1119232,1068032,388096,875520,508928,-74752,-350208,513024,910336,-338944,-405504,8192,-112640,-2152448,-319488,-5120
-815104,-69632,-536576,-2357248,209920,791552,577536,-108544,736256,-516096,-430080,774144,-67584,26624,764928,-800768,1016832,-413696,-247808,892928,379904,-60416,-1286144,-593920,-630784,494592,219136,268288,373760,-336896,-161792,1661952,296960,-24576,242688,-289792,-128000,560128,376832,-83968,-132096,-902144,33792,-185344,1286144,854016,990208,327680,314368,87040,-906240,510976,658432,-11264,352256,-394240,941056,2010112,74752,-1032192,90112,681984,659456,1283072,534528,112640,-237568,-798720,1090560,-124928,-110592,44032,321536,-195584,1573888,-751616,-114688,323584,601088,-1223680,-365568,-332800,923648,655360,208896,1454080,372736,964608,-246784,-1063936,634880,918528,1724416,661504,169984,523264,1190912,480256,1391616,1039360,574464,114688,152576,703488,665600,449536,-231424,1045504,379904,1090560,1145856,-621568,915456,324608,1224704,167936,1698816,-1532928,-166912,48128,733184,2371584,1312768,369664,1651712,62464,-87040,-208896,-556032,-410624,470016,307200,562176,-520192,679936,-246784,-103424,-702464,-188416,631808,830464,1112064,791552,-420864,176128,-793600,-1316864,1571840,478208,-240640,263168,693248,-197632,-167936,-968704,-906240,1020928,364544,222208,-570368,-361472,-832512,1281024,829440,1218560,485376,495616,533504,1854464,352256,-815104,770048,-68608,1678336,-251904,197632,-1572864,-350208,1176576,1269760,-2397184,-1297408,1446912,-140288,134144,-2048,367616,556032,211968,-806912,457728,312320,-292864,646144,-26624,-7168,100352,-192512,-282624,-1337344,600064,1693696,363520,207872,412672,-355328,-1747968,350208,326656,-781312,-935936,288768,1433600,18432,-28672,-181248,193536,1485824,-1009664,675840,653312,-675840,993280,300032,817152,-238592,740352,-1340416,958464,1966080,232448,924672,211968,-586752,86016,754688,330752,-176128,131072,-168960,379904,238592,871424,265216,-652288,-386048,-673792,-37888,-123904,-273408,60416,-930816,-506880,-66560,496640,-25600,274432,447488,-288768,147456,1586176,-295936,741376,-450560,470016,-418816,195584,147456,1277952,1027072,792576,704512,411648,1031168,97280,131072,-662528,-343040,-153600,-21504,-618496,-698368,50176,260096,317440,812032,-112640,647168,-882688,-865280,773120,573440,183296,-123904,-537600,583680,-771072,1825792,461824,-44032,14336,145408,357376,167936,-197632,-744448,-360448,242688,583680,-186368,-24576,-284672,541696,965632,276480,-324608,378880,393216,302080,993280
-1757184,538624,-142336,-505856,-199680,-592896,520192,444416,-293888,-459776,824320,-451584,-904192,-434176,17408,131072,-998400,797696,-1776640,-780288,-430080,-585728,-233472,270336,-348160,94208,1448960,-457728,39936,-602112,-1715200,-615424,-965632,-765952,-412672,-521216,-482304,-56320,-219136,-1266688,411648,-2055168,317440,344064,-106496,495616,-690176,-736256,872448,-911360,139264,746496,-276480,86016,-567296,-200704,-1765376,-376832,250880,847872,-79872,-706560,-309248,232448,-470016,-1882112,-88064,428032,-360448,-843776,103424,244736,-258048,-594944,653312,637952,1006592,-1531904,-1073152,-76800,-285696,-272384,-721920,-855040,-222208,-666624,-704512,-655360,-730112,601088,-297984,-439296,-56320,-444416,-532480,-392192,-603136,-292864,-324608,352256,-795648,-321536,-373760,-457728,-473088,-466944,-198656,193536,-1244160,-354304,1024,-16384,230400,-822272,-907264,-959488,82944,-70656,-738304,-1016832,-792576,132096,-201728,-240640,450560,672768,-1108992,424960,-1070080,-1188864,-520192,-328704,-2132992,-1041408,-1476608,331776,680960,-762880,-1379328,-120832,-1218560,-1413120,-1000448,-205824,-549888,-783360,-540672,-458752,-852992,-868352,-1344512,-856064,971776,-799744,-608256,-34816,-955392,1261568,-610304,21504,115712,1128448,231424,-88064,-614400,-288768,-1566720,124928,-541696,-378880,244736,-779264,-760832,-391168,-57344,-317440,59392,-1044480,140288,836608,-510976,-206848,28672,463872,-585728,-26624,-1106944,301056,-76800,79872,-64512,-209920,-196608,-552960,-812032,-1378304,-1187840,-218112,-1204224,579584,220160,437248,218112,-357376,-1220608,413696,-189440,-156672,116736,-532480,-1010688,114688,67584,-716800,-1011712,182272,-29696,-668672,387072,-226304,-403456,206848,502784,-686080,125952,509952,-375808,-756736,133120,-1350656,-594944,-1518592,201728,-912384,-572416,-146432,-647168,-1371136,342016,428032,-73728,-1182720,-1123328,23552,611328,-335872,-797696,-115712,-1222656,-245760,59392,-246784,-2391040,35840,-1088512,37888,-830464,172032,-969728,-483328,-321536,-520192,-465920,-770048,-729088,-1405952,-181248,-954368,-306176,-26624,-292864,-2255872,571392,-1582080,-117760,488448,-1002496,394240,2048,-633856,-1399808,-180224,-502784,-799744,856064,-479232,-883712,-362496,515072,-713728,-1249280,595968,182272,428032,-896000,-1773568,-505856,415744,-1192960,-84992,-120832,398336,222208,-522240,1087488,172032,-102400,56320,-249856,-1246208,450560,1612800,507904,330752,-457728,-943104,68608,-619520,-1024,-23552
1330176,49152,890880,448512,-186368,261120,289792,393216,559104,208896,428032,729088,409600,-525312,1118208,-285696,929792,902144,458752,163840,-165888,257024,649216,-215040,796672,589824,815104,32768,1304576,419840,-462848,262144,717824,410624,-233472,-163840,1352704,521216,1208320,-236544,531456,203776,40960,434176,786432,544768,347136,1203200,1461248,813056,817152,1187840,9216,583680,1264640,1180672,36864,558080,-96256,-489472,448512,270336,352256,-447488,611328,435200,937984,-97280,512000,1080320,750592,-685056,-440320,-713728,316416,1072128,1820672,1165312,440320,1074176,-669696,-5120,-642048,380928,-347136,-501760,1108992,482304,1149952,88064,-1335296,-101376,120832,413696,1928192,-463872,-521216,-37888,435200,-346112,-1314816,80896,1460224,913408,-222208,-38912,-229376,1140736,722944,1355776,223232,1124352,428032,203776,-373760,887808,237568,-663552,233472,-369664,373760,-231424,854016,307200,141312,-41984,555008,959488,1849344,602112,-119808,2110464,997376,493568,-45056,-620544,371712,328704,471040,748544,1254400,703488,486400,279552,743424,-569344,-137216,0,176128,818176,112640,724992,1398784,538624,-311296,-373760,680960,1480704,-234496,-760832,872448,-51200,980992,435200,-375808,1277952,422912,146432,-95232,1006592,869376,187392,-1032192,1269760,223232,522240,1512448,332800,1373184,917504,661504,191488,2048,471040,101376,125952,375808,362496,1215488,-425984,421888,1179648,-245760,211968,931840,176128,1163264,1055744,1099776,410624,245760,374784,1465344,274432,1429504,1082368,-1509376,817152,-35840,-60416,-537600,964608,702464,98304,507904,439296,621568,466944,-214016,-140288,49152,1014784,-642048,-1296384,60416,-492544,1079296,1054720,-453632,1505280,83968,-132096,968704,504832,784384,379904,-438272,194560,281600,-238592,-74752,605184,1210368,1770496,-5120,502784,914432,1138688,-1667072,669696,594944,1540096,832512,45056,112640,-146432,741376,608256,457728,478208,887808,1648640,234496,-484352,1205248,300032,352256,536576,858112,-301056,1714176,1128448,69632,382976,-303104,536576,575488,230400,566272,1032192,-119808,2052096,438272,632832,743424,86016,-360448,905216,-267264,231424,475136,-868352,508928,-34816,409600,-1098752,-665600,168960,156672,923648,-243712,797696,808960,38912,95232,203776,-136192,289792,1150976,15360,980992,121856,278528,-567296,231424,-190464,-451584,471040,1241088,575488
-414720,-1361920,453632,-1032192,-453632,-803840,-358400,-421888,-359424,-704512,-1469440,-925696,239616,-571392,-704512,430080,60416,687104,-1230848,-936960,-1259520,-201728,-727040,-313344,428032,-2085888,-849920,421888,289792,1501184,66560,-632832,489472,-220160,1101824,-258048,-577536,338944,-1123328,534528,-573440,-178176,278528,1036288,-263168,106496,647168,56320,130048,-997376,-285696,-923648,1113088,384000,160768,-1213440,-396288,637952,-296960,-658432,-138240,-107520,987136,-677888,-401408,-519168,-353280,397312,-356352,155648,-541696,-177152,465920,-679936,1144832,447488,-693248,-1318912,-677888,-798720,37888,856064,-796672,-43008,1598464,-729088,-1907712,-695296,505856,624640,-124928,-427008,-637952,12288,-51200,-402432,-505856,-309248,391168,734208,1289216,-432128,-142336,-404480,-111616,786432,-683008,-1102848,-1305600,432128,1703936,-377856,-291840,-670720,-1331200,119808,-427008,60416,-1113088,-435200,-332800,140288,-782336,756736,-1293312,186368,800768,-508928,-198656,509952,262144,728064,34816,1455104,-380928,-783360,-475136,-890880,913408,294912,-580608,-4096,-189440,-176128,-362496,-106496,443392,-114688,1035264,387072,-181248,581632,153600,-522240,-588800,189440,362496,-746496,-34816,-1043456,225280,289792,1285120,-382976,15360,-727040,-1631232,-499712,-265216,-1253376,88064,927744,-25600,734208,-636928,-201728,-514048,393216,633856,-60416,-388096,947200,1517568,-10240,-1587200,253952,327680,-618496,515072,-331776,-483328,1464320,-11264,-861184,552960,-980992,-617472,-447488,291840,116736,24576,-343040,-1584128,636928,362496,-378880,-407552,538624,696320,603136,348160,799744,-394240,-509952,-48128,299008,139264,-544768,-189440,-468992,509952,-762880,-129024,364544,-448512,-2016256,130048,-181248,210944,54272,1086464,-1342464,238592,148480,-1110016,-1694720,1264640,-403456,1078272,337920,-185344,18432,-333824,-720896,-40960,1174528,-1895424,315392,15360,50176,-939008,-904192,-818176,-275456,620544,681984,-549888,-519168,302080,169984,-1858560,-297984,-449536,-1233920,405504,-1061888,159744,158720,-726016,-694272,27648,-705536,376832,-942080,-392192,-478208,-481280,58368,-410624,-419840,50176,-1275904,-370688,-223232,600064,618496,-451584,72704,-274432,-742400,-800768,824320,391168,-248832,845824,421888,-437248,79872,-1250304,1130496,-1668096,-2274304,-52224,-372736,-1309696,303104,-269312,-849920,-473088,-565248,-651264,159744,-1903616,392192,289792,98304,889856,324608,242688,494592
2237440,-706560,-1470464,-215040,-1093632,-849920,-199680,-539648,-800768,-163840,588800,137216,470016,64512,-942080,-500736,-259072,-387072,-462848,-267264,-229376,-704512,-60416,-318464,223232,-1280000,-737280,1303552,-447488,691200,-752640,-867328,-676864,65536,-377856,-488448,-721920,-684032,777216,350208,-217088,214016,-727040,-923648,-1495040,-559104,-15360,556032,-181248,-478208,715776,451584,-484352,387072,-868352,787456,337920,-576512,-681984,-651264,-250880,737280,-1107968,-1505280,-372736,-934912,156672,1479680,-1426432,-110592,-1080320,-710656,-493568,-821248,-214016,540672,-370688,596992,-466944,-862208,-947200,30720,-707584,-834560,287744,572416,-831488,266240,-17408,77824,-1127424,-15360,1245184,1039360,-813056,284672,747520,-1510400,-590848,800768,-1539072,-1122304,-302080,712704,619520,198656,-108544,-529408,910336,-702464,-335872,-1289216,-574464,-1002496,-997376,-881664,1043456,-1356800,-1125376,-1511424,-201728,-1216512,722944,551936,-566272,330752,-793600,550912,-922624,1182720,-1118208,-244736,-206848,-1586176,-887808,106496,-555008,-671744,-98304,-828416,1772544,304128,-83968,-1035264,-137216,594944,93184,-1264640,171008,-1508352,248832,-1250304,-187392,-881664,80896,-265216,-1015808,49152,-1010688,-158720,421888,292864,698368,-308224,-116736,-194560,-450560,-365568,13312,-821248,-958464,-404480,253952,-1439744,-1085440,-249856,-962560,80896,-533504,-390144,-628736,-465920,-1002496,-189440,431104,-222208,136192,-579584,275456,993280,-821248,-672768,-695296,-112640,-914432,283648,-364544,1455104,387072,-827392,62464,-417792,-1286144,-1371136,35840,-271360,880640,207872,-457728,-78848,-1485824,-582656,-976896,-290816,-1140736,-139264,-21504,73728,205824,41984,-1324032,669696,-684032,-114688,324608,-119808,-1446912,-497664,-625664,-1280000,-1024000,-421888,396288,220160,-1311744,-566272,-400384,-616448,-695296,-418816,-1614848,238592,-235520,-443392,-257024,-421888,-560128,-260096,942080,-863232,-744448,-21504,-352256,-1010688,-733184,-979968,-1161216,487424,-710656,-11264,-1254400,187392,144384,1014784,-206848,-1050624,32768,269312,-329728,80896,-476160,-585728,-270336,249856,-391168,-953344,901120,-1091584,53248,-448512,-412672,-659456,278528,-498688,338944,-220160,-984064,-686080,-983040,-514048,-281600,-855040,-531456,587776,352256,404480,545792,-1055744,-93184,327680,797696,967680,4096,-609280,883712,-419840,-833536,-842752,100352,-1256448,-378880,478208,-411648,-88064,534528,114688,-1374208,-414720,136192,-401408
-565248,188416,-134144,-1357824,351232,1900544,-130048,803840,428032,-709632,64512,-876544,-425984,387072,169984,243712,653312,836608,1461248,1374208,-501760,-363520,-333824,427008,540672,-136192,-602112,-79872,66560,846848,-742400,-1122304,-367616,1016832,-602112,1209344,176128,433152,-253952,1226752,-45056,886784,679936,116736,301056,237568,-8192,658432,719872,1139712,-566272,1784832,538624,1448960,529408,-286720,47104,92160,-144384,339968,-357376,1102848,773120,1606656,1059840,796672,254976,517120,-537600,-92160,527360,785408,505856,495616,604160,-396288,224256,-181248,-300032,450560,264192,1597440,1462272,-115712,-242688,911360,675840,529408,-530432,76800,-556032,2762752,186368,578560,-723968,281600,602112,-388096,361472,1085440,553984,280576,918528,830464,394240,168960,935936,726016,640000,-240640,-427008,1043456,984064,-957440,1203200,371712,-1095680,-52224,-38912,-372736,337920,-974848,492544,-392192,444416,-558080,858112,229376,137216,-114688,29696,-1517568,118784,-423936,-327680,-313344,-11264,-293888,-956416,-355328,72704,374784,705536,564224,-344064,570368,-115712,2001920,-110592,1395712,350208,957440,-265216,167936,-1885184,533504,-338944,650240,892928,-930816,-1692672,505856,-361472,415744,387072,-57344,518144,556032,-420864,-531456,177152,495616,740352,-653312,1900544,141312,-114688,-277504,430080,-568320,-107520,702464,427008,908288,695296,-657408,208896,1580032,-949248,1295360,61440,-493568,274432,-791552,193536,431104,-444416,247808,1097728,637952,649216,1513472,364544,-565248,339968,-528384,575488,-328704,579584,-412672,549888,1074176,718848,-184320,-56320,-1009664,-382976,-1634304,876544,640000,-34816,771072,82944,842752,566272,936960,-394240,189440,1741824,570368,-258048,59392,-380928,-1047552,427008,-387072,161792,-6144,-586752,328704,-1452032,522240,-445440,-139264,-930816,954368,-1241088,936960,-486400,7168,1091584,748544,-644096,-525312,-252928,-1046528,1165312,53248,518144,775168,33792,614400,-173056,-394240,454656,-365568,430080,-1083392,166912,-691200,44032,759808,1532928,-917504,-2350080,-82944,407552,711680,719872,307200,-1000448,-43008,-817152,233472,-353280,-552960,-70656,-249856,1344512,314368,-743424,-732160,236544,-1851392,391168,11264,-387072,1626112,-368640,481280,2115584,17408,-1337344,-498688,-134144,-607232,-574464,101376,-620544,1153024,-185344,538624,-29696,61440,-256000,540672,-547840,610304,197632,641024
-621568,-1099776,-710656,-55296,-522240,166912,-808960,-585728,-144384,331776,-1291264,-942080,-93184,-936960,-736256,873472,-577536,-1051648,158720,678912,624640,-359424,-738304,163840,544768,957440,-533504,-758784,-1214464,19456,1182720,301056,-541696,-730112,126976,-1033216,-5120,-590848,487424,177152,-467968,600064,-675840,-392192,-500736,-542720,-36864,-431104,-140288,-372736,993280,-149504,331776,-1240064,-464896,-1176576,-430080,858112,-259072,-872448,112640,-655360,-985088,-404480,898048,-77824,199680,-409600,-409600,-884736,-19456,-520192,45056,-86016,-40960,135168,-1087488,-1164288,465920,-402432,-385024,-81920,262144,-56320,-2130944,-866304,28672,739328,-412672,-883712,95232,-320512,231424,-1686528,-380928,68608,618496,831488,-649216,648192,-760832,521216,-232448,-415744,-1074176,280576,-333824,-254976,-496640,-1117184,-248832,-281600,-248832,450560,236544,-1024,-166912,84992,-1120256,-279552,735232,-622592,60416,-1010688,446464,-401408,618496,-653312,-362496,-608256,-369664,-1560576,-361472,1520640,-425984,-199680,-1200128,-698368,-80896,-1260544,-582656,-248832,136192,-561152,-236544,-400384,41984,-19456,-271360,-992256,-367616,307200,-547840,-621568,504832,1186816,-303104,441344,-780288,-462848,-61440,437248,-955392,-1169408,-514048,-2430976,-558080,-603136,564224,1100800,-121856,-941056,74752,-861184,-126976,-1268736,-20480,224256,-34816,562176,741376,59392,-11264,-906240,425984,248832,-1084416,-359424,278528,389120,-936960,-1658880,-565248,262144,-1360896,-461824,-429056,-1138688,1231872,-867328,-1261568,-164864,-929792,-323584,-462848,-327680,-524288,-281600,-82944,-843776,-867328,-737280,-822272,-504832,-726016,-118784,-77824,28672,-448512,-357376,-681984,6144,-860160,6144,-115712,-224256,-534528,-578560,-53248,3072,-544768,-306176,-1266688,-807936,-102400,66560,-1107968,-139264,-678912,-1300480,-906240,-1249280,-151552,40960,-883712,-261120,-555008,-881664,-634880,-224256,-1490944,-1316864,-180224,245760,181248,-89088,-49152,148480,165888,-1801216,-116736,-1878016,106496,962560,-1358848,1078272,-1661952,-324608,49152,-191488,-2362368,38912,364544,275456,267264,34816,-578560,-609280,118784,486400,-1047552,-545792,1348608,-1628160,-69632,-428032,-1000448,-1079296,-209920,-465920,-398336,-966656,-330752,-465920,287744,-611328,-289792,-900096,-891904,-377856,-1073152,-735232,-744448,-144384,-634880,-465920,-16384,292864,-852992,-783360,-475136,-535552,-454656,165888,-290816,-198656,-330752,16384,264192,130048
-813056,924672,404480,550912,528384,1422336,678912,800768,186368,211968,-2048,1465344,187392,37888,889856,1171456,641024,-385024,1338368,-417792,407552,-4096,-111616,1290240,1019904,369664,364544,476160,467968,1095680,-340992,528384,-1492992,-521216,518144,1184768,-162816,608256,-33792,769024,909312,-240640,-57344,718848,-75776,611328,256000,1387520,837632,976896,-667648,883712,138240,472064,1150976,328704,910336,1377280,497664,1189888,246784,-150528,342016,1333248,448512,-119808,808960,714752,252928,392192,527360,207872,149504,395264,804864,973824,595968,915456,100352,-1298432,697344,-591872,253952,1382400,-1261568,455680,-58368,-570368,-504832,372736,86016,398336,1036288,-602112,220160,306176,-334848,18432,1122304,-17408,422912,239616,83968,-247808,84992,-594944,1054720,813056,33792,-474112,-305152,994304,1807360,373760,1271808,-606208,608256,395264,669696,157696,-315392,-99328,204800,704512,773120,304128,1140736,-344064,1300480,-320512,707584,381952,431104,-211968,676864,-83968,336896,841728,129024,519168,-7168,1501184,832512,671744,21504,1429504,-24576,1116160,1572864,643072,877568,485376,-331776,459776,67584,88064,114688,254976,288768,860160,1705984,-959488,-37888,860160,1850368,86016,822272,1142784,180224,327680,221184,63488,939008,569344,764928,651264,1084416,520192,112640,1213440,-428032,-674816,612352,661504,-1277952,154624,757760,992256,174080,1741824,-337920,-188416,696320,-184320,-93184,1340416,1590272,2032640,163840,-71680,405504,268288,941056,1325056,496640,-99328,1306624,-46080,-22528,60416,786432,-23552,801792,146432,1141760,1022976,-684032,-486400,448512,344064,1915904,-997376,826368,321536,905216,348160,161792,78848,1103872,514048,184320,1009664,-45056,-721920,848896,351232,1830912,444416,-364544,847872,-84992,-400384,600064,-357376,467968,653312,-308224,-1113088,-220160,205824,527360,546816,94208,890880,-922624,782336,-638976,-477184,35840,509952,1000448,687104,-162816,-122880,1726464,43008,-245760,1193984,362496,247808,1030144,779264,227328,-459776,-498688,340992,166912,-561152,896000,-699392,72704,1078272,-536576,864256,-131072,-1298432,680960,1248256,340992,532480,81920,323584,1373184,-164864,813056,901120,-616448,146432,393216,-560128,578560,564224,490496,-194560,50176,15360,-301056,1024000,-237568,26624,-1035264,1499136,1845248,679936,52224,-65536,783360,68608,423936,-320512
-23552,-821248,-316416,-1197056,613376,1337344,-41984,-409600,-37888,-766976,-1849344,-148480,-332800,1043456,-489472,-286720,-738304,-1124352,-729088,-1297408,-421888,-234496,-345088,-781312,-1384448,-1116160,285696,-484352,-593920,-523264,-429056,-652288,-310272,-616448,590848,-532480,-961536,-96256,1813504,209920,-178176,643072,-28672,-430080,-52224,-586752,133120,-1681408,-267264,583680,-357376,634880,-691200,-487424,-1060864,-49152,-668672,355328,-743424,1815552,284672,-1458176,551936,-828416,-242688,-136192,-99328,-495616,-784384,-172032,884736,-211968,-1208320,-610304,-155648,-863232,-953344,-806912,-185344,-366592,-1075200,-705536,693248,241664,114688,-2214912,-1348608,493568,-447488,695296,-1198080,29696,-210944,312320,-2021376,-1374208,559104,-762880,284672,30720,-63488,-171008,-842752,-544768,237568,79872,-1459200,-766976,-870400,48128,-93184,-105472,-581632,827392,-1471488,-260096,-89088,-358400,987136,-668672,-949248,-808960,-845824,-851968,-538624,-672768,-402432,-141312,-321536,684032,-1381376,-1594368,-593920,-844800,1347584,-796672,-103424,856064,-501760,-871424,-44032,-1206272,-937984,-489472,-423936,248832,325632,-695296,-217088,593920,-336896,-64512,-1281024,-684032,-678912,4096,89088,38912,-466944,-313344,-447488,113664,-31744,-784384,-633856,-292864,-1071104,149504,-408576,-424960,-191488,-227328,0,-1258496,429056,-561152,103424,-894976,-732160,949248,-101376,-120832,530432,-990208,408576,-1923072,-119808,-146432,621568,32768,534528,-806912,-160768,-1287168,-1067008,-1323008,-1963008,1446912,-194560,6144,139264,-702464,-1711104,-64512,-1033216,192512,-617472,-1028096,-34816,-1187840,-334848,1340416,-420864,-1063936,-681984,-374784,-166912,443392,-2525184,-157696,-971776,250880,171008,-905216,-1461248,-138240,529408,211968,-107520,-455680,465920,-350208,582656,-1633280,68608,-165888,-822272,-55296,80896,-352256,-277504,-577536,-488448,565248,-1581056,-283648,-267264,-1110016,-1538048,624640,-45056,-948224,452608,-1716224,-1383424,1091584,-1089536,160768,-581632,-1664000,-762880,-621568,-2619392,-760832,-232448,-187392,259072,-52224,-1032192,503808,-902144,-1408000,293888,-1152000,-1670144,-870400,35840,-166912,-620544,-135168,-2770944,105472,319488,-402432,65536,819200,-5120,32768,253952,-802816,379904,106496,555008,237568,339968,-1327104,-793600,931840,449536,809984,328704,-979968,247808,1024,-829440,984064,-654336,-925696,-710656,-1257472,622592,-1223680,-45056,239616,-1241088,82944,171008,412672,293888,-589824
765952,482304,-936960,-308224,-900096,-737280,-1165312,-136192,848896,-5120,24576,-703488,-467968,421888,-71680,-1395712,-531456,201728,-891904,31744,-470016,-892928,-1136640,-1144832,-1342464,-1036288,836608,1548288,264192,-327680,-306176,182272,-535552,-636928,-1649664,-10240,-777216,180224,33792,209920,-1002496,-14336,-311296,-631808,-185344,483328,463872,-637952,1028096,-1253376,-559104,-832512,-674816,-575488,135168,-508928,-440320,382976,-622592,-435200,1012736,-304128,-1761280,-437248,446464,-550912,-204800,-677888,-184320,99328,557056,451584,-100352,-813056,-305152,-897024,-713728,-521216,-547840,-1524736,27648,-522240,-467968,481280,-1397760,-140288,164864,276480,-499712,613376,-175104,-576512,-194560,-1144832,-1714176,-1496064,-334848,-161792,-568320,-748544,-1560576,-911360,193536,-825344,622592,198656,335872,541696,793600,-1191936,40960,-475136,-840704,172032,-560128,-1010688,51200,-1849344,-890880,-650240,-1301504,-1354752,142336,-160768,-113664,309248,-247808,307200,-1176576,-1150976,-171008,1171456,-1757184,1081344,-364544,-435200,-1334272,-1372160,-1036288,-1743872,-164864,-150528,-481280,-340992,-1277952,-289792,450560,-1168384,-214016,-474112,-565248,-206848,82944,18432,-486400,-468992,-137216,-1216512,-696320,-214016,-53248,-393216,-1018880,-1276928,-1257472,-119808,33792,608256,-711680,-1083392,-821248,1495040,-858112,-680960,-868352,316416,1426432,-50176,-1577984,-230400,-1582080,20480,661504,-433152,240640,665600,-250880,-313344,-567296,618496,-129024,-284672,1221632,1041408,-1136640,-1114112,1079296,406528,350208,-1480704,-578560,-905216,-834560,-263168,-354304,-841728,172032,81920,90112,-890880,-239616,-704512,-289792,-839680,-98304,-509952,-574464,-232448,-555008,-1210368,264192,-214016,-540672,-227328,71680,55296,351232,-279552,-33792,-219136,-420864,-1445888,393216,-927744,-87040,-285696,-1234944,-1189888,-399360,-1470464,-214016,-474112,-333824,1224704,-514048,794624,-527360,740352,-785408,102400,-1636352,-594944,-303104,535552,21504,-959488,49152,-1186816,-713728,659456,-617472,-541696,-218112,92160,323584,-1661952,-1090560,-818176,-399360,-421888,-801792,-432128,155648,-357376,346112,-289792,662528,-894976,-504832,-753664,-1669120,-87040,-388096,-531456,-973824,-421888,-461824,-989184,-730112,362496,150528,-75776,153600,-69632,-722944,212992,125952,-991232,447488,267264,786432,162816,-208896,108544,3072,-651264,-1032192,-1120256,32768,166912,-1483776,241664,508928,714752,-573440,-1100800,-339968,56320,27648,-285696
-471040,-1644544,-473088,146432,-1133568,1140736,1238016,78848,-822272,-10240,-266240,46080,744448,836608,729088,1795072,-240640,819200,867328,-706560,31744,23552,-621568,439296,-49152,142336,-19456,1555456,-76800,-567296,-503808,760832,-742400,691200,-74752,261120,346112,-131072,297984,-442368,-195584,44032,212992,-683008,-970752,81920,-958464,467968,424960,28672,1245184,-405504,1044480,-93184,129024,-1120256,-509952,-1186816,603136,305152,-813056,384000,450560,-748544,-671744,63488,-55296,-632832,109568,1358848,288768,303104,187392,-57344,-574464,-258048,1020928,-1261568,1357824,1185792,-394240,2264064,277504,-16384,-283648,482304,-657408,134144,-502784,1001472,-524288,1152000,-101376,578560,-1376256,460800,1139712,-613376,61440,-51200,-649216,389120,1050624,-120832,530432,278528,152576,409600,-642048,-486400,-630784,-194560,-861184,419840,398336,-1867776,256000,-406528,-800768,1729536,578560,137216,-1522688,369664,-296960,55296,1156096,580608,290816,71680,817152,888832,319488,-737280,-1481728,376832,689152,1396736,-82944,-281600,-1062912,572416,-854016,-309248,-1206272,-1223680,-585728,-955392,930816,-529408,807936,296960,227328,-973824,-66560,-333824,-128000,-97280,466944,-137216,601088,-585728,244736,-796672,1207296,684032,-292864,-70656,128000,179200,-936960,73728,-81920,164864,339968,-493568,650240,-216064,-1560576,-801792,-82944,461824,328704,-893952,-949248,-951296,620544,-1206272,-52224,1179648,512000,-576512,-261120,-1626112,-316416,-462848,878592,1112064,374784,-1289216,-387072,665600,145408,626688,325632,-715776,-494592,128000,-34816,-1343488,-141312,419840,-150528,-365568,795648,-764928,-1349632,-412672,-1052672,-630784,712704,-1974272,-481280,320512,191488,-610304,563200,-883712,601088,1255424,296960,-1091584,-1592320,411648,-881664,-305152,-874496,-676864,-154624,603136,-89088,-264192,262144,687104,158720,-1435648,273408,116736,-653312,-642048,749568,-698368,1740800,-390144,-993280,-264192,1344512,-381952,198656,-381952,690176,142336,-166912,-927744,-299008,387072,-914432,297984,269312,-1248256,106496,282624,-412672,-512000,194560,120832,103424,214016,-202752,-1035264,323584,828416,-241664,578560,-587776,603136,-686080,448512,96256,61440,-149504,340992,-701440,-944128,-79872,-133120,-258048,592896,126976,359424,-505856,-1327104,174080,-632832,1296384,-491520,476160,53248,32768,460800,-297984,-1775616,-774144,51200,-8192,-713728,278528,-948224,-119808,-1373184
125952,-1827840,669696,726016,-1573888,-1454080,905216,-83968,-575488,-718848,-902144,-608256,-427008,-504832,-20480,-366592,-1485824,-350208,-393216,-96256,163840,-1090560,-1030144,-10240,115712,-1292288,-1401856,-181248,457728,-407552,-848896,-674816,-692224,65536,-1851392,-705536,-1269760,-1509376,-1181696,1465344,-801792,98304,-1087488,-1424384,-262144,-1498112,-10240,247808,-807936,-989184,-240640,16384,424960,-660480,-1441792,121856,-777216,-218112,1536000,-390144,211968,-310272,-376832,-1764352,-545792,-995328,-1412096,-15360,-109568,224256,-703488,220160,604160,-1259520,150528,-350208,38912,479232,56320,68608,290816,-528384,241664,-73728,-450560,-571392,-293888,185344,-1673216,-438272,-477184,8192,-851968,-242688,-136192,-369664,-612352,-95232,-697344,114688,-73728,290816,-1359872,-580608,-315392,60416,-206848,-672768,741376,-1025024,163840,-975872,-732160,-954368,-66560,-711680,-662528,269312,-754688,-513024,-1068032,-899072,-805888,-524288,-799744,7168,-662528,-135168,959488,-806912,-1369088,-162816,-322560,-1126400,-149504,949248,-272384,-379904,-943104,-567296,-1190912,-598016,-329728,488448,-586752,-1043456,748544,-840704,-952320,-43008,-1857536,428032,-1254400,652288,494592,-308224,-256000,278528,204800,1105920,5120,-512000,114688,852992,-1885184,-168960,630784,-25600,-114688,-253952,785408,-1819648,-701440,-448512,-217088,-2014208,1461248,422912,-1369088,-261120,-650240,-839680,-1052672,-1181696,167936,-680960,-110592,-1013760,-363520,89088,-728064,-1054720,-222208,-316416,4096,625664,-3072,-323584,340992,-1449984,-1419264,-25600,-722944,-519168,662528,-1273856,-748544,-1314816,-798720,-670720,-556032,-1031168,-220160,-1660928,-925696,460800,420864,-651264,-1494016,-1236992,366592,-19456,-654336,583680,-509952,173056,-278528,-30720,185344,389120,133120,-2570240,-349184,-1130496,-477184,229376,-1879040,711680,-1723392,-1204224,-1361920,-952320,-803840,-382976,-1087488,97280,-632832,-90112,293888,-512000,-461824,-557056,-1558528,-802816,-391168,340992,-873472,-677888,-1509376,-678912,-1075200,-571392,83968,-194560,-631808,494592,236544,-183296,-96256,-771072,693248,-533504,-1139712,1162240,71680,-539648,62464,-1356800,-1518592,-89088,5120,-689152,617472,-46080,-167936,-43008,-419840,-325632,-5120,-651264,-117760,-404480,826368,695296,-748544,-161792,-757760,-1454080,-450560,-378880,15360,322560,-166912,-174080,-1171456,108544,724992,-2566144,-369664,-157696,141312,-92160,188416,-998400,-261120,73728,-1383424,-1209344,195584,33792
17408,378880,671744,180224,671744,659456,833536,52224,1565696,1813504,741376,-21504,1092608,485376,900096,724992,1113088,-265216,1296384,207872,936960,1552384,1073152,-379904,706560,-1000448,2119680,291840,183296,-797696,377856,379904,697344,911360,592896,847872,31744,-113664,398336,-874496,-439296,-225280,318464,-679936,1153024,52224,123904,1354752,-524288,20480,592896,162816,247808,463872,-339968,735232,608256,795648,6144,-36864,-372736,-18432,768000,1527808,83968,258048,305152,-905216,125952,95232,1283072,421888,1015808,138240,933888,63488,1469440,798720,256000,26624,1120256,-285696,173056,380928,-316416,589824,1291264,411648,1367040,608256,1985536,158720,728064,-303104,803840,628736,-234496,346112,-546816,1722368,1575936,977920,-394240,-483328,-95232,1646592,555008,-586752,-449536,916480,1655808,467968,304128,251904,-46080,1064960,717824,180224,976896,61440,1076224,-624640,644096,747520,226304,878592,-355328,1363968,-171008,815104,-843776,745472,730112,-46080,1376256,668672,64512,826368,514048,596992,636928,1330176,-70656,956416,1977344,-1257472,773120,5120,-116736,910336,106496,555008,-52224,-72704,651264,1423360,1252352,280576,1410048,311296,334848,553984,166912,-190464,117760,33792,-957440,658432,-954368,1292288,-564224,-86016,574464,346112,-174080,570368,-245760,-260096,449536,-1394688,-250880,244736,-514048,683008,259072,67584,355328,-112640,549888,1011712,361472,-372736,409600,1024,148480,562176,303104,34816,-130048,415744,-648192,796672,-91136,1125376,-182272,424960,526336,637952,-732160,160768,-122880,-222208,584704,328704,831488,-206848,-43008,19456,172032,-884736,934912,635904,-111616,599040,-289792,1816576,-218112,-375808,-21504,-1081344,1561600,-1034240,932864,479232,-346112,-208896,917504,34816,-102400,1735680,633856,1318912,2225152,1692672,1495040,387072,-1189888,-243712,-7168,-324608,622592,173056,224256,-210944,299008,-953344,-838656,-20480,-38912,1695744,1006592,117760,11264,-137216,-247808,-1035264,1421312,-273408,664576,655360,221184,-181248,721920,-524288,1088512,-569344,239616,1077248,-897024,454656,287744,138240,1218560,713728,-966656,-534528,-188416,267264,-140288,839680,1397760,214016,892928,353280,-128000,176128,-32768,1351680,-570368,1252352,648192,-326656,-243712,474112,117760,-611328,1191936,-183296,410624,702464,1368064,183296,2048,844800,590848,1396736,1344512,197632,871424,527360
25600,-87040,-256000,265216,-422912,-604160,257024,821248,488448,-61440,161792,1470464,624640,226304,575488,579584,499712,225280,1050624,963584,882688,958464,-978944,356352,973824,953344,-589824,454656,81920,688128,461824,-52224,954368,373760,-1005568,736256,264192,269312,24576,175104,922624,775168,973824,342016,543744,-140288,-496640,-745472,277504,1203200,940032,-70656,100352,628736,89088,-1700864,1649664,165888,-1391616,761856,626688,1982464,-292864,690176,902144,622592,-403456,-362496,-6144,-999424,-770048,-564224,-815104,-1213440,117760,-1172480,-371712,152576,-942080,581632,420864,-1228800,-1010688,97280,-279552,66560,221184,145408,56320,131072,198656,1136640,224256,-1138688,1165312,-659456,43008,-24576,228352,-27648,-117760,-1144832,-491520,-593920,130048,-1452032,-18432,-1857536,-102400,474112,-263168,201728,-568320,-670720,608256,309248,-871424,439296,-474112,625664,-113664,580608,690176,563200,-730112,225280,1323008,385024,-1021952,-130048,175104,-283648,-353280,-499712,8192,-279552,410624,612352,155648,175104,-930816,-238592,984064,466944,-183296,557056,1099776,-678912,-521216,-437248,-193536,-445440,-102400,864256,-582656,543744,653312,285696,261120,522240,225280,-615424,-1193984,-467968,201728,-483328,598016,-174080,-65536,1382400,787456,-367616,-1295360,-694272,45056,-983040,-422912,-489472,582656,-658432,-222208,-1982464,-1257472,-1022976,-601088,-1910784,267264,-200704,-1041408,75776,-102400,718848,83968,-766976,-314368,1437696,405504,-1182720,1551360,-309248,193536,128000,236544,-1059840,946176,361472,-758784,-151552,471040,-577536,-696320,-1343488,825344,465920,-785408,498688,1082368,699392,352256,1028096,-555008,96256,-540672,-550912,661504,-1193984,-308224,787456,-83968,267264,474112,-501760,-901120,-47104,-508928,-95232,353280,-551936,130048,-1205248,434176,-912384,-253952,-211968,-681984,209920,-782336,-374784,506880,-109568,-768000,-191488,-2017280,-1593344,432128,-605184,69632,464896,-429056,483328,395264,-2040832,154624,681984,-541696,-56320,-391168,136192,-328704,-550912,-168960,1045504,-243712,-91136,482304,-351232,-3072,209920,1556480,307200,310272,182272,417792,-329728,-936960,815104,-457728,514048,-132096,-434176,-870400,479232,648192,562176,275456,-88064,242688,681984,6144,-1518592,1699840,489472,-541696,-23552,-49152,-40960,-507904,481280,-323584,-867328,653312,-1420288,324608,730112,-381952,611328,-925696,102400,214016,812032
-914432,-1032192,-1422336,-690176,-541696,-1096704,-592896,135168,-145408,539648,339968,-867328,-894976,9216,-1832960,-38912,-220160,-997376,-33792,137216,-271360,1380352,-703488,-3122176,-704512,99328,-1124352,494592,-507904,-565248,-439296,-1190912,-620544,852992,-503808,834560,-424960,-947200,443392,-996352,-783360,-1123328,-983040,-873472,-1325056,-156672,429056,673792,-563200,-762880,-1075200,620544,99328,441344,689152,-1141760,-129024,-773120,-516096,-580608,-283648,-1475584,-893952,-2297856,-1275904,299008,280576,-1251328,284672,-86016,-1284096,-1835008,-1185792,-276480,-483328,-848896,696320,-90112,-1166336,-1335296,-1572864,-1095680,-652288,523264,-1052672,551936,-1080320,-1545216,-264192,-774144,-1575936,-515072,-569344,-634880,898048,-1289216,31744,-479232,381952,-736256,-644096,-366592,-186368,196608,-679936,-854016,-1271808,-355328,-677888,-911360,-966656,-221184,-1041408,-326656,-838656,-31744,-1058816,108544,-1724416,-128000,-1395712,315392,-582656,-417792,-446464,121856,-565248,-1682432,-2430976,-1659904,-240640,-1664000,-196608,-498688,-423936,447488,-115712,-450560,-498688,-1816576,-1619968,-359424,-577536,-946176,-335872,-925696,-264192,-678912,-743424,-348160,-119808,-594944,-165888,-224256,-983040,-1236992,-530432,222208,-1248256,146432,27648,-610304,-940032,-970752,-1339392,-886784,831488,138240,-866304,-1128448,-653312,-882688,839680,367616,-261120,-31744,227328,-672768,-1372160,-1123328,-316416,-1029120,-655360,-973824,-822272,-1310720,-838656,429056,-888832,-949248,-1153024,-1190912,-654336,643072,-529408,1584128,-120832,-1458176,-269312,-600064,-2426880,604160,-612352,528384,558080,-305152,-592896,-1142784,-1461248,-1477632,-321536,-409600,-1416192,63488,-257024,-699392,-1060864,-1876992,-781312,-205824,-915456,-1003520,-1216512,-756736,-791552,313344,-656384,292864,-1414144,-1484800,-1605632,-282624,-1894400,-744448,119808,-229376,-286720,-488448,-2299904,-837632,-102400,-1667072,197632,319488,78848,-630784,-778240,-1311744,-39936,-683008,-978944,-1135616,-1669120,173056,-497664,257024,-815104,-1950720,-535552,-1145856,-686080,-622592,-633856,-910336,147456,-1894400,-128000,-788480,-640000,-984064,-1796096,10240,-628736,879616,-35840,-1464320,-1284096,-681984,-550912,-1135616,-504832,-1077248,-66560,-1126400,-446464,-1433600,-850944,-519168,-488448,-854016,-647168,-1070080,-1082368,-1082368,-1422336,-830464,-874496,226304,-608256,388096,-771072,-2193408,-521216,-252928,-559104,-2023424,-1694720,-268288,-641024,-764928,287744,54272,-921600,-547840,-1826816,-1925120,7168,-1261568,509952,-594944
1011712,-368640,82944,-44032,-572416,564224,1104896,392192,458752,226304,771072,-411648,455680,-535552,803840,600064,-265216,610304,-569344,611328,911360,-105472,193536,536576,1022976,707584,224256,-144384,-658432,-1187840,-1053696,496640,-1017856,640000,-253952,248832,643072,-147456,-591872,1024,-48128,688128,9216,1116160,490496,300032,-189440,-435200,1112064,-399360,1304576,-248832,-5120,-128000,1197056,-62464,-847872,56320,-177152,625664,-57344,31744,390144,721920,61440,48128,-397312,248832,1741824,143360,345088,-1184768,88064,1287168,25600,652288,-1208320,926720,204800,946176,596992,1537024,-737280,302080,34816,274432,491520,918528,165888,-770048,-362496,305152,-306176,507904,-1121280,816128,464896,-1004544,781312,614400,1099776,917504,-698368,349184,567296,-771072,-258048,650240,445440,643072,249856,-475136,651264,293888,221184,775168,726016,-656384,-797696,-386048,-120832,560128,556032,574464,138240,256000,-73728,122880,-314368,1643520,-292864,-408576,109568,207872,164864,-465920,40960,65536,-411648,33792,35840,90112,-482304,-791552,1083392,967680,305152,455680,1610752,-196608,361472,-286720,-221184,-7168,-253952,-572416,573440,482304,-372736,-36864,100352,208896,324608,65536,-152576,-345088,-211968,-208896,1094656,-133120,292864,294912,207872,94208,72704,781312,-664576,-969728,894976,220160,-668672,-57344,-173056,690176,-358400,-677888,-2399232,-267264,664576,501760,999424,168960,-951296,-16384,1173504,-40960,151552,-125952,-258048,1553408,60416,64512,256000,-36864,351232,-43008,-881664,1105920,-186368,608256,1171456,-88064,414720,-1316864,-422912,-932864,7168,-23552,467968,1148928,11264,1288192,825344,-217088,-420864,221184,-362496,491520,-656384,-161792,431104,667648,306176,509952,104448,297984,-361472,-538624,-177152,-624640,891904,608256,-460800,244736,-630784,34816,797696,-52224,1315840,-573440,-544768,-738304,22528,-1318912,1172480,-35840,575488,-353280,285696,670720,4096,-806912,-680960,-39936,1090560,-584704,38912,247808,-153600,-542720,-631808,-745472,-31744,766976,-356352,332800,371712,134144,-178176,-1246208,176128,-36864,-211968,-9216,-214016,-1134592,243712,151552,533504,-64512,203776,-1501184,-531456,1044480,56320,992256,1053696,447488,35840,564224,458752,-167936,1008640,-335872,1015808,48128,-97280,727040,208896,192512,-575488,423936,247808,279552,-637952,84992,625664,1018880,-79872,76800
-540672,230400,-970752,-185344,-1210368,777216,517120,1494016,-20480,397312,-293888,200704,-327680,-318464,-399360,-963584,-264192,-542720,-61440,-76800,715776,-835584,105472,-446464,-270336,-1166336,-119808,-460800,315392,293888,-46080,-275456,872448,-24576,-688128,-30720,-768000,204800,-1347584,-171008,-366592,-308224,-1114112,15360,-501760,592896,1018880,-125952,-192512,-345088,-637952,-666624,-433152,-1385472,-21504,642048,312320,84992,-30720,977920,232448,-749568,-776192,300032,637952,-432128,76800,-879616,-964608,280576,282624,54272,600064,225280,605184,-55296,-183296,97280,-366592,-117760,-36864,-1112064,-918528,-192512,-664576,-96256,1158144,-431104,-366592,483328,223232,-430080,743424,-407552,-26624,-515072,-28672,-368640,1593344,151552,-1038336,-340992,652288,166912,235520,455680,626688,1252352,-248832,-129024,-967680,468992,-1164288,465920,1705984,-214016,-1406976,-1169408,-280576,-66560,643072,-126976,-797696,-686080,-993280,-801792,-226304,380928,146432,-964608,-415744,-103424,-881664,705536,579584,285696,537600,-1227776,1089536,54272,-513024,-1069056,340992,18432,-235520,-524288,-212992,-1185792,71680,231424,-404480,-1489920,229376,-89088,-1054720,31744,-26624,-334848,-2048,-291840,843776,-403456,806912,-728064,-885760,181248,-54272,474112,-656384,-889856,-112640,75776,-771072,-357376,-769024,1218560,225280,648192,147456,-209920,-901120,398336,75776,-367616,-138240,1069056,-227328,1251328,-1404928,-753664,-370688,-421888,-1453056,280576,-1529856,231424,333824,-1077248,-281600,-914432,-169984,-2044928,297984,-84992,247808,-542720,478208,333824,450560,1003520,254976,120832,-1399808,-473088,265216,425984,-359424,642048,-229376,-363520,-477184,-1193984,-1642496,864256,91136,2042880,569344,-609280,970752,-399360,-663552,-356352,690176,-721920,-1236992,-235520,102400,-1257472,-340992,-40960,472064,-699392,-78848,734208,236544,-614400,-730112,-785408,279552,-1440768,-345088,-790528,-687104,303104,-166912,77824,-1284096,-870400,-368640,-206848,171008,757760,-1077248,-687104,575488,-306176,-240640,421888,-1398784,320512,-125952,-625664,723968,-311296,-401408,456704,149504,-1118208,-403456,100352,-272384,760832,-245760,-1057792,126976,19456,466944,-59392,-252928,518144,807936,-1170432,-823296,-129024,418816,60416,-896000,-62464,-347136,-570368,-423936,-56320,-1147904,46080,444416,-394240,-2429952,235520,-764928,-180224,2035712,-908288,-748544,479232,-573440,-447488,59392,586752,976896,1811456
-733184,-1612800,447488,980992,-583680,502784,-20480,618496,-126976,-76800,-627712,-1030144,459776,574464,-58368,188416,-652288,-198656,195584,1652736,651264,-748544,175104,1402880,804864,394240,-206848,78848,446464,913408,-1314816,152576,-1306624,-309248,549888,-632832,-1211392,586752,261120,-56320,30720,-81920,-518144,271360,-678912,-321536,275456,4096,290816,929792,236544,44032,-370688,106496,200704,16384,658432,884736,564224,-1276928,-1072128,165888,305152,452608,-326656,-723968,-265216,-677888,-2145280,1220608,389120,959488,807936,26624,355328,1003520,-28672,-1557504,-164864,977920,-543744,104448,-1047552,312320,83968,9216,-30720,-342016,1061888,1953792,398336,-54272,726016,1053696,716800,1135616,1157120,-756736,694272,146432,419840,1470464,850944,1246208,504832,542720,-910336,-106496,-38912,-1312768,545792,592896,606208,377856,-328704,710656,20480,-337920,60416,181248,-896000,866304,516096,-55296,161792,-1224704,-61440,516096,-273408,-926720,104448,267264,-421888,196608,-92160,572416,-843776,283648,318464,2031616,-472064,827392,297984,116736,-859136,-586752,-337920,-828416,580608,-657408,-734208,439296,120832,-550912,-253952,-510976,-463872,215040,564224,-1258496,311296,351232,402432,-449536,1074176,-505856,-88064,-982016,-384000,-709632,-210944,547840,-21504,-636928,-105472,10240,151552,-969728,-566272,1445888,342016,885760,-144384,63488,-357376,111616,235520,157696,-371712,774144,263168,900096,146432,515072,230400,-718848,595968,210944,-389120,812032,-370688,-238592,221184,-816128,-87040,17408,286720,-1434624,58368,-153600,1038336,1084416,-350208,-17408,-1095680,-161792,-913408,-104448,658432,656384,483328,518144,-104448,-547840,-30720,-956416,356352,770048,-466944,428032,-158720,-397312,-211968,261120,-346112,-969728,970752,-1490944,-718848,-232448,17408,-199680,185344,38912,-122880,477184,576512,1559552,-635904,993280,550912,-999424,-632832,-606208,316416,-758784,-728064,-927744,1371136,-1102848,-729088,-742400,-414720,125952,752640,-337920,58368,351232,97280,-225280,359424,778240,-1451008,-814080,-222208,264192,225280,-581632,52224,1239040,15360,-1052672,-590848,-1053696,454656,288768,192512,252928,386048,632832,-500736,375808,36864,687104,112640,559104,903168,-1015808,212992,1025024,-10240,-811008,-883712,-1270784,-523264,300032,-402432,1948672,-735232,-935936,-713728,540672,25600,370688,122880,-409600,-648192,-19456,781312,-528384
62464,-510976,551936,-628736,176128,-33792,-961536,-2104320,33792,764928,-354304,802816,-803840,913408,553984,177152,107520,-1453056,-1048576,-90112,745472,-445440,216064,519168,775168,-1187840,-119808,-329728,-1004544,-800768,-889856,-425984,-678912,57344,861184,-857088,-396288,147456,435200,863232,0,-494592,-239616,327680,1110016,-2000896,-1249280,-77824,-380928,-437248,240640,-638976,-1052672,-636928,-875520,-747520,21504,-760832,-332800,-356352,-373760,358400,-278528,41984,326656,-167936,-179200,542720,463872,328704,634880,394240,-889856,548864,-765952,-283648,-490496,887808,350208,-914432,5120,-621568,-671744,-645120,-402432,1024000,282624,1360896,319488,-847872,-228352,-625664,630784,199680,-241664,884736,153600,140288,813056,-18432,64512,9216,-474112,-504832,-1583104,-831488,-664576,387072,591872,-319488,90112,69632,-304128,-837632,805888,463872,343040,319488,248832,638976,509952,-958464,1228800,-924672,-1251328,444416,-67584,82944,-732160,-59392,98304,-1386496,-128000,-527360,-393216,100352,107520,1070080,220160,9216,-244736,-364544,-385024,-331776,387072,-555008,-519168,-185344,-328704,1190912,-161792,-519168,77824,202752,884736,422912,-671744,1504256,-143360,494592,24576,-894976,-394240,575488,-220160,-1270784,-1669120,35840,1353728,-191488,-496640,285696,50176,-547840,-1050624,23552,402432,-1102848,-1780736,-598016,-704512,-12288,163840,456704,-1419264,135168,-309248,128000,809984,-343040,-412672,-617472,34816,641024,-920576,-312320,-747520,-769024,583680,-742400,35840,-239616,-308224,141312,-1481728,-1182720,-114688,-625664,214016,-232448,-342016,-559104,-346112,572416,-555008,675840,-541696,123904,101376,376832,541696,159744,-1045504,-322560,112640,-2048,482304,-1952768,0,-1325056,-1040384,-830464,62464,-723968,-239616,-482304,-1525760,187392,-7168,-687104,-544768,-899072,-758784,-1035264,-2048,-297984,-591872,-1505280,-633856,-336896,-1198080,-17408,-1211392,802816,-444416,489472,152576,234496,-663552,185344,-1599488,-540672,130048,245760,1036288,1390592,-399360,23552,-941056,-1671168,548864,-590848,57344,560128,-775168,826368,-104448,-295936,-216064,-496640,-1587200,206848,362496,-674816,-836608,-1108992,-608256,-1873920,278528,367616,-403456,-161792,-1067008,-799744,595968,12288,-1222656,-284672,-382976,-515072,550912,-537600,-273408,746496,1083392,208896,-193536,-1427456,316416,-574464,-520192,-259072,-888832,474112,-965632,-846848,314368,805888,840704,-158720
-1240064,-618496,-1117184,-876544,-1402880,-771072,-2058240,-619520,-983040,81920,-56320,-1299456,-1015808,-922624,41984,62464,-892928,1144832,-295936,630784,-36864,-899072,-1437696,-820224,-2188288,154624,-802816,-48128,420864,-183296,-624640,151552,-845824,238592,-368640,-932864,-1277952,-499712,-19456,-556032,-301056,-365568,129024,-115712,157696,-957440,-145408,-395264,-560128,-467968,-535552,-544768,-369664,-1135616,359424,957440,-1688576,-1020928,-969728,-1616896,-2130944,-1253376,-504832,-254976,-732160,-1610752,-1099776,47104,-845824,-1250304,-556032,-1293312,-343040,598016,-1254400,-379904,-631808,318464,-384000,-449536,-2361344,-319488,-73728,-114688,-200704,-812032,-538624,-1022976,-1339392,-2213888,-1047552,-110592,-308224,556032,-692224,-421888,-1426432,-539648,-381952,-486400,1042432,-1395712,-1081344,-1009664,146432,-979968,-738304,-1099776,-1124352,586752,-913408,390144,-992256,-1223680,-1373184,572416,208896,-925696,-647168,273408,232448,-803840,236544,-475136,-196608,-650240,-886784,-1433600,-297984,-572416,-918528,-896000,387072,139264,-382976,-547840,-2209792,-973824,-1282048,-1018880,52224,-1335296,-1134592,-197632,-677888,475136,277504,-1518592,-385024,-1064960,-1335296,-813056,285696,-655360,-305152,-976896,-387072,377856,-74752,-836608,-604160,-1299456,228352,583680,-438272,-2000896,-1895424,-306176,-1119232,-859136,-1807360,-1758208,-760832,-497664,957440,-539648,-453632,-467968,-569344,-1232896,211968,-1822720,-1656832,-317440,-1916928,-1545216,798720,-1593344,-1474560,-425984,-1463296,-1862656,-990208,-773120,-502784,44032,-820224,-23552,-745472,-2232320,-244736,203776,-760832,-1030144,-557056,-210944,-1415168,-439296,601088,-1330176,-1089536,-1078272,-421888,365568,-701440,-436224,-724992,96256,-201728,-989184,-3072,-327680,-413696,-292864,-2226176,-410624,-2035712,-516096,-556032,-245760,-539648,-1974272,-446464,-442368,-762880,-415744,-1321984,-1878016,-1013760,-468992,-130048,-223232,-222208,-846848,-425984,-996352,-1817600,-175104,-1187840,-1505280,-974848,-1090560,556032,-807936,-613376,-278528,-2006016,-300032,-1004544,-150528,-301056,-183296,-1149952,140288,-792576,-1391616,32768,-827392,-707584,231424,-1024000,-156672,-204800,-222208,-1338368,-2406400,-166912,-910336,300032,-562176,-833536,-1614848,-1137664,-1152000,-1588224,-1700864,-1025024,-792576,381952,-483328,-909312,114688,-1302528,-1695744,115712,-214016,-785408,-1273856,-581632,-101376,-1292288,-821248,-506880,-1512448,-1198080,-728064,-718848,-806912,831488,-1132544,168960,-948224,-1242112,-1127424,-258048,271360,-666624,-665600,-479232,-1079296
678912,-1175552,-1000448,-267264,664576,-309248,-562176,-86016,-429056,62464,-1154048,317440,551936,65536,733184,15360,-781312,-84992,847872,-624640,16384,-363520,-672768,557056,-197632,446464,-379904,869376,282624,937984,982016,-50176,295936,-410624,-111616,408576,250880,905216,66560,-279552,197632,165888,754688,266240,1892352,-1884160,-207872,-985088,224256,521216,166912,546816,1203200,1030144,1137664,268288,795648,69632,-522240,50176,756736,314368,723968,611328,-412672,513024,944128,630784,144384,-25600,1047552,122880,212992,293888,-228352,133120,-652288,967680,-5120,1015808,1134592,417792,-273408,441344,698368,857088,716800,40960,-659456,181248,-499712,-996352,813056,-976896,-669696,-402432,452608,657408,-294912,669696,878592,-394240,-353280,375808,-1401856,-334848,679936,53248,429056,530432,-979968,1072128,390144,-3089408,408576,-304128,-775168,146432,238592,728064,-294912,680960,-1211392,-641024,-70656,-222208,195584,-900096,640000,-1056768,271360,714752,-984064,523264,711680,859136,-159744,394240,452608,-307200,-120832,-60416,-1200128,-1922048,-416768,519168,380928,402432,-514048,503808,422912,-399360,508928,158720,-27648,352256,262144,141312,488448,160768,285696,-1253376,-1024,118784,-326656,-728064,133120,1040384,-415744,680960,-321536,117760,-265216,703488,-954368,403456,-1429504,-453632,39936,-215040,135168,-462848,-516096,633856,603136,-1355776,-289792,-112640,1090560,271360,-152576,-1204224,-224256,-629760,-468992,-1244160,190464,144384,-1154048,1683456,-65536,68608,-409600,1569792,1646592,-337920,-832512,805888,-574464,-454656,400384,-1659904,900096,-227328,-1538048,-44032,448512,-90112,-488448,-161792,-1238016,632832,690176,-988160,308224,-282624,582656,-1088512,161792,388096,-314368,-350208,38912,-207872,321536,405504,672768,468992,1175552,-543744,-722944,-651264,26624,-240640,-839680,-169984,-342016,-1275904,32768,1248256,-183296,1149952,-1249280,-63488,-96256,-293888,-166912,-37888,-693248,764928,392192,-197632,559104,614400,472064,-30720,-13312,-972800,574464,-479232,-189440,402432,-231424,285696,-964608,-480256,560128,-561152,-116736,260096,431104,323584,-393216,95232,720896,-221184,-707584,143360,334848,-1122304,-1854464,-1297408,792576,712704,-727040,418816,1159168,151552,538624,-525312,33792,664576,-438272,548864,569344,-1302528,-485376,438272,110592,755712,-870400,-146432,-31744,-485376,20480,-909312,-229376,-235520,-349184,-95232
376832,30720,-787456,-1178624,201728,-328704,874496,551936,-540672,446464,412672,-700416,50176,260096,-905216,-394240,-828416,278528,1085440,-406528,-408576,-618496,568320,-1024,289792,-1353728,-1061888,-398336,-956416,-714752,382976,-764928,334848,-501760,-977920,-552960,-148480,740352,112640,-815104,-147456,-418816,-1035264,41984,-199680,-790528,-965632,-947200,-958464,-1508352,-1165312,308224,-1078272,-494592,-497664,-799744,158720,201728,449536,-596992,-392192,-362496,1405952,77824,188416,-1089536,-1036288,-1005568,-96256,-900096,-1518592,-287744,-293888,-439296,-390144,758784,-465920,-137216,-513024,398336,-118784,-849920,-975872,-412672,366592,71680,-178176,-130048,220160,1098752,-1920000,-724992,-670720,-765952,-280576,-1112064,431104,-92160,544768,39936,175104,63488,553984,-70656,545792,-337920,-894976,-1042432,-1108992,-165888,-370688,-902144,-612352,988160,525312,-903168,-635904,219136,-970752,-1562624,-139264,1121280,-1086464,-335872,-46080,-25600,751616,543744,-1483776,210944,-119808,-797696,666624,47104,-1157120,99328,-1012736,-214016,-343040,-443392,-796672,-234496,-655360,1131520,777216,873472,990208,-1345536,520192,-284672,60416,-358400,353280,-222208,308224,-691200,-555008,795648,625664,440320,-1062912,-322560,-716800,887808,-516096,-794624,-703488,596992,-607232,-1804288,-693248,-1602560,-1508352,-801792,-1184768,434176,-697344,46080,-609280,-335872,-911360,326656,-134144,-485376,590848,-366592,232448,-681984,531456,864256,-27648,-2275328,-64512,309248,271360,-549888,497664,-174080,-129024,-575488,-1045504,177152,-770048,77824,-381952,703488,-831488,-142336,-185344,367616,-649216,-948224,-587776,459776,-747520,-32768,-340992,-465920,-1338368,-640000,-928768,123904,312320,-413696,449536,-990208,89088,321536,-317440,-2330624,-18432,-235520,398336,-253952,-208896,904192,694272,-291840,-1034240,-83968,254976,412672,89088,-644096,875520,-837632,-173056,-165888,764928,-1005568,-425984,-177152,541696,793600,-851968,-581632,-8192,-911360,-415744,-403456,-159744,-335872,-154624,309248,-1417216,-583680,176128,193536,-62464,49152,-832512,-354304,260096,-616448,-480256,-916480,-1170432,-754688,-649216,-69632,461824,-1141760,-1247232,-187392,-845824,-1076224,224256,-1287168,-513024,-159744,-643072,-515072,-295936,-1254400,657408,-352256,-1035264,32768,-222208,-453632,37888,-239616,-1802240,178176,-432128,-1631232,-1038336,846848,55296,-155648,-260096,349184,-858112,193536,-217088,-488448,214016,326656,1380352,-290816
-235520,318464,-666624,312320,-502784,-864256,6144,133120,-429056,-667648,-473088,-444416,304128,687104,599040,471040,-963584,-183296,-135168,-365568,-998400,-876544,365568,-59392,323584,-14336,136192,-921600,48128,-1063936,-1188864,281600,-530432,967680,176128,-277504,-965632,675840,621568,-1755136,-138240,1185792,397312,-1047552,1238016,470016,-1107968,-354304,419840,-970752,772096,-40960,117760,-388096,-140288,-622592,-1232896,72704,-732160,-704512,814080,252928,1313792,-16384,-230400,129024,399360,-1337344,-444416,-60416,1554432,-1849344,81920,101376,-282624,-694272,520192,-1086464,539648,-1582080,-301056,-234496,328704,172032,176128,90112,-379904,-49152,373760,-713728,-751616,335872,493568,-695296,588800,365568,-1129472,-202752,512000,-798720,420864,850944,136192,481280,-291840,-1200128,-638976,-34816,-607232,643072,-296960,-141312,-202752,-670720,328704,-349184,-960512,-374784,-572416,241664,-91136,405504,173056,103424,-1146880,248832,-629760,256000,-69632,108544,-176128,1077248,-38912,-669696,-134144,-1189888,-407552,-736256,-50176,317440,-241664,-43008,-545792,-173056,133120,-832512,111616,632832,647168,-726016,-83968,-278528,-1346560,-569344,-930816,465920,-1022976,-435200,269312,-211968,336896,-689152,-688128,1529856,75776,132096,-353280,-439296,-273408,-108544,-394240,136192,804864,-109568,27648,-502784,370688,-624640,-1259520,-67584,-1331200,-674816,-1071104,407552,64512,492544,-1710080,-691200,124928,-588800,-596992,926720,-604160,70656,457728,-735232,873472,-1453056,-411648,849920,1081344,-291840,307200,64512,498688,-515072,-896000,-401408,-252928,-1423360,473088,-495616,-440320,430080,-778240,-487424,436224,-647168,309248,1274880,-442368,2242560,-232448,850944,-1187840,-407552,54272,-338944,1215488,-401408,-839680,-300032,-796672,-1317888,280576,-194560,-963584,450560,-794624,16384,1259520,-18432,100352,-256000,-905216,655360,-795648,-243712,922624,95232,-306176,-1177600,282624,-503808,14336,-156672,-799744,314368,-948224,131072,-494592,-1355776,1134592,-2178048,-103424,353280,-137216,477184,1185792,-507904,-599040,2048,620544,1809408,396288,334848,-330752,229376,-390144,1140736,-490496,-1218560,-1067008,-1115136,-871424,974848,-457728,-265216,786432,-749568,-285696,17408,-649216,-59392,112640,755712,-143360,-185344,75776,-733184,-200704,-665600,-1665024,-621568,474112,-628736,667648,-98304,-492544,553984,-8192,-1129472,232448,-1616896,-931840,968704,-648192,-458752,-10240,320512
209920,1931264,-48128,501760,-521216,-933888,-240640,-251904,-685056,271360,2006016,500736,212992,-1586176,528384,-1675264,55296,-352256,4096,-481280,-1332224,568320,-380928,-258048,-391168,-528384,431104,280576,1418240,-524288,813056,-665600,-855040,498688,-129024,-1140736,-93184,-629760,254976,-3072,-48128,626688,139264,7168,-4096,388096,-281600,1604608,-550912,-531456,-969728,-333824,1017856,-159744,-1001472,-149504,642048,829440,-377856,1269760,305152,475136,-360448,144384,79872,-447488,-416768,-300032,614400,1411072,-41984,-19456,1402880,-1740800,183296,-40960,-1074176,813056,-101376,250880,-477184,-138240,-668672,1181696,1146880,1136640,850944,18432,-14336,-366592,-249856,-455680,-724992,843776,337920,945152,65536,1088512,249856,450560,-745472,546816,553984,72704,391168,828416,637952,173056,419840,-114688,-71680,-1568768,670720,28672,380928,736256,224256,-159744,17408,-91136,-1239040,593920,1030144,-663552,418816,1261568,159744,1471488,-274432,-681984,713728,302080,410624,220160,194560,1273856,58368,-510976,401408,35840,-2066432,256000,-249856,-9216,1309696,-23552,484352,467968,-326656,-199680,-429056,-553984,887808,781312,93184,-97280,-538624,1550336,-549888,242688,-90112,758784,1106944,35840,-41984,224256,-486400,-307200,455680,1139712,612352,503808,-912384,263168,-542720,55296,-257024,-340992,1396736,-1896448,-541696,708608,-359424,-1120256,-177152,-1024,147456,-526336,351232,711680,389120,1200128,-267264,716800,-963584,278528,-730112,549888,348160,-1750016,1351680,329728,385024,-39936,188416,-455680,1032192,-29696,112640,748544,35840,1148928,1031168,163840,624640,-227328,1440768,-122880,486400,-579584,552960,-1600512,-47104,12288,-83968,822272,1202176,434176,441344,1781760,-1309696,-73728,1473536,378880,353280,-23552,277504,-585728,-218112,221184,-982016,-751616,35840,472064,-1759232,334848,-716800,-1083392,161792,1031168,-29696,484352,17408,786432,1576960,-726016,1009664,1060864,-799744,-531456,409600,-815104,-398336,1163264,795648,-1516544,931840,-250880,84992,-967680,872448,1620992,241664,4096,-561152,-129024,342016,-637952,-375808,-1620992,73728,788480,-125952,1045504,77824,109568,-1367040,-521216,318464,96256,-259072,-574464,516096,197632,-599040,-293888,-324608,-84992,1100800,-244736,-515072,124928,-852992,-456704,204800,-400384,-747520,526336,425984,-91136,531456,-461824,455680,899072,-117760,-108544,-556032,-727040,-254976,-311296
-1723392,-661504,-1882112,-231424,-1685504,-547840,-1033216,-136192,-1544192,-976896,-737280,-587776,-1482752,-1318912,587776,-1465344,435200,-13312,649216,-441344,-520192,-1228800,-695296,-1152000,-424960,-577536,-846848,263168,-410624,-1079296,-720896,-613376,-604160,-1140736,-885760,459776,-901120,-96256,-582656,-1073152,-149504,-1252352,-1124352,-540672,-50176,-875520,287744,-123904,-1402880,-1610752,-1709056,-109568,-1013760,-482304,-735232,-1114112,143360,396288,-93184,-712704,-412672,-335872,-1318912,-64512,80896,-1102848,-2076672,-1078272,-406528,-901120,-575488,-1122304,-848896,-1610752,-566272,-152576,65536,-744448,-273408,-259072,43008,-405504,-121856,-870400,680960,-1405952,-1040384,-552960,-2294784,-1100800,-539648,-738304,-361472,-653312,376832,932864,-735232,-1471488,-149504,-856064,-733184,828416,-1038336,320512,-883712,-543744,-606208,-417792,-47104,-545792,-389120,-889856,-805888,-1640448,-219136,-626688,-1489920,-499712,-1558528,-850944,53248,287744,-625664,-1068032,-1738752,-615424,-1167360,-947200,-372736,-982016,-643072,-618496,-109568,-541696,-531456,-3239936,-318464,218112,-1772544,-427008,-1050624,-1531904,-577536,-509952,-859136,-1423360,43008,-1509376,754688,-435200,-882688,764928,197632,45056,-1703936,-1250304,84992,191488,-1617920,-249856,-1071104,21504,-1246208,-621568,-903168,-270336,-1364992,-798720,-1037312,-643072,-1152000,-1041408,-960512,268288,-1157120,-265216,-1819648,-1169408,-689152,-218112,-863232,-1284096,-599040,-841728,-361472,-1528832,1024,-1056768,-581632,-1737728,-1716224,-1141760,-1534976,-1168384,-860160,-442368,-784384,-1501184,-2713600,-478208,-214016,-1092608,-15360,-263168,-806912,-267264,-903168,-2353152,-1006592,431104,-1546240,-786432,-718848,-537600,-1229824,-1296384,-86016,-2109440,445440,-1082368,-1340416,-83968,140288,-342016,-655360,-1309696,-927744,-663552,442368,45056,-830464,58368,-1679360,-126976,-1200128,-146432,-834560,-1714176,570368,-1547264,-424960,-1142784,-424960,-735232,-1183744,-1334272,-1982464,-184320,-643072,-802816,-1012736,-172032,-17408,-105472,-601088,-351232,-991232,-906240,-388096,-517120,81920,-794624,-1097728,-591872,-816128,-1229824,-1253376,-955392,-927744,-233472,-230400,-1097728,-228352,-402432,-1626112,-483328,-915456,-113664,-2192384,-525312,182272,-1669120,-1083392,-1300480,-609280,-61440,-1138688,-745472,133120,92160,-375808,472064,-765952,-287744,-530432,-1045504,483328,-147456,-1284096,-711680,-1312768,-1397760,-1373184,-1944576,-1028096,-10240,-1138688,-519168,-79872,161792,-532480,-339968,-770048,-829440,-391168,-557056,765952,-2111488,-230400,-1132544
413696,-648192,587776,321536,779264,1470464,950272,-579584,1874944,1821696,671744,1722368,605184,-40960,453632,-685056,-718848,756736,-1226752,51200,748544,328704,462848,890880,234496,76800,-1773568,-1465344,-481280,-95232,-516096,2375680,1659904,1159168,1599488,-156672,222208,-231424,869376,-211968,515072,992256,236544,215040,1376256,-527360,878592,164864,-157696,332800,-662528,-321536,613376,333824,786432,178176,655360,-126976,-238592,843776,705536,676864,588800,-155648,673792,677888,-102400,816128,109568,534528,-655360,-345088,1135616,607232,-594944,-454656,-538624,-172032,-91136,1609728,83968,352256,795648,-451584,-263168,-721920,513024,1496064,617472,733184,287744,317440,474112,-80896,991232,10240,-770048,380928,2291712,-218112,-95232,288768,-387072,-892928,334848,194560,1094656,746496,628736,1126400,323584,1773568,-378880,122880,429056,-521216,1632256,89088,1195008,541696,-295936,67584,575488,131072,434176,523264,-172032,-72704,359424,-409600,502784,1262592,830464,-104448,454656,305152,346112,-460800,88064,390144,837632,-1166336,-498688,-996352,169984,233472,-302080,-710656,68608,-393216,-720896,462848,536576,3072,37888,970752,232448,818176,50176,1268736,282624,385024,520192,529408,-513024,1642496,-552960,-29696,1313792,1055744,1003520,47104,-1133568,774144,-179200,-1006592,-283648,-190464,-484352,-1312768,-461824,561152,764928,120832,-743424,-134144,58368,1316864,155648,86016,1228800,-137216,-13312,-463872,-6144,-32768,-450560,-23552,-367616,-391168,-79872,869376,-567296,613376,-571392,-124928,-454656,430080,1681408,1447936,-340992,-265216,1110016,52224,185344,416768,-533504,559104,1232896,-654336,134144,256000,-596992,551936,-892928,-720896,777216,-248832,374784,1187840,-382976,645120,1129472,340992,-1171456,891904,-458752,397312,-369664,120832,1195008,319488,-860160,188416,-10240,-257024,842752,-650240,-339968,-49152,-520192,-18432,-583680,-1079296,-760832,-110592,-650240,999424,-301056,-98304,-120832,-253952,1981440,33792,189440,173056,1166336,520192,392192,-795648,25600,384000,-203776,-785408,52224,130048,-410624,-652288,157696,76800,418816,26624,972800,614400,-393216,654336,-525312,251904,211968,-73728,666624,307200,-147456,442368,-1054720,762880,855040,197632,-35840,-1638400,-65536,295936,214016,212992,443392,253952,553984,596992,459776,44032,427008,505856,121856,-208896,3072,772096,1244160,344064,-1099776,452608
-1586176,-1412096,1249280,-1033216,-951296,-983040,-558080,-392192,820224,329728,-270336,154624,-217088,254976,475136,-864256,-889856,760832,-138240,930816,-339968,119808,-825344,-205824,-699392,484352,577536,50176,462848,447488,46080,-72704,123904,-714752,-70656,793600,287744,41984,286720,675840,384000,897024,-389120,421888,1269760,-99328,851968,-633856,-268288,-1171456,-304128,-1295360,-574464,-113664,-674816,-669696,-309248,711680,-764928,-418816,-1281024,-1334272,1012736,375808,570368,1638400,-848896,254976,317440,49152,-933888,-620544,-420864,705536,-99328,-1304576,124928,-616448,-983040,-295936,-357376,167936,-131072,-362496,581632,-342016,299008,-86016,814080,-750592,-168960,461824,-6144,1447936,28672,265216,392192,11264,-391168,-500736,572416,-185344,81920,-75776,375808,-787456,32768,-902144,-762880,-1185792,-1475584,1309696,33792,1127424,-174080,215040,-8192,-1302528,260096,468992,99328,30720,575488,-6144,-1851392,-965632,35840,199680,-412672,205824,-162816,463872,59392,-271360,324608,912384,-556032,77824,169984,-1886208,281600,490496,1363968,593920,501760,-27648,540672,337920,-696320,-450560,-172032,820224,-1187840,-645120,-806912,-757760,-876544,-403456,-1238016,-646144,-82944,-501760,-766976,349184,235520,827392,221184,751616,2048,-544768,-603136,-802816,-54272,-89088,-439296,-71680,-1803264,-372736,477184,-397312,292864,-205824,-854016,189440,-415744,231424,263168,71680,1216512,-621568,-1509376,685056,277504,-521216,755712,245760,-827392,-451584,723968,79872,-538624,-512000,371712,-23552,-15360,660480,318464,-322560,115712,-91136,186368,773120,246784,-250880,1431552,-1063936,-515072,-574464,-678912,-90112,-887808,-813056,-1082368,-443392,-404480,-214016,-246784,-21504,-805888,-205824,194560,-1763328,1111040,230400,-761856,406528,-312320,-948224,-646144,-55296,-1171456,-674816,102400,-118784,-158720,73728,-1723392,1377280,-763904,109568,209920,-567296,-325632,-1038336,-669696,-151552,-15360,-1147904,-16384,-584704,-388096,120832,637952,270336,-1090560,10240,-735232,16384,-50176,-261120,220160,-499712,703488,-790528,355328,-619520,-97280,916480,-839680,-626688,-971776,-377856,102400,-958464,-375808,-65536,-935936,-1273856,93184,230400,-156672,-136192,539648,-775168,1040384,-76800,-11264,-282624,-647168,-436224,473088,-8192,-550912,580608,-1154048,226304,73728,-1209344,1707008,-143360,-1064960,171008,-808960,-1381376,1108992,-117760,237568,1251328,-23552,-34816
-1093632,-495616,-1043456,-163840,110592,290816,-242688,-401408,-1091584,93184,250880,-63488,-280576,-1300480,577536,-2608128,-1016832,-404480,399360,-1769472,453632,35840,-832512,36864,-61440,-577536,-9216,-905216,-1371136,-1327104,52224,-1053696,-145408,-199680,-338944,-1525760,-783360,-798720,-587776,-896000,-1411072,-1527808,149504,-98304,-152576,299008,-137216,-1861632,-833536,136192,-870400,-342016,-132096,286720,-37888,-547840,-435200,-1581056,-1563648,-1185792,-258048,-484352,-1513472,-258048,237568,-1230848,-1907712,439296,-316416,-1297408,986112,-269312,80896,-1445888,-258048,222208,-25600,-1406976,-988160,-1582080,152576,-407552,-373760,-178176,384000,-522240,-36864,-185344,446464,-1385472,-648192,699392,-386048,-1485824,-422912,-104448,-580608,338944,-204800,291840,1004544,-385024,-1083392,1044480,-2551808,-882688,-1277952,-963584,-444416,-592896,56320,130048,-24576,-611328,-751616,26624,16384,650240,-300032,-403456,216064,-1072128,-54272,-1471488,-824320,-1766400,310272,236544,849920,-616448,282624,-917504,-1073152,-786432,-1364992,-239616,-590848,343040,150528,-643072,-1459200,-824320,269312,-143360,825344,-136192,347136,880640,-8192,-485376,777216,166912,1488896,-4096,-1085440,514048,611328,-355328,322560,-518144,646144,-762880,59392,-991232,152576,-1488896,-1101824,-1780736,-399360,-489472,-172032,948224,-157696,312320,-703488,-1743872,-1058816,-178176,-1116160,-102400,-1153024,-996352,-1074176,-1188864,-700416,286720,-971776,-598016,-162816,-289792,-324608,-1209344,-2178048,-912384,-351232,-1582080,59392,-743424,-120832,-32768,406528,153600,-781312,-1195008,-984064,-2307072,-960512,1076224,-1188864,-51200,-698368,-449536,-90112,115712,-2079744,-1138688,-1061888,-317440,-778240,-226304,-364544,-605184,-1053696,-875520,187392,-1190912,-325632,-470016,-475136,384000,397312,369664,-2020352,-208896,-281600,-1124352,1529856,-636928,-1488896,-830464,690176,-1219584,-681984,-1173504,-75776,-179200,488448,-398336,1258496,-1223680,-866304,273408,-955392,-1582080,-140288,-760832,-428032,276480,-796672,-1291264,-1115136,-928768,278528,129024,-69632,824320,-1309696,-347136,246784,-38912,207872,-582656,-358400,-476160,-777216,292864,313344,694272,-345088,540672,-106496,-1998848,-795648,-422912,-254976,335872,-92160,816128,-397312,-545792,-1003520,668672,-464896,754688,-868352,225280,-165888,-89088,134144,113664,-552960,-223232,-1035264,-779264,983040,175104,-455680,975872,105472,525312,-157696,-798720,611328,-540672,-319488,-405504,98304,471040,700416,-1817600
583680,1579008,455680,-668672,-402432,-1124352,-891904,-464896,-126976,609280,484352,-151552,-989184,-409600,196608,-850944,1295360,36864,960512,1255424,1295360,71680,630784,1433600,-713728,-522240,-179200,670720,297984,100352,217088,-321536,259072,-21504,-628736,116736,-49152,662528,2440192,952320,-447488,1319936,-79872,-1417216,-207872,926720,-159744,628736,-825344,395264,-395264,799744,616448,-232448,1462272,1990656,816128,139264,-58368,-134144,160768,380928,333824,1226752,-278528,398336,542720,430080,1561600,43008,-84992,354304,-202752,190464,39936,1031168,691200,630784,1377280,586752,-26624,698368,900096,254976,-234496,75776,560128,609280,162816,-50176,-683008,815104,291840,158720,-561152,-914432,-81920,196608,144384,-80896,123904,40960,649216,1184768,774144,-485376,36864,-442368,243712,-1002496,935936,-578560,-1025024,165888,113664,1585152,693248,-409600,-185344,-929792,-928768,477184,1474560,412672,-367616,485376,193536,-275456,615424,1778688,783360,-771072,1036288,411648,236544,1451008,636928,1095680,-829440,-138240,17408,945152,966656,1161216,-945152,-752640,1417216,940032,-443392,-10240,-350208,249856,1341440,142336,-133120,-442368,301056,-982016,152576,-780288,121856,-206848,378880,-831488,-854016,-205824,1235968,97280,-974848,830464,451584,-973824,731136,-25600,60416,-190464,-578560,1223680,145408,346112,1807360,-503808,-1396736,-632832,198656,1870848,849920,-454656,-629760,1162240,279552,-375808,-232448,-446464,-268288,-936960,1214464,52224,-648192,245760,189440,1038336,883712,122880,605184,1842176,774144,932864,-319488,-1141760,-120832,-253952,314368,923648,-559104,-205824,-288768,118784,-543744,1509376,-2610176,-3072,2048,104448,816128,1511424,273408,-335872,451584,-1127424,97280,-276480,84992,-645120,480256,167936,76800,-926720,-204800,126976,-412672,-869376,838656,736256,1213440,779264,-1178624,17408,-530432,-1394688,-601088,159744,384000,1448960,739328,-1020928,7168,-531456,-717824,465920,-798720,-489472,134144,-580608,297984,278528,140288,-302080,-325632,144384,756736,542720,-20480,252928,-899072,-5120,2048,-456704,348160,-182272,685056,203776,1453056,468992,600064,724992,121856,1721344,-191488,844800,-215040,333824,-55296,-221184,-867328,-246784,-1443840,-1129472,137216,-454656,1494016,484352,351232,-125952,-1051648,763904,292864,5120,823296,435200,772096,358400,392192,-289792,-244736,-231424,-497664,1307648,805888,156672
-333824,140288,326656,636928,685056,-474112,640000,-647168,-483328,-66560,-1217536,-629760,-823296,-640000,284672,956416,-1108992,1061888,236544,62464,-888832,56320,120832,-224256,613376,-459776,-604160,795648,526336,-33792,-633856,262144,851968,-296960,79872,416768,857088,-162816,-538624,-806912,823296,1089536,593920,-1073152,-177152,786432,-492544,-734208,133120,-2221056,396288,-101376,728064,1721344,431104,232448,-371712,-61440,-905216,568320,-88064,-218112,118784,-1113088,1097728,72704,-84992,-90112,-253952,518144,637952,-291840,241664,105472,184320,804864,-856064,19456,320512,749568,496640,726016,-172032,-695296,375808,-446464,314368,845824,-918528,-703488,-1043456,372736,907264,0,-420864,1466368,-1467392,-75776,-90112,909312,40960,1059840,-1028096,13312,-471040,379904,1219584,-211968,709632,-328704,608256,521216,595968,76800,163840,565248,-993280,772096,311296,-171008,-108544,633856,1201152,-316416,-1136640,-945152,-987136,-976896,-74752,-481280,563200,-454656,-409600,-59392,-439296,-339968,-512000,-897024,534528,1591296,-61440,815104,-543744,-904192,-274432,-327680,50176,1772544,-102400,-211968,-766976,41984,-318464,536576,-375808,214016,822272,-1810432,332800,417792,935936,59392,286720,1004544,-295936,79872,438272,-768000,-114688,-496640,-785408,-844800,166912,-450560,-1138688,-561152,-67584,77824,-481280,203776,527360,799744,273408,175104,-60416,762880,216064,544768,-41984,-35840,-406528,133120,860160,-312320,-1426432,-118784,-831488,1282048,-975872,-413696,-546816,-533504,-900096,-81920,-556032,632832,-935936,1240064,-20480,-843776,813056,-825344,1448960,362496,-19456,-1940480,226304,-830464,-263168,945152,-617472,654336,684032,-584704,-75776,-1057792,-529408,287744,644096,-650240,894976,-220160,524288,-192512,-191488,-1381376,660480,181248,7168,285696,-175104,-988160,268288,-1723392,-1526784,-1263616,1095680,-125952,572416,934912,144384,573440,-251904,-214016,-160768,-340992,-1143808,1798144,-8192,752640,-4096,-1146880,692224,464896,-702464,-1471488,491520,315392,637952,-791552,-700416,263168,-760832,-1196032,291840,-447488,-52224,1032192,-444416,-375808,-446464,-443392,520192,-704512,192512,671744,259072,550912,-181248,-41984,592896,-1451008,-385024,-224256,-666624,-430080,-272384,112640,-1008640,-1182720,-890880,-884736,-1735680,673792,448512,93184,701440,-405504,-241664,-364544,-664576,-209920,-773120,-166912,-1267712,-1054720,422912,641024,-878592,84992
1159168,1226752,924672,-980992,129024,1528832,-34816,-392192,1639424,254976,283648,527360,1616896,801792,631808,188416,-123904,551936,-848896,691200,300032,1164288,820224,2048,-52224,-137216,-637952,11264,690176,-100352,1258496,-157696,319488,-133120,-919552,-722944,1419264,664576,1542144,1727488,543744,16384,1091584,790528,-18432,347136,622592,513024,633856,1612800,1112064,308224,878592,-640000,-83968,630784,-246784,684032,-393216,801792,703488,830464,-618496,475136,-670720,1150976,477184,13312,1175552,-29696,252928,155648,1012736,-83968,552960,500736,420864,-451584,204800,-1010688,1977344,765952,128000,773120,396288,1003520,991232,251904,594944,843776,737280,199680,754688,662528,603136,-84992,782336,277504,916480,874496,297984,616448,-297984,344064,648192,688128,657408,373760,550912,64512,51200,-1541120,-1658880,1697792,343040,-95232,208896,625664,672768,-46080,751616,416768,371712,-546816,1034240,581632,964608,901120,-135168,-406528,-476160,34816,230400,750592,-942080,829440,-90112,-338944,380928,856064,-1205248,137216,1468416,387072,521216,-44032,1292288,300032,843776,479232,60416,470016,4096,966656,838656,337920,36864,1126400,487424,120832,461824,393216,248832,508928,483328,394240,1530880,339968,963584,285696,-308224,125952,804864,661504,-1378304,671744,286720,-311296,2402304,-897024,294912,-408576,-73728,40960,356352,656384,-3072,160768,312320,633856,247808,1366016,561152,-279552,1921024,438272,72704,434176,283648,369664,-266240,910336,-192512,1366016,651264,1155072,-601088,-702464,-995328,603136,560128,-59392,-1041408,-322560,470016,-137216,971776,1200128,714752,698368,1486848,504832,-40960,11264,1013760,941056,-1114112,750592,-353280,-187392,356352,973824,821248,745472,1007616,550912,482304,171008,-433152,355328,259072,906240,73728,1312768,-221184,1433600,732160,475136,1185792,625664,-1539072,-40960,-29696,-444416,1539072,-134144,1139712,160768,58368,-787456,428032,-81920,-305152,378880,1245184,421888,406528,-1475584,-39936,1175552,-405504,1261568,651264,-1021952,-667648,713728,1085440,-97280,232448,-27648,254976,-192512,-1228800,1177600,840704,818176,-598016,84992,-336896,-693248,1027072,-92160,-106496,51200,-1324032,492544,-305152,377856,60416,641024,-1433600,-12288,-1015808,119808,701440,238592,-320512,-14336,997376,-282624,140288,-483328,-304128,854016,673792,122880,1371136,864256,245760,-244736
-517120,-1032192,366592,-2403328,-1159168,-476160,-809984,5120,33792,28672,156672,-106496,-683008,44032,-254976,-160768,921600,-137216,21504,-1726464,-1439744,18432,-537600,322560,-746496,-175104,348160,-963584,-219136,24576,-1249280,-413696,-716800,-602112,-733184,-1114112,-1128448,93184,-335872,-184320,1616896,-673792,-190464,1059840,192512,999424,547840,131072,-155648,320512,-1433600,1153024,-122880,-449536,-363520,176128,-734208,-1024,570368,-14336,-517120,145408,-970752,-1024,-286720,5120,-215040,287744,-345088,369664,-83968,75776,253952,145408,98304,124928,-693248,-1070080,-821248,-2361344,-1009664,-619520,421888,248832,-545792,-406528,398336,-416768,-300032,-35840,373760,-904192,138240,1516544,-269312,-336896,306176,247808,125952,-346112,-451584,944128,571392,-667648,-329728,-876544,-421888,132096,-227328,-814080,232448,-743424,1267712,-513024,793600,-179200,-1400832,-1323008,-1372160,116736,-592896,504832,-44032,455680,664576,-533504,-360448,-536576,1071104,616448,-1436672,-800768,259072,-1036288,147456,-1465344,588800,-365568,-1016832,688128,-436224,-430080,-363520,184320,-837632,-189440,403456,-345088,478208,-344064,344064,28672,90112,-621568,-555008,-1978368,74752,-201728,-33792,-1362944,-1078272,832512,149504,-288768,-443392,-210944,-448512,157696,252928,-698368,58368,340992,-870400,-310272,783360,680960,28672,400384,-1197056,-1077248,-307200,-1191936,-1531904,-687104,-662528,-536576,-196608,-549888,976896,-1537024,-659456,141312,-642048,-323584,405504,-579584,210944,-650240,-1284096,-565248,-379904,-427008,432128,-304128,-988160,274432,-261120,-7168,-294912,145408,-656384,-660480,173056,-698368,-494592,-61440,-162816,-153600,-721920,224256,-212992,-1337344,799744,-656384,346112,-876544,-1751040,-1447936,96256,-262144,0,-102400,-137216,-1386496,-72704,-686080,-1120256,-517120,1030144,-479232,-1144832,-93184,732160,-872448,-428032,-52224,-242688,542720,177152,327680,306176,219136,-22528,-1152000,208896,-18432,143360,1434624,-694272,-738304,173056,198656,-567296,-33792,-444416,-2253824,399360,-575488,-976896,-154624,-360448,167936,-400384,-1333248,29696,-928768,-1233920,535552,-28672,-99328,-162816,-1276928,-115712,200704,-793600,-842752,497664,-1522688,-564224,307200,-558080,474112,-366592,-413696,-2146304,510976,13312,30720,-1680384,-603136,-1442816,-1150976,-160768,-1550336,-891904,-326656,13312,-216064,-858112,-1366016,-227328,-555008,-390144,-774144,-1299456,-1076224,665600,846848,-275456,50176
-138240,-650240,425984,-549888,47104,-66560,519168,-22528,-1607680,-9216,-1530880,-1164288,409600,-123904,797696,-776192,-965632,-728064,-41984,583680,177152,429056,-310272,-239616,-588800,-700416,-1046528,131072,-979968,885760,-993280,500736,-779264,105472,-178176,801792,-1007616,-1254400,-834560,-468992,523264,496640,-1598464,194560,-730112,-457728,-601088,-251904,372736,-95232,106496,991232,-1873920,-1512448,-933888,-195584,-272384,-430080,1082368,-1223680,-861184,-822272,-360448,279552,-460800,-1756160,-112640,103424,191488,889856,-979968,-1265664,-1635328,390144,-765952,185344,-417792,-117760,-151552,-878592,-666624,-433152,-1305600,-460800,-904192,-1259520,855040,-186368,-490496,-345088,-1046528,-405504,224256,-598016,-1065984,-530432,33792,-745472,-486400,561152,-411648,247808,-274432,-185344,-1083392,90112,-445440,-363520,-47104,-343040,-924672,331776,-715776,-748544,-319488,-756736,-1029120,243712,-720896,-439296,667648,344064,-707584,-1572864,168960,602112,-2048,111616,136192,-66560,-1185792,-579584,-2038784,-409600,-251904,-521216,-601088,-500736,-528384,-387072,-919552,-1988608,-220160,125952,-362496,589824,-1260544,-867328,-386048,-578560,-1036288,-196608,94208,-1479680,1059840,143360,-253952,244736,-322560,593920,-470016,133120,780288,49152,-589824,-1253376,-1373184,-613376,-366592,-490496,914432,982016,789504,61440,-330752,-499712,-583680,-553984,367616,427008,-1163264,27648,-611328,-452608,-158720,-913408,-863232,-370688,-1701888,-1430528,594944,16384,117760,-20480,63488,-593920,-1181696,214016,497664,-1366016,-612352,478208,-410624,-1298432,-1152000,-787456,-751616,-1487872,1053696,-232448,-398336,-8192,-481280,16384,723968,-323584,-139264,-1456128,229376,-396288,-1076224,-811008,-1010688,-978944,-888832,-1172480,-133120,160768,501760,-1107968,-684032,-50176,-334848,834560,-320512,-418816,-342016,-264192,201728,70656,-1668096,-630784,-1517568,-502784,3072,-433152,-160768,-394240,37888,306176,-1328128,-1169408,279552,-521216,135168,73728,-485376,-1260544,-617472,-276480,-416768,-651264,-1073152,-256000,-50176,327680,649216,995328,-364544,-2056192,250880,10240,-482304,476160,-962560,467968,-580608,-326656,338944,-549888,-1118208,-991232,-534528,-216064,7168,307200,73728,-778240,-113664,-1211392,-232448,197632,-1090560,279552,-1426432,-198656,-556032,40960,16384,-879616,-2401280,-833536,-195584,-1256448,-887808,-245760,-219136,-140288,919552,-821248,-90112,222208,455680,-962560,-359424,442368,-950272,-761856,-1674240,-1186816
541696,1289216,499712,649216,487424,195584,829440,-405504,790528,-434176,758784,-679936,541696,-1148928,-373760,632832,1200128,-573440,-1171456,36864,-462848,-1314816,-1362944,728064,1082368,166912,2548736,343040,972800,113664,-153600,1465344,8192,-994304,-233472,581632,-575488,430080,451584,191488,135168,1084416,-707584,303104,-109568,183296,752640,-907264,-114688,-1290240,289792,-280576,304128,477184,630784,723968,-271360,1144832,37888,128000,706560,285696,-814080,614400,425984,175104,-192512,-343040,562176,-189440,891904,-825344,663552,867328,879616,679936,396288,-311296,964608,-363520,-272384,-327680,-100352,747520,472064,274432,-742400,-244736,-214016,-525312,1116160,-660480,614400,-728064,-867328,1796096,-449536,1000448,-199680,768000,-592896,1499136,-762880,-345088,1685504,392192,-242688,-186368,-406528,1249280,162816,-666624,-308224,-27648,252928,784384,-20480,-374784,740352,456704,204800,518144,591872,708608,-381952,-124928,671744,-927744,778240,1315840,-815104,879616,1008640,1253376,804864,1216512,-79872,587776,-129024,600064,1251328,-263168,-153600,-516096,1400832,1017856,-609280,-1748992,-46080,41984,190464,1180672,1417216,-460800,1008640,-613376,369664,530432,-17408,245760,945152,-717824,-556032,-348160,-370688,461824,-509952,-45056,1268736,25600,-400384,-169984,369664,217088,933888,-159744,755712,400384,-125952,-723968,-592896,-886784,-678912,-270336,-329728,1325056,-764928,0,-545792,-586752,-771072,220160,-25600,345088,-146432,-337920,161792,575488,286720,-1680384,-631808,185344,214016,-160768,310272,696320,-825344,75776,159744,-606208,-1284096,-5120,388096,94208,136192,-335872,668672,-723968,804864,716800,446464,137216,402432,-645120,-181248,-958464,642048,509952,-454656,897024,71680,-273408,986112,-292864,512000,122880,-781312,75776,968704,248832,619520,984064,357376,46080,-257024,266240,-266240,588800,-982016,-1139712,313344,355328,626688,-327680,-277504,-835584,656384,-1457152,502784,-339968,217088,576512,236544,486400,-831488,-366592,-241664,616448,649216,-2162688,252928,-313344,-1140736,251904,-246784,-202752,210944,-131072,-227328,-364544,-278528,923648,604160,-122880,289792,559104,-329728,1336320,-802816,1044480,181248,70656,-862208,305152,-1058816,-2444288,-773120,-723968,929792,1037312,-66560,-65536,-1273856,147456,744448,-352256,77824,99328,957440,-150528,346112,1005568,-207872,-41984,-274432,-1565696,-164864,537600,818176,-30720
-675840,-798720,-39936,477184,-219136,-598016,251904,-297984,-875520,591872,323584,-1408000,911360,317440,1316864,316416,440320,496640,3072,-537600,-576512,209920,323584,926720,-509952,219136,228352,-726016,571392,-564224,-694272,720896,-62464,453632,-106496,856064,-608256,-290816,882688,-1545216,-361472,-339968,162816,304128,-510976,282624,152576,701440,-1319936,-458752,392192,595968,-665600,806912,1368064,-745472,1049600,-1298432,438272,894976,-31744,-77824,304128,-808960,168960,-165888,-106496,939008,-466944,-336896,35840,-510976,275456,-965632,436224,-649216,-234496,-232448,-491520,-1270784,-813056,-741376,-525312,588800,-226304,-277504,-924672,-594944,-750592,-239616,330752,-898048,-22528,1054720,-150528,-1278976,-1115136,-623616,-113664,999424,-513024,305152,-459776,-1183744,-1090560,-654336,-744448,83968,-77824,-841728,384000,-640000,-818176,730112,-591872,16384,556032,436224,-847872,-802816,10240,-586752,923648,-880640,225280,-642048,644096,133120,570368,98304,-385024,-66560,-13312,-1111040,-151552,531456,-471040,1143808,458752,754688,-376832,967680,-182272,-530432,393216,-723968,-257024,658432,-838656,-606208,-288768,-372736,-1200128,-728064,180224,-206848,-885760,837632,-1040384,-621568,-12288,-862208,524288,-137216,-651264,49152,506880,-1186816,-2456576,-429056,-715776,-28672,-150528,-421888,-1041408,-250880,-580608,-774144,-17408,-129024,594944,-552960,-766976,115712,-1367040,-414720,-354304,273408,-372736,-40960,-680960,1060864,776192,-285696,-1347584,-72704,-1856512,-377856,-1912832,-818176,501760,-1332224,-148480,-838656,130048,-1999872,-467968,-476160,-951296,38912,-1038336,175104,-448512,658432,-756736,-941056,-1087488,757760,-464896,-535552,362496,577536,-281600,-1350656,-1090560,-93184,947200,-26624,-184320,183296,24576,-274432,-43008,-1887232,-325632,-1264640,186368,119808,109568,-34816,3072,-925696,-241664,300032,330752,-1152000,-376832,-87040,-35840,-1005568,-373760,-544768,-456704,-35840,457728,-930816,109568,-1166336,-484352,-1490944,436224,-1265664,-572416,-759808,-1148928,-484352,-32768,1531904,-330752,276480,-1342464,-52224,-1044480,356352,-84992,-794624,351232,-801792,-1620992,-1060864,271360,952320,-2103296,-1007616,90112,765952,-466944,29696,160768,-892928,-252928,100352,216064,-1349632,873472,169984,532480,80896,-1224704,-990208,-616448,381952,-428032,180224,-29696,-118784,-23552,-350208,-321536,-1327104,-2328576,264192,11264,-751616,-335872,-1422336,29696,-753664,287744,-163840
-296960,130048,387072,1594368,110592,627712,-244736,-45056,1686528,183296,12288,1601536,529408,697344,-390144,-340992,547840,350208,833536,650240,1014784,998400,231424,794624,1286144,-222208,647168,1284096,-365568,716800,38912,152576,652288,-1191936,-83968,498688,299008,-67584,1142784,508928,-373760,55296,1164288,-479232,224256,-1082368,104448,-308224,-253952,-186368,-68608,1369088,997376,737280,-357376,1369088,355328,465920,-107520,327680,1092608,177152,677888,246784,1300480,470016,-395264,698368,1429504,1176576,97280,638976,-431104,-140288,995328,7168,181248,676864,817152,386048,1563648,-483328,1244160,521216,561152,-338944,-106496,646144,1019904,-128000,1634304,1517568,1156096,-664576,-608256,-28672,1388544,220160,-1120256,713728,573440,-871424,-858112,591872,449536,770048,389120,717824,300032,410624,291840,-752640,672768,525312,625664,-585728,842752,-49152,-280576,789504,-578560,636928,933888,1090560,-16384,-608256,440320,548864,483328,-593920,-204800,-15360,498688,168960,1953792,475136,1812480,-702464,177152,-1051648,316416,500736,550912,467968,477184,433152,308224,-616448,311296,960512,1382400,-49152,-180224,-430080,894976,-648192,-1166336,132096,266240,-537600,438272,-814080,-371712,-32768,204800,-487424,-51200,-565248,399360,-638976,601088,548864,575488,-1042432,710656,1102848,13312,455680,1138688,448512,676864,952320,-176128,744448,-197632,730112,1024,-498688,-23552,-97280,132096,-30720,245760,1382400,479232,143360,243712,1257472,535552,443392,-783360,-140288,-1103872,348160,-183296,857088,484352,1720320,-447488,-485376,400384,-851968,453632,279552,1604608,822272,458752,-152576,-91136,336896,270336,720896,41984,-153600,177152,-956416,1082368,367616,709632,-698368,-1492992,567296,25600,1187840,108544,-39936,265216,467968,1000448,-445440,680960,-683008,1139712,11264,763904,424960,-867328,270336,-49152,-1172480,397312,295936,264192,-95232,-1110016,220160,1471488,-84992,52224,106496,-507904,916480,-38912,241664,1508352,906240,257024,432128,-444416,-1037312,472064,530432,1217536,1530880,1417216,1393664,845824,640000,-132096,332800,955392,-137216,284672,-545792,539648,556032,-258048,-782336,937984,822272,745472,76800,-47104,638976,1171456,453632,323584,-56320,-745472,1600512,526336,1217536,153600,295936,856064,530432,79872,149504,188416,318464,246784,-294912,139264,-242688,1046528,-755712,272384,-245760,-710656,-1120256
-345088,-829440,-52224,-87040,395264,-236544,558080,-876544,-408576,60416,-335872,-1355776,-453632,-184320,618496,-88064,-628736,558080,-747520,-731136,423936,176128,-202752,31744,751616,868352,-161792,-6144,-437248,398336,-763904,-1057792,-672768,1095680,99328,485376,706560,538624,-79872,295936,782336,-138240,-105472,-370688,1074176,74752,-8192,63488,-866304,-1062912,188416,-660480,-103424,212992,-461824,-167936,-936960,-779264,-331776,-379904,-1229824,550912,-143360,-976896,1490944,-526336,-792576,344064,-1609728,-1121280,64512,19456,394240,1803264,-1557504,-286720,-319488,28672,-934912,-839680,-317440,324608,743424,-317440,-86016,-716800,-614400,-1054720,146432,-624640,-525312,-382976,620544,-995328,746496,-526336,292864,226304,-960512,625664,239616,732160,595968,-1215488,-109568,-1042432,-321536,-287744,-150528,-273408,82944,66560,-543744,-675840,460800,-205824,-1047552,-432128,-197632,-1078272,752640,-706560,113664,-658432,491520,-1153024,-409600,-704512,-98304,144384,241664,30720,-847872,862208,-691200,-710656,244736,-512000,13312,-736256,-189440,508928,-1288192,-624640,-237568,371712,1050624,-345088,-25600,13312,-299008,-152576,680960,-384000,-1694720,-593920,-27648,-535552,211968,-811008,-41984,-692224,-412672,-706560,-273408,-168960,-491520,-716800,-157696,262144,269312,-842752,48128,-1821696,128000,-778240,271360,-982016,67584,-512000,903168,531456,-346112,-275456,-145408,-503808,-287744,-91136,-1811456,604160,-1234944,-583680,210944,-573440,-568320,-450560,312320,66560,243712,-440320,-306176,933888,-328704,-791552,-1201152,602112,-634880,-489472,-560128,-2172928,-33792,-578560,-744448,-27648,98304,-780288,-512000,208896,-371712,306176,324608,-560128,-605184,-558080,-253952,-1001472,-1141760,-89088,-96256,310272,261120,-930816,-650240,-1323008,-1482752,-1129472,-471040,-758784,-312320,-833536,-654336,297984,138240,-171008,-780288,233472,-435200,-716800,708608,-1576960,51200,13312,-1235968,-753664,55296,451584,-715776,-565248,-1457152,-44032,-636928,-742400,-95232,-856064,-971776,-1113088,-394240,-246784,-352256,-1630208,-217088,-272384,-362496,-2088960,-257024,-93184,-93184,-755712,-392192,-1261568,741376,-590848,-544768,-1385472,-254976,-223232,104448,351232,-358400,-742400,-832512,-1149952,506880,-1270784,-30720,-745472,-435200,516096,-588800,634880,404480,-1064960,-791552,205824,86016,184320,613376,-364544,-833536,-299008,-239616,-564224,-782336,374784,-331776,-823296,-939008,-79872,-410624,-576512
-705536,-530432,0,-1580032,-164864,-1455104,-803840,-1148928,-271360,-1623040,-132096,57344,-705536,-371712,-685056,-862208,-203776,-540672,80896,-135168,-1114112,-106496,-1745920,-644096,-1412096,-40960,-1985536,-229376,-888832,-956416,-489472,-679936,-569344,-1171456,-1853440,-620544,-1850368,-241664,-293888,-579584,-408576,-107520,-1383424,-1081344,106496,-97280,68608,-514048,47104,-645120,51200,-830464,-263168,-1373184,871424,-1245184,-494592,-1101824,250880,-405504,-49152,-997376,182272,374784,-2161664,-835584,203776,-840704,-10240,-1298432,-972800,-1481728,-936960,-1347584,-378880,-1026048,-1554432,-474112,-34816,83968,-412672,-1348608,-323584,-1001472,-966656,-445440,-363520,-1242112,-230400,-647168,-761856,-580608,-1076224,-1228800,-1455104,-1932288,-827392,-826368,-616448,-736256,-1855488,-1415168,-321536,-886784,-878592,-692224,-164864,-36864,-562176,-702464,227328,-1362944,-199680,-123904,-2356224,-440320,117760,-971776,-583680,-621568,-1050624,-591872,-136192,-1052672,308224,-2150400,364544,-848896,-1362944,557056,-506880,-1101824,649216,-1219584,456704,-218112,-710656,-582656,-546816,-1280000,-1894400,-72704,-1369088,-737280,1045504,-252928,-503808,-1601536,-1453056,614400,-1142784,-498688,155648,-948224,-397312,-1177600,-45056,-222208,-765952,-933888,-374784,-1274880,-1436672,-993280,-664576,-2676736,-1048576,-379904,-1635328,-964608,-466944,219136,-671744,-632832,-1397760,-965632,-200704,-2633728,-1145856,-932864,339968,-1052672,-948224,-1967104,-1283072,-1343488,238592,-919552,-439296,43008,-482304,-1249280,-428032,-820224,-1517568,481280,-943104,-751616,-231424,-1916928,-387072,-277504,-1218560,-2011136,-611328,-722944,-535552,-392192,-36864,-727040,-1209344,-1722368,-1401856,-1486848,81920,-459776,-460800,282624,-449536,-488448,-2008064,-2245632,-1270784,-856064,-302080,-449536,-871424,-747520,-635904,-30720,37888,-811008,-425984,-893952,405504,-420864,-882688,-2299904,-366592,-925696,161792,-2787328,61440,-1370112,-241664,92160,-912384,-20480,-760832,27648,-1238016,-1736704,-570368,-88064,-1205248,897024,121856,-287744,158720,417792,-585728,-1121280,-396288,-615424,-675840,-823296,-1219584,152576,-728064,-1301504,-1638400,-656384,-66560,-3072,-60416,-1231872,-433152,-1870848,-321536,-2340864,-1696768,-468992,-1664000,-800768,-307200,-1176576,-1018880,-387072,-1375232,188416,-1364992,-1396736,153600,-70656,-202752,-1379328,-129024,-499712,-318464,-1678336,-108544,-1272832,-544768,261120,-786432,32768,-111616,-877568,-1145856,-1053696,-12288,40960,-923648,-1340416,-987136,-177152,278528,-1984512,-693248,-463872
-450560,448512,65536,137216,418816,577536,263168,1295360,288768,-676864,-82944,1161216,-151552,-212992,349184,231424,1102848,910336,1019904,-312320,-1073152,453632,-1038336,-333824,-157696,-27648,-428032,357376,-241664,1743872,611328,-748544,417792,778240,434176,-397312,1156096,1792000,18432,499712,362496,-335872,-70656,-46080,338944,1462272,1456128,539648,1016832,513024,134144,1090560,-506880,-64512,762880,64512,-118784,1293312,-1350656,505856,765952,129024,881664,913408,1294336,1100800,-539648,635904,-1354752,-349184,-1260544,332800,424960,692224,-274432,1160192,1490944,96256,505856,-1478656,926720,1158144,-388096,1662976,756736,-329728,-104448,714752,74752,1242112,584704,43008,1006592,1587200,-403456,-702464,707584,581632,812032,-344064,-309248,-299008,-120832,-640000,897024,787456,481280,495616,-778240,765952,-273408,149504,661504,135168,260096,257024,466944,-817152,703488,-4096,62464,1315840,0,212992,-205824,-395264,371712,-290816,716800,409600,-909312,179200,-463872,766976,543744,149504,-307200,75776,-435200,769024,657408,625664,752640,187392,258048,493568,874496,-755712,295936,982016,466944,-47104,199680,36864,-139264,-366592,-273408,582656,827392,-139264,209920,215040,191488,80896,-67584,505856,553984,470016,381952,205824,-380928,368640,182272,10240,-649216,749568,732160,66560,207872,1052672,-1914880,68608,270336,409600,73728,291840,746496,1795072,-216064,-789504,-758784,-462848,-230400,699392,-139264,-445440,635904,-14336,339968,151552,101376,-305152,269312,680960,-206848,1050624,1425408,-307200,1484800,-1240064,563200,358400,-528384,654336,25600,54272,349184,-507904,-1671168,-93184,-306176,-20480,872448,95232,403456,343040,-503808,-1722368,-443392,-354304,403456,267264,367616,-555008,-1257472,800768,669696,249856,-35840,1383424,412672,-76800,220160,-425984,991232,-87040,416768,-40960,-353280,801792,1244160,207872,897024,1187840,-600064,-21504,520192,573440,-165888,-226304,1204224,-178176,-444416,204800,109568,-34816,590848,-229376,-777216,1049600,445440,-65536,1111040,-924672,99328,-748544,-941056,1082368,653312,-937984,531456,-728064,264192,79872,-569344,1319936,276480,145408,-453632,889856,231424,-832512,126976,752640,-892928,45056,412672,-34816,145408,222208,-132096,-645120,-524288,-522240,90112,418816,-908288,109568,327680,144384,678912,723968,-953344,1254400,425984,-217088,1302528,664576,679936,1104896
227328,-89088,-1154048,-992256,-931840,-55296,627712,-293888,723968,-1828864,-656384,330752,-862208,-417792,-545792,-610304,1795072,-822272,-2033664,-72704,-446464,-690176,1236992,-1341440,-219136,-935936,-688128,-991232,-700416,747520,-841728,-88064,-95232,-276480,-573440,362496,-487424,-476160,30720,1212416,-18432,871424,287744,-1666048,481280,-1235968,-444416,-1358848,-48128,-1338368,-1933312,531456,-28672,288768,-1268736,89088,-1134592,-1003520,400384,-126976,-754688,-607232,-1456128,90112,108544,-833536,300032,-1310720,-253952,-522240,-350208,-28672,880640,-117760,-1557504,-513024,-155648,91136,-4096,-823296,-7168,-907264,522240,-204800,388096,-1693696,-1039360,-788480,-539648,-210944,-603136,-719872,-821248,-1726464,-1590272,-720896,1024,-380928,-1196032,-988160,107520,-28672,-551936,-702464,-934912,-621568,22528,-851968,244736,-66560,-699392,-200704,-1424384,27648,-1246208,-586752,-277504,-112640,70656,-1338368,1001472,-97280,505856,-1393664,-393216,-319488,-832512,406528,-1404928,-1398784,-557056,-60416,-1781760,147456,-324608,274432,-658432,-1439744,-279552,-293888,-1131520,-603136,-1671168,-696320,-182272,411648,-433152,94208,-822272,72704,-1313792,-1372160,-1176576,-889856,-943104,-627712,723968,-429056,-983040,287744,154624,-1143808,270336,-1103872,-724992,-386048,-462848,-315392,180224,99328,727040,-1381376,-413696,-1646592,-347136,-758784,-1200128,-1382400,101376,-987136,-516096,-32768,-347136,-1675264,-61440,-108544,-808960,709632,-510976,-700416,438272,-207872,-800768,-1083392,-432128,-2437120,-1140736,-250880,-1270784,-235520,-277504,-1730560,-1044480,-374784,-662528,-6144,-740352,-632832,-271360,-846848,-1273856,-90112,-160768,-1395712,-706560,-332800,-601088,361472,-1113088,-373760,-154624,-1607680,-548864,-353280,878592,-1575936,-708608,-1140736,-318464,-860160,381952,16384,-427008,-2197504,-652288,-534528,-198656,-1142784,-90112,-924672,-903168,0,-830464,-680960,-392192,-631808,218112,-1134592,71680,-811008,73728,-489472,-1487872,-961536,-1200128,-1313792,-673792,-668672,-212992,-100352,-472064,-452608,-1664000,-470016,-1328128,-1183744,-132096,76800,-436224,-1003520,891904,-431104,-800768,-647168,-927744,-927744,274432,306176,-1118208,-131072,-1920000,-646144,223232,-615424,-300032,-1447936,-604160,-1001472,-980992,-894976,263168,-1857536,200704,430080,-1114112,-1456128,839680,-618496,-668672,-509952,-295936,-263168,-1131520,-1593344,966656,-1087488,-435200,-1077248,-459776,-1946624,478208,-125952,157696,398336,-1161216,707584,9216,-288768,-1125376,242688
-152576,541696,-644096,-165888,-1076224,-422912,55296,355328,37888,1092608,1838080,1164288,-37888,1123328,147456,305152,843776,123904,1298432,-466944,-694272,375808,784384,285696,782336,927744,-33792,335872,506880,-653312,585728,147456,1505280,177152,263168,451584,1646592,158720,75776,-318464,958464,495616,869376,433152,214016,1167360,-330752,-69632,1507328,614400,-189440,128000,166912,148480,220160,1552384,744448,1039360,-111616,1229824,-1224704,-392192,-304128,-429056,96256,452608,559104,-293888,352256,865280,72704,71680,8192,1509376,1328128,-368640,833536,-339968,366592,409600,-114688,-437248,613376,753664,778240,214016,1100800,578560,193536,-166912,1024000,389120,410624,434176,-404480,392192,631808,1256448,-539648,1530880,-356352,313344,-992256,881664,-348160,880640,-204800,460800,525312,-94208,148480,-34816,1323008,1283072,-482304,1150976,-357376,677888,-207872,151552,97280,872448,22528,1123328,435200,100352,99328,124928,1336320,1163264,361472,602112,479232,847872,176128,257024,-26624,897024,-119808,1232896,-253952,679936,-376832,132096,735232,-378880,297984,32768,327680,37888,-381952,22528,555008,-459776,844800,790528,1373184,947200,1287168,-177152,142336,-1686528,-1054720,415744,940032,394240,-1090560,698368,729088,1501184,535552,643072,-985088,-985088,779264,409600,455680,4096,-452608,-750592,945152,-1519616,-338944,449536,86016,985088,-49152,-182272,-1087488,888832,816128,1462272,-281600,4096,1977344,-306176,664576,40960,1039360,330752,-411648,712704,-302080,512000,-623616,739328,363520,941056,506880,445440,-3343360,-622592,571392,564224,1094656,1168384,1036288,1075200,-631808,-217088,987136,-471040,-332800,-903168,1294336,320512,966656,430080,1238016,555008,-61440,459776,227328,-1330176,478208,-28672,69632,47104,-303104,-289792,-516096,430080,-1090560,-246784,915456,1067008,-946176,48128,-141312,-198656,-93184,196608,1649664,-349184,-261120,131072,149504,-62464,195584,1647616,433152,-261120,-571392,-283648,276480,803840,-528384,1227776,898048,363520,636928,-357376,1430528,371712,534528,466944,-162816,18432,-10240,195584,568320,631808,750592,-645120,-884736,-1078272,-1492992,-1092608,55296,-145408,1035264,-1275904,-661504,226304,721920,-703488,-357376,25600,-540672,407552,1325056,-502784,244736,30720,-209920,905216,242688,264192,1881088,821248,353280,241664,-221184,-560128,-1238016,217088,941056,-697344,-472064,897024
338944,-540672,1110016,-915456,-553984,-35840,560128,826368,201728,967680,-485376,-1067008,62464,-1264640,616448,15360,131072,1280000,494592,-328704,22528,271360,381952,491520,71680,126976,-672768,-47104,-1129472,-576512,449536,194560,-564224,-220160,1726464,-1359872,-795648,-297984,-788480,67584,975872,-310272,2051072,-815104,-856064,1440768,-303104,-861184,-130048,-384000,1504256,1126400,315392,-590848,-71680,1099776,-570368,-548864,-405504,482304,-863232,409600,-771072,-370688,1208320,960512,-68608,988160,553984,-1051648,-545792,448512,909312,-13312,-61440,-622592,10240,-366592,-622592,-183296,246784,-250880,353280,-920576,-972800,-871424,-816128,-684032,-962560,-393216,-473088,-761856,-432128,-131072,-735232,338944,-251904,799744,-1169408,-1130496,291840,15360,-355328,293888,651264,9216,877568,-564224,31744,709632,-300032,-603136,-327680,-20480,218112,-880640,-2006016,-112640,-607232,-15360,-845824,-41984,-320512,-887808,27648,576512,1019904,172032,-103424,82944,209920,-858112,-635904,-1044480,-381952,-1103872,748544,31744,-362496,227328,132096,-1883136,-63488,-387072,-506880,1098752,-573440,663552,787456,-821248,-300032,1053696,268288,-413696,-463872,259072,-581632,29696,-1161216,-147456,608256,-264192,-880640,282624,-605184,-271360,-1336320,-1003520,-699392,-647168,-232448,-979968,-809984,612352,150528,-1060864,1531904,-517120,-954368,-404480,121856,-380928,-1496064,166912,-1392640,-188416,-1409024,-679936,-402432,-416768,-714752,355328,97280,-344064,-297984,-922624,-227328,362496,-359424,452608,-468992,377856,-416768,1534976,1038336,-918528,-156672,133120,-572416,160768,-296960,-84992,-346112,-744448,-874496,-334848,-647168,-1498112,-276480,948224,-289792,-136192,764928,-468992,-185344,-2280448,-1047552,-247808,-134144,203776,691200,-2634752,-607232,-649216,-763904,872448,1025024,928768,34816,-748544,460800,-443392,-1059840,-348160,-1070080,-701440,-730112,-433152,-567296,194560,-397312,391168,-274432,-405504,-1582080,-550912,-1120256,-798720,-106496,820224,-405504,-1198080,-907264,-618496,-105472,-62464,-258048,-1339392,777216,999424,-1243136,83968,-1458176,276480,-910336,-272384,-630784,-370688,-1038336,-400384,282624,-706560,-292864,-197632,-1840128,318464,656384,-182272,359424,18432,-130048,-501760,-2193408,451584,326656,-969728,1245184,-1385472,-112640,-371712,-641024,-777216,-1176576,-944128,804864,-306176,-33792,275456,252928,-318464,65536,615424,304128,-53248,-288768,-474112,-1306624,-1185792,-399360,-144384
382976,-534528,510976,-39936,284672,-295936,211968,-273408,-243712,603136,189440,-1143808,-165888,-215040,-904192,229376,-56320,-82944,396288,-1372160,-737280,-1865728,-364544,-464896,-834560,-1980416,430080,732160,-541696,612352,-821248,146432,-79872,-313344,-387072,-252928,-1037312,-916480,477184,-387072,128000,269312,-659456,63488,-17408,-1507328,218112,-1037312,265216,-332800,-310272,-198656,-332800,-371712,117760,-91136,-22528,-1298432,-604160,-1169408,131072,-317440,-123904,-2190336,-593920,-97280,-979968,-54272,538624,-900096,-1330176,535552,-1953792,-160768,-1339392,-756736,299008,-418816,-91136,-535552,-643072,-691200,388096,-1300480,143360,-28672,-330752,754688,0,205824,-145408,-818176,-1811456,-1469440,-173056,-1413120,134144,-264192,-1163264,-604160,-195584,-1337344,-239616,-283648,-804864,-702464,800768,137216,-113664,-413696,-142336,72704,-1073152,-53248,-862208,-794624,-134144,586752,910336,-926720,799744,261120,-1106944,-757760,-249856,-1239040,236544,-487424,-335872,-71680,-518144,65536,-253952,283648,152576,144384,573440,-506880,-899072,-300032,-1105920,366592,-359424,163840,72704,-735232,614400,-1831936,-1284096,146432,-691200,6144,-649216,-1167360,312320,464896,-930816,-734208,130048,-1269760,-1137664,-385024,-294912,715776,-1106944,-1436672,-1011712,-156672,851968,-534528,-984064,-574464,-2465792,-1051648,229376,-791552,-149504,-277504,-683008,-587776,391168,-650240,-906240,-790528,-1089536,-346112,50176,-1115136,-271360,18432,449536,123904,-274432,-643072,-873472,-1413120,-563200,-225280,305152,-112640,-1164288,-688128,-1188864,92160,274432,-289792,-264192,-954368,-179200,375808,-39936,-1885184,26624,130048,-1114112,-168960,-142336,-14336,-95232,-1500160,104448,-1148928,-107520,-578560,-276480,407552,-977920,-1411072,13312,-326656,-184320,-263168,-736256,-1134592,-98304,89088,-706560,83968,-387072,-102400,-2083840,-1337344,161792,-1604608,359424,334848,-944128,45056,442368,-1713152,-726016,-165888,-272384,569344,-611328,-708608,350208,-339968,-781312,-1303552,119808,-971776,-1515520,-358400,-642048,-888832,478208,-591872,-1661952,-574464,-417792,-835584,-1348608,-431104,-55296,191488,-129024,-203776,153600,-296960,-69632,611328,135168,285696,-1688576,-714752,-164864,-891904,78848,-859136,162816,430080,-1241088,-1052672,326656,-328704,-1087488,-391168,-1173504,-224256,327680,-1063936,-715776,-1210368,-766976,-686080,80896,-1606656,-732160,154624,-528384,-47104,256000,1187840,-108544,-1398784,-929792,261120,-481280,71680
-221184,39936,-1307648,396288,999424,602112,1071104,1100800,321536,882688,-56320,1548288,-276480,1359872,-283648,212992,-584704,-930816,550912,-328704,-233472,416768,-447488,604160,688128,806912,317440,711680,1360896,-8192,352256,168960,-474112,505856,-530432,308224,518144,-1110016,-790528,118784,-460800,447488,1277952,-323584,621568,49152,305152,-257024,1818624,-439296,523264,-384000,-985088,779264,1342464,160768,-106496,404480,1089536,441344,-38912,707584,889856,-668672,-97280,-248832,-155648,-359424,203776,-1232896,-13312,982016,-18432,-65536,-517120,467968,986112,-155648,-533504,872448,-208896,-231424,437248,1335296,-437248,436224,1243136,963584,-114688,-483328,486400,962560,-70656,771072,-438272,93184,-546816,-475136,-628736,4096,519168,-154624,1522688,90112,-610304,-837632,-131072,-1389568,346112,811008,953344,103424,445440,-730112,-404480,-259072,384000,-1068032,-988160,925696,223232,258048,-189440,1543168,947200,155648,1162240,-247808,229376,687104,-645120,-540672,-441344,139264,773120,-1454080,1166336,-114688,-230400,-270336,-64512,-147456,578560,158720,512000,-1389568,452608,474112,-386048,54272,726016,428032,-243712,-204800,-523264,-24576,265216,-199680,-19456,575488,-575488,1319936,1032192,1068032,-49152,211968,783360,-50176,957440,19456,458752,1080320,-1387520,-1208320,13312,769024,486400,-510976,915456,-1848320,-197632,-628736,1141760,418816,562176,-501760,-258048,1990656,417792,-902144,-140288,1341440,819200,-470016,822272,-218112,1024,15360,-464896,457728,-72704,594944,99328,179200,144384,-40960,921600,309248,-194560,498688,-293888,303104,177152,836608,819200,647168,-17408,-106496,920576,366592,-123904,630784,-678912,235520,1202176,-487424,-449536,-621568,-652288,-940032,1452032,93184,-196608,-451584,-200704,208896,262144,-542720,-156672,425984,286720,290816,-823296,773120,1345536,521216,-241664,308224,43008,467968,62464,144384,763904,59392,763904,-1876992,-1011712,906240,-417792,1011712,1694720,-1014784,-551936,1264640,-1666048,275456,433152,-9216,866304,1119232,-299008,-453632,-720896,-4096,1444864,-1130496,-60416,386048,156672,210944,1455104,-1158144,456704,-142336,789504,203776,668672,-192512,220160,270336,-340992,-1521664,1036288,-40960,53248,1042432,1078272,-216064,-2048,12288,40960,-338944,-665600,961536,157696,-644096,-163840,843776,962560,926720,215040,-889856,-135168,157696,238592,-1050624,-83968,1008640,1048576,324608
1164288,-1002496,-534528,75776,-417792,35840,-489472,-273408,51200,-1054720,574464,-574464,711680,124928,417792,-139264,659456,-985088,-297984,196608,56320,461824,-820224,-817152,-927744,1145856,-1501184,267264,-297984,-668672,61440,492544,28672,278528,-1039360,-1466368,411648,449536,-746496,90112,-294912,-1384448,-723968,-558080,-550912,-758784,-1099776,-570368,106496,66560,421888,-731136,92160,333824,-367616,-2408448,-700416,-960512,90112,167936,129024,38912,59392,-1142784,-265216,-1196032,-561152,836608,489472,58368,87040,-66560,279552,-239616,-546816,613376,-431104,-200704,-181248,911360,261120,-714752,-16384,526336,-1043456,-756736,-167936,422912,864256,-278528,-549888,-223232,-49152,-438272,-31744,-430080,1048576,-304128,37888,-307200,-547840,-244736,32768,259072,-273408,-130048,-1162240,-1376256,437248,1696768,251904,-203776,976896,-552960,-396288,287744,-310272,925696,205824,-254976,-197632,335872,-1271808,307200,-1128448,-272384,824320,177152,-91136,-979968,500736,-335872,-150528,-593920,-344064,-264192,-564224,976896,-1102848,-248832,625664,-583680,-648192,-128000,-308224,555008,-371712,-1340416,544768,-572416,-804864,288768,501760,-1317888,-1090560,111616,-320512,544768,-888832,77824,-382976,-510976,-1249280,-942080,503808,-868352,147456,-614400,439296,-1039360,900096,-610304,-677888,549888,-695296,-155648,-902144,-1388544,-1103872,-479232,-305152,-647168,-663552,-572416,-709632,-1052672,-676864,415744,-470016,-869376,-621568,-545792,590848,-451584,-2205696,-570368,-497664,-349184,-194560,-1014784,-999424,-640000,-487424,-1434624,-1509376,236544,-1611776,1079296,-969728,491520,-474112,-438272,-593920,-722944,63488,-328704,-158720,-1442816,654336,309248,-1128448,-546816,1324032,-1162240,-116736,154624,-607232,916480,-93184,686080,-839680,-589824,-1888256,-1026048,-438272,-359424,177152,496640,-323584,-299008,-1690624,-232448,-772096,-99328,-618496,-273408,-457728,-379904,-569344,-1280000,-193536,-267264,-1900544,-270336,-961536,-429056,-275456,-928768,102400,-699392,-587776,319488,428032,179200,-340992,44032,-23552,-826368,-539648,83968,-1274880,-560128,-69632,39936,63488,-872448,-236544,-1026048,-57344,32768,536576,-1320960,-2032640,-722944,600064,-1828864,-165888,-754688,-659456,-327680,-959488,-859136,-840704,623616,-392192,-970752,-1771520,-284672,-625664,-82944,117760,-425984,903168,1011712,506880,37888,-47104,-771072,-1541120,307200,-444416,-1289216,-588800,12288,-1009664,-457728,-1848320,228352,-658432,78848
336896,-161792,-807936,-449536,-407552,-551936,-139264,370688,-148480,309248,719872,-803840,966656,-965632,-481280,582656,-627712,827392,8192,-58368,21504,-304128,-385024,-1030144,-684032,798720,-1856512,1013760,1135616,-686080,-182272,552960,557056,-1082368,72704,-673792,199680,-219136,287744,-1225728,547840,-1031168,434176,265216,-575488,-278528,789504,-410624,210944,517120,-587776,-376832,-766976,333824,875520,-547840,266240,-707584,47104,224256,377856,-1485824,919552,-208896,951296,562176,-368640,-610304,-1264640,-154624,-308224,319488,951296,790528,-140288,448512,261120,-614400,802816,69632,-264192,-539648,-381952,571392,909312,453632,779264,1347584,-638976,1176576,-446464,570368,812032,1136640,1029120,735232,-99328,-1063936,-846848,-2792448,1083392,-618496,1044480,317440,-18432,-441344,718848,366592,-1411072,54272,-564224,387072,36864,-466944,-382976,-540672,-94208,-673792,164864,228352,-224256,40960,214016,-561152,551936,496640,-14336,374784,1644544,6144,-180224,-684032,159744,523264,110592,324608,513024,-1007616,-307200,320512,-303104,-276480,39936,-840704,-1278976,719872,-187392,36864,424960,-986112,420864,-163840,-144384,-128000,247808,-393216,543744,-419840,-556032,183296,4096,-755712,-339968,161792,347136,-25600,-212992,-694272,596992,-777216,-324608,-445440,139264,539648,147456,-373760,204800,11264,-873472,-207872,414720,1142784,-906240,-263168,-282624,-869376,352256,154624,-11264,780288,132096,-730112,-738304,646144,632832,275456,86016,-189440,-888832,-103424,925696,-24576,1259520,753664,321536,-411648,501760,48128,490496,-1209344,-957440,-1033216,-1010688,-159744,69632,299008,-869376,-247808,-1040384,-41984,369664,-306176,221184,-120832,620544,645120,168960,-607232,-1055744,-483328,-459776,293888,648192,-295936,-1650688,116736,-794624,-1298432,75776,400384,-399360,-486400,-266240,119808,100352,871424,-474112,-538624,174080,307200,174080,-301056,-31744,-1225728,-133120,440320,82944,246784,141312,-968704,696320,-346112,710656,686080,-854016,637952,-497664,-549888,405504,271360,-37888,749568,-277504,44032,-1037312,-66560,-15360,-136192,-1228800,104448,1295360,-614400,-215040,218112,-197632,-909312,821248,31744,1409024,726016,-937984,-288768,-1303552,-618496,-452608,344064,274432,-724992,-642048,-219136,39936,-997376,-485376,-883712,-90112,-344064,-943104,-160768,253952,-1242112,304128,-1043456,-144384,37888,-385024,-1202176,516096,-1228800,1208320,-16384
-1047552,855040,4096,34816,1614848,763904,98304,-812032,781312,-228352,-518144,1397760,1699840,1212416,1263616,1053696,850944,1017856,502784,896000,-90112,146432,1375232,-191488,915456,252928,489472,108544,1057792,602112,2377728,2003968,2287616,1782784,1221632,1137664,458752,-231424,390144,860160,-34816,927744,1295360,1664000,147456,1538048,1337344,-892928,645120,1144832,619520,927744,-121856,359424,-257024,688128,-67584,387072,44032,81920,1144832,-208896,1482752,1166336,533504,861184,1426432,1241088,660480,230400,-314368,-35840,1106944,-28672,631808,-234496,729088,801792,621568,863232,1588224,232448,-241664,989184,-79872,992256,-665600,327680,-69632,-238592,1113088,429056,-214016,274432,605184,580608,773120,51200,448512,793600,1438720,707584,552960,1261568,2103296,1897472,503808,460800,38912,1037312,-136192,202752,664576,864256,-1189888,113664,-405504,-396288,710656,290816,194560,141312,-25600,-111616,189440,246784,952320,-443392,433152,182272,873472,1255424,1399808,29696,1410048,225280,332800,1074176,1986560,-155648,-562176,380928,483328,-995328,-701440,2415616,235520,1958912,620544,1159168,-172032,18432,100352,762880,50176,-112640,1181696,624640,861184,702464,477184,497664,935936,866304,821248,-646144,293888,-1010688,1111040,941056,462848,983040,759808,502784,-330752,1236992,1420288,507904,962560,-88064,1495040,1086464,155648,1632256,1978368,1024000,447488,99328,2014208,266240,307200,-279552,-135168,-704512,409600,394240,-26624,120832,1402880,874496,-62464,496640,-57344,696320,1660928,84992,-160768,627712,1678336,1128448,975872,-218112,386048,38912,1076224,130048,-1287168,-474112,-796672,417792,155648,368640,648192,881664,-1957888,-31744,323584,808960,230400,441344,832512,105472,987136,-363520,172032,851968,1252352,1514496,992256,-1050624,830464,373760,155648,888832,-67584,738304,307200,-640000,586752,151552,111616,1034240,-798720,-83968,723968,11264,-655360,794624,487424,627712,273408,510976,-1553408,-742400,398336,1163264,-395264,1265664,1284096,-958464,1072128,1102848,948224,481280,101376,22528,-395264,-295936,-178176,1264640,-168960,-381952,-212992,56320,330752,1027072,556032,-91136,-919552,374784,960512,1062912,453632,466944,-114688,1007616,303104,-163840,-219136,1142784,288768,-340992,815104,417792,-1255424,-326656,1155072,-413696,351232,-936960,506880,1072128,220160,584704,1402880,899072,-715776,625664,-388096,250880
-956416,-1352704,-868352,-1501184,407552,-1466368,-1064960,-588800,1091584,-880640,249856,-843776,-450560,-24576,-521216,-2502656,-306176,-1410048,-262144,-334848,167936,-956416,-760832,-765952,-1566720,-1549312,-988160,-210944,283648,218112,-247808,-193536,-702464,-267264,-483328,-950272,-423936,-961536,-141312,405504,-490496,-604160,-679936,-740352,-1428480,434176,-296960,-1018880,108544,-1549312,-824320,-380928,-1027072,-1074176,-602112,-996352,-1004544,1006592,-184320,-409600,188416,55296,896000,-476160,215040,110592,-82944,-2376704,-412672,-1457152,-896000,-1291264,-893952,481280,-1015808,606208,538624,-267264,134144,-599040,572416,-418816,126976,-778240,-80896,-675840,289792,51200,-1743872,-743424,105472,-1211392,-193536,-53248,-531456,-1143808,53248,-191488,-1058816,-1646592,-866304,-939008,73728,-346112,-1042432,-547840,-1010688,577536,-117760,-621568,167936,400384,-316416,314368,-999424,848896,-510976,123904,-693248,-189440,-606208,-878592,346112,98304,643072,-712704,-668672,-749568,-528384,-1170432,-1240064,617472,-1833984,790528,1269760,25600,-1207296,-338944,-1803264,-621568,-1742848,-1205248,-916480,-1303552,-149504,100352,-868352,-679936,-770048,-1096704,-1087488,16384,-73728,560128,-472064,300032,-283648,231424,493568,-139264,95232,-604160,101376,-1953792,-649216,-1348608,-1671168,-67584,-939008,-744448,-970752,-988160,-1811456,-1537024,-205824,197632,-642048,-983040,498688,-397312,-252928,-1711104,96256,-180224,1374208,648192,204800,-1153024,-148480,837632,-516096,-890880,-377856,10240,-267264,-964608,-1053696,26624,-1216512,-237568,-1108992,-2469888,-1179648,-646144,-1139712,-88064,-1111040,-468992,102400,75776,-770048,-663552,646144,-442368,559104,-1610752,-494592,-1178624,-354304,-476160,325632,-1255424,300032,223232,534528,385024,-671744,-970752,-143360,-519168,545792,68608,-1243136,-1690624,-87040,-884736,-230400,-1478656,415744,-1264640,-952320,385024,-628736,-316416,-471040,-957440,-379904,448512,-883712,104448,-655360,-1502208,156672,-1250304,310272,-104448,-1139712,-550912,-87040,-560128,176128,-322560,608256,58368,-944128,-191488,313344,-1027072,-296960,-995328,-899072,-173056,159744,539648,-111616,-822272,-240640,-917504,-322560,-1334272,-568320,-804864,-2275328,1930240,-200704,693248,-977920,-1388544,-1859584,211968,-1126400,-834560,-617472,516096,14336,-1084416,-724992,-111616,-1696768,372736,72704,-251904,-360448,17408,650240,79872,-10240,-415744,-1668096,-1335296,-733184,-1169408,-769024,241664,-251904,-1268736,-291840,808960,238592,299008
-94208,-1769472,-87040,-667648,-1069056,-1154048,-691200,-1175552,315392,544768,43008,1300480,348160,812032,-774144,-527360,-189440,1027072,306176,-96256,1239040,563200,734208,757760,-261120,-92160,-702464,-764928,-627712,60416,-814080,391168,558080,-410624,-843776,-378880,-801792,-1257472,-289792,-672768,2048,-674816,-373760,-1024,36864,-1005568,-1223680,495616,-705536,-125952,-409600,-1263616,468992,-1020928,166912,250880,55296,-47104,547840,-447488,-556032,1126400,124928,1411072,-427008,519168,-788480,142336,-596992,-161792,-562176,215040,59392,-926720,-344064,-99328,462848,-336896,-562176,442368,-757760,-245760,142336,280576,-271360,-356352,47104,865280,-520192,-481280,246784,-871424,533504,1265664,215040,501760,271360,-402432,-476160,931840,792576,1125376,429056,502784,-203776,-332800,-1424384,-497664,-49152,-210944,109568,459776,-257024,138240,-971776,-41984,1045504,-545792,507904,-1112064,544768,271360,-35840,-823296,249856,-663552,-139264,-1308672,799744,-108544,421888,166912,893952,-415744,663552,-411648,-289792,81920,-401408,-90112,936960,832512,364544,-667648,-1846272,-181248,449536,164864,1492992,205824,-78848,-1033216,210944,64512,1280000,-576512,-412672,-1038336,-493568,1076224,-1012736,640000,422912,-622592,-164864,-112640,-696320,975872,-373760,112640,-833536,973824,-883712,-100352,-897024,-823296,-1394688,-787456,-376832,-41984,-282624,-72704,1037312,1299456,-574464,-192512,-604160,-640000,-125952,337920,-1043456,566272,2320384,664576,-108544,777216,-331776,-793600,196608,77824,-164864,-644096,1129472,-1470464,174080,477184,31744,-138240,-443392,-117760,524288,-134144,-44032,891904,737280,769024,-618496,-1173504,455680,-367616,54272,-1391616,214016,1048576,-348160,-194560,-143360,-438272,512000,1099776,513024,283648,-373760,112640,504832,15360,-2081792,-1339392,740352,-1189888,680960,-1223680,-1388544,-360448,515072,-224256,-543744,879616,-377856,97280,-741376,284672,-474112,-1954816,-1534976,-947200,-844800,884736,134144,-412672,-752640,-1120256,-359424,-183296,-1657856,-387072,-121856,381952,-336896,-629760,45056,-50176,-76800,-101376,-142336,-624640,-116736,-799744,390144,235520,-357376,-401408,-479232,-488448,-215040,47104,-733184,185344,-562176,-527360,-417792,-20480,-1386496,-435200,854016,-203776,1492992,-34816,-491520,-301056,580608,111616,1095680,-1012736,-390144,-478208,-211968,588800,-159744,-395264,-370688,-340992,-228352,-858112,-1329152,-616448,-825344,-482304,-1293312,-1033216
-606208,-312320,167936,-803840,245760,-315392,-1332224,-1587200,-181248,-323584,1063936,423936,343040,79872,1202176,-703488,-592896,-851968,-182272,166912,153600,361472,-1044480,-515072,-228352,-1545216,-294912,-560128,-1254400,-247808,201728,-1487872,301056,-848896,-145408,371712,13312,208896,368640,-81920,746496,-785408,-57344,457728,-387072,-764928,821248,-297984,-444416,-36864,-793600,-616448,-378880,-918528,-785408,-1183744,171008,-434176,-254976,-171008,-182272,-703488,871424,-733184,-851968,-555008,-811008,404480,252928,270336,-75776,-940032,-1163264,-325632,425984,139264,883712,458752,-330752,248832,311296,-407552,16384,-1725440,-1954816,569344,-349184,399360,22528,-294912,980992,-762880,-1104896,252928,-489472,552960,-330752,37888,360448,719872,690176,-1189888,762880,-1227776,325632,473088,-861184,477184,314368,-1105920,-686080,-415744,-586752,-697344,821248,-175104,499712,358400,-187392,351232,-604160,-1699840,623616,505856,243712,214016,-604160,-20480,-261120,450560,-1400832,-1565696,-357376,235520,-784384,-1638400,126976,-384000,-482304,-817152,-940032,-482304,465920,-4096,52224,335872,-62464,-716800,-884736,-196608,-279552,-177152,-204800,-160768,1100800,-932864,-288768,240640,-557056,1260544,-435200,366592,-844800,-2328576,-1358848,114688,-507904,-782336,765952,-417792,815104,1138688,722944,-1468416,-599040,75776,-175104,534528,-1309696,-718848,-1081344,-386048,-765952,-1027072,-873472,-693248,886784,-66560,-45056,-372736,-1114112,-683008,138240,-1240064,-818176,-485376,-697344,-302080,400384,-1428480,-839680,-6144,497664,-726016,-74752,92160,241664,411648,-468992,-237568,-702464,-117760,-1965056,-565248,-265216,-26624,231424,1956864,392192,-235520,88064,481280,-962560,67584,394240,-209920,475136,-909312,-316416,69632,23552,-1131520,-1353728,-281600,-503808,631808,-461824,-994304,245760,-474112,-806912,-921600,-143360,442368,434176,-1113088,-253952,-352256,-594944,-1225728,-1134592,-264192,-385024,-28672,-156672,184320,-304128,-64512,-689152,-1301504,-1686528,-196608,-1215488,-331776,583680,300032,221184,-506880,-497664,-827392,217088,-668672,964608,-680960,1247232,41984,-216064,293888,466944,-456704,-1091584,332800,-1015808,-922624,-231424,-888832,106496,-593920,-911360,343040,-465920,-185344,302080,153600,384000,75776,230400,107520,-1983488,-425984,283648,-276480,126976,-61440,-931840,726016,134144,-2323456,-190464,467968,117760,-296960,367616,-374784,227328,-40960,487424,-13312,-766976,-4096
391168,203776,-850944,314368,-74752,-171008,-219136,-1561600,751616,913408,-139264,-1278976,245760,-680960,397312,-775168,1144832,-103424,587776,71680,-910336,753664,-1581056,-410624,19456,166912,829440,657408,821248,249856,-1055744,-822272,174080,-689152,1070080,-98304,768000,-326656,77824,34816,1454080,-55296,-76800,-1104896,453632,81920,-261120,-800768,503808,-58368,160768,793600,374784,869376,-482304,-265216,692224,-311296,-315392,302080,-818176,9216,-51200,428032,69632,-320512,-110592,-1359872,104448,-1236992,-283648,-336896,-716800,642048,354304,1048576,-58368,-634880,-446464,114688,-556032,-444416,-409600,461824,803840,191488,83968,-87040,-698368,-1004544,627712,-366592,450560,324608,1248256,135168,-489472,703488,-813056,-1143808,-13312,-147456,-126976,130048,68608,831488,-458752,532480,1243136,475136,378880,1024000,-279552,115712,-831488,27648,1004544,355328,-856064,-109568,872448,-224256,801792,696320,-476160,-788480,823296,979968,1280000,-114688,-294912,751616,-353280,983040,-568320,-790528,-1226752,-12288,553984,-433152,-155648,-316416,-1340416,114688,-1574912,61440,-434176,807936,631808,242688,-968704,533504,710656,138240,-419840,-559104,192512,567296,1299456,726016,210944,-945152,-289792,-149504,535552,378880,99328,-1401856,-586752,316416,-2176000,-97280,18432,-763904,-40960,445440,31744,191488,-353280,-891904,546816,532480,-249856,333824,263168,488448,395264,64512,-637952,-1598464,-363520,-724992,176128,1005568,525312,6144,762880,-269312,-739328,-744448,-737280,87040,-103424,-129024,-727040,1223680,837632,-712704,-572416,-138240,95232,-58368,1139712,237568,-1192960,-517120,361472,475136,324608,1143808,-275456,-274432,-515072,98304,272384,180224,-984064,-138240,-811008,-279552,304128,-650240,658432,-173056,53248,607232,-270336,-744448,165888,-163840,-1071104,-1661952,-760832,864256,318464,-1256448,-823296,-1008640,-5120,861184,-87040,-90112,79872,-486400,-146432,-65536,292864,592896,-1828864,-308224,828416,-765952,147456,-97280,49152,-907264,-358400,-95232,476160,106496,312320,-468992,-1340416,505856,487424,-989184,-200704,119808,-2230272,379904,294912,-193536,481280,484352,-1766400,1418240,-217088,-416768,1027072,33792,-744448,-138240,-421888,-1288192,-209920,-196608,-531456,132096,-1193984,-112640,-1189888,-502784,93184,-802816,267264,-707584,1303552,926720,342016,142336,247808,291840,-317440,578560,-225280,-142336,-452608,450560,614400,-1081344
-816128,1410048,-153600,894976,674816,-230400,-619520,482304,-51200,268288,-94208,-899072,993280,442368,1126400,316416,-6144,745472,420864,783360,-236544,445440,698368,664576,381952,176128,-396288,71680,1266688,517120,894976,108544,948224,709632,1008640,1434624,-178176,-845824,-574464,72704,-590848,353280,-675840,669696,-1133568,-215040,-1142784,704512,174080,1691648,410624,95232,404480,129024,-1439744,40960,495616,-70656,-754688,1032192,-696320,1076224,1316864,668672,-729088,459776,65536,308224,765952,-326656,463872,1631232,-1089536,-692224,-624640,-1118208,831488,-183296,1367040,-612352,-60416,-628736,203776,544768,116736,-52224,-1024,612352,276480,268288,1499136,392192,641024,-303104,431104,354304,-77824,1214464,322560,638976,846848,1187840,-748544,80896,523264,409600,1147904,-20480,623616,1509376,1150976,295936,177152,816128,-1275904,15360,-60416,1314816,1387520,352256,993280,941056,-687104,-486400,1206272,-461824,932864,-256000,650240,846848,869376,233472,846848,-499712,965632,1360896,-437248,884736,-533504,937984,-936960,734208,-778240,900096,360448,-1087488,-363520,149504,694272,1433600,674816,-1741824,131072,542720,193536,874496,268288,63488,1072128,-72704,1349632,-29696,1189888,1135616,-444416,-784384,468992,758784,625664,-24576,-750592,-192512,627712,498688,-441344,757760,264192,1690624,954368,195584,562176,1623040,403456,268288,230400,-589824,157696,1058816,157696,491520,868352,1205248,1783808,189440,-1189888,174080,-17408,-590848,401408,-840704,789504,498688,541696,-134144,288768,-119808,-272384,179200,-130048,182272,965632,695296,-226304,-364544,-172032,781312,-1154048,347136,836608,529408,-61440,-918528,748544,498688,-453632,-211968,1531904,596992,-7168,-620544,534528,154624,-943104,295936,1714176,-13312,77824,561152,1120256,932864,614400,-667648,-277504,652288,-444416,124928,-480256,2044928,550912,461824,474112,-463872,-1371136,179200,794624,502784,562176,777216,-625664,556032,-552960,-1210368,531456,354304,-21504,1196032,720896,1182720,175104,517120,992256,61440,-1024,-836608,-498688,1140736,694272,380928,1020928,588800,293888,461824,809984,1401856,59392,1806336,1243136,181248,-215040,-705536,-98304,829440,414720,-133120,249856,539648,872448,368640,726016,-1221632,-288768,963584,638976,609280,-55296,-1326080,705536,-314368,337920,-405504,-397312,-175104,1179648,1751040,1040384,-75776,1715200,-158720,690176,-233472
-985088,-454656,-1259520,12288,-1713152,-98304,-304128,-618496,-44032,344064,-720896,-837632,-1536000,-879616,-1361920,-263168,-380928,-53248,-1124352,-784384,-68608,-975872,-227328,-1472512,-1763328,-270336,-932864,-322560,-11264,-550912,-2310144,425984,-913408,-2570240,-534528,-806912,260096,-1152000,-709632,-761856,-467968,-334848,-1025024,-308224,-156672,1113088,-669696,1148928,-1232896,-1167360,56320,286720,-1354752,-517120,-1019904,-1169408,120832,-1566720,-95232,50176,-893952,-862208,-421888,-330752,-1005568,-690176,-842752,-1006592,-1259520,206848,-592896,-1420288,-330752,-268288,270336,-1129472,-526336,-850944,-74752,-232448,-1055744,-729088,-1826816,110592,-700416,159744,-646144,-45056,46080,-666624,-1756160,-1875968,-53248,-386048,65536,-979968,-486400,-740352,156672,12288,-97280,-634880,-228352,54272,-1224704,-97280,-745472,-728064,-1446912,-2914304,-233472,-1479680,322560,-1656832,-33792,321536,-493568,-1612800,-896000,-974848,-222208,-1160192,-1233920,771072,-576512,-1079296,-185344,-424960,-2369536,-962560,-797696,-1931264,-232448,-545792,-936960,-1572864,-658432,-684032,-1229824,717824,-642048,33792,-675840,-504832,-508928,-527360,-1730560,230400,-1895424,-366592,458752,-476160,-689152,504832,-1442816,-2169856,-179200,-773120,1047552,-1099776,-1747968,-193536,-1673216,-161792,-1203200,179200,-421888,-1025024,390144,-1106944,-533504,-1730560,67584,-114688,-693248,-1343488,-38912,-150528,-1165312,-86016,-229376,-1303552,-802816,-1305600,200704,-8192,-378880,-522240,894976,-2086912,-1097728,59392,-531456,-45056,-1018880,-941056,-763904,-54272,-299008,-106496,-1673216,-1935360,-136192,-1314816,-165888,-1358848,-1418240,-1204224,-1050624,-285696,-1523712,-1533952,-1032192,-340992,-755712,-1387520,556032,-503808,-1212416,-716800,-1348608,-974848,-437248,-332800,1602560,-1884160,-867328,-407552,-1128448,-1968128,-1998848,-1219584,-378880,-262144,-359424,-760832,-1087488,-807936,-1836032,-1472512,-16384,-458752,-124928,-677888,-520192,200704,152576,-626688,-1720320,-598016,-1303552,-1211392,-427008,65536,-1644544,-777216,-1951744,200704,-1294336,-781312,-851968,-1793024,-691200,-627712,-1608704,-992256,-731136,-1895424,140288,-323584,-1256448,710656,-1062912,-2190336,-212992,-1586176,-1669120,-268288,-1875968,-706560,-892928,-543744,-516096,-1522688,-1901568,182272,-999424,50176,-983040,-2143232,209920,-550912,-1050624,-1366016,-2678784,-317440,-148480,217088,-206848,-677888,-1344512,-1509376,136192,-2023424,-1127424,-480256,-890880,-1357824,-1462272,799744,-1188864,-757760,-1572864,1050624,-2216960,-945152,-359424,113664,238592,-1616896
-407552,-217088,531456,614400,-198656,174080,-220160,-24576,1252352,-172032,163840,355328,1265664,1015808,545792,2515968,685056,-798720,-202752,766976,898048,-833536,1378304,446464,357376,1063936,-401408,-770048,714752,-951296,-216064,-1233920,1736704,358400,588800,-329728,-974848,1131520,81920,175104,545792,320512,880640,370688,247808,727040,-836608,125952,146432,617472,136192,1734656,1272832,-720896,646144,1105920,-144384,128000,411648,586752,1458176,658432,793600,38912,1007616,1295360,1665024,-564224,416768,926720,1623040,1344512,1051648,1057792,337920,827392,-928768,-504832,1057792,-956416,660480,-400384,-486400,-184320,765952,-181248,-121856,-283648,195584,696320,-885760,1491968,-132096,1133568,243712,-233472,92160,402432,-344064,1944576,414720,1574912,-402432,-518144,-567296,-758784,-367616,-476160,1053696,919552,-899072,513024,-1036288,-1236992,108544,-59392,-219136,582656,-96256,-416768,886784,316416,227328,-344064,519168,381952,-977920,917504,615424,-192512,549888,355328,135168,326656,525312,-484352,1384448,23552,499712,-152576,351232,1666048,321536,-1314816,291840,86016,48128,1498112,300032,-135168,361472,45056,-189440,-935936,-245760,0,814080,691200,72704,218112,-881664,729088,-590848,939008,-207872,1180672,1832960,132096,-165888,-943104,1089536,-686080,-525312,1772544,795648,-390144,-206848,-1229824,-618496,81920,-27648,-178176,768000,-138240,-403456,534528,-461824,483328,-311296,138240,199680,-282624,529408,-843776,-650240,11264,759808,144384,-257024,478208,-53248,1095680,492544,282624,-696320,310272,-973824,-463872,-400384,-158720,413696,244736,894976,-134144,-548864,-1805312,-68608,326656,589824,-997376,-443392,-27648,797696,714752,-229376,51200,-867328,-118784,337920,67584,371712,824320,643072,314368,850944,1568768,680960,972800,-265216,949248,520192,817152,-937984,-118784,249856,1733632,665600,456704,688128,-347136,-59392,427008,-61440,-1381376,-104448,547840,158720,221184,378880,-393216,479232,962560,-521216,666624,19456,301056,149504,1304576,-272384,774144,495616,-1456128,320512,648192,280576,1327104,995328,723968,-334848,-921600,-471040,-182272,-337920,-381952,96256,-418816,353280,1267712,-52224,244736,-373760,-814080,117760,985088,-159744,966656,272384,-723968,174080,-559104,711680,-569344,-204800,207872,690176,31744,-156672,647168,-61440,881664,20480,984064,596992,458752,-212992,-18432,318464,77824,-114688,-169984
-1422336,-474112,-1310720,-744448,-1359872,396288,-1113088,-48128,-293888,570368,322560,432128,-959488,-811008,-1012736,-780288,-1541120,-795648,333824,336896,-748544,826368,-158720,306176,-955392,182272,-659456,-701440,79872,-1079296,-589824,1519616,722944,799744,-191488,149504,-64512,636928,-576512,676864,-137216,445440,-916480,928768,-1467392,648192,1157120,-558080,1220608,-501760,570368,460800,304128,-370688,-234496,-138240,-1377280,1469440,135168,504832,581632,-207872,-425984,-532480,120832,-105472,717824,-886784,202752,-367616,-77824,330752,647168,-521216,1425408,-374784,-98304,949248,-1259520,-543744,-248832,396288,-1918976,-608256,1024,189440,576512,1298432,-28672,-548864,-948224,-1229824,-16384,-93184,707584,-355328,83968,411648,-525312,-171008,0,-124928,313344,-445440,705536,-134144,373760,-1142784,-626688,257024,-733184,-17408,-391168,-261120,-137216,746496,-501760,-612352,995328,-398336,-1632256,279552,-692224,-844800,-47104,794624,332800,-1019904,-71680,624640,44032,-124928,883712,96256,-164864,409600,-320512,200704,-1439744,-359424,-943104,-59392,-30720,-119808,582656,504832,-179200,-746496,343040,100352,164864,596992,273408,1035264,731136,-122880,109568,-419840,60416,-91136,-1500160,541696,235520,-1305600,209920,-1101824,-198656,881664,-280576,-457728,428032,236544,189440,-185344,-280576,-1582080,345088,-1657856,6144,-477184,-1019904,-599040,-1049600,155648,-1356800,319488,-283648,778240,-77824,-923648,203776,4096,-283648,-614400,-271360,-39936,-129024,-233472,-561152,-1321984,-1224704,-458752,-366592,-611328,-1089536,164864,-149504,-560128,-564224,241664,-594944,-359424,-1474560,12288,495616,-1576960,-904192,87040,-251904,-1573888,-248832,-307200,1308672,-1024,26624,596992,154624,-416768,278528,-1360896,185344,13312,114688,-199680,-429056,-18432,801792,788480,187392,-787456,-584704,865280,27648,-295936,-358400,-132096,56320,-264192,-647168,-284672,-1028096,-177152,485376,-168960,656384,519168,15360,-899072,748544,-1264640,783360,-656384,-1838080,2065408,-1227776,387072,-201728,-753664,-1261568,-98304,275456,531456,-235520,501760,534528,-1353728,-727040,-109568,-472064,543744,-995328,-79872,-430080,352256,180224,-263168,-306176,-658432,-888832,757760,581632,-240640,-1282048,-801792,-839680,-505856,237568,-864256,71680,630784,-825344,1466368,-428032,934912,-189440,356352,-855040,557056,135168,-1176576,784384,365568,106496,930816,-211968,234496,-899072,-942080,58368,-229376
712704,-1856512,-731136,-1328128,-1119232,-37888,512000,8192,-359424,-467968,-259072,-1897472,-822272,-1419264,-690176,-1125376,-460800,411648,-46080,-678912,390144,110592,26624,-658432,-1101824,1193984,-84992,22528,-87040,-463872,-594944,-178176,-685056,-645120,-55296,-808960,-1063936,-716800,-461824,-7168,-250880,-264192,-610304,407552,-319488,-1117184,-1880064,-365568,-1452032,97280,188416,-655360,-190464,-787456,-373760,30720,-196608,-1986560,-214016,-1460224,-374784,-317440,-364544,-1059840,-1166336,-937984,-827392,266240,-937984,897024,-839680,-144384,-1519616,-441344,-680960,730112,537600,183296,-1367040,-754688,-636928,-446464,-487424,-363520,50176,504832,-407552,-114688,-977920,-1093632,-1281024,436224,1030144,-405504,-427008,-948224,-1214464,-1894400,-801792,193536,-918528,128000,-1049600,-43008,-611328,1442816,-2057216,-1386496,-332800,-966656,826368,-1222656,-695296,-1061888,-724992,-793600,-302080,-865280,-835584,251904,-254976,-265216,-1185792,-340992,-1225728,-626688,-83968,-394240,-838656,241664,-691200,308224,-803840,-49152,-1354752,-1255424,107520,-467968,-1114112,-234496,-570368,-470016,-516096,-327680,-614400,-330752,126976,-200704,-1057792,-546816,518144,-475136,-1045504,-1141760,-1212416,712704,-2004992,-1172480,-1720320,472064,-251904,-1562624,-111616,-538624,484352,57344,-926720,-1113088,-608256,-1470464,-1949696,362496,-977920,-601088,-583680,-712704,339968,100352,-999424,425984,-68608,-1753088,473088,-512000,2048,-2074624,-640000,-1103872,-948224,105472,-1143808,-1445888,-983040,-67584,-1291264,235520,-844800,-382976,-2007040,-1110016,773120,243712,-1340416,-1507328,310272,259072,-59392,-1548288,-556032,342016,-411648,705536,-914432,-412672,-548864,-768000,-1829888,-527360,-183296,-321536,-848896,-1547264,-1095680,-936960,-1006592,-1372160,-850944,799744,-470016,193536,-2508800,-949248,-76800,-1422336,428032,-449536,-1445888,105472,-1503232,-1271808,-227328,-799744,-976896,-798720,35840,-348160,-377856,-104448,-370688,-553984,-1449984,-788480,-1115136,-599040,-324608,-1216512,-1496064,-223232,-467968,-323584,-287744,-152576,966656,-1203200,-861184,-154624,-1129472,-623616,67584,-77824,-139264,93184,-764928,-269312,-1715200,-695296,98304,59392,-45056,378880,-1473536,-587776,-614400,-2927616,-54272,-156672,-1391616,559104,-698368,-1400832,-215040,-1386496,-217088,-1042432,-1057792,-1118208,-84992,-848896,736256,-166912,181248,-1111040,-1007616,-1108992,-460800,-735232,-379904,-583680,-97280,-10240,-1588224,-722944,-1016832,-335872,-791552,-2048,-198656,-711680,-949248,433152
401408,629760,753664,280576,-683008,196608,366592,-708608,-729088,909312,416768,832512,726016,-304128,-757760,-70656,417792,-1711104,442368,-535552,-583680,-303104,1213440,-1588224,106496,130048,565248,-485376,476160,399360,323584,1160192,-834560,1208320,328704,447488,-868352,729088,306176,232448,-1024,-100352,105472,-300032,193536,-679936,359424,452608,290816,846848,571392,-944128,498688,903168,-523264,-992256,-754688,-706560,777216,72704,-443392,-19456,-136192,888832,331776,1317888,785408,-75776,223232,1315840,-646144,-506880,-973824,1289216,-1556480,-532480,367616,-107520,643072,409600,284672,848896,-459776,-274432,406528,-12288,-610304,1143808,-90112,478208,510976,809984,715776,-239616,457728,386048,1571840,-34816,-220160,15360,228352,-625664,-214016,-405504,70656,-458752,-1547264,1226752,-837632,849920,17408,417792,-540672,110592,-548864,-220160,1168384,23552,-241664,49152,-89088,-1013760,14336,-1119232,-420864,-622592,-992256,-454656,452608,-1218560,-399360,-649216,369664,-278528,-465920,866304,-787456,655360,-1263616,419840,743424,-49152,331776,620544,269312,-203776,1101824,-358400,-365568,-503808,-1552384,-960512,203776,-514048,1030144,450560,242688,282624,933888,184320,-129024,740352,900096,-545792,-573440,-989184,-151552,-1014784,-186368,-36864,943104,-140288,1157120,-196608,-566272,-87040,-141312,26624,349184,51200,-199680,-19456,-417792,-537600,-1181696,-125952,322560,879616,234496,-50176,-233472,315392,-1245184,352256,-880640,-1657856,285696,-584704,-987136,-134144,-797696,-512000,81920,72704,-1216512,-467968,-736256,-492544,1321984,691200,649216,79872,-1124352,-103424,401408,-68608,402432,184320,156672,-1146880,-1235968,-1271808,-513024,99328,-1094656,-88064,228352,250880,425984,-862208,832512,-1658880,-803840,4096,-1222656,212992,-532480,801792,-665600,797696,-665600,-1491968,-11264,729088,464896,-397312,-1122304,-452608,-158720,-460800,-77824,135168,136192,-322560,-822272,186368,16384,-510976,-19456,302080,-678912,-771072,15360,766976,1476608,-135168,2048,-684032,-2483200,548864,373760,-44032,29696,-578560,260096,-171008,700416,-1249280,-212992,121856,1433600,846848,81920,-147456,1211392,-568320,442368,119808,31744,-897024,-67584,1342464,-126976,92160,733184,-613376,516096,107520,-2441216,7168,988160,-365568,1317888,-63488,-1376256,-1244160,721920,-622592,-202752,1189888,-150528,-385024,-417792,952320,350208,-937984,-120832,-313344,-448512,-402432
-873472,-189440,-1135616,-1338368,-354304,-234496,1086464,150528,1016832,743424,363520,-3072,-484352,-726016,-925696,166912,47104,843776,2048,79872,-311296,-100352,-562176,22528,-1321984,-489472,-508928,-1245184,-1426432,-749568,-670720,-647168,293888,-784384,-1290240,-1463296,-87040,252928,422912,714752,156672,522240,242688,69632,927744,-265216,-52224,-289792,-165888,-2278400,-739328,-539648,-974848,122880,-735232,-510976,-194560,-334848,344064,-532480,-1297408,50176,529408,-351232,771072,-485376,-656384,-69632,-730112,-928768,729088,382976,-390144,223232,-348160,723968,25600,-442368,-1284096,-1156096,265216,62464,-1249280,526336,9216,-133120,-322560,-289792,-62464,-2394112,-773120,-165888,-181248,885760,-61440,-98304,408576,-744448,-2853888,-1247232,-243712,-211968,-94208,-272384,-110592,1473536,-692224,-659456,114688,-391168,625664,-126976,-230400,164864,-516096,-55296,-662528,-259072,-1406976,1046528,259072,-386048,860160,-1771520,-1430528,-852992,314368,-1676288,-480256,-238592,223232,720896,-605184,145408,-344064,-189440,-253952,-850944,365568,25600,436224,-1063936,-976896,-167936,-78848,-882688,-73728,39936,-823296,-612352,9216,62464,-1098752,13312,-819200,357376,-670720,-1129472,-271360,-701440,492544,-189440,-792576,-677888,-28672,-455680,-4096,-130048,698368,-285696,-1905664,96256,930816,-916480,-447488,81920,-495616,-447488,-159744,-271360,86016,-371712,-1352704,-6144,-381952,625664,77824,-804864,-401408,-1255424,503808,893952,-708608,-590848,-1307648,-6144,374784,-154624,41984,-757760,-34816,-758784,-524288,208896,-703488,-227328,-392192,-118784,-421888,-321536,413696,-204800,-482304,-633856,-1057792,-750592,-141312,-1392640,-781312,-1199104,-359424,351232,997376,-533504,-239616,-835584,-970752,274432,121856,-564224,-596992,-363520,395264,-1019904,-586752,-1209344,-444416,-1774592,-1267712,-1082368,-481280,20480,-800768,-861184,-1011712,-569344,-1180672,-848896,-260096,-566272,19456,-24576,-82944,790528,-415744,420864,78848,-647168,-365568,-610304,-670720,-647168,-1061888,-843776,-779264,-379904,-1084416,-1056768,-564224,-1442816,-26624,-1486848,-1499136,-1819648,231424,-1387520,1039360,-827392,-901120,1138688,-522240,-502784,813056,-769024,-931840,-871424,-345088,-401408,-676864,-1435648,-411648,66560,-486400,-64512,521216,147456,-431104,-652288,-611328,-673792,-623616,97280,-536576,-479232,-3072,-143360,40960,-851968,179200,-826368,-1532928,-237568,-79872,-1269760,-623616,-148480,188416,1010688,-641024,-86016
777216,-57344,467968,-164864,176128,338944,46080,132096,-683008,164864,-519168,994304,231424,-508928,-406528,490496,201728,-295936,-229376,32768,-106496,739328,-125952,45056,-1288192,225280,405504,444416,-518144,-706560,612352,-387072,-39936,-530432,402432,-601088,2048,12288,-1236992,-676864,-395264,745472,128000,486400,-886784,411648,-956416,-307200,476160,1128448,912384,546816,81920,-76800,536576,-388096,-429056,-609280,-848896,297984,-450560,1150976,-93184,-518144,785408,-872448,-754688,153600,-221184,539648,269312,48128,-131072,-596992,-292864,-345088,670720,-229376,-271360,423936,373760,11264,-70656,1119232,-411648,204800,-366592,-680960,263168,-377856,-43008,-229376,-364544,-1055744,-46080,-356352,139264,1947648,-51200,946176,450560,1112064,347136,729088,-1327104,-792576,414720,716800,602112,-593920,-869376,946176,358400,-1419264,-55296,-649216,996352,-754688,-308224,299008,-460800,-172032,-474112,-724992,667648,-160768,300032,117760,952320,215040,206848,-711680,1037312,-1169408,-917504,2179072,-388096,717824,-1080320,-1130496,-967680,-158720,-1371136,-65536,578560,-311296,-144384,-462848,1035264,1588224,26624,-427008,135168,160768,-658432,686080,266240,-32768,-443392,-100352,-151552,-746496,344064,-1254400,901120,-1240064,888832,-721920,-197632,-420864,-373760,62464,-579584,1222656,-749568,-545792,-1140736,-799744,-1193984,-862208,295936,1076224,-870400,-336896,-1451008,-694272,-1002496,-45056,-824320,430080,284672,-217088,635904,-716800,458752,-17408,-446464,-128000,169984,-436224,-75776,892928,188416,-489472,731136,-1288192,625664,-247808,-876544,541696,-532480,173056,553984,52224,-1435648,-959488,-1057792,-17408,-47104,-156672,56320,-535552,-105472,-619520,-294912,-51200,1201152,120832,-278528,-268288,989184,-549888,-892928,89088,306176,-936960,-558080,-26624,-458752,-1432576,-246784,-721920,-401408,-1115136,80896,460800,-600064,1099776,161792,676864,281600,543744,-377856,-1320960,-858112,-539648,1027072,-441344,-38912,-759808,46080,-9216,-852992,-204800,-844800,-719872,490496,-691200,-929792,1128448,-20480,-1220608,-461824,-308224,955392,-312320,590848,-302080,-148480,-113664,769024,-471040,-506880,326656,1329152,-40960,-455680,917504,-626688,704512,-2715648,-889856,-179200,-503808,-638976,-927744,-771072,-343040,309248,-605184,1232896,113664,81920,658432,-152576,134144,-210944,657408,125952,-1241088,114688,-326656,837632,-282624,770048,-986112,349184,-663552,-729088,-588800
-117760,-1280000,-101376,999424,248832,-1826816,43008,-657408,516096,571392,-1333248,-305152,-270336,-854016,-1294336,-336896,344064,225280,-732160,399360,-775168,-729088,829440,5120,-814080,-1320960,-473088,885760,-163840,21504,-305152,-897024,-54272,-59392,-741376,176128,204800,409600,121856,-1238016,-881664,40960,-480256,-1039360,-912384,-1599488,207872,715776,-109568,249856,-174080,1463296,-2419712,-509952,615424,76800,1657856,12288,-90112,-591872,-505856,641024,-1239040,501760,-219136,1606656,-697344,-295936,-367616,-432128,-243712,420864,-285696,-69632,-677888,-32768,379904,847872,-735232,-444416,-902144,-544768,-1276928,-617472,-906240,746496,-837632,-1132544,-1321984,-646144,-1549312,-623616,-773120,378880,505856,-536576,-928768,713728,-217088,-563200,391168,995328,-850944,-1103872,555008,-60416,-190464,153600,717824,-613376,-1118208,-918528,-773120,251904,-648192,860160,-1090560,-537600,-937984,-2229248,-295936,-740352,-872448,-975872,-803840,208896,-256000,-980992,-507904,224256,-224256,28672,-435200,-650240,406528,-565248,-123904,-208896,-368640,-2238464,-422912,-415744,-821248,119808,-193536,-641024,-632832,-144384,-271360,-87040,95232,577536,-708608,884736,-199680,-1006592,-528384,-455680,-937984,-1410048,254976,192512,-277504,-723968,555008,-1153024,-81920,-768000,-1300480,-845824,142336,-226304,-1566720,-154624,-603136,1334272,-84992,1333248,256000,-340992,-1147904,57344,106496,187392,-794624,2016256,-992256,-197632,-436224,-1822720,1721344,225280,-1437696,-1300480,865280,-711680,-27648,-638976,-1331200,-757760,-771072,-651264,-238592,-871424,-432128,-196608,391168,364544,10240,-644096,-294912,172032,-828416,-26624,-466944,19456,-1356800,-1220608,-740352,-1168384,-996352,517120,-560128,-1797120,324608,-1258496,266240,69632,15360,-1063936,-548864,-1500160,79872,334848,-189440,-830464,-1415168,141312,-82944,27648,49152,-46080,-514048,-992256,-328704,-329728,164864,-266240,-1174528,-720896,-1453056,-69632,302080,-471040,-502784,-1658880,-540672,189440,-1200128,-1112064,-406528,-669696,-1179648,-1272832,-197632,-593920,-713728,43008,-989184,-395264,-932864,-439296,-422912,-635904,1019904,-929792,30720,-313344,-838656,-1302528,-9216,-63488,465920,-555008,-161792,30720,-1815552,-1114112,-729088,-1299456,-390144,-149504,-643072,-572416,-1445888,-731136,-2269184,-375808,-89088,-616448,-437248,50176,-386048,-894976,1011712,258048,-385024,-160768,-56320,-371712,-1004544,896000,167936,47104,-1316864,1164288,565248,506880,-851968,-549888
-210944,-707584,-807936,-367616,-481280,-742400,249856,-1828864,-2127872,-1436672,-1610752,374784,431104,-679936,-2059264,-154624,-863232,-883712,-769024,-1060864,-751616,-734208,-319488,-1638400,-434176,-932864,-398336,-2026496,-1930240,-1549312,-487424,525312,-601088,-417792,-403456,394240,440320,-1541120,-1361920,-590848,-1503232,1092608,344064,-390144,-723968,-276480,31744,-1086464,-222208,-73728,1319936,-673792,-1512448,-1459200,-363520,-558080,538624,-224256,-1772544,687104,-856064,-1763328,-248832,-1326080,337920,-186368,35840,-1894400,-1560576,-1045504,-93184,-817152,-862208,-122880,-526336,-1054720,-1132544,-1725440,574464,-1202176,-1050624,-1915904,-427008,342016,-1057792,-353280,-591872,-479232,-148480,195584,-1579008,-409600,-279552,-1203200,-299008,32768,-1400832,-32768,-911360,-1363968,-264192,-700416,-1071104,-709632,-1532928,385024,610304,-257024,-1029120,-337920,-97280,355328,-215040,-492544,-1403904,-751616,-271360,-737280,-602112,-1270784,26624,-1445888,-1137664,-925696,-1643520,-914432,-1708032,-349184,-109568,592896,-322560,-5120,-845824,-343040,-2026496,-832512,-941056,-1118208,442368,-211968,-43008,167936,-991232,-1336320,-859136,-581632,-1371136,-1211392,-901120,-861184,-1419264,-589824,-1555456,-257024,-893952,-830464,-1081344,-347136,-1020928,368640,72704,-988160,-834560,-1224704,124928,-673792,-1236992,-442368,-1382400,-1693696,-216064,-844800,-262144,-1465344,183296,-1449984,-887808,-1856512,-866304,-1101824,-1034240,876544,-2482176,-361472,-1415168,-1072128,-1487872,-1758208,48128,70656,-567296,-949248,-272384,-989184,-627712,-863232,-856064,-2224128,-1142784,-978944,-1377280,618496,468992,-1439744,-1178624,-267264,-1272832,-1257472,-1980416,-1482752,-291840,-358400,-1531904,349184,-1463296,-1054720,-694272,-534528,-1786880,-802816,-809984,-28672,-643072,-935936,-927744,-616448,-2333696,-988160,-1426432,-1370112,-566272,-1263616,-942080,-797696,-146432,-1028096,-1116160,-182272,-1044480,-384000,-576512,-615424,-346112,-2043904,-1542144,-1558528,-1286144,-850944,512000,-1002496,-2008064,-666624,-965632,-1043456,-718848,-1122304,-530432,-1847296,-1091584,-286720,-1388544,13312,-1608704,-994304,-1250304,-768000,-433152,-577536,-63488,-269312,-223232,-197632,-903168,-24576,-1428480,-553984,-603136,-1358848,-1067008,-1020928,-930816,-574464,-1708032,-1077248,594944,41984,265216,-1345536,429056,-413696,-74752,-113664,-817152,-279552,243712,82944,-1008640,316416,-740352,-1275904,-57344,-662528,-185344,-695296,-12288,-1466368,87040,-1154048,-334848,91136,-764928,-837632,-1477632,-472064,-1607680,-394240,-140288,-183296,-474112,-1007616
473088,614400,-636928,-120832,-572416,-349184,-1492992,1259520,409600,187392,957440,571392,-617472,167936,-171008,28672,-604160,142336,-120832,65536,-87040,1051648,-534528,-869376,413696,-1058816,290816,186368,-473088,-148480,-120832,-3072,-666624,296960,-1065984,-2251776,-1459200,254976,291840,187392,-852992,-630784,-839680,48128,-1668096,-22528,-930816,209920,1198080,492544,-740352,27648,-45056,-423936,834560,-823296,451584,512000,-355328,252928,270336,529408,-419840,-703488,819200,-1230848,1238016,-712704,221184,-29696,-343040,618496,110592,-1582080,-635904,450560,-80896,789504,-1393664,1173504,-497664,-56320,-266240,96256,297984,-251904,1218560,-633856,-1331200,-2015232,287744,137216,217088,-517120,-1069056,339968,-887808,257024,-569344,-1150976,-1221632,-1522688,-422912,-1120256,772096,104448,1274880,208896,-520192,-852992,-765952,-1649664,140288,608256,310272,-78848,80896,-192512,-130048,-249856,153600,-207872,-953344,-271360,-626688,-718848,-137216,-884736,349184,445440,-159744,-603136,604160,-898048,-717824,-125952,-472064,261120,-564224,530432,-1056768,497664,194560,-186368,571392,-89088,-1188864,-797696,3072,-1215488,-162816,406528,-608256,225280,-403456,66560,-1084416,-203776,291840,-362496,-107520,-1093632,-1018880,147456,-238592,-961536,107520,504832,-1116160,604160,-512000,-207872,-458752,408576,-652288,185344,347136,-896000,-37888,1167360,281600,-615424,-787456,-1845248,-595968,22528,-1094656,-153600,-1300480,-655360,-561152,356352,-949248,-262144,129024,-528384,513024,750592,-823296,-845824,-11264,-707584,23552,-935936,-891904,-561152,173056,236544,207872,-90112,172032,-418816,-1268736,13312,304128,840704,77824,-963584,-471040,453632,-1074176,-594944,256000,827392,-843776,-541696,-1044480,875520,-231424,-257024,-1718272,262144,-293888,-980992,280576,-551936,81920,-448512,-943104,-316416,-1211392,-60416,157696,-447488,-838656,-18432,485376,-496640,-789504,-922624,-1412096,-769024,-297984,-500736,-193536,-373760,-875520,-428032,-1234944,-2189312,-615424,-35840,-1018880,-228352,-1436672,-654336,-157696,-138240,-9216,-20480,-1337344,-808960,-1242112,-631808,-474112,148480,-299008,-301056,-1163264,-1274880,-435200,-402432,526336,-575488,-467968,6144,-787456,175104,-734208,-988160,62464,-1034240,301056,-1024,-1116160,-201728,340992,-526336,-378880,-495616,-468992,-124928,-1061888,-784384,122880,44032,-1222656,-484352,-225280,-1119232,1061888,-207872,-559104,-276480,142336,-695296,-892928,-1187840,676864,189440
-306176,129024,-852992,-346112,-521216,-648192,31744,-976896,-533504,-188416,-612352,-1357824,-1397760,-1337344,-1217536,-314368,1434624,-1238016,600064,-1003520,-1144832,-899072,730112,-822272,507904,-838656,-1149952,-713728,-1502208,-1289216,-225280,-174080,-842752,-1192960,106496,-944128,-545792,-969728,-1933312,-802816,-87040,-1725440,269312,-322560,-968704,-417792,-769024,-993280,-1182720,-1650688,-2963456,-91136,-1327104,316416,404480,-762880,-1218560,-913408,-518144,-754688,-870400,-720896,-171008,-678912,-958464,-1067008,-551936,220160,-1613824,-364544,-1118208,-492544,175104,-553984,-353280,-1000448,-475136,-1408000,-1387520,-96256,-602112,-1283072,429056,288768,-403456,664576,370688,-1345536,-2628608,-717824,-543744,-998400,-430080,-547840,-543744,-370688,-1520640,-1949696,-54272,30720,-795648,775168,-884736,193536,437248,-404480,-876544,175104,52224,-1175552,-1439744,-1189888,-1358848,-928768,-869376,-570368,-665600,-1083392,-1082368,719872,-1415168,788480,192512,-1294336,-1096704,-264192,-748544,-602112,-75776,614400,-385024,-1002496,-1140736,-285696,-2548736,-1314816,-123904,-1152000,-526336,-332800,-1093632,-1013760,-130048,-1333248,-903168,-1505280,-1173504,-821248,-1058816,233472,358400,1034240,335872,-471040,-911360,-270336,-652288,-718848,-665600,-439296,-2056192,-1820672,316416,-1580032,-301056,-1664000,-794624,-1764352,-531456,-967680,-1246208,258048,-623616,-209920,-952320,1287168,-601088,-912384,-1297408,-969728,-1688576,538624,-727040,-1165312,-1895424,-809984,-999424,-382976,-1036288,-961536,-1032192,-1856512,-519168,-643072,-582656,-1215488,-184320,-1658880,-2364416,-1544192,-824320,-497664,-556032,-610304,-588800,-642048,-442368,-556032,-387072,-1247232,-661504,-1076224,386048,-1475584,-903168,-1027072,-1438720,-645120,-1940480,-1778688,-816128,-2204672,-1501184,-1291264,-701440,-604160,-1547264,-2031616,-142336,-643072,-1529856,1224704,-1314816,-1387520,-1887232,-1205248,-1691648,477184,139264,-762880,-202752,-795648,-1514496,-114688,-1842176,-1276928,-391168,-688128,-896000,-410624,-338944,-625664,-912384,-1534976,-332800,-1359872,-1053696,-1030144,-1164288,-543744,-1010688,-1427456,-9216,-1883136,163840,-1124352,245760,-915456,-1442816,-548864,-1664000,-834560,-1273856,-294912,-1788928,-534528,-841728,-1406976,25600,12288,-177152,-116736,-654336,287744,172032,-614400,-1721344,-1958912,-1304576,311296,-462848,-973824,-47104,-515072,-182272,-1893376,-852992,-1064960,-171008,-1288192,-148480,-1010688,-544768,-1166336,-202752,624640,11264,237568,662528,-1770496,-1145856,-1383424,-1680384,-975872,-303104,-1007616,-827392,-561152,-2082816,-474112
113664,32768,-910336,-43008,568320,-246784,125952,-520192,-309248,214016,-235520,-351232,700416,-62464,229376,-1353728,185344,37888,282624,784384,1143808,-540672,565248,-856064,804864,-790528,-199680,-1268736,908288,-141312,12288,70656,-675840,209920,-116736,-675840,301056,586752,-274432,77824,617472,45056,-106496,-26624,-6144,-1467392,-505856,-1453056,-581632,1329152,-807936,-849920,-112640,-32768,-257024,260096,-303104,-262144,1060864,606208,845824,398336,367616,-1116160,354304,126976,-413696,661504,134144,-1609728,-766976,270336,-307200,-967680,-141312,-141312,1514496,404480,1381376,193536,5120,-339968,1262592,-403456,-142336,520192,-693248,937984,-596992,-443392,-371712,1211392,-299008,1560576,171008,147456,-156672,605184,-72704,1208320,276480,189440,145408,-1576960,1512448,-129024,615424,1081344,54272,-417792,-444416,31744,-1124352,262144,-1078272,310272,1010688,588800,-164864,-167936,1576960,14336,-750592,8192,-220160,150528,702464,1492992,112640,-541696,571392,-111616,-456704,-1316864,-336896,-779264,-51200,541696,-115712,-70656,33792,-657408,-1920000,1030144,-9216,-35840,644096,-759808,-71680,-271360,-489472,464896,-304128,461824,778240,-141312,416768,-1049600,-664576,137216,-537600,-147456,-460800,-176128,923648,-1050624,70656,575488,-1776640,-643072,-430080,-182272,-696320,-1005568,-515072,854016,-644096,-468992,-768000,552960,587776,-89088,-112640,239616,-1017856,-517120,-109568,-10240,-774144,272384,-805888,-435200,490496,-1000448,-712704,-926720,-102400,866304,242688,-321536,-714752,-1367040,-147456,-1305600,-1062912,-200704,-465920,-1191936,-120832,252928,-941056,-579584,-512000,-846848,-941056,-61440,-314368,72704,-760832,-1501184,-632832,-674816,-457728,-664576,-811008,45056,-147456,100352,173056,-453632,9216,-1397760,-944128,-296960,-835584,-888832,-878592,549888,-14336,1380352,-1261568,-86016,-1583104,-392192,-570368,261120,494592,465920,-103424,-624640,34816,-1100800,12288,-589824,-633856,-631808,408576,1092608,-587776,-1293312,-208896,750592,-850944,-648192,384000,192512,-822272,167936,-22528,-518144,-1335296,-595968,-98304,-1300480,231424,-117760,-976896,-116736,964608,-874496,-860160,418816,-517120,157696,497664,-221184,23552,44032,851968,223232,-74752,-697344,-508928,260096,-656384,-23552,-514048,-286720,-508928,-321536,-708608,-1079296,58368,-694272,253952,1455104,-662528,-261120,94208,124928,1473536,340992,456704,-931840,-56320,-347136,-245760,-698368,-338944,181248
542720,574464,-321536,1044480,-1650688,-241664,-553984,1032192,147456,-282624,-67584,849920,-285696,-1323008,-461824,-308224,944128,169984,-1901568,-141312,13312,-447488,726016,777216,-125952,-1902592,219136,-355328,-373760,490496,-1369088,-534528,-362496,-621568,-605184,-386048,-964608,536576,384000,56320,126976,-479232,-1384448,33792,-505856,-50176,36864,363520,-1234944,451584,-340992,-1246208,237568,-794624,115712,62464,-465920,-238592,315392,477184,-381952,-832512,-551936,-1142784,-355328,-172032,-259072,119808,95232,-567296,-408576,5120,-183296,-208896,226304,96256,194560,-365568,207872,375808,-1176576,-1827840,-1126400,429056,1000448,759808,527360,-782336,295936,439296,784384,-843776,-287744,-147456,-1236992,-61440,-311296,561152,-1134592,490496,-451584,613376,2445312,2521088,1452032,920576,850944,220160,-371712,-716800,89088,-218112,-37888,1256448,279552,-106496,-683008,769024,-1297408,-605184,-218112,-91136,-118784,-93184,49152,349184,-653312,-586752,-521216,50176,-666624,-470016,-1078272,-874496,-86016,100352,348160,-1156096,-614400,472064,654336,-397312,-521216,47104,-954368,-8192,-614400,-887808,-1061888,122880,-668672,676864,-705536,423936,-62464,-998400,-670720,-135168,197632,-453632,-242688,-1036288,-1217536,-954368,-874496,227328,110592,1143808,-110592,-846848,-20480,-6144,584704,115712,-275456,-1050624,432128,1049600,-87040,-157696,171008,-1041408,-4096,-342016,-867328,214016,-52224,1358848,-12288,-1160192,-1218560,-762880,-688128,-51200,-1207296,-369664,7168,-1361920,-191488,-218112,-521216,-640000,-438272,233472,-1259520,-547840,-1411072,821248,-1241088,171008,-809984,139264,416768,-99328,-1049600,628736,-1078272,-619520,839680,-606208,-502784,-707584,-1733632,-447488,88064,114688,-532480,174080,-1974272,-526336,480256,-551936,327680,62464,-105472,589824,-394240,-559104,266240,152576,-747520,-1695744,-814080,25600,-732160,-684032,-55296,-562176,410624,112640,-291840,-234496,-37888,-572416,566272,-266240,71680,-1613824,-1672192,-564224,-634880,-519168,58368,38912,315392,-142336,-2086912,468992,105472,-1830912,-567296,126976,-284672,78848,84992,436224,-479232,-335872,205824,55296,635904,378880,-1414144,-749568,658432,-662528,366592,242688,160768,-41984,-161792,74752,-419840,-178176,-468992,-1071104,-591872,21504,-419840,-340992,-1004544,-1296384,-1138688,-1024,-1024000,94208,-608256,110592,-734208,164864,-106496,888832,-303104,-463872,218112,571392,380928,149504,-1203200,-518144
211968,-773120,-1126400,-897024,561152,-844800,-134144,-1427456,-1828864,-181248,-26624,-2030592,-162816,-802816,-593920,321536,-969728,-328704,-283648,-1901568,-638976,-581632,-1027072,731136,-1155072,-1174528,-1825792,-796672,-2147328,-638976,-1124352,-1274880,-591872,-18432,-1436672,673792,-1021952,-1814528,-270336,-1479680,-1723392,-634880,-348160,-313344,-378880,-379904,-1259520,-112640,-416768,-1387520,-692224,-854016,-352256,-1349632,-661504,-1761280,-1846272,-962560,-1255424,14336,-452608,-893952,-171008,-1360896,-2256896,-474112,-223232,-1359872,-586752,-1317888,259072,-661504,-1171456,-193536,-882688,-432128,-768000,-424960,-818176,-367616,-442368,-468992,-1852416,86016,-1911808,-668672,-545792,-327680,-495616,-911360,-119808,-41984,698368,-806912,-398336,-499712,-200704,-522240,105472,-743424,244736,365568,747520,452608,-1135616,-375808,801792,-839680,53248,-1243136,520192,-702464,8192,-807936,-1069056,-279552,-1133568,-208896,376832,401408,-1435648,-739328,-87040,166912,-439296,-834560,-1180672,188416,-44032,-724992,-173056,224256,-632832,-2377728,520192,143360,-2895872,-409600,-409600,-326656,858112,-1612800,-862208,-788480,-360448,-890880,-484352,281600,-593920,-2235392,-1286144,-2274304,92160,-405504,-768000,-448512,-509952,-547840,-332800,-260096,-1739776,-688128,-733184,-1808384,179200,-859136,-859136,-358400,-479232,107520,-958464,-680960,620544,-862208,-1060864,-314368,-595968,-2467840,-497664,-1064960,-775168,357376,-1432576,-1004544,660480,-1727488,-957440,-211968,-855040,-764928,-370688,444416,-186368,-1301504,-598016,-1745920,-1811456,-827392,-1426432,25600,-43008,-467968,-934912,-169984,-1021952,-2322432,-714752,-1078272,-856064,922624,148480,-1069056,-811008,-837632,-1612800,-400384,-549888,-23552,-1199104,-607232,-571392,-1412096,-2016256,-944128,-355328,-211968,-1772544,-1715200,-605184,-366592,-1510400,-1606656,-1167360,219136,21504,-998400,-740352,-1818624,-1163264,-782336,-1656832,-1289216,-1482752,-3026944,393216,-697344,-547840,183296,-763904,-1367040,-823296,-1872896,-288768,-789504,-428032,-1913856,-478208,54272,-141312,1415168,-1382400,-362496,-738304,112640,-800768,-860160,-726016,-118784,349184,607232,432128,415744,-1040384,-1305600,-482304,-893952,754688,-1259520,-707584,-629760,-1118208,-1549312,-754688,-123904,193536,-16384,-1693696,-353280,-1133568,-839680,-1410048,-169984,-1168384,-1441792,160768,834560,-304128,41984,-2075648,628736,-210944,-567296,774144,-734208,-920576,-21504,-1134592,299008,-1288192,3072,-2012160,-77824,-1157120,-912384,-739328,-145408,120832,-628736,-458752,-878592
189440,538624,8192,-671744,274432,-851968,145408,-406528,823296,-1046528,-989184,-387072,-569344,-1809408,-512000,150528,423936,663552,-475136,-975872,-246784,-956416,-552960,409600,-312320,586752,-507904,-243712,-771072,392192,-211968,-735232,-832512,351232,-2631680,-297984,-750592,-309248,-1024,-1172480,1133568,-236544,705536,-1019904,-400384,829440,-805888,1070080,-1162240,-699392,-814080,-1403904,-590848,-348160,490496,787456,499712,-425984,-442368,-340992,353280,-868352,361472,-459776,74752,1452032,-1294336,609280,-709632,138240,-194560,527360,-126976,687104,1102848,-318464,-1121280,217088,160768,-399360,-1302528,338944,201728,642048,883712,303104,437248,-202752,-412672,434176,-160768,-493568,318464,237568,457728,-723968,1331200,-81920,-836608,-149504,-354304,382976,861184,704512,-97280,61440,-684032,-406528,-719872,148480,-1101824,-617472,706560,665600,618496,1216512,-678912,1590272,-231424,-1211392,346112,-14336,780288,481280,-653312,-332800,-1024,-463872,-178176,-26624,-507904,-187392,-296960,14336,125952,-1106944,620544,87040,-627712,-450560,-384000,-235520,186368,-774144,646144,615424,-56320,237568,-1698816,526336,-165888,-407552,198656,-708608,-817152,551936,95232,-1067008,4096,-339968,-1236992,-1036288,-1256448,525312,-6144,-55296,26624,-1331200,998400,715776,-580608,-419840,-859136,368640,577536,-34816,1223680,562176,-1671168,816128,-808960,184320,355328,118784,-64512,683008,-900096,1050624,-609280,-496640,-431104,-1158144,281600,-100352,-138240,-865280,138240,-1120256,-912384,389120,-202752,590848,-1101824,-649216,427008,-197632,92160,-137216,-390144,-1403904,-297984,-1563648,-735232,348160,-434176,924672,348160,68608,-325632,-373760,-2246656,-671744,189440,-405504,-18432,-665600,1388544,-2053120,-1178624,391168,-528384,-388096,-309248,-793600,183296,-913408,-548864,-40960,-710656,362496,-488448,1178624,406528,38912,-369664,-66560,-485376,-270336,-276480,-479232,795648,314368,-68608,-372736,-466944,-939008,-78848,-1402880,-1700864,-776192,417792,-1674240,337920,-200704,-753664,-286720,-190464,-1839104,847872,-491520,-157696,394240,814080,-560128,-490496,5120,-599040,-906240,-68608,287744,47104,-1009664,557056,-1853440,-801792,-1748992,-803840,-1903616,-797696,-1298432,-442368,-716800,-73728,-286720,-1271808,-553984,-593920,-427008,348160,136192,403456,238592,238592,-323584,361472,-1180672,-813056,-779264,517120,890880,-628736,-315392,-744448,-153600,-1552384,-1021952,-563200,-644096,980992,-109568
-175104,3072,-411648,-1632256,69632,-1368064,-723968,171008,-262144,-1155072,-267264,-1846272,-1253376,687104,-796672,-2167808,-93184,-1434624,-1102848,-228352,-1633280,-1501184,-587776,208896,-688128,-58368,721920,-69632,-39936,-571392,-299008,-546816,-506880,400384,-217088,623616,-1414144,30720,-802816,-916480,241664,-184320,-433152,-831488,580608,283648,-707584,-1308672,-660480,-1026048,-1883136,-1049600,-212992,-477184,-517120,-1103872,-610304,-670720,-2305024,-1293312,-501760,-784384,-478208,1024,-224256,-711680,-171008,-37888,-81920,-65536,294912,352256,-656384,-270336,463872,-1467392,-1002496,149504,-96256,-607232,-368640,365568,556032,-459776,-817152,-817152,-214016,-530432,-1606656,-1155072,-924672,614400,-396288,-1591296,-1080320,-1164288,764928,-129024,-1192960,-696320,-301056,-657408,-705536,493568,457728,-1899520,256000,-1152000,-339968,-1326080,-1058816,-1292288,-892928,-906240,-1286144,-1290240,-1899520,-448512,-460800,-1344512,869376,-742400,106496,-1216512,-1011712,-1639424,-1439744,688128,-177152,-1050624,-419840,-321536,395264,-410624,-988160,-11264,-588800,-1377280,-1026048,-627712,-1021952,-1004544,-884736,351232,147456,-1996800,-715776,-1592320,-36864,-1061888,132096,-658432,-1065984,-1076224,-77824,-1428480,-772096,-323584,-1306624,-1386496,16384,66560,0,-948224,-860160,-1566720,-2245632,-197632,-1679360,-371712,-368640,-2099200,-1549312,1013760,503808,-769024,-123904,-1490944,-789504,-626688,26624,-357376,-1331200,110592,-263168,-1092608,-1223680,-1385472,-1347584,-50176,-666624,-1555456,813056,-471040,-2035712,-742400,-240640,-556032,-891904,-650240,-1014784,-1595392,-1201152,496640,-79872,240640,-1145856,-1583104,-1097728,-1043456,-660480,-1254400,-243712,-1447936,-259072,-1162240,-512000,-32768,-1141760,-756736,-376832,-434176,122880,-1370112,-595968,-1588224,-1444864,-1912832,-392192,-1838080,-155648,-1996800,-197632,-1435648,78848,-2426880,-160768,-836608,-1994752,-45056,-566272,-844800,-1377280,-817152,-292864,198656,-1560576,-400384,-322560,-925696,-961536,712704,-243712,-320512,-1323008,-228352,-1370112,-1369088,-966656,-1734656,348160,-451584,220160,-1452032,-1395712,-912384,-176128,-1714176,-12288,-769024,-63488,-416768,754688,-2122752,29696,220160,-345088,-1568768,-890880,-1058816,-1335296,-1902592,-1005568,224256,-948224,620544,-10240,-583680,-56320,-138240,-611328,-800768,-268288,-791552,-872448,310272,-326656,-916480,-720896,-392192,-79872,650240,-2126848,-806912,-1126400,-1662976,-370688,-204800,-630784,-620544,-922624,-411648,-1579008,-1785856,-950272,-926720,-72704,-567296,-856064,-1259520
-925696,88064,509952,666624,-105472,-411648,-573440,-94208,-370688,-257024,171008,-222208,-103424,-378880,-301056,-892928,220160,-241664,-886784,-26624,466944,782336,806912,543744,479232,921600,-795648,-270336,-1250304,104448,932864,719872,-267264,-550912,-73728,-414720,-1266688,-117760,-1620992,-59392,495616,647168,493568,-787456,-877568,-200704,-311296,-399360,685056,-2048,-276480,326656,-225280,321536,413696,797696,457728,-131072,-569344,1012736,532480,-306176,197632,-128000,-1500160,-339968,-161792,-419840,562176,-662528,-315392,286720,-254976,-540672,-35840,495616,-490496,666624,122880,1172480,53248,1121280,87040,-548864,261120,-236544,-208896,600064,1072128,931840,390144,-484352,-1107968,363520,-226304,243712,461824,190464,-206848,-884736,-303104,-406528,-247808,143360,1605632,1661952,756736,664576,228352,-270336,125952,-287744,-760832,-44032,-805888,954368,-1395712,38912,-45056,-373760,-817152,412672,-1168384,508928,-7168,-970752,824320,-380928,-223232,-629760,-1224704,32768,-175104,253952,-968704,1451008,-488448,431104,107520,-301056,-2267136,-956416,-733184,197632,1221632,686080,63488,-683008,189440,272384,521216,286720,-322560,32768,165888,-504832,-454656,151552,183296,180224,-265216,149504,-473088,-727040,-289792,-439296,1601536,93184,-665600,-574464,-393216,53248,-463872,38912,-1295360,-111616,104448,-264192,825344,775168,-50176,-316416,-993280,-1498112,-628736,331776,-135168,-499712,902144,101376,541696,-793600,-608256,-325632,-626688,-703488,-487424,-857088,168960,-1083392,-364544,-1879040,-616448,-380928,-1653760,-1475584,153600,1304576,-617472,-221184,1353728,-860160,139264,-1016832,-629760,-1145856,-852992,290816,349184,-980992,-282624,-358400,496640,270336,-148480,-379904,-966656,505856,-687104,276480,-1086464,-296960,227328,-385024,259072,-136192,-21504,-130048,240640,-607232,-406528,-2130944,278528,-467968,-971776,-1732608,1123328,-1541120,-480256,-827392,-677888,-970752,-1115136,-303104,1172480,-635904,-1467392,-387072,490496,-372736,-563200,-313344,1311744,425984,-1183744,-498688,-614400,-526336,109568,-492544,-585728,-1013760,691200,-82944,48128,-715776,-616448,-57344,-1486848,-2027520,48128,251904,-405504,1015808,150528,-602112,246784,-571392,-1247232,-402432,-177152,-802816,53248,370688,-968704,636928,649216,-1014784,239616,-956416,-258048,-768000,-10240,1428480,194560,672768,-410624,322560,-1644544,-695296,715776,321536,397312,-421888,-102400,239616,-471040,-116736,655360,946176
134144,541696,-1416192,-589824,630784,207872,-475136,-209920,45056,-226304,376832,1061888,-768000,660480,188416,-666624,234496,787456,-1056768,45056,833536,-613376,399360,284672,174080,1025024,216064,-303104,-97280,-38912,-441344,-979968,-1210368,565248,1276928,607232,770048,230400,584704,557056,694272,-786432,-203776,-209920,-191488,-24576,-435200,-606208,-603136,22528,692224,169984,-465920,211968,1000448,902144,412672,-966656,-330752,-26624,-124928,18432,171008,86016,249856,1145856,660480,276480,-52224,-80896,20480,-412672,747520,-1126400,-289792,484352,-201728,110592,428032,-2219008,299008,253952,-775168,712704,616448,234496,106496,-1059840,-364544,239616,595968,282624,160768,-293888,1641472,549888,-1043456,-84992,-1584128,-686080,551936,569344,201728,129024,-1101824,143360,139264,268288,-494592,1017856,-578560,-26624,520192,-1595392,729088,-499712,1440768,-1443840,-805888,645120,-490496,187392,1420288,72704,189440,-418816,-1388544,-886784,-144384,321536,100352,-8192,105472,1308672,-382976,-697344,-290816,-20480,975872,681984,-1400832,1229824,-92160,-186368,-660480,1112064,244736,560128,-793600,-349184,-86016,-27648,730112,-704512,1086464,-1611776,-129024,864256,357376,1007616,-680960,-714752,699392,-567296,338944,175104,-591872,448512,-239616,-243712,104448,-1053696,10240,256000,238592,429056,176128,-223232,530432,-564224,-919552,830464,282624,-1269760,-163840,1625088,346112,183296,558080,-858112,-867328,1027072,-884736,1723392,-834560,-160768,-1382400,949248,125952,-474112,-837632,141312,-23552,-74752,-826368,-295936,707584,-1378304,-1064960,872448,677888,377856,-243712,67584,1695744,-526336,-655360,-12288,640000,-103424,1828864,-245760,318464,-262144,-381952,-789504,-10240,-1399808,-1531904,-143360,-205824,542720,660480,326656,271360,-936960,-993280,399360,-80896,-936960,14336,917504,394240,-671744,-1088512,459776,-703488,238592,884736,-484352,-958464,527360,-107520,-575488,-237568,-605184,-1128448,-635904,-54272,-694272,190464,-29696,839680,-848896,-219136,-692224,13312,1103872,1058816,1009664,-1394688,-156672,844800,-4096,142336,508928,-466944,-217088,495616,-631808,-450560,-602112,-1014784,-313344,-932864,557056,-202752,112640,-781312,249856,124928,-349184,-757760,312320,-1566720,-154624,-646144,-35840,487424,-364544,-1163264,-480256,-3072,-1617920,-252928,-322560,46080,608256,-1251328,-685056,-259072,-482304,-1056768,1019904,829440,-495616,-354304,73728,1409024,-218112
-1166336,-863232,-922624,-528384,-847872,-1473536,-925696,-560128,-830464,135168,-439296,-1587200,-347136,-168960,-826368,463872,-83968,-1059840,-2076672,-1786880,-1533952,-884736,-750592,-1087488,-1198080,-528384,-1428480,-2212864,-1191936,-175104,-484352,-506880,-804864,-1100800,-1342464,121856,-1500160,-2646016,-655360,-2476032,-232448,-89088,-992256,-813056,-1644544,-1121280,257024,-1229824,-187392,-117760,-1223680,-1427456,159744,-1258496,-2253824,-801792,-842752,21504,-991232,-989184,-1011712,-759808,-1172480,-5120,140288,-421888,-1598464,-1705984,-2034688,457728,-2173952,-2355200,-988160,-2306048,-1261568,-1638400,-817152,-1156096,-237568,-781312,-542720,-1978368,25600,-1590272,-36864,-294912,-1789952,-856064,-1119232,-658432,-2020352,-995328,-2414592,-1952768,-2541568,-396288,-615424,-489472,-1710080,296960,-347136,-1423360,-1203200,-1033216,-540672,-336896,-2057216,-1153024,-1305600,-1697792,-552960,-1362944,-299008,854016,-1439744,-670720,-583680,-475136,930816,-638976,-378880,315392,-1081344,-1131520,-1432576,-432128,-1985536,-836608,-1326080,-331776,-226304,-1417216,-1839104,-2164736,-254976,-203776,-509952,-1075200,-470016,-1770496,-1025024,-2484224,-1211392,-188416,-440320,112640,-2044928,-1406976,-544768,-2166784,-1388544,-1611776,-1458176,-1815552,-1070080,-1092608,-592896,-1363968,-958464,-218112,-1639424,-977920,-1422336,-1327104,-286720,-1799168,-2192384,-610304,-988160,-1392640,-1841152,-335872,-1001472,-2166784,-41984,-318464,-1585152,-2111488,-1963008,-1579008,-864256,-1288192,-1040384,-2135040,-1037312,-71680,-1719296,-1188864,-346112,-974848,-608256,78848,-952320,-398336,-1544192,-1819648,-1328128,-781312,-1806336,-436224,-27648,-2246656,-840704,-430080,-2949120,-875520,-1478656,-95232,-265216,-1793024,-253952,-1985536,-2329600,-622592,-1972224,-1108992,-991232,-1508352,-1227776,427008,-1623040,-1643520,-636928,-538624,-567296,-946176,248832,-1688576,-914432,-1798144,-2083840,-369664,-1167360,-1024000,-1616896,-1598464,-1274880,967680,-2064384,-73728,-177152,132096,-1998848,-176128,-125952,-1794048,-234496,-1206272,-628736,-490496,-1002496,-400384,-1354752,-338944,-1849344,757760,-1258496,-1218560,-586752,-972800,-1147904,-1461248,-974848,-1225728,497664,-720896,-561152,83968,-1074176,-1961984,-605184,-2783232,-557056,-720896,-1517568,-2164736,-975872,-1093632,-1664000,-847872,-1752064,-1333248,-610304,-1424384,-1491968,-888832,-1147904,-1319936,-1089536,-2154496,-186368,-664576,-1241088,-688128,-221184,-776192,-318464,-697344,-291840,-381952,-848896,-1817600,-894976,-1313792,-1063936,-584704,-1119232,-228352,-1029120,-1811456,-437248,-1760256,-476160,84992,-583680,-1015808,-915456,-349184,-2622464,-1122304
606208,-184320,484352,513024,-865280,-1744896,890880,-457728,524288,-699392,354304,26624,-620544,-690176,279552,-379904,-214016,1336320,-678912,926720,726016,-332800,-1148928,681984,-611328,-828416,645120,-1172480,1073152,61440,1049600,-488448,405504,-1007616,443392,-165888,-557056,143360,-187392,890880,459776,19456,-801792,-924672,-403456,-1088512,-1031168,-361472,571392,617472,338944,193536,0,-167936,-319488,933888,-596992,581632,474112,-35840,563200,769024,-123904,-295936,417792,-631808,1539072,648192,-547840,-607232,148480,-902144,98304,1175552,122880,833536,-40960,-1096704,555008,-69632,-463872,481280,-483328,-419840,-232448,-771072,-736256,-106496,941056,-205824,-1252352,-1059840,-108544,295936,777216,-63488,339968,-310272,200704,-1045504,257024,-257024,1069056,-47104,297984,-157696,1313792,-954368,1086464,-2019328,-1380352,503808,1033216,-885760,356352,-824320,-657408,207872,-80896,-18432,350208,80896,753664,84992,-4096,636928,48128,3072,626688,-640000,-749568,-476160,706560,1489920,201728,-202752,101376,-633856,-155648,876544,286720,700416,990208,-144384,-643072,-455680,-871424,-635904,375808,-814080,458752,471040,484352,505856,-956416,-206848,-1056768,-967680,223232,-965632,630784,-850944,-1402880,-212992,132096,-140288,-1026048,176128,928768,-832512,-893952,122880,-2333696,9216,494592,813056,822272,-474112,-690176,-17408,-495616,-1278976,83968,-9216,36864,1063936,61440,904192,-193536,-1398784,-982016,-908288,-299008,-614400,141312,149504,662528,-277504,260096,212992,-922624,397312,-952320,-498688,754688,743424,246784,556032,-314368,456704,-1287168,-559104,-1286144,707584,869376,-111616,-1230848,-840704,-262144,-2301952,-99328,841728,56320,331776,-353280,168960,401408,92160,-13312,-393216,-592896,-874496,115712,-1142784,-12288,-206848,-1077248,-735232,576512,345088,-126976,-300032,-538624,778240,105472,-1308672,-109568,-428032,-1382400,405504,-147456,670720,180224,-1017856,321536,-254976,325632,-1490944,-227328,160768,-390144,498688,-433152,-198656,-22528,1414144,320512,-396288,242688,-171008,961536,-268288,-97280,-1090560,-641024,254976,-2350080,-585728,-652288,320512,309248,-164864,379904,-445440,-613376,-54272,-1730560,-293888,286720,120832,-413696,-1163264,203776,-269312,583680,656384,296960,-378880,-744448,-520192,765952,139264,-30720,643072,422912,-427008,-285696,859136,-106496,694272,69632,542720,-174080,-652288,70656,210944,-924672,909312,-1103872,147456
-1666048,21504,-212992,-984064,-620544,-1082368,55296,-539648,636928,-1152000,-1032192,-144384,-1028096,-584704,706560,-58368,376832,-1030144,-904192,-1307648,-149504,181248,-474112,70656,-1657856,-628736,-301056,-193536,-1165312,-304128,-1089536,-1198080,707584,158720,-693248,-623616,-1348608,-1346560,-303104,39936,-1168384,-29696,-1589248,-480256,-569344,385024,-1060864,-1469440,-1867776,-1016832,-157696,-914432,169984,24576,-585728,-1281024,-405504,-1700864,88064,-8192,-1562624,-821248,-1182720,287744,-1748992,-998400,-1590272,-2080768,839680,-480256,-896000,-236544,766976,-490496,412672,-1984512,-1257472,-836608,65536,677888,-1360896,-117760,-276480,-11264,-1111040,-9216,-2172928,-826368,292864,-1081344,-555008,-1261568,-712704,-792576,-1903616,-765952,432128,-1019904,-924672,-248832,-1373184,563200,-377856,-432128,-1294336,-804864,-562176,-751616,-79872,-1114112,-679936,-1025024,-507904,-1080320,-1506304,-803840,-326656,-489472,-587776,-240640,-1074176,-79872,-1069056,-924672,-138240,-1013760,-148480,-759808,-223232,-894976,-1360896,78848,-151552,-53248,-856064,798720,-1193984,361472,-1089536,-408576,-1034240,-1504256,-2225152,-744448,-1639424,-1260544,-1083392,-1223680,-183296,-592896,-2393088,-1056768,-944128,-542720,316416,-472064,-496640,-607232,-1110016,420864,-37888,-1499136,-909312,-1436672,-1278976,-1378304,-228352,-914432,-1536000,-1241088,-954368,-886784,-863232,-844800,-904192,-189440,-795648,-1397760,-2137088,-368640,-1513472,-1014784,-1771520,-1193984,-1586176,-1189888,-1683456,-2272256,-1261568,-1137664,-2827264,-218112,443392,-766976,-1486848,-1529856,-2787328,-555008,210944,-555008,412672,-1644544,-1730560,-686080,-504832,-489472,-939008,-782336,-488448,-363520,-2111488,-887808,-355328,-1492992,-1784832,-565248,-1990656,-1323008,120832,250880,121856,-1728512,-1376256,-398336,-1169408,-1059840,-902144,-1618944,-608256,-761856,670720,-852992,-525312,-167936,318464,1344512,-491520,-1659904,-1566720,-1284096,-1385472,-1394688,-1094656,-1152000,346112,-390144,-1722368,-1214464,-503808,-462848,-1771520,-1185792,347136,-1281024,-504832,121856,-631808,-172032,-781312,-1491968,-1018880,-1926144,-931840,-480256,-850944,-1835008,-1636352,-953344,-1480704,-368640,-2228224,-1191936,-1863680,-1263616,-970752,-1249280,-1665024,-903168,-2289664,-230400,-1011712,-98304,-1999872,-2088960,-389120,76800,-728064,-624640,-1415168,-862208,-902144,-1303552,-237568,212992,-222208,-966656,-280576,-771072,-1892352,-1932288,-1039360,-1960960,-1285120,687104,-1659904,-150528,-304128,369664,-221184,-396288,-2343936,-180224,1026048,930816,1213440,-350208,-888832,-419840,-397312,-1610752
-712704,1005568,-587776,-81920,-432128,76800,-1176576,-1311744,99328,-916480,760832,-758784,710656,-323584,372736,909312,-190464,184320,907264,448512,491520,10240,-593920,-1083392,-160768,-615424,-545792,-801792,-296960,-28672,-1220608,593920,-709632,-722944,-991232,160768,51200,-652288,1170432,263168,447488,-398336,-487424,417792,54272,-459776,176128,-395264,830464,-1466368,867328,98304,-549888,1048576,588800,-115712,-535552,-385024,291840,-163840,1059840,-651264,121856,-898048,132096,487424,801792,104448,471040,262144,-592896,-819200,4096,-6144,737280,-1018880,-1017856,-445440,-380928,-623616,350208,-184320,-52224,-1491968,-13312,-894976,314368,887808,-337920,533504,-12288,-546816,-1165312,-187392,-1051648,-331776,4096,1305600,552960,-467968,100352,-15360,-196608,-374784,455680,197632,-1404928,-756736,-996352,196608,-98304,-1611776,-466944,-1231872,-412672,-1927168,-1394688,-67584,-83968,-453632,-1346560,-1430528,-870400,-581632,-509952,-252928,-277504,-499712,-188416,188416,-773120,98304,238592,143360,831488,245760,-107520,1299456,359424,-600064,750592,-1475584,885760,420864,824320,365568,-1911808,-345088,-1557504,-542720,885760,239616,445440,-1060864,-941056,-1150976,271360,-235520,-285696,1557504,562176,134144,-1032192,247808,1232896,-819200,-109568,-1359872,576512,87040,-1058816,288768,1153024,-994304,-1117184,-654336,-321536,-159744,222208,285696,303104,-61440,-718848,-678912,-626688,207872,-791552,302080,253952,1087488,-638976,-13312,-191488,-1120256,-719872,-652288,174080,-102400,375808,-911360,-1087488,16384,-1584128,-116736,785408,-345088,-594944,496640,202752,-656384,-1169408,-1403904,-729088,1146880,-705536,-927744,-884736,-1042432,-296960,-512000,-1762304,-883712,215040,470016,63488,-788480,-49152,-714752,86016,433152,-2222080,-1093632,-596992,-930816,-305152,437248,-491520,241664,146432,-395264,646144,-207872,-372736,-404480,216064,-646144,-427008,-854016,662528,-1351680,-804864,-452608,-363520,1167360,-1122304,-718848,-1048576,-720896,593920,126976,850944,248832,1044480,633856,-723968,1222656,240640,1117184,40960,-544768,23552,-849920,-137216,1699840,159744,-919552,75776,-964608,-934912,-1083392,-184320,916480,93184,-1081344,-1112064,843776,-1002496,-3027968,-655360,-670720,794624,-165888,-790528,-433152,-108544,-516096,4096,-577536,-24576,130048,1219584,875520,-8192,589824,125952,-678912,-569344,-373760,-565248,335872,-618496,263168,-602112,-855040,203776,-1470464,-1132544,-219136,-1024,-933888
305152,243712,-960512,791552,-63488,-67584,1119232,-732160,-719872,87040,-200704,-1148928,508928,676864,1534976,96256,261120,-1060864,176128,1696768,375808,155648,158720,1361920,1195008,212992,695296,-1202176,161792,101376,236544,695296,-623616,451584,264192,39936,1265664,64512,-181248,1184768,-1404928,-200704,445440,-81920,1091584,387072,-765952,221184,458752,-233472,462848,-166912,-378880,1063936,-1005568,329728,-801792,-890880,281600,-364544,1034240,1117184,1620992,261120,629760,-1186816,524288,-571392,354304,479232,88064,462848,-1244160,840704,903168,240640,561152,254976,-1566720,-771072,43008,446464,277504,307200,-614400,1238016,-243712,-418816,154624,1273856,194560,446464,1154048,978944,-375808,-71680,-106496,-58368,164864,353280,832512,-1180672,243712,40960,-209920,-126976,-467968,-367616,328704,28672,19456,726016,-80896,-959488,-89088,-318464,-1330176,772096,559104,384000,1399808,803840,1191936,-466944,726016,551936,-1106944,545792,185344,1635328,-286720,-75776,333824,90112,-251904,1011712,-13312,296960,-1455104,-593920,590848,1201152,-721920,411648,-515072,-258048,-78848,934912,422912,897024,-349184,-290816,-217088,403456,-413696,781312,768000,699392,1074176,612352,759808,275456,-305152,1077248,-62464,697344,-1018880,-50176,-674816,523264,-88064,549888,552960,-155648,1228800,-655360,764928,-64512,-627712,-978944,-279552,829440,-902144,674816,-510976,-305152,-1266688,351232,-1144832,458752,-74752,25600,-37888,-494592,622592,-513024,698368,429056,1398784,-444416,1306624,709632,152576,1060864,-231424,-88064,-445440,171008,-473088,195584,-389120,489472,530432,-278528,533504,-368640,-482304,-695296,712704,307200,198656,-348160,2212864,218112,507904,59392,546816,794624,307200,-1140736,766976,912384,-949248,522240,-193536,-619520,-1316864,-1186816,77824,106496,-275456,-97280,1748992,1438720,-697344,506880,175104,346112,-122880,119808,884736,-463872,739328,277504,-81920,-1609728,1138688,736256,1086464,374784,-315392,564224,-447488,332800,-595968,-866304,-21504,13312,510976,-695296,211968,744448,-259072,429056,657408,919552,0,204800,377856,1903616,138240,-803840,115712,-72704,1013760,533504,-1089536,180224,144384,1143808,1019904,-570368,20480,208896,-109568,313344,475136,125952,389120,79872,918528,596992,-677888,773120,-503808,232448,884736,654336,206848,-199680,-7168,-2048,-989184,-551936,-351232,-139264,-205824,1255424,156672,394240
-1510400,-1155072,-252928,-54272,-935936,-565248,-98304,538624,-1106944,-1313792,-1341440,316416,334848,-756736,-78848,-1306624,-1100800,-1536000,-693248,-538624,294912,-337920,267264,-1445888,-608256,-928768,-852992,-607232,333824,-1000448,-39936,-211968,-260096,913408,-536576,-843776,-268288,357376,-1485824,189440,-1026048,-324608,-550912,312320,-1222656,375808,17408,69632,-317440,35840,-560128,671744,-1185792,-132096,-280576,-2385920,607232,-890880,-1641472,913408,-668672,-57344,-1166336,220160,-1275904,-300032,-1087488,-1272832,-246784,524288,-634880,637952,-664576,1213440,-749568,222208,135168,-889856,-1024000,-708608,-572416,-2001920,-1032192,-735232,265216,-856064,-621568,-59392,-875520,-1006592,-328704,-632832,311296,-1306624,-323584,616448,656384,1053696,1205248,-449536,-182272,388096,-762880,136192,-420864,-797696,1337344,-1988608,97280,-189440,-1954816,-1441792,-289792,-664576,-859136,-806912,-572416,-152576,-705536,-519168,-425984,121856,-1330176,-854016,-589824,161792,-793600,-1361920,-580608,278528,-1566720,-1502208,-292864,-440320,-1147904,250880,-584704,-1010688,-696320,886784,-821248,-883712,-977920,-807936,-1297408,528384,-162816,858112,-143360,-112640,-625664,-355328,-151552,-393216,-876544,-762880,-1420288,-51200,-94208,272384,-96256,-648192,-404480,-872448,-1152000,-369664,-354304,-427008,-292864,-206848,76800,-435200,-890880,-460800,111616,-1253376,356352,337920,1094656,-561152,-1708032,-1259520,-447488,-966656,-339968,-320512,-1585152,-482304,-430080,-1721344,-1402880,504832,-931840,177152,-1047552,934912,-109568,-589824,1185792,-859136,-1049600,-954368,-1146880,-1098752,-641024,-477184,419840,110592,-466944,-1654784,-1106944,-1319936,-139264,-1383424,-1011712,180224,-747520,-850944,-418816,-1202176,-659456,555008,-914432,-150528,-1318912,342016,584704,326656,58368,-860160,-466944,-999424,-1469440,-949248,-856064,-1729536,-709632,-945152,-701440,-1346560,-821248,-1552384,-777216,-598016,-834560,-1161216,-1512448,696320,-961536,-214016,-1498112,-670720,-1071104,-1040384,-358400,-518144,696320,-608256,-198656,-1115136,-107520,-1168384,-107520,-218112,-941056,-771072,-195584,-969728,-905216,116736,-1229824,533504,-360448,-113664,460800,-625664,-268288,-173056,432128,-1660928,-836608,186368,-533504,574464,-980992,-463872,-271360,-1167360,-774144,-630784,-718848,-849920,-2081792,-614400,-1527808,-549888,-245760,-1674240,223232,73728,-888832,-1523712,-1134592,162816,-1451008,-219136,-624640,-1576960,-1092608,-988160,-1513472,-23552,506880,-1717248,54272,-380928,-929792,-1245184,-544768,-1255424
-216064,-678912,89088,-836608,98304,-150528,7168,329728,855040,1232896,308224,163840,689152,588800,105472,502784,308224,-452608,753664,22528,666624,1051648,-1383424,13312,399360,583680,403456,-453632,1075200,363520,1774592,102400,242688,486400,902144,424960,782336,733184,1339392,709632,-97280,317440,971776,-658432,-502784,227328,407552,634880,392192,887808,919552,598016,131072,697344,-273408,718848,1295360,427008,376832,-359424,-218112,397312,664576,1070080,431104,1180672,786432,1286144,1315840,286720,-1185792,-1160192,1126400,836608,1104896,-602112,1200128,731136,1221632,-861184,892928,-37888,-112640,616448,536576,-1131520,132096,-39936,712704,323584,463872,-81920,280576,60416,615424,356352,269312,602112,19456,936960,1317888,96256,950272,221184,-133120,-865280,-427008,207872,-281600,-757760,-525312,-739328,927744,-106496,-355328,68608,896000,-912384,141312,144384,472064,1177600,616448,212992,688128,465920,-689152,296960,1002496,-659456,319488,-503808,1200128,-500736,-840704,-82944,-752640,-837632,464896,675840,418816,45056,755712,-358400,-257024,323584,936960,397312,-132096,763904,-189440,578560,-60416,-461824,-933888,942080,-156672,867328,466944,151552,-1121280,319488,-1216512,352256,1327104,668672,712704,805888,60416,429056,683008,-1159168,-476160,530432,166912,604160,172032,-893952,579584,1474560,-211968,-103424,473088,-19456,1426432,-517120,540672,901120,523264,-582656,-603136,457728,785408,-1188864,16384,238592,657408,325632,-480256,-172032,-643072,-237568,1100800,894976,384000,-576512,247808,-402432,899072,-393216,603136,1193984,-553984,1270784,-455680,-522240,24576,-5120,-2168832,333824,465920,-451584,-167936,-72704,-418816,644096,755712,-76800,975872,-174080,-611328,543744,903168,1098752,436224,246784,-253952,453632,207872,-474112,-36864,-585728,1412096,146432,781312,714752,82944,329728,654336,392192,484352,265216,31744,1024000,-860160,521216,494592,-59392,862208,351232,-82944,1122304,-235520,-143360,356352,224256,112640,737280,-402432,722944,-1472512,645120,1457152,91136,-1540096,119808,393216,537600,1214464,1272832,196608,-1211392,-1054720,12288,-1198080,-353280,908288,482304,77824,-33792,1020928,1301504,396288,-657408,-348160,-504832,726016,-677888,779264,1138688,-387072,-441344,403456,487424,-974848,1753088,460800,712704,562176,980992,-631808,1044480,-164864,1302528,1531904,-521216,1054720,-960512,760832,822272
233472,-926720,-1340416,-4096,-496640,-576512,519168,141312,611328,-342016,-72704,99328,-312320,559104,146432,732160,-649216,939008,-617472,-74752,98304,906240,-272384,352256,-904192,-562176,122880,-112640,-749568,598016,-1025024,624640,256000,-503808,-401408,706560,1031168,-927744,116736,361472,194560,-1126400,-709632,-623616,-552960,-241664,1436672,-1466368,-755712,-507904,-798720,-9216,729088,-29696,224256,-169984,906240,-458752,-579584,-668672,888832,670720,828416,376832,-70656,-1792000,208896,-796672,-326656,-126976,-414720,367616,-294912,350208,-25600,-56320,-151552,-1132544,582656,616448,227328,-278528,200704,-966656,712704,-866304,491520,307200,443392,-422912,-68608,-159744,26624,-385024,-207872,-279552,841728,779264,439296,571392,-813056,409600,-123904,526336,1032192,-743424,-1003520,205824,-1798144,352256,586752,352256,-1208320,-970752,-1532928,584704,-41984,669696,599040,-486400,-164864,269312,254976,-1804288,-889856,-960512,448512,-14336,-454656,716800,-812032,278528,-834560,-636928,-216064,-1065984,900096,963584,-916480,226304,276480,-477184,180224,-636928,362496,-402432,-499712,-966656,191488,-333824,-1031168,63488,1411072,-827392,-1134592,244736,-176128,-815104,501760,407552,221184,-38912,-696320,940032,-1038336,200704,-620544,-52224,-484352,739328,-60416,190464,165888,89088,328704,-483328,334848,-647168,176128,-333824,40960,-68608,389120,-644096,510976,124928,-788480,-335872,1084416,-675840,523264,-524288,-524288,-586752,-1041408,-1650688,-605184,-797696,-653312,404480,-166912,832512,1476608,-1079296,-291840,-154624,283648,-729088,-100352,-732160,-406528,-900096,-995328,-96256,-808960,404480,-187392,71680,-1123328,603136,-435200,154624,-543744,764928,65536,-256000,988160,-185344,-239616,-1001472,-622592,-658432,1024,-1426432,718848,1084416,-72704,707584,70656,-109568,497664,-562176,356352,378880,1185792,622592,-329728,-139264,1168384,489472,660480,-179200,-1266688,-1156096,-2151424,927744,-296960,819200,-576512,-1044480,-641024,546816,-174080,-288768,-962560,-359424,-685056,-933888,311296,-490496,1229824,-1145856,-658432,109568,-115712,27648,-312320,-1382400,-210944,-153600,-995328,132096,-315392,-602112,583680,-1832960,293888,873472,706560,-1438720,879616,293888,-107520,-1121280,-436224,-900096,32768,-605184,32768,-30720,-2136064,-2030592,-1098752,-1607680,674816,-906240,95232,-431104,241664,-1439744,-982016,-418816,991232,805888,757760,-573440,-754688,-992256,-380928,744448
-695296,-387072,-268288,-269312,-388096,-1292288,-954368,-523264,859136,-814080,751616,-185344,-146432,-718848,44032,-1431552,-1081344,8192,-2464768,-712704,474112,-959488,753664,-852992,-1787904,-456704,-81920,222208,-225280,-1131520,-953344,442368,526336,-1724416,-78848,-1036288,1120256,148480,-209920,-440320,-2075648,232448,110592,-418816,-791552,-1990656,116736,-516096,-239616,-640000,-949248,-1089536,-111616,-342016,-915456,-1490944,-299008,29696,-928768,-629760,-709632,1029120,-1766400,-405504,-693248,-132096,965632,-738304,-448512,-669696,329728,-2362368,-1404928,-1324032,-697344,662528,-235520,-1005568,-1129472,-686080,-449536,-1143808,263168,-142336,-1305600,-310272,696320,-1069056,-716800,4096,-1143808,-691200,-1211392,-466944,-1280000,561152,-799744,134144,-2342912,324608,-1368064,-1104896,-1268736,-311296,-1467392,-581632,-578560,-1528832,277504,-828416,-253952,-1416192,-1416192,438272,-1256448,-857088,-616448,162816,-59392,575488,914432,-869376,-372736,-521216,332800,-104448,-1311744,-253952,-40960,-80896,-281600,-502784,-1091584,-361472,-1046528,-10240,680960,361472,-2092032,-321536,-174080,-1583104,-835584,-585728,612352,-1293312,-579584,-1005568,-578560,-2191360,-723968,53248,409600,-198656,164864,-912384,627712,25600,-1721344,-161792,-15360,-454656,593920,-995328,541696,1252352,-941056,-31744,-526336,-927744,-155648,-735232,-2353152,-4096,-1144832,-1457152,-512000,541696,-676864,-54272,-1031168,-1559552,-777216,-692224,-141312,-1024,-1679360,-212992,-1026048,485376,-686080,267264,-1039360,-885760,-700416,-1146880,-919552,-1539072,-871424,-1288192,1181696,-2413568,-1104896,-633856,-77824,-456704,-1098752,-1173504,-1698816,-1095680,-883712,-373760,-782336,-983040,-678912,-647168,-1646592,334848,-878592,-1704960,1053696,143360,-1743872,-574464,112640,-377856,-1127424,-488448,-478208,-1267712,-910336,339968,-145408,-474112,-572416,-251904,-1318912,-1252352,694272,-1711104,270336,-766976,578560,-677888,-585728,-435200,-1020928,-560128,-1504256,-608256,-1310720,-485376,345088,-1512448,947200,-1247232,-37888,-1307648,-254976,-519168,-1455104,-1212416,296960,-533504,-424960,802816,-482304,-760832,-987136,-918528,-215040,-361472,159744,-666624,-677888,-111616,601088,-2536448,-844800,398336,-2086912,-3072,-412672,-848896,-162816,-1191936,-1006592,-676864,-200704,-224256,951296,-605184,-874496,-705536,-159744,-20480,-107520,-772096,-306176,509952,-893952,-1284096,-602112,-47104,-1590272,-357376,-1665024,358400,-300032,-1469440,-323584,-879616,-68608,-856064,24576,-2032640,-838656,-1532928,-666624,-481280
-57344,-769024,-257024,175104,-362496,-8192,-338944,104448,-5120,-538624,-172032,-382976,866304,-216064,790528,-954368,862208,-438272,149504,1143808,-793600,-389120,-694272,160768,-689152,-137216,-121856,381952,369664,588800,1751040,-581632,838656,-324608,284672,229376,91136,568320,399360,-1548288,-452608,8192,204800,590848,518144,323584,307200,-20480,-560128,-165888,-481280,944128,-456704,-970752,860160,165888,-220160,-976896,-378880,578560,-114688,768000,111616,152576,344064,-434176,431104,135168,1084416,-274432,-334848,559104,-272384,-535552,-63488,-111616,-307200,-1699840,-488448,1113088,-492544,576512,-179200,436224,-106496,880640,-76800,450560,950272,1524736,959488,819200,349184,303104,-416768,926720,433152,-187392,-417792,1146880,30720,1503232,-785408,-1473536,-1270784,-200704,-1469440,-7168,-1859584,-521216,109568,-1511424,206848,-39936,-996352,-927744,678912,225280,2352128,404480,-351232,628736,294912,484352,-30720,-407552,476160,-389120,-216064,573440,390144,-420864,160768,-604160,-1768448,754688,-903168,-190464,-361472,1238016,1149952,-12288,1083392,401408,754688,61440,328704,48128,207872,1114112,615424,724992,-282624,-1625088,312320,425984,811008,244736,591872,-770048,-449536,-565248,-558080,-72704,211968,-355328,195584,-897024,233472,401408,-358400,304128,1376256,1704960,34816,434176,32768,684032,352256,-1258496,-161792,535552,-192512,1336320,-103424,-616448,191488,-830464,-510976,-45056,87040,1548288,-429056,-450560,-647168,494592,-316416,210944,270336,746496,1175552,803840,899072,-265216,-33792,564224,507904,-666624,92160,-735232,467968,50176,33792,696320,-1115136,-738304,-1600512,419840,-264192,-900096,-349184,184320,-661504,212992,1003520,-1487872,-268288,935936,1138688,-770048,-313344,107520,875520,311296,-593920,-1345536,720896,-601088,-63488,-1010688,-542720,-287744,441344,-356352,780288,202752,-104448,390144,-475136,331776,373760,407552,311296,94208,-1187840,174080,-390144,-837632,326656,22528,-601088,-315392,-407552,-473088,488448,-234496,-297984,201728,-43008,236544,113664,219136,-178176,41984,727040,527360,-241664,538624,601088,716800,-199680,89088,899072,275456,-220160,-235520,-63488,220160,2113536,-438272,407552,311296,-214016,-565248,288768,-142336,789504,586752,-351232,323584,-712704,-1026048,89088,8192,-567296,791552,274432,-172032,274432,311296,-906240,-580608,-1067008,-758784,-287744,107520,239616,245760,-183296,-1335296
-466944,-1299456,-93184,29696,-1130496,-245760,-420864,-1427456,-9216,1141760,-312320,687104,99328,-488448,-1172480,-221184,-1350656,-246784,-927744,-976896,563200,-1518592,-956416,-322560,-573440,326656,-928768,-1502208,96256,256000,164864,-1861632,-549888,-2029568,-748544,-655360,-446464,-761856,-1033216,-403456,54272,-705536,-1478656,374784,-1456128,-74752,-221184,1056768,163840,788480,217088,-191488,-277504,-517120,-1064960,-806912,-1443840,-1362944,-1672192,-539648,-297984,-569344,-157696,-958464,474112,-110592,325632,-578560,-1012736,-629760,-388096,-117760,-200704,-1424384,-506880,-990208,-146432,-1349632,-1107968,236544,-748544,-909312,-1024,-922624,-430080,-874496,-199680,328704,-1217536,-90112,434176,-257024,-1400832,-818176,-546816,-400384,831488,107520,-322560,-971776,-671744,-1806336,-397312,-517120,-479232,-1110016,-680960,-1688576,-2710528,-1591296,-704512,-655360,-915456,-1677312,-385024,-967680,-1261568,-575488,-1263616,98304,-197632,-1573888,-573440,291840,-67584,1433600,-1588224,280576,40960,-1411072,-1936384,-1442816,-1261568,7168,179200,-683008,-1203200,-2304000,-1656832,-955392,-744448,-862208,-2096128,-846848,-620544,-675840,-389120,-1266688,-83968,642048,30720,-1969152,-820224,691200,-102400,-1181696,-860160,-177152,-373760,-47104,-622592,-1724416,-1534976,-440320,-2786304,-660480,-805888,-933888,-205824,-302080,-1065984,-1180672,738304,-450560,-437248,-592896,-1063936,73728,-335872,-667648,-482304,-1623040,-468992,-582656,-404480,-852992,-887808,77824,-611328,-634880,-753664,-1601536,-1540096,-868352,-1120256,-681984,-1238016,-632832,-358400,-984064,-420864,961536,-1679360,-495616,-653312,-768000,-195584,4096,-547840,-409600,-827392,-461824,-91136,475136,-204800,342016,-700416,-349184,-193536,-805888,-305152,-1511424,107520,-67584,-700416,-627712,659456,195584,-599040,67584,1260544,-2279424,-30720,-540672,408576,280576,-1090560,-740352,0,-215040,-1016832,-593920,268288,-1025024,-856064,-1696768,-480256,53248,-456704,-1916928,157696,-581632,-1358848,-1982464,-405504,-1344512,-159744,-615424,-821248,-1318912,-144384,-1112064,-378880,-998400,-765952,-1609728,-821248,-1878016,-1445888,-1900544,47104,-1436672,-1601536,-838656,-382976,-1508352,-1574912,-195584,-458752,-303104,-605184,-8192,-1211392,-489472,-1069056,-983040,-1145856,-258048,-90112,-1223680,-799744,-139264,-289792,-789504,-773120,210944,-2096128,-356352,1019904,434176,41984,303104,-894976,-32768,-1622016,-306176,-272384,-2294784,-414720,-219136,-520192,-430080,-588800,-2210816,-557056,678912,-1411072,-133120,183296,-1252352
747520,-207872,-866304,1495040,428032,205824,13312,1110016,435200,-204800,428032,-71680,-465920,19456,-12288,-1030144,581632,1072128,-63488,120832,-248832,72704,272384,-27648,-334848,-147456,849920,644096,465920,-444416,56320,-1143808,388096,1223680,43008,1775616,633856,-633856,501760,732160,172032,202752,412672,-914432,1595392,1084416,797696,623616,-1168384,244736,104448,-863232,620544,-395264,1875968,-461824,493568,1716224,105472,455680,-972800,300032,457728,542720,-568320,-117760,128000,-44032,548864,-833536,-377856,154624,1382400,683008,1480704,2011136,415744,1305600,401408,366592,-367616,712704,1547264,-291840,940032,748544,46080,-752640,160768,-1488896,-89088,146432,1028096,401408,658432,64512,698368,269312,-754688,33792,507904,464896,-375808,51200,193536,132096,-677888,-1507328,-452608,-850944,-449536,314368,-171008,632832,-284672,33792,-951296,41984,237568,353280,547840,1926144,-520192,739328,1650688,109568,535552,791552,-102400,-1271808,102400,882688,657408,199680,364544,1281024,-1093632,94208,-376832,-1243136,1432576,20480,366592,638976,-432128,63488,814080,1337344,174080,601088,-245760,290816,404480,19456,-643072,-27648,-546816,-361472,-335872,-317440,1095680,428032,-105472,360448,633856,472064,265216,529408,-128000,-1177600,307200,-809984,879616,30720,175104,-58368,-696320,-1078272,-316416,-1291264,115712,541696,-202752,934912,-937984,756736,742400,79872,-156672,32768,-110592,-1599488,626688,-442368,-63488,-176128,74752,526336,-408576,661504,2048,1080320,518144,393216,126976,-244736,104448,500736,-774144,290816,-202752,515072,759808,977920,-421888,254976,70656,-1827840,-1170432,-128000,600064,-190464,-31744,-1139712,-659456,-450560,225280,-435200,-48128,-1067008,-69632,77824,72704,547840,422912,-294912,897024,-845824,-771072,156672,-159744,589824,-1011712,-83968,1258496,526336,-1478656,1459200,602112,-506880,458752,1339392,-723968,843776,-702464,-670720,-754688,626688,-79872,109568,403456,719872,-1716224,168960,500736,305152,1444864,278528,717824,1678336,-108544,164864,881664,413696,269312,324608,-38912,1248256,492544,-693248,99328,-1254400,1612800,789504,-522240,439296,1336320,328704,-679936,314368,32768,432128,-237568,-1327104,-516096,20480,-684032,1712128,-645120,-368640,345088,263168,506880,-1113088,-1440768,382976,-117760,375808,-68608,-105472,-494592,-121856,-64512,-20480,477184,1270784,-1185792,-452608,-564224,381952
-169984,-543744,-337920,-320512,-472064,-373760,243712,343040,-124928,-1076224,-1011712,-105472,2150400,-695296,493568,716800,-1324032,97280,-369664,447488,277504,381952,-70656,643072,423936,-404480,-91136,-385024,-963584,-977920,140288,403456,-121856,857088,435200,490496,1519616,-513024,489472,-204800,207872,102400,-350208,197632,-657408,305152,-986112,-951296,-120832,-521216,517120,142336,316416,588800,612352,395264,240640,951296,-1118208,651264,710656,-1154048,59392,-405504,591872,-629760,-949248,-103424,-850944,-1208320,423936,706560,994304,240640,-10240,466944,207872,-755712,590848,1752064,-8192,-86016,-607232,147456,595968,676864,1314816,-331776,1606656,-508928,308224,1132544,-156672,-979968,-516096,-390144,1765376,324608,-339968,-467968,-415744,98304,-1301504,390144,-481280,-768000,-621568,-1747968,-381952,-2072576,-1367040,-136192,-1766400,-542720,-53248,1248256,373760,1065984,10240,312320,900096,319488,-1592320,-547840,-387072,574464,380928,778240,-450560,25600,621568,-1292288,-522240,-579584,309248,721920,-374784,722944,224256,-412672,-149504,390144,-658432,-353280,1211392,-905216,746496,675840,657408,-648192,896000,-261120,-202752,983040,688128,999424,67584,-380928,-56320,421888,297984,-137216,-366592,267264,30720,879616,914432,163840,1032192,808960,-184320,-966656,612352,657408,1425408,-403456,939008,402432,-138240,1463296,1094656,-103424,-345088,527360,-389120,-838656,-413696,20480,165888,770048,-1039360,247808,-391168,-164864,-598016,252928,-176128,-858112,58368,563200,-510976,-979968,250880,-573440,-886784,677888,-93184,-91136,-2075648,-185344,271360,733184,327680,-208896,-1015808,149504,443392,281600,1698816,-553984,-171008,44032,60416,-1270784,-374784,-93184,-945152,64512,-1339392,-303104,72704,-556032,-1201152,-138240,251904,139264,844800,72704,174080,-745472,-4096,-244736,1286144,-693248,-37888,1089536,-671744,456704,764928,-549888,563200,344064,323584,409600,304128,-862208,-371712,-206848,-784384,-361472,-606208,-218112,-219136,-169984,-785408,1031168,107520,-1170432,875520,-49152,61440,1006592,72704,305152,1333248,-227328,-157696,-834560,-651264,1184768,-22528,-666624,-8192,155648,-466944,-408576,315392,997376,-207872,-1232896,-937984,-1219584,-565248,141312,339968,-36864,-437248,-178176,492544,22528,-374784,1015808,-1459200,110592,438272,-865280,117760,-360448,-717824,724992,199680,184320,625664,235520,129024,718848,287744,-609280,-97280,1412096
9216,59392,-1304576,-1626112,-652288,458752,-1455104,-1809408,-220160,-221184,-1412096,-586752,-935936,-264192,-1330176,-516096,-1522688,-5120,-324608,27648,-1148928,-1352704,-125952,-2664448,-231424,1084416,-1119232,-219136,76800,-727040,-71680,-808960,-1568768,635904,-1488896,-741376,-962560,182272,272384,162816,-1304576,-1166336,222208,-741376,-520192,210944,333824,15360,-467968,-975872,83968,-250880,-802816,-2057216,-2115584,-660480,-761856,-470016,362496,-865280,-897024,-568320,-975872,352256,-731136,-324608,-1184768,-1492992,-278528,-674816,-579584,-547840,-1527808,-678912,-19456,-419840,-747520,-120832,-1318912,-1104896,-1596416,-1793024,-979968,238592,-1100800,475136,-1379328,43008,-272384,-286720,-1072128,1034240,151552,-1113088,1384448,-1257472,-560128,-594944,-1886208,-591872,-1097728,-1084416,-357376,-931840,-1341440,-1418240,-1973248,-1439744,-2312192,-2873344,-2054144,-1709056,-1400832,-667648,-1002496,-151552,392192,-153600,-566272,0,327680,561152,-270336,36864,88064,-1095680,-192512,-1170432,-1503232,300032,-198656,-692224,367616,-249856,228352,131072,-1573888,-1063936,-335872,-1563648,-822272,-335872,-907264,-393216,-997376,53248,-749568,-1020928,-230400,-1010688,-78848,400384,-22528,-1293312,-389120,-273408,-573440,-504832,-514048,-973824,-1264640,-552960,-1850368,-550912,172032,-1379328,-1603584,-317440,-48128,11264,-805888,-1594368,-162816,-1695744,-1553408,650240,-1241088,-827392,-592896,-1193984,-77824,-134144,-1545216,-680960,265216,-991232,-592896,-710656,-164864,-1274880,-1430528,-473088,-51200,-1127424,-1965056,37888,-692224,-1405952,-749568,-507904,-1278976,-1541120,-1982464,-835584,-1782784,-860160,-963584,-2198528,-752640,-610304,-449536,-921600,-1427456,-664576,-1215488,-979968,-573440,-410624,-1334272,-403456,-1353728,-196608,-328704,-390144,-576512,-907264,-628736,-909312,282624,-1753088,-1136640,-129024,-1552384,695296,-645120,375808,-1187840,-1047552,-2808832,244736,386048,-389120,-308224,-1310720,-970752,-1584128,-23552,-1582080,-1782784,-49152,-1651712,-1457152,-594944,-1121280,144384,-636928,-1238016,-1136640,-1384448,-458752,4096,1694720,-217088,-5120,-446464,-555008,-1043456,-839680,-274432,-955392,-920576,-153600,-434176,-1602560,-2146304,492544,-2363392,-1031168,-141312,-65536,690176,319488,-573440,-545792,-746496,-2213888,-45056,101376,-279552,-207872,-18432,1137664,-92160,-1447936,-1865728,9216,-814080,91136,-461824,126976,800768,1238016,-1491968,-54272,-1625088,562176,-33792,-799744,-1420288,-1183744,-154624,-696320,-1224704,-413696,-1684480,69632,-512000,-768000,-66560,-992256
-969728,-460800,-1100800,-580608,2085888,179200,-730112,-587776,-1509376,-404480,210944,291840,27648,598016,-1184768,-656384,1491968,400384,-63488,-468992,88064,-552960,-393216,-388096,-348160,593920,-971776,-1369088,-660480,574464,-458752,106496,-9216,1255424,-1200128,-837632,-282624,-1175552,-2149376,-356352,16384,-1538048,871424,640000,-873472,231424,1347584,-295936,306176,809984,1164288,681984,-634880,-83968,385024,-463872,718848,-139264,-1980416,-351232,-512000,-1158144,-508928,-633856,638976,-445440,-399360,365568,129024,51200,220160,181248,-579584,-23552,348160,236544,748544,-871424,-733184,-196608,182272,849920,-353280,-784384,221184,465920,277504,81920,316416,715776,-324608,307200,854016,806912,-402432,0,841728,-622592,1059840,-32768,-1630208,-764928,-1416192,153600,-1155072,-2203648,-1030144,-1154048,-1321984,-942080,-2670592,-1653760,-410624,-745472,20480,1509376,765952,2327552,1077248,-73728,164864,-1009664,-244736,216064,219136,512000,369664,-695296,181248,-653312,1295360,-403456,-1095680,-1434624,118784,-769024,335872,-550912,1240064,335872,159744,-748544,669696,-716800,-284672,423936,412672,-75776,995328,-602112,-1024,-349184,-1177600,145408,370688,164864,502784,989184,-544768,-301056,-686080,73728,520192,184320,573440,218112,-1178624,698368,-171008,945152,387072,-427008,424960,-8192,700416,185344,820224,-541696,-1076224,1131520,-1356800,758784,792576,356352,-869376,220160,-329728,419840,-1609728,-317440,-963584,-546816,-470016,-386048,590848,153600,-660480,-726016,-343040,1090560,-86016,-1188864,219136,-678912,117760,-722944,147456,-1014784,-809984,-1049600,-101376,-965632,-1646592,-1367040,-74752,-986112,-633856,217088,-245760,-159744,-823296,-87040,-1015808,-936960,-815104,-636928,295936,-479232,-323584,-1115136,-909312,913408,-669696,-50176,-124928,-182272,-428032,-398336,-222208,-508928,91136,534528,-261120,-1318912,31744,126976,526336,-303104,879616,-735232,330752,-674816,-471040,-1821696,-486400,-1426432,-559104,326656,-1592320,-540672,17408,-1183744,-2097152,-226304,-13312,-167936,171008,195584,-1324032,-335872,421888,-1202176,60416,-48128,531456,728064,-227328,-82944,-739328,370688,-400384,-92160,-616448,225280,141312,-1240064,1206272,672768,241664,377856,-801792,-1744896,-201728,-815104,210944,47104,-401408,345088,-599040,346112,-1890304,-831488,467968,-286720,-603136,-576512,163840,513024,-818176,-1024000,-326656,-4096,-228352,397312,-92160,-410624,-449536,111616,-180224,803840
-402432,-367616,345088,-1239040,-1073152,616448,-1154048,-826368,-705536,-1175552,-209920,125952,-555008,-876544,458752,-1065984,374784,643072,-2022400,27648,-1090560,-329728,-405504,-793600,-686080,419840,-558080,-758784,8192,-980992,-1788928,-988160,-36864,-976896,153600,-975872,-361472,-995328,-244736,683008,-480256,-346112,-654336,-1131520,-496640,-656384,115712,548864,-993280,418816,608256,-845824,186368,-2043904,-508928,1086464,-105472,-217088,166912,-340992,-754688,-1034240,-149504,304128,1213440,-1625088,128000,-662528,600064,-181248,146432,-1796096,-688128,264192,735232,481280,-306176,-212992,-343040,-1091584,-667648,-663552,-438272,-144384,-879616,-933888,-612352,-1170432,-149504,955392,-1634304,1479680,144384,-907264,-653312,-754688,8192,-1047552,-1136640,-1290240,-1156096,-782336,102400,-591872,-1087488,-918528,-952320,-1532928,-1335296,-2685952,-2312192,-1969152,-1061888,422912,1823744,1609728,2111488,1423360,1606656,1144832,-233472,320512,54272,-1786880,-208896,-1644544,-412672,-330752,804864,-845824,-1126400,-1319936,-922624,-277504,-252928,199680,-291840,-192512,99328,-687104,-302080,427008,513024,923648,75776,-1264640,-688128,-183296,-1126400,-1314816,-1200128,-450560,-557056,715776,-1175552,492544,-458752,801792,1442816,-123904,-889856,-1797120,193536,-1487872,-1073152,-363520,-1496064,-374784,-1440768,-1094656,-270336,-846848,-1003520,302080,14336,-940032,-952320,-692224,-417792,-1045504,-573440,-623616,-1247232,145408,-1153024,-658432,-618496,538624,-133120,-526336,-799744,-1872896,-1193984,-1065984,487424,-378880,266240,-9216,97280,-259072,169984,-372736,164864,-152576,179200,-84992,-343040,458752,-457728,-601088,-403456,-305152,366592,-1332224,780288,-751616,-949248,-105472,-159744,-15360,-584704,-498688,-2028544,-1372160,-1085440,259072,-663552,-1244160,-31744,-922624,-1556480,-1355776,30720,159744,295936,-198656,-139264,-745472,132096,-214016,392192,-479232,-94208,-1015808,603136,-1487872,-1078272,-502784,-883712,577536,-1042432,-1297408,-15360,-894976,-365568,-782336,-91136,-311296,-441344,-490496,694272,118784,852992,-276480,-649216,-199680,-303104,-1414144,-1928192,-467968,-55296,-1261568,-1536000,-925696,-728064,-385024,-669696,-1574912,-860160,-589824,-1282048,297984,-1249280,456704,-1089536,-1071104,-484352,-66560,-870400,103424,-178176,-933888,722944,-505856,-1218560,-804864,-826368,-1133568,-415744,698368,-1792000,446464,-1154048,-389120,455680,-2132992,-177152,-536576,-90112,-392192,-288768,-210944,122880,-798720,-260096,-852992,844800,-330752,-945152,673792
-119808,-281600,393216,-396288,864256,1012736,-210944,-429056,-68608,-531456,-674816,572416,144384,153600,1455104,-169984,-175104,1089536,1687552,1128448,519168,745472,460800,60416,606208,605184,462848,919552,357376,1013760,-16384,-435200,-743424,-352256,491520,722944,761856,1059840,162816,-376832,229376,8192,424960,1154048,-1347584,17408,1282048,101376,889856,-584704,27648,1226752,-322560,-1759232,315392,-336896,110592,165888,193536,362496,1136640,-402432,-110592,891904,58368,280576,-1150976,1111040,-1416192,415744,1038336,-178176,1361920,72704,529408,-333824,345088,-665600,1031168,-407552,621568,538624,470016,-267264,601088,306176,264192,149504,-164864,218112,-540672,945152,-456704,1265664,209920,418816,-319488,222208,471040,105472,-742400,-244736,-705536,503808,1031168,-1143808,-3349504,-1595392,-472064,-1909760,-1654784,-429056,1271808,1998848,3080192,3696640,2087936,4232192,2710528,2269184,1475584,1653760,-604160,289792,-119808,-936960,-549888,-633856,2323456,697344,-449536,267264,1545216,-547840,6144,-1700864,-729088,599040,-297984,774144,367616,-573440,697344,-371712,-1404928,441344,-12288,301056,1317888,-253952,-1350656,193536,-1136640,-149504,-570368,690176,662528,964608,931840,198656,1358848,635904,811008,-275456,1657856,1069056,-145408,-1033216,-174080,419840,-194560,563200,-117760,1348608,1382400,-231424,-711680,645120,-1046528,821248,-389120,-711680,41984,2113536,-355328,745472,497664,-189440,14336,1008640,956416,-423936,223232,309248,284672,57344,275456,-738304,152576,555008,168960,275456,169984,-268288,-46080,-762880,-273408,1436672,754688,486400,-602112,288768,-200704,-478208,461824,987136,-1002496,-636928,-202752,1538048,941056,377856,-1049600,-714752,233472,-1208320,195584,-95232,-162816,294912,-446464,937984,-119808,459776,-1097728,1180672,-421888,-324608,1461248,146432,-318464,-492544,-517120,-346112,-481280,-1157120,413696,271360,274432,53248,-596992,-81920,133120,-846848,-1313792,26624,1776640,-258048,1232896,-992256,-21504,-150528,-149504,571392,-294912,-811008,-524288,272384,-180224,-18432,1327104,582656,-323584,1388544,-193536,-2048,354304,-594944,319488,267264,592896,-705536,-387072,-488448,-226304,222208,336896,-974848,173056,-390144,467968,929792,210944,698368,712704,-102400,894976,386048,-47104,1709056,267264,-826368,459776,-18432,-385024,-1059840,-247808,792576,607232,316416,148480,-952320,1504256,515072,-309248,112640,583680,-427008,210944,-226304
-272384,-49152,750592,-402432,131072,-111616,677888,-1311744,-899072,773120,-123904,-132096,476160,-531456,96256,-958464,-26624,-766976,-431104,-1411072,0,-1305600,-668672,-96256,392192,-983040,-333824,275456,-308224,352256,-707584,-304128,384000,282624,-1147904,-1691648,250880,314368,-580608,527360,494592,26624,0,-226304,-634880,74752,-691200,470016,-1196032,1214464,376832,-217088,-1070080,-328704,-566272,-319488,-317440,-922624,515072,583680,6144,533504,-331776,-96256,-161792,-131072,-558080,-1093632,448512,-408576,316416,-523264,675840,-1230848,187392,-68608,373760,-1092608,1337344,322560,-149504,615424,-124928,-2160640,505856,-946176,-698368,572416,-352256,46080,309248,-1021952,-1211392,-680960,-1685504,-393216,617472,834560,619520,896000,-842752,-577536,216064,-1300480,-750592,-181248,-564224,-1013760,-463872,-838656,-268288,187392,-87040,3486720,5964800,8671232,8125440,5516288,4555776,5090304,3652608,943104,968704,-464896,-667648,-46080,-949248,-950272,-61440,-1434624,-1120256,-607232,-401408,256000,946176,147456,73728,-665600,-148480,-544768,50176,-510976,-150528,459776,18432,1184768,-2048,-464896,-1021952,103424,-1995776,-434176,423936,-333824,-666624,-956416,304128,182272,-576512,532480,114688,-276480,-729088,-1174528,244736,-531456,-500736,-165888,-1405952,148480,92160,-483328,-1215488,159744,-958464,-753664,-724992,889856,-2004992,478208,-702464,-157696,266240,-519168,-1554432,-267264,-248832,3072,-281600,-576512,-773120,-282624,-394240,-1880064,516096,203776,-945152,410624,267264,-535552,-664576,-2075648,-188416,-2504704,-1385472,-501760,-506880,-674816,-689152,-101376,-797696,-387072,-1286144,-806912,-613376,69632,165888,-5120,149504,-1698816,-1232896,-820224,-1187840,-1439744,428032,-209920,727040,74752,-653312,-510976,-1102848,-1370112,-65536,-353280,355328,280576,-610304,379904,98304,-573440,-1548288,-1093632,-218112,-506880,611328,-98304,-253952,-192512,-276480,-1328128,-1397760,-1059840,15360,-661504,-1015808,-82944,-1766400,-738304,257024,838656,-2394112,-1173504,-1443840,104448,-300032,-524288,631808,-1711104,90112,-876544,-238592,-1503232,-886784,-488448,-628736,-879616,-119808,-465920,-132096,-34816,737280,-658432,-1226752,-50176,-187392,-286720,-473088,-189440,445440,267264,-131072,-571392,-1011712,1697792,-287744,321536,-585728,-615424,-1874944,8192,-162816,287744,1206272,562176,26624,-479232,-841728,-886784,-268288,-176128,53248,160768,-236544,-993280,-312320,-610304,5120,-2204672,631808,202752
-648192,231424,197632,-367616,-23552,-1191936,-467968,-704512,-577536,11264,-1320960,-914432,-236544,677888,515072,1062912,-450560,-24576,1342464,674816,397312,-1118208,-2864128,-503808,236544,-1320960,631808,-540672,-1768448,-760832,184320,-1219584,-355328,-333824,-290816,325632,-1259520,-300032,-741376,-1515520,-459776,53248,-935936,251904,-125952,-224256,422912,-163840,-691200,37888,-1184768,128000,-719872,306176,-582656,596992,75776,-811008,-1013760,-184320,-1323008,-804864,-381952,-415744,421888,356352,-879616,-350208,-357376,-435200,-228352,1204224,157696,293888,555008,-790528,-378880,-1340416,-1014784,-260096,735232,-323584,1135616,-1331200,-756736,-1167360,-927744,-82944,533504,274432,-539648,195584,-739328,620544,959488,1691648,-614400,-586752,-1679360,-300032,-704512,905216,-760832,-1190912,-881664,-1069056,-8192,-416768,-800768,-107520,1949696,-420864,3775488,7207936,12998656,17354752,16239616,13212672,9368576,6999040,6411264,2089984,2017280,1540096,11264,51200,262144,-282624,-1860608,473088,-612352,-826368,697344,25600,-1494016,-824320,-1610752,-197632,-713728,-1087488,559104,-189440,-875520,370688,1519616,-1028096,422912,-454656,-1888256,-452608,394240,320512,-481280,-59392,-160768,-962560,805888,675840,-676864,-1807360,-1153024,-1392640,-17408,261120,-446464,-307200,-251904,220160,-989184,-118784,-928768,550912,-132096,-808960,-14336,-1310720,-1130496,-1223680,-84992,-1701888,-1343488,-607232,-510976,129024,-743424,-1128448,-1220608,-698368,-770048,-2060288,66560,-576512,1313792,-1726464,627712,89088,154624,1249280,-1281024,-1903616,-674816,-339968,-733184,-824320,-1209344,284672,-464896,8192,-1837056,-1062912,206848,-313344,-878592,-184320,608256,-399360,-180224,189440,-1769472,-1176576,-875520,-1161216,-930816,-855040,-671744,476160,-1162240,-327680,-858112,-1121280,-587776,-930816,-1144832,-409600,-999424,-1216512,-1389568,-1444864,-678912,-883712,-988160,-351232,256000,-705536,-193536,-1229824,-1118208,-16384,670720,-785408,-401408,-517120,110592,1122304,-1076224,-1019904,-1485824,-1564672,-1491968,295936,-598016,-934912,384000,253952,-119808,-1130496,-398336,-270336,752640,49152,-669696,-177152,16384,-542720,-222208,-1410048,-918528,-888832,126976,567296,-51200,-974848,-1488896,-638976,-1468416,-824320,-598016,-557056,369664,-231424,394240,-663552,-1002496,-1100800,-258048,-735232,565248,-403456,-1024,-38912,-1325056,-90112,-1492992,-90112,781312,-413696,717824,-650240,-226304,-36864,-1036288,-481280,-973824,-1790976,-577536,-108544,728064,860160,-1462272,-819200
82944,-113664,-693248,876544,400384,-156672,-303104,-684032,-1432576,495616,-312320,-634880,-223232,1150976,-79872,116736,883712,391168,-668672,-491520,354304,-23552,293888,933888,-375808,691200,436224,374784,924672,-44032,911360,-33792,621568,-224256,-505856,-124928,-534528,-1033216,-311296,-747520,-332800,73728,-966656,-1120256,-1022976,-533504,-353280,-655360,-29696,894976,-97280,-60416,-345088,94208,-282624,101376,161792,-226304,-362496,-241664,-409600,480256,-218112,-404480,-453632,478208,-392192,218112,233472,146432,-159744,303104,-1075200,-1120256,829440,-21504,-833536,754688,350208,26624,126976,1309696,922624,809984,229376,689152,377856,-136192,643072,-489472,32768,-69632,1416192,851968,-234496,-208896,-270336,1910784,-87040,1522688,1019904,-110592,647168,83968,290816,592896,1191936,1303552,486400,1183744,2705408,3061760,8711168,14757888,22704128,31034368,33637376,28662784,19898368,14067712,7396352,4265984,656384,638976,2208768,503808,128000,-166912,-586752,-45056,1554432,551936,1920000,-422912,893952,1312768,-6144,737280,-570368,48128,788480,76800,-17408,398336,313344,11264,1074176,401408,-468992,464896,68608,-984064,-272384,355328,-502784,7168,-498688,712704,-17408,-30720,104448,57344,-506880,-284672,1228800,-560128,191488,-186368,629760,335872,-301056,364544,-719872,-21504,656384,-1001472,-851968,-501760,870400,-1000448,359424,-576512,-355328,-546816,-216064,-1298432,-539648,-128000,112640,282624,406528,-991232,806912,-1371136,157696,-720896,-171008,-162816,681984,-828416,-1403904,737280,553984,138240,188416,-41984,-105472,355328,-885760,818176,274432,464896,-689152,-732160,-566272,351232,581632,-195584,-418816,-450560,-176128,45056,-1284096,-208896,240640,342016,165888,658432,372736,-488448,694272,351232,413696,-205824,58368,-731136,-113664,149504,264192,1374208,-297984,194560,-1436672,1303552,-439296,35840,-309248,-594944,140288,-75776,-1124352,392192,-1408000,-131072,169984,-506880,762880,304128,-874496,-22528,788480,-134144,541696,-567296,431104,-95232,-741376,5120,-1046528,-249856,-803840,-1233920,-358400,-1831936,-156672,-380928,-96256,-272384,337920,-186368,302080,-932864,219136,-594944,-307200,119808,541696,338944,-1622016,-263168,-447488,416768,-278528,-973824,510976,-1263616,-545792,555008,385024,-1003520,-361472,107520,-1432576,-248832,146432,49152,-833536,-227328,-271360,649216,218112,-240640,-12288,-21504,-450560,-669696,283648,-229376,-471040,811008
-1310720,-590848,485376,936960,253952,-259072,611328,1121280,755712,721920,884736,-482304,-937984,-532480,-638976,115712,-1107968,-1093632,739328,543744,-738304,278528,-552960,-979968,-1179648,-387072,723968,1155072,418816,1339392,86016,601088,560128,-262144,152576,314368,-547840,616448,560128,-301056,54272,-678912,-465920,454656,404480,418816,-246784,-892928,-44032,-580608,-717824,-354304,-856064,-854016,-888832,-354304,552960,-812032,581632,-312320,155648,-1880064,-623616,-997376,366592,1508352,-101376,883712,731136,173056,-200704,-347136,683008,-605184,540672,287744,799744,439296,-721920,-602112,-513024,-355328,338944,489472,-411648,862208,-362496,862208,1918976,248832,677888,954368,-84992,769024,2287616,123904,632832,-647168,1213440,1465344,792576,129024,-179200,-581632,1001472,183296,2701312,3453952,743424,1467392,7719936,15324160,26256384,41109504,62799872,81785856,84447232,68068352,40722432,22585344,12558336,4625408,2553856,1340416,1160192,2906112,1905664,-28672,-1159168,1938432,3836928,2100224,1650688,-628736,611328,742400,73728,-252928,-503808,242688,594944,1156096,-225280,437248,-643072,603136,-812032,44032,921600,125952,600064,-454656,786432,54272,7168,-5120,-734208,-217088,484352,626688,-941056,-350208,-425984,-245760,413696,-1054720,999424,-472064,-1355776,1152000,-1111040,-166912,2048,818176,-275456,1388544,-1052672,651264,-16384,-318464,-791552,-353280,-932864,148480,474112,30720,-618496,297984,-75776,526336,-441344,-1353728,-235520,-1008640,-1526784,1532928,-158720,-232448,-1809408,-1121280,-1214464,-191488,-713728,563200,-486400,852992,-373760,1055744,327680,208896,-1321984,678912,-87040,608256,-645120,-819200,-374784,-305152,395264,-844800,-203776,28672,239616,334848,-388096,-408576,-57344,-288768,139264,-377856,-601088,-740352,244736,-771072,1366016,-282624,-491520,-1607680,-878592,-43008,498688,101376,1089536,1478656,492544,-1185792,-242688,405504,467968,-195584,-223232,-336896,-46080,-336896,258048,-630784,-217088,-68608,-421888,-353280,179200,-574464,1221632,409600,1731584,-489472,270336,-2579456,1366016,1278976,-142336,-1993728,133120,-999424,450560,-357376,-1495040,64512,-492544,562176,-58368,-392192,409600,330752,-574464,-280576,396288,-979968,-1162240,-201728,275456,265216,921600,973824,66560,-139264,-561152,-910336,-1050624,-911360,269312,-182272,112640,182272,-730112,-1922048,-145408,-332800,533504,-62464,1097728,-600064,-539648,217088,-752640,-254976,643072,-150528,-184320,-278528
-1299456,-1393664,-455680,427008,248832,519168,393216,258048,87040,-259072,-627712,-223232,370688,-841728,-240640,70656,183296,-231424,-364544,622592,-1455104,-66560,-371712,-518144,-587776,391168,-1069056,197632,-350208,-1143808,1079296,1657856,-733184,525312,-316416,60416,877568,4096,-1236992,-385024,-140288,-312320,-411648,-797696,-1398784,-361472,-668672,-525312,167936,-649216,452608,-877568,-314368,-185344,-634880,44032,876544,-1042432,182272,-627712,-644096,-642048,549888,-57344,386048,-245760,121856,-1101824,-1097728,-222208,281600,818176,-984064,-274432,-884736,748544,-831488,366592,-831488,-9216,1399808,-468992,26624,344064,-432128,-399360,155648,1106944,549888,1145856,256000,2034688,84992,-418816,-1114112,-322560,-1415168,1116160,2021376,2894848,3365888,1304576,1614848,793600,2071552,3690496,8700928,8390656,6929408,10296320,25612288,53678080,87536640,131401728,193354752,247475200,258043904,202005504,111115264,46105600,19965952,13386752,9055232,5809152,5133312,6513664,3733504,808960,550912,5238784,7170048,5442560,3596288,1509376,-778240,796672,1479680,-933888,-609280,-130048,235520,-196608,-14336,-1025024,858112,999424,215040,943104,-193536,-187392,-151552,-996352,572416,-456704,-694272,-722944,102400,169984,514048,-402432,520192,292864,863232,94208,379904,-41984,-59392,-250880,-1338368,44032,-446464,174080,-174080,-681984,-1896448,-556032,-886784,-1880064,-18432,361472,-100352,-529408,293888,-56320,280576,-97280,-994304,-276480,281600,-485376,-203776,356352,-478208,-974848,-196608,-150528,-335872,-891904,-126976,-401408,-1309696,-747520,-495616,-563200,-389120,452608,-1037312,-123904,156672,339968,246784,-176128,886784,-768000,309248,-1364992,602112,-1441792,-225280,-641024,-354304,923648,508928,25600,-650240,-1451008,-680960,805888,-586752,-1224704,-354304,-1418240,-576512,-1456128,-395264,-817152,-374784,-882688,-43008,970752,-428032,-464896,698368,-413696,-445440,-223232,-485376,-788480,1494016,-291840,-157696,-613376,-122880,-838656,253952,-113664,1306624,664576,463872,218112,-168960,-631808,-763904,-571392,-198656,471040,-558080,-329728,-445440,-584704,394240,752640,-950272,-43008,-72704,-807936,-159744,-419840,-1416192,553984,-167936,373760,-2165760,-876544,-274432,-997376,399360,-152576,160768,-792576,-1660928,-268288,370688,19456,226304,401408,664576,-148480,-235520,-587776,-340992,-696320,-346112,-1861632,-574464,233472,209920,1543168,-875520,418816,-121856,-1551360,177152,1642496,-1454080,2204672,780288,279552,196608,-338944
729088,244736,315392,528384,1096704,952320,-2238464,-365568,854016,144384,1360896,1264640,-470016,-40960,904192,-119808,935936,1366016,346112,395264,549888,1036288,-6144,454656,441344,-339968,-395264,171008,-212992,-299008,971776,-268288,-238592,200704,-283648,447488,583680,-1272832,1443840,134144,-8192,746496,2054144,105472,317440,621568,607232,-232448,-706560,17408,401408,80896,-348160,641024,-567296,109568,-376832,799744,-212992,816128,-371712,-1528832,-121856,1231872,-2117632,537600,908288,420864,1542144,690176,422912,-6144,281600,950272,419840,306176,769024,563200,886784,828416,496640,262144,-718848,-93184,508928,187392,1947648,2186240,2468864,2077696,3180544,2314240,1070080,496640,-762880,161792,1998848,2564096,5653504,5876736,5984256,4331520,3083264,3318784,7176192,12429312,20068352,21069824,18063360,33191936,85235712,166425600,264836096,387622912,544907264,672868352,678308864,512436224,276039680,106084352,39207936,29615104,20240384,9966592,9840640,11101184,6875136,1937408,2447360,10066944,11744256,8530944,5977088,2186240,1290240,3226624,1844224,1839104,-635904,-781312,-188416,-104448,-74752,401408,1883136,-110592,389120,425984,744448,-729088,357376,1043456,1239040,1045504,450560,-854016,-318464,861184,-821248,371712,-945152,717824,228352,-345088,-340992,-959488,891904,419840,609280,414720,229376,-277504,-275456,-219136,-441344,-990208,541696,-218112,616448,-643072,36864,851968,-405504,140288,100352,-871424,276480,46080,-260096,2148352,-641024,-2048,-275456,-455680,-420864,-179200,386048,104448,-734208,696320,-144384,-234496,-551936,-63488,-726016,-218112,185344,-256000,211968,-739328,-1089536,-665600,-366592,-771072,13312,-1002496,-651264,-686080,595968,-1806336,353280,-839680,-1210368,-78848,-472064,377856,521216,-246784,1019904,322560,-844800,183296,-659456,55296,-321536,-915456,10240,504832,-510976,119808,-476160,-699392,-107520,-866304,194560,921600,610304,-1764352,456704,901120,181248,0,-399360,-517120,658432,-785408,761856,1078272,182272,-1619968,-1221632,-420864,230400,-688128,-977920,1146880,-978944,-721920,-908288,-1267712,-316416,-1270784,583680,-105472,-25600,180224,-707584,190464,935936,582656,169984,1187840,847872,420864,-117760,-297984,-1658880,699392,410624,234496,-97280,-1490944,43008,-299008,-587776,-557056,-971776,-1999872,-886784,1055744,-189440,-20480,-97280,415744,-172032,-1405952,594944,-539648,29696,270336,-571392,363520,-252928,738304,752640,-910336,-387072,-988160,77824,126976
566272,-386048,-680960,-865280,-19456,-585728,-619520,566272,75776,185344,-802816,181248,-421888,-566272,-1300480,630784,-58368,377856,-517120,-187392,-980992,-1026048,-924672,-397312,-239616,-1583104,-1028096,-976896,-935936,-114688,-2167808,498688,-811008,691200,-749568,-1497088,-43008,-29696,-489472,-931840,-1152000,294912,-180224,-645120,-1574912,43008,-1246208,-1348608,573440,-324608,-2281472,-395264,-1099776,-557056,-574464,-567296,216064,-1102848,-606208,-715776,-1634304,611328,608256,209920,-463872,-205824,-619520,76800,-1207296,-420864,-1116160,-278528,-68608,516096,-551936,-17408,34816,669696,391168,-104448,-418816,508928,834560,-1355776,191488,-126976,1012736,301056,1652736,2029568,2418688,1029120,563200,-933888,-743424,681984,1519616,2245632,7059456,10888192,10464256,8117248,4752384,8203264,15546368,29028352,38130688,36338688,31622144,69816320,190537728,381745152,595753984,813308928,1027680256,1166953472,1110959104,824617984,442133504,171510784,62211072,42184704,29830144,14204928,9973760,12474368,7281664,3213312,5937152,12203008,15498240,12209152,5202944,2412544,2273280,2677760,1819648,-97280,-212992,-533504,-31744,773120,-325632,150528,946176,1376256,-350208,834560,-1165312,-145408,1228800,-424960,-684032,444416,-1649664,-484352,-783360,-1003520,-264192,-382976,-1047552,-1049600,-1195008,-729088,-927744,-490496,-640000,-869376,215040,-1411072,-1213440,-1422336,59392,-305152,-389120,-1174528,-418816,208896,104448,-815104,-211968,-1204224,-120832,-448512,-759808,-378880,-763904,-215040,81920,-438272,-1378304,322560,-471040,-283648,-148480,-713728,663552,-365568,-1540096,-457728,-401408,-738304,68608,-331776,455680,-1415168,-551936,-795648,126976,-240640,-50176,-382976,-1157120,-1207296,-371712,1024,-1302528,-609280,-407552,-1338368,-848896,-867328,-488448,-1596416,-1437696,823296,-872448,-310272,442368,-251904,-2031616,-56320,398336,-815104,-310272,230400,-2024448,-1315840,-544768,-1106944,-1361920,-830464,-786432,-92160,1006592,-1076224,-356352,-521216,-277504,-928768,-821248,656384,-1030144,-198656,-1221632,-739328,-1026048,-1448960,-721920,-483328,282624,-848896,-874496,-312320,-124928,-2050048,-771072,-961536,-1135616,-232448,-1893376,-1071104,-237568,-1051648,-1604608,-705536,-696320,111616,-880640,-1586176,-893952,-1764352,222208,-1421312,-248832,448512,-137216,-948224,-1628160,-293888,-1021952,-302080,-952320,-888832,78848,-603136,-57344,24576,-1709056,-1356800,-1336320,-458752,-1028096,-133120,-323584,-707584,-1027072,461824,-956416,-622592,-527360,212992,-2052096,-1543168,-224256,-1532928,2048,-1072128,-1754112,-968704
1070080,700416,912384,259072,403456,741376,-675840,-1491968,-201728,307200,-907264,-268288,-35840,35840,-207872,-386048,-695296,-112640,-673792,398336,-198656,783360,752640,75776,-5120,764928,-266240,623616,-387072,206848,710656,-690176,-987136,1147904,674816,44032,-868352,-717824,-658432,-754688,1108992,-358400,489472,103424,65536,258048,-177152,434176,-535552,1619968,120832,-138240,1060864,1317888,852992,318464,544768,1317888,203776,583680,1554432,1987584,-138240,1128448,1082368,-204800,854016,727040,-500736,1208320,1188864,720896,239616,812032,114688,-1309696,446464,-288768,1303552,139264,1156096,2328576,1081344,936960,363520,570368,1638400,1868800,2571264,2042880,3604480,1646592,850944,453632,846848,1142784,3310592,7303168,12352512,17389568,15758336,11699200,9051136,14220288,29505536,48266240,53856256,45142016,37534720,91468800,257983488,532027392,823405568,1060540416,1201756160,1213558784,1086978048,794811392,442888192,180112384,64588800,40200192,31384576,15770624,9188352,11960320,7992320,3392512,5099520,13780992,18015232,12593152,6786048,2591744,2767872,4618240,4015104,1648640,1448960,-209920,56320,536576,-558080,1225728,998400,824320,594944,631808,-96256,485376,-1042432,380928,453632,-719872,614400,78848,375808,-164864,-986112,529408,-138240,-534528,770048,-138240,81920,881664,-340992,731136,999424,-17408,796672,-306176,-359424,1441792,166912,-841728,598016,-51200,-99328,-422912,910336,-1031168,731136,-136192,-1636352,16384,-550912,-807936,-379904,-30720,1073152,-915456,-750592,-1465344,-1610752,-473088,-1263616,-57344,1390592,935936,-82944,350208,-146432,254976,-542720,-991232,219136,233472,386048,751616,-804864,-63488,1192960,-876544,-460800,123904,243712,1761280,-336896,1006592,647168,-243712,-921600,-2048,568320,-1462272,218112,635904,531456,-300032,-31744,308224,-5120,-402432,-1067008,557056,603136,-119808,-152576,-276480,-601088,631808,-1162240,-374784,-389120,-70656,260096,234496,-664576,-384000,386048,-512000,-1251328,1635328,318464,-240640,1199104,-240640,-461824,620544,-934912,713728,72704,151552,-534528,289792,-721920,598016,-610304,-427008,-166912,123904,-1027072,50176,517120,933888,-216064,-352256,251904,1020928,553984,583680,606208,-178176,198656,-785408,1099776,406528,299008,-1222656,395264,287744,-153600,61440,-381952,516096,-158720,-1094656,-572416,-138240,640000,-29696,153600,-52224,651264,125952,372736,4096,262144,-225280,-808960,-670720,1179648,-346112,-405504,840704,-180224,-5120,-1004544,-780288
-54272,-338944,-907264,-819200,-837632,0,-49152,364544,-703488,-1282048,-312320,-1041408,-847872,-2193408,-903168,-129024,400384,349184,-882688,-589824,-150528,569344,-841728,-721920,-395264,-1728512,-1423360,-386048,265216,-959488,-1320960,-367616,-692224,-1382400,216064,-687104,-891904,-1714176,-910336,-1148928,-1008640,-660480,-1034240,-630784,-1335296,314368,176128,-1255424,302080,-1123328,-1688576,-1955840,274432,-414720,-40960,175104,-1745920,-114688,-1394688,-139264,-969728,-954368,101376,443392,-280576,318464,-403456,-589824,-357376,-1367040,-194560,-299008,261120,-208896,-1176576,169984,-210944,-206848,-583680,152576,410624,1017856,-83968,-458752,202752,851968,673792,902144,2214912,419840,1418240,1440768,339968,58368,114688,288768,2231296,6456320,12396544,17197056,17343488,13199360,10770432,17234944,32164864,44539904,46632960,33828864,29126656,72549376,213017600,445941760,697948160,862829568,900420608,827248640,688651264,499172352,289366016,126091264,45104128,25968640,21796864,13876224,6106112,5453824,4720640,-140288,2692096,11379712,13243392,11377664,5542912,723968,3212288,3708928,2550784,1254400,64512,782336,761856,302080,-582656,-118784,-539648,-1093632,307200,-124928,547840,-1048576,105472,334848,-268288,-261120,-1302528,-350208,-1268736,-1155072,586752,30720,-1529856,-299008,-827392,106496,-690176,18432,491520,-668672,479232,160768,-1586176,310272,-500736,-626688,-348160,-759808,-32768,-123904,-1213440,-519168,-659456,-1576960,-1114112,-1089536,-952320,262144,619520,-775168,-19456,-396288,-2160640,-1806336,-925696,-1206272,-763904,-1334272,-1079296,-189440,-1004544,-2511872,-975872,-227328,-901120,-611328,-1010688,-1835008,225280,-499712,-664576,-1931264,-222208,-178176,-1233920,-311296,-1497088,-156672,967680,-812032,-870400,-887808,-1097728,-896000,-352256,203776,-210944,-668672,-946176,-449536,-3565568,-584704,963584,-436224,-340992,-1522688,-1558528,-1091584,-404480,-161792,918528,-182272,-246784,-689152,-408576,-1969152,-1137664,-407552,-1213440,-743424,-1269760,-241664,-659456,-403456,277504,-1247232,-845824,-1213440,-302080,-714752,-77824,-1030144,-93184,-2410496,-699392,-646144,18432,47104,-2195456,-740352,-4096,202752,-352256,291840,-452608,-635904,-527360,-514048,-781312,-1179648,203776,-531456,215040,25600,-572416,288768,-1473536,16384,-41984,-2345984,-420864,797696,-543744,1024,-966656,-1140736,-128000,-1034240,-1368064,-979968,-269312,461824,-1827840,-1831936,448512,140288,-1822720,-706560,-117760,-71680,-19456,-1886208,-367616,-510976,-790528,-1245184,-1135616,-1148928,-572416,494592,78848,-80896
278528,-943104,-552960,611328,-296960,-888832,562176,303104,67584,-289792,473088,-96256,-532480,290816,257024,-1211392,386048,-368640,-1610752,-1244160,-1275904,460800,-896000,377856,301056,335872,-535552,585728,-1145856,-1615872,708608,-222208,-771072,-633856,-463872,334848,743424,-206848,446464,-195584,-1065984,453632,-79872,-328704,759808,-532480,-1478656,634880,-285696,-432128,-873472,-1548288,-223232,-1096704,-225280,516096,1350656,-897024,-80896,688128,167936,90112,-326656,-722944,271360,1821696,-275456,-218112,519168,-1000448,772096,503808,185344,-1498112,-169984,-993280,122880,119808,-610304,-536576,1539072,313344,-463872,-598016,-281600,501760,-173056,1068032,945152,973824,2099200,1707008,-543744,-614400,-121856,231424,3013632,7331840,10515456,13120512,14332928,9647104,9652224,13654016,22174720,27731968,24079360,16952320,18274304,38224896,108525568,236314624,376728576,460602368,455997440,390379520,307265536,221242368,134363136,65531904,24365056,12184576,10115072,6722560,2600960,2211840,1488896,673792,1265664,4542464,8363008,6917120,3737600,-414720,648192,2115584,1306624,1586176,737280,795648,372736,1215488,-970752,-163840,-714752,735232,590848,1655808,-311296,-488448,-1046528,-1058816,-803840,-470016,-441344,-733184,451584,-177152,570368,-276480,164864,-686080,119808,160768,-322560,-688128,-307200,-1048576,871424,-74752,-130048,890880,-1652736,89088,-34816,875520,-1007616,5120,20480,8192,702464,-284672,-485376,156672,-1673216,592896,-286720,223232,463872,619520,503808,84992,104448,62464,-780288,-907264,-398336,58368,-195584,-1490944,103424,430080,1061888,-1766400,-1125376,-2465792,-1443840,-1159168,-1340416,534528,1120256,607232,-758784,223232,-1221632,-671744,-781312,-740352,-196608,319488,-1124352,3072,-601088,-911360,-525312,-552960,-752640,63488,998400,-445440,-1345536,-147456,244736,-624640,446464,100352,-154624,431104,-865280,292864,204800,-975872,672768,-1070080,-315392,-186368,-395264,104448,1584128,-1687552,-1122304,-177152,-1144832,-1076224,-1236992,14336,496640,50176,-366592,-513024,-796672,-567296,-663552,-1178624,-80896,811008,-976896,-279552,194560,-454656,-836608,-169984,-407552,359424,-756736,-8192,-119808,-937984,527360,290816,675840,-2518016,-1384448,-308224,81920,-456704,-1174528,1011712,-1032192,-232448,-744448,-1094656,282624,618496,-416768,911360,-53248,-515072,-1071104,-873472,-296960,462848,-703488,955392,-373760,-300032,786432,-637952,72704,-758784,-874496,-120832,-16384,-816128,684032,39936,770048,215040,15360,-1554432
616448,31744,248832,-574464,-1084416,-1286144,92160,-152576,607232,24576,605184,-279552,-224256,-95232,-335872,62464,64512,87040,-310272,513024,-198656,206848,-1120256,944128,-185344,149504,104448,-411648,50176,1601536,899072,-80896,333824,54272,24576,783360,-858112,1524736,-364544,313344,616448,308224,-173056,-986112,-244736,324608,1477632,765952,487424,1181696,-923648,-130048,-788480,-833536,276480,-904192,-751616,-430080,-1153024,-787456,151552,-1306624,569344,-319488,-774144,-62464,809984,1505280,-433152,-404480,-599040,-375808,-575488,-501760,369664,-131072,1883136,195584,-457728,791552,1177600,-958464,435200,709632,-824320,1280000,1005568,455680,351232,493568,709632,1878016,83968,-677888,1015808,942080,2000896,3902464,6987776,7320576,8022016,7486464,7218176,8352768,10158080,10430464,9136128,5980160,6206464,12735488,30697472,73543680,124792832,156273664,157938688,133030912,103326720,73287680,47292416,23800832,10063872,3886080,2435072,3165184,-35840,264192,1401856,-344064,-162816,1001472,3186688,2827264,1714176,-882688,-53248,880640,727040,465920,1060864,-318464,-380928,377856,743424,253952,163840,-151552,951296,522240,-734208,452608,538624,1247232,1197056,384000,679936,-305152,215040,-520192,1259520,187392,-560128,265216,7168,-504832,99328,-497664,527360,-1394688,397312,5120,70656,531456,-1029120,479232,-17408,-28672,-321536,256000,143360,-409600,-67584,679936,-1796096,-1195008,-1024,621568,-569344,-50176,-1251328,-702464,-31744,-359424,-393216,232448,-688128,643072,-337920,-206848,462848,-387072,-397312,-484352,128000,-631808,-399360,123904,1106944,192512,5120,-596992,-420864,-1289216,-221184,695296,-590848,351232,-432128,-1191936,844800,-16384,-1168384,75776,-1027072,-1018880,258048,1141760,569344,-428032,-312320,-812032,-245760,-870400,-482304,-116736,-1380352,302080,125952,520192,-1083392,217088,-496640,-779264,150528,-139264,136192,28672,-240640,-187392,-1582080,495616,-323584,-581632,609280,1256448,-53248,720896,324608,524288,-1519616,-753664,1134592,-218112,1400832,-430080,-389120,94208,-529408,-622592,-132096,-309248,-628736,-90112,-385024,-1013760,-852992,741376,-704512,35840,-295936,575488,-374784,-303104,-781312,121856,-179200,-1272832,47104,-964608,1526784,-1073152,-779264,1078272,-187392,-2147328,-201728,-69632,-161792,125952,-1121280,525312,747520,760832,68608,-631808,-740352,-770048,807936,-353280,-318464,-430080,-940032,247808,-229376,293888,-949248,-1551360,307200,-662528,284672,-410624
-1320960,164864,-794624,-606208,644096,-338944,394240,52224,84992,-9216,-714752,-780288,109568,-411648,-1198080,-675840,1030144,474112,-315392,321536,-930816,-833536,-438272,2048,-409600,-488448,664576,53248,153600,-1313792,-997376,-1179648,-451584,-592896,-660480,-1133568,-462848,-878592,-1426432,-345088,-615424,-1767424,-900096,394240,460800,-138240,-1422336,-672768,-783360,-1159168,91136,207872,-744448,-901120,68608,702464,-238592,-225280,-1557504,172032,-1184768,-908288,720896,-312320,105472,-609280,-27648,-882688,-184320,223232,-87040,1017856,-5120,306176,772096,197632,96256,-724992,745472,-67584,729088,-989184,347136,-431104,-307200,230400,405504,115712,-766976,370688,804864,399360,-438272,-570368,74752,484352,-2140160,1765376,1735680,2129920,3328000,1659904,2777088,3006464,2291712,2588672,1587200,-16384,399360,336896,110592,9099264,18925568,32785408,37085184,37963776,30903296,21436416,14843904,8571904,5060608,1988608,43008,590848,-1222656,-1892352,-1390592,267264,-1415168,-434176,944128,1341440,-564224,17408,-557056,3072,717824,-228352,-241664,479232,-1227776,183296,-472064,-387072,244736,-105472,-1517568,-1337344,338944,163840,-457728,-660480,83968,-824320,-924672,-115712,275456,-103424,403456,-406528,-671744,-748544,-245760,-23552,-690176,-54272,-907264,139264,-898048,-1412096,-142336,-754688,-35840,-441344,-379904,-1830912,53248,-1135616,776192,-1960960,-780288,-513024,-498688,-199680,-169984,-734208,384000,-637952,-994304,-1557504,-708608,-820224,-421888,159744,-726016,-599040,-1000448,122880,-716800,-508928,19456,-570368,-1048576,-157696,146432,-355328,-776192,-564224,-331776,-690176,256000,-453632,-160768,264192,-552960,-1213440,-1024,-45056,366592,-787456,-429056,-993280,390144,48128,-419840,-1364992,-1313792,-818176,-470016,-1119232,54272,-1510400,-428032,-781312,33792,-1211392,-1577984,-621568,-534528,919552,-204800,486400,-890880,-282624,-1907712,-416768,564224,-797696,-343040,-886784,-1571840,-1489920,-1134592,-1368064,-939008,-805888,208896,-747520,-1073152,-128000,-809984,-1414144,-282624,-1232896,-436224,-345088,267264,101376,144384,-2068480,-153600,-477184,-179200,-232448,102400,-903168,-1664000,904192,-444416,-930816,-1398784,-276480,-1859584,-588800,-1836032,304128,-350208,-1022976,-956416,-1256448,-204800,-1301504,-658432,-408576,-397312,490496,999424,-1050624,-240640,-17408,-365568,-482304,-300032,-874496,66560,-1274880,544768,-155648,-268288,-394240,195584,-1346560,-270336,478208,-480256,461824,452608,-727040,-544768,-207872
100352,179200,1396736,75776,-731136,1205248,73728,774144,480256,-556032,1216512,302080,415744,721920,172032,-456704,-500736,-12288,476160,464896,-90112,723968,1234944,108544,621568,977920,-331776,1004544,1319936,603136,527360,-28672,294912,220160,753664,-412672,-216064,776192,465920,520192,314368,-339968,-585728,1510400,-916480,547840,-165888,1097728,33792,1205248,-500736,-500736,-81920,-414720,652288,-585728,944128,-81920,-102400,792576,-400384,-484352,120832,735232,-532480,1509376,641024,-132096,1021952,1435648,869376,2106368,14336,-1460224,-87040,137216,-99328,394240,-485376,1087488,-158720,43008,-179200,154624,2618368,956416,613376,-505856,1445888,508928,69632,365568,-395264,58368,343040,272384,-123904,1072128,850944,954368,580608,-41984,-278528,371712,1174528,423936,900096,237568,-2212864,-2771968,-3099648,-2881536,480256,4846592,8648704,10398720,9825280,9196544,6481920,3362816,2135040,1031168,-207872,-303104,-897024,-1332224,393216,-411648,883712,-443392,-1006592,-299008,-346112,569344,-157696,1459200,-1073152,389120,405504,309248,10240,748544,3072,640000,465920,689152,179200,-112640,692224,-565248,152576,1140736,-499712,-294912,754688,34816,878592,284672,316416,-443392,1055744,644096,850944,266240,586752,309248,-105472,760832,475136,1090560,1314816,-884736,349184,387072,-2157568,227328,368640,493568,-321536,-325632,1143808,-268288,533504,-266240,1200128,1455104,-340992,142336,1071104,490496,-250880,816128,-521216,-209920,-334848,371712,268288,-536576,-311296,284672,270336,523264,295936,254976,288768,863232,200704,806912,549888,268288,-365568,1630208,289792,-583680,656384,-344064,-136192,-193536,-45056,34816,-139264,-489472,710656,-94208,-284672,680960,-116736,-320512,-134144,-525312,649216,-502784,-543744,595968,517120,389120,950272,1088512,-741376,724992,-504832,-565248,-906240,-740352,964608,2143232,-685056,-202752,-545792,-634880,-1238016,1317888,210944,1144832,966656,342016,958464,-446464,638976,-753664,1175552,309248,-148480,792576,479232,125952,956416,308224,296960,1525760,839680,396288,-248832,724992,-199680,-206848,1307648,-791552,-159744,-600064,-399360,1227776,-231424,-260096,-816128,-173056,1030144,372736,-1325056,603136,411648,-239616,1240064,308224,-995328,1847296,-209920,-256000,-1127424,-171008,87040,-151552,-119808,301056,-63488,-763904,636928,164864,596992,-538624,605184,1096704,1647616,244736,504832,-1938432,885760,258048,-1080320,570368
538624,-396288,-772096,-210944,31744,-363520,208896,168960,-1398784,-476160,-418816,444416,-924672,-15360,-644096,-130048,-149504,-1050624,36864,-322560,-1711104,161792,-826368,-181248,-1827840,653312,-837632,-128000,35840,-2216960,-1388544,-405504,-438272,-1490944,578560,-1072128,-419840,179200,-1287168,199680,-596992,-106496,-395264,-382976,-103424,924672,-216064,-609280,-184320,-1127424,-136192,226304,-293888,517120,-248832,457728,-315392,-188416,870400,-89088,-585728,-697344,-722944,491520,1152000,-691200,-333824,-186368,-1859584,-640000,145408,100352,-120832,-73728,175104,-54272,-198656,-69632,63488,-692224,180224,-82944,97280,-150528,-1319936,-724992,420864,-648192,-1623040,-257024,681984,-418816,292864,-234496,786432,-1039360,588800,-885760,-449536,-1081344,-500736,-1224704,-10240,-124928,-1385472,-1100800,-1606656,-2053120,-3324928,-4803584,-3713024,-2423808,-1310720,-1527808,2134016,2513920,2994176,2814976,2662400,2193408,1922048,320512,-289792,-1165312,-427008,-1196032,-1595392,-1918976,-528384,-1014784,-484352,-814080,-359424,-281600,-80896,-1406976,-1595392,-339968,-1530880,-239616,-1093632,435200,611328,-88064,-300032,-970752,-466944,54272,-171008,-897024,-196608,-1118208,-688128,-1182720,-1218560,-501760,370688,-1006592,-1084416,-375808,-408576,-75776,-44032,117760,743424,-194560,-592896,-1310720,839680,228352,-1472512,-171008,36864,-846848,-449536,-1975296,-1280000,-370688,-973824,-394240,-730112,-1160192,75776,-839680,-672768,28672,0,-1144832,1031168,-1326080,-478208,132096,-961536,623616,-1075200,-525312,525312,-1675264,-1458176,-1108992,-533504,-517120,-798720,-35840,-325632,-1024,-309248,-37888,-391168,-528384,-1408000,-439296,-1206272,-159744,-1281024,605184,368640,-960512,612352,-905216,77824,-557056,640000,-739328,-830464,-1124352,108544,-1573888,-25600,-521216,-897024,658432,-19456,-1155072,-912384,-390144,-820224,-1473536,-671744,-524288,990208,-548864,-1901568,876544,81920,-995328,-143360,-312320,238592,130048,318464,-385024,-22528,-1251328,-1281024,-404480,-958464,-1887232,-334848,-1171456,-414720,-321536,376832,52224,-293888,-1384448,-1469440,-466944,-627712,819200,9216,-915456,-822272,-503808,-664576,-397312,-1027072,-667648,-1844224,-1157120,-744448,-741376,-444416,-1255424,-944128,-519168,-200704,-523264,-443392,-103424,-516096,-631808,-1033216,-71680,-428032,-982016,-56320,-466944,1384448,-296960,-947200,-1378304,-425984,-1317888,-179200,-670720,-1163264,59392,-1182720,-404480,-91136,-675840,-1149952,269312,-1405952,-537600,-92160,-107520,-769024,-659456
291840,-1318912,-508928,-505856,-514048,132096,-120832,-1554432,-226304,-1229824,-1061888,-612352,-1092608,-366592,-1447936,-98304,-1389568,-1341440,-1281024,-334848,-37888,-1038336,295936,-1436672,-311296,-972800,-186368,-2779136,-451584,-693248,-245760,372736,-148480,-668672,-243712,-551936,-204800,140288,257024,-543744,175104,-38912,-31744,-738304,-147456,-712704,-924672,-510976,-1783808,-576512,-549888,1196032,283648,-140288,-577536,-314368,-584704,-16384,-547840,-410624,622592,-1632256,-153600,498688,-779264,444416,-24576,-1785856,-684032,-300032,-868352,-1132544,-1184768,-1050624,-442368,144384,-99328,-918528,-390144,-1402880,-677888,530432,-558080,-567296,-1478656,-1681408,-974848,-197632,-410624,-420864,243712,-161792,15360,13312,-1569792,-169984,231424,-1886208,89088,929792,-455680,-1149952,-1325056,-1563648,-1345536,811008,-1865728,-3139584,-2720768,-2661376,-3588096,-4263936,-2908160,-688128,489472,1278976,1983488,1898496,1113088,2712576,131072,417792,-66560,-1041408,-1024000,-1058816,-622592,-1385472,410624,-940032,-1312768,-1057792,-1627136,-290816,-563200,-559104,-804864,333824,-10240,-119808,1154048,-1637376,-472064,264192,-229376,165888,-2327552,-713728,-751616,-937984,-396288,-481280,155648,-1360896,-369664,-1100800,590848,-1106944,-1758208,-47104,-909312,586752,-845824,-171008,-174080,-150528,-757760,117760,-527360,-413696,-32768,-29696,-825344,-714752,-3072,-1253376,-207872,-155648,321536,-749568,-1198080,-950272,429056,-322560,-1083392,-883712,-517120,-301056,479232,272384,-344064,-1963008,219136,-1431552,-928768,-473088,92160,-366592,-132096,405504,-317440,-1035264,-230400,-1209344,-856064,-1841152,-230400,-1117184,-790528,-911360,-1547264,33792,-395264,-2066432,-1373184,49152,-861184,566272,701440,-221184,-155648,-465920,-1188864,-445440,-766976,-335872,334848,-1214464,301056,-1526784,-222208,-1003520,-338944,-1052672,-681984,-125952,-351232,421888,-319488,-991232,-846848,-1012736,-1905664,-1652736,372736,-1608704,-314368,-1380352,-374784,-1184768,-98304,-1820672,-870400,-313344,-367616,509952,535552,-1635328,-70656,-665600,-924672,-777216,-779264,376832,-259072,-933888,-1098752,-14336,-219136,256000,-1312768,-1193984,-235520,28672,-417792,-1226752,-403456,-1306624,-1017856,-1698816,9216,31744,952320,-214016,198656,788480,-272384,-1515520,-310272,-670720,-978944,-2753536,-918528,-641024,-1276928,-30720,-223232,-290816,125952,-717824,-942080,-349184,-1763328,-538624,-280576,-859136,-573440,-1193984,-1394688,-1160192,-2468864,683008,-552960,-631808,335872,120832,-111616,-1556480,-1657856,-536576
516096,920576,18432,-537600,-559104,147456,233472,626688,331776,401408,928768,-155648,-158720,-24576,1669120,-30720,128000,233472,562176,-121856,-971776,642048,146432,916480,-64512,985088,352256,-782336,473088,1246208,545792,-730112,-287744,-155648,-1314816,876544,655360,872448,-1504256,-23552,-1131520,54272,-1001472,95232,693248,237568,1300480,-21504,533504,-147456,-547840,-630784,-90112,-971776,-229376,-515072,-608256,-263168,613376,73728,84992,-584704,710656,193536,-203776,776192,-269312,-56320,-753664,-1425408,-908288,993280,227328,-390144,754688,828416,-1086464,-433152,-238592,1251328,1126400,59392,-60416,156672,802816,-887808,-550912,249856,-105472,-399360,-443392,947200,613376,719872,630784,860160,1064960,452608,220160,463872,-464896,1261568,-286720,-230400,-362496,-1026048,-1007616,-2941952,-2414592,-3889152,-3317760,-3138560,-1021952,-1169408,-913408,673792,-7168,1545216,306176,762880,659456,502784,758784,-1063936,-802816,166912,27648,68608,-429056,287744,1038336,685056,-99328,56320,429056,454656,-424960,278528,-764928,-1348608,-17408,1108992,523264,-1036288,983040,-461824,263168,-669696,-606208,-376832,-479232,216064,-57344,744448,-501760,111616,-1460224,-235520,18432,13312,-9216,-162816,139264,-22528,-10240,940032,-393216,241664,-64512,-291840,-36864,233472,-1266688,510976,678912,648192,975872,-25600,-220160,330752,98304,1517568,679936,-477184,-380928,-941056,43008,456704,-807936,514048,218112,-257024,-129024,493568,48128,-1099776,-392192,1744896,-1024,156672,91136,162816,326656,-300032,36864,105472,1287168,-46080,445440,-279552,-2048,404480,-257024,21504,1026048,-747520,-343040,-688128,-854016,-240640,-1132544,-1261568,-916480,155648,291840,1466368,-690176,-392192,-292864,84992,876544,417792,-129024,108544,1349632,-336896,-418816,-343040,807936,-761856,-351232,890880,-398336,306176,464896,-647168,325632,249856,6144,1095680,206848,-1648640,683008,20480,-914432,-514048,-446464,-795648,849920,632832,-188416,949248,-688128,-801792,-1391616,-348160,-685056,-618496,-662528,-64512,-1585152,641024,943104,202752,359424,-48128,242688,563200,-182272,-211968,286720,1243136,-235520,-260096,-399360,629760,-208896,-39936,92160,326656,452608,-825344,-778240,967680,-146432,-176128,97280,34816,144384,886784,933888,-886784,272384,-289792,881664,1444864,-130048,-610304,203776,-215040,1121280,68608,735232,-248832,977920,-1053696,-305152,284672,-547840,38912
-907264,-1111040,-1029120,-29696,-739328,-16384,1082368,-95232,-411648,-694272,-1084416,-106496,-251904,-832512,244736,-792576,-1654784,-1319936,-520192,-972800,-395264,-228352,-521216,52224,148480,-770048,-513024,-649216,-1891328,-808960,-801792,-544768,614400,131072,-321536,-29696,-728064,-1020928,-1046528,-261120,-1317888,-1307648,-201728,-2058240,53248,-439296,-1065984,-665600,-372736,-954368,-697344,-146432,-737280,-1163264,-960512,480256,-884736,-1186816,-952320,-115712,29696,246784,227328,-1056768,-932864,-814080,-454656,-1716224,-233472,-1614848,15360,-1786880,140288,-93184,-812032,664576,-1477632,-595968,-183296,-67584,-699392,-78848,-35840,-332800,-1123328,-708608,97280,-16384,1027072,293888,-650240,-212992,-543744,-620544,-321536,-2377728,-2406400,-1226752,-473088,-432128,-974848,-1065984,-1466368,-1199104,-1481728,-945152,-2864128,-1390592,-1584128,-3279872,-2639872,-2406400,-1147904,-716800,-483328,-384000,-637952,-118784,-1011712,317440,237568,-568320,-1171456,-577536,-1065984,290816,-863232,-1328128,161792,-283648,-538624,-1078272,-2181120,-1886208,-1254400,-873472,-17408,11264,928768,-766976,-959488,-1002496,-929792,561152,-1139712,-162816,479232,-708608,330752,305152,-6144,-796672,-797696,-147456,-489472,-290816,-1630208,47104,-1127424,-549888,358400,-916480,702464,-1348608,-1800192,-1378304,-612352,-2093056,-1164288,-137216,-815104,-313344,-195584,-1248256,-734208,-296960,-1517568,-861184,-508928,-411648,546816,-1193984,-219136,482304,-1272832,-849920,-427008,-99328,-790528,-345088,-593920,163840,-758784,-299008,-1331200,-921600,-87040,-539648,-545792,-633856,-244736,718848,-610304,-534528,-1093632,-1524736,-435200,-163840,-507904,-61440,-212992,-104448,-1130496,-217088,-520192,-390144,-1415168,-638976,-322560,-959488,-839680,-547840,-1195008,-924672,40960,-1433600,-1320960,164864,-1104896,-599040,-1559552,-1602560,-2191360,-803840,-1732608,-328704,237568,167936,-859136,-576512,-1276928,701440,-1250304,-586752,-1127424,-1094656,-1980416,-650240,-1396736,967680,-560128,-217088,-813056,-1532928,130048,200704,93184,-1935360,-464896,-1149952,-500736,-522240,-479232,-235520,-745472,-207872,-722944,-179200,-1150976,-1585152,-419840,-918528,-2618368,-23552,-984064,-61440,-616448,-886784,-1138688,-245760,13312,-1959936,-865280,546816,277504,684032,-636928,-106496,-620544,148480,-688128,67584,-223232,-751616,61440,-4096,163840,-1096704,-462848,-1603584,-922624,-1569792,-5120,-783360,-643072,-817152,-952320,-728064,631808,-431104,-1068032,-1141760,463872,-1202176,-145408,-957440,-111616,-743424,-194560,-1732608
223232,926720,290816,187392,504832,-951296,-39936,-299008,896000,442368,-45056,-78848,44032,776192,281600,1074176,201728,-92160,948224,641024,829440,381952,434176,148480,-150528,-818176,-8192,135168,-482304,695296,1060864,49152,111616,-428032,-636928,447488,-847872,319488,632832,475136,793600,163840,271360,155648,-770048,411648,660480,223232,117760,-148480,878592,-300032,75776,1000448,310272,-97280,169984,-7168,-609280,-33792,1239040,269312,-208896,-158720,-372736,668672,708608,370688,683008,801792,-116736,305152,-641024,436224,-751616,1315840,939008,-115712,27648,332800,1989632,349184,-1129472,649216,324608,-366592,1355776,-736256,43008,225280,1257472,-353280,153600,-704512,1306624,-474112,422912,-275456,9216,604160,675840,-714752,-1702912,-1124352,-771072,-375808,-1677312,-509952,-844800,-1684480,-2458624,-662528,-2207744,-735232,-464896,301056,617472,695296,-547840,-126976,484352,-318464,-1227776,133120,172032,696320,-197632,-393216,-166912,-232448,-400384,-1483776,345088,-153600,-66560,1088512,-1078272,368640,598016,-132096,175104,936960,286720,1287168,-31744,67584,1542144,715776,-901120,991232,1325056,-339968,838656,587776,781312,-971776,-320512,-112640,769024,-1044480,-179200,157696,-376832,1003520,1681408,48128,962560,-241664,620544,363520,136192,347136,-90112,-1757184,-386048,552960,923648,2166784,133120,-250880,1183744,1099776,-80896,84992,-1169408,134144,410624,889856,-899072,592896,-1177600,-447488,-225280,566272,1041408,382976,98304,48128,-1165312,-493568,1206272,-676864,-1300480,602112,461824,145408,-683008,-343040,20480,621568,724992,-1003520,1897472,176128,906240,252928,324608,1228800,163840,634880,-887808,-1346560,-1959936,-536576,204800,-621568,232448,-353280,97280,-430080,-218112,545792,-76800,1070080,-162816,1169408,581632,-504832,-720896,542720,-75776,594944,1051648,545792,496640,464896,145408,-727040,-849920,-716800,670720,-544768,132096,159744,262144,452608,-358400,-615424,-95232,-531456,323584,-1505280,551936,1020928,-67584,483328,-376832,-488448,-888832,435200,436224,760832,-27648,162816,241664,-481280,-150528,-499712,1099776,260096,418816,-505856,1690624,447488,619520,-120832,238592,-1777664,297984,175104,-461824,1097728,916480,-137216,-8192,1288192,-1536000,918528,-136192,253952,-608256,569344,58368,-715776,992256,22528,20480,-173056,479232,-513024,-391168,256000,-204800,162816,-8192,-817152,621568,126976,579584,296960
1000448,-728064,-75776,-726016,-318464,-731136,1157120,107520,-1586176,150528,-649216,-1999872,-1009664,-949248,289792,-569344,-625664,-391168,-678912,-226304,-149504,-644096,-926720,-1242112,863232,62464,-70656,-595968,-490496,840704,442368,-83968,94208,672768,-599040,-479232,856064,-680960,-727040,-265216,-1725440,-870400,-180224,87040,641024,-1176576,340992,-326656,-58368,-1492992,-758784,-991232,-910336,12288,-515072,545792,1244160,-478208,652288,571392,74752,382976,839680,188416,-83968,22528,-577536,-380928,-1140736,222208,-605184,86016,-740352,-248832,-483328,817152,-698368,571392,-951296,-500736,251904,-1295360,622592,-25600,113664,-729088,-51200,-304128,-83968,329728,1381376,205824,-1666048,-458752,-449536,638976,-202752,-10240,-13312,-586752,-260096,-1595392,-1333248,-930816,-1990656,-1563648,-1838080,-1020928,-918528,-387072,-1236992,-844800,-1374208,-1426432,-936960,379904,-1856512,-2220032,235520,-616448,509952,582656,-616448,-471040,-77824,-937984,-533504,-151552,-192512,-1224704,-997376,-291840,-472064,-384000,-973824,-27648,-81920,70656,539648,-499712,128000,-833536,-991232,-973824,34816,-1233920,138240,-108544,-29696,-135168,-1281024,1213440,-163840,-1380352,-1122304,619520,-700416,-1007616,-711680,-523264,140288,797696,-717824,-526336,311296,-1217536,-321536,-27648,-524288,604160,-229376,-280576,-502784,-299008,-1048576,-1132544,548864,265216,23552,264192,-272384,-224256,-1276928,-35840,-173056,103424,-180224,-175104,-2075648,455680,-379904,-1311744,806912,-458752,-230400,936960,-632832,-777216,497664,-113664,-950272,-483328,-5120,517120,-1297408,-1128448,-1120256,-905216,-1005568,844800,-330752,-477184,1439744,266240,137216,-295936,-105472,-455680,-9216,-669696,-318464,657408,-648192,62464,-190464,392192,-2353152,-478208,-931840,-1005568,765952,-644096,-229376,-422912,-978944,-700416,-1246208,-800768,113664,-570368,-1204224,599040,-648192,-1104896,-1709056,319488,-1114112,219136,1050624,525312,-528384,67584,-353280,-123904,-927744,-1033216,-736256,-1387520,-1272832,-472064,815104,-240640,-1232896,46080,-1881088,-329728,18432,-73728,874496,-1048576,297984,-86016,-537600,-734208,-1040384,-190464,199680,1290240,207872,-1247232,249856,-494592,-671744,-648192,891904,15360,-612352,250880,-575488,-494592,337920,-178176,30720,253952,-581632,-1080320,-852992,-731136,-445440,-405504,230400,-684032,-1650688,-860160,-876544,-292864,-563200,-711680,-1278976,-1370112,-1429504,-153600,-1331200,-525312,-1152000,-1574912,-1317888,-425984,-506880,51200
-963584,88064,-1605632,-1482752,-287744,-1180672,-57344,-1140736,-1207296,-2111488,-1743872,-1192960,-699392,-537600,-1062912,-16384,-1978368,-867328,-1353728,72704,-1252352,-452608,-463872,-1021952,-1107968,26624,-1709056,-1517568,-739328,-488448,-1057792,-402432,-151552,-1659904,-2141184,-145408,-326656,-1055744,-299008,-1875968,-720896,-842752,-1209344,7168,-776192,-325632,-634880,-940032,-1611776,-634880,415744,-1628160,-1483776,-161792,-623616,-1878016,-2070528,-735232,-389120,290816,-630784,-474112,163840,-1575936,-745472,-130048,313344,-1211392,-277504,-2711552,-738304,-839680,-765952,-1569792,17408,-765952,-919552,-850944,-974848,-38912,-631808,-896000,55296,-561152,-965632,-600064,-400384,-449536,-849920,-822272,-960512,-797696,-302080,-1567744,149504,-1401856,79872,-1988608,-338944,-2091008,-1095680,-1139712,-2405376,-2381824,-1147904,-1771520,-987136,-1181696,-2572288,-2751488,-1382400,-1062912,-843776,-1556480,-2106368,-619520,-2421760,-2216960,-2211840,-527360,-1012736,-1150976,-1437696,-191488,-540672,-158720,-674816,-1183744,195584,-1495040,-1367040,-1234944,-1507328,-250880,-1517568,529408,-1079296,-531456,-812032,-1192960,-1984512,-2280448,-1415168,-2323456,-106496,-1335296,-414720,-702464,-70656,-1471488,-996352,-996352,-570368,-580608,-811008,-48128,-958464,-2118656,-965632,-225280,-260096,-394240,-104448,-2002944,-582656,-1923072,-475136,-1403904,-874496,-1558528,-667648,-118784,-593920,-556032,-1557504,-490496,592896,-1448960,-176128,-1122304,-1320960,-1351680,-1539072,-1777664,-114688,-1172480,-1710080,-889856,-1347584,-2417664,-854016,-1255424,-2196480,-859136,-443392,-1170432,-1681408,-500736,-270336,-828416,-1574912,-179200,-1021952,-1979392,-2012160,-1969152,-206848,-1429504,-674816,168960,-539648,732160,420864,398336,403456,46080,-484352,-1052672,-459776,-1132544,-1832960,-916480,-1200128,-1251328,-525312,710656,-229376,-1743872,-523264,-268288,-1186816,-136192,-815104,-1741824,-606208,-1193984,-285696,-555008,-394240,-1563648,-1137664,-3225600,-972800,-673792,-579584,-47104,-1128448,-791552,-1106944,-309248,674816,-775168,-704512,499712,44032,-1298432,-885760,-1418240,-1943552,-807936,-2476032,-656384,-1728512,-631808,-622592,-1655808,-904192,-2063360,-2514944,-1312768,-1641472,-722944,-942080,-285696,-793600,-2867200,54272,-787456,-62464,-1305600,-1525760,-1010688,-860160,16384,-1008640,-1201152,-634880,-1154048,-4096,-1010688,-1770496,-1728512,-1732608,-307200,-1013760,-585728,-562176,-418816,155648,-1893376,-1307648,-1283072,-1316864,-716800,-1002496,-194560,-656384,-1947648,-642048,-460800,-1073152,-364544,132096,-1121280,-1657856,-753664,13312,-696320,-1141760,-113664
148480,101376,-956416,-863232,73728,-238592,16384,681984,-1852416,-545792,-355328,-652288,-259072,-1504256,26624,83968,658432,-212992,389120,76800,863232,-336896,-705536,126976,-474112,-274432,438272,-313344,-481280,505856,-199680,564224,-403456,1138688,1038336,-705536,12288,-31744,465920,389120,59392,-1469440,398336,-418816,-552960,-45056,63488,-1260544,-537600,-207872,-366592,44032,-699392,-33792,599040,-497664,1046528,-149504,-338944,-850944,-37888,139264,508928,612352,-140288,1049600,-1366016,-771072,-453632,-745472,-598016,-11264,1532928,813056,166912,629760,-9216,-1005568,247808,-1787904,350208,147456,686080,461824,-368640,35840,1136640,-373760,-1499136,-779264,-611328,-269312,55296,-293888,-165888,-17408,-275456,-788480,-927744,647168,391168,573440,-325632,302080,-124928,-354304,-203776,-450560,-1497088,-376832,-1841152,-553984,-774144,-654336,-132096,-843776,271360,-1213440,-274432,-728064,-440320,-30720,-633856,-65536,309248,-190464,-48128,578560,186368,184320,-262144,-380928,964608,-1662976,-221184,111616,526336,163840,-329728,-253952,760832,84992,-35840,673792,73728,-1116160,-1373184,-381952,311296,-1273856,262144,70656,110592,-1340416,-330752,-1173504,-1303552,1216512,1003520,347136,-617472,683008,595968,41984,321536,421888,395264,-653312,-184320,-47104,-887808,-1110016,-403456,-472064,-1114112,393216,-1099776,-929792,-325632,253952,-886784,-141312,1359872,151552,1103872,732160,894976,-307200,27648,-1959936,-1242112,327680,-1843200,-1090560,577536,-286720,723968,759808,-388096,289792,401408,-939008,259072,-524288,-140288,-1037312,183296,172032,-636928,1211392,66560,458752,697344,620544,1080320,-146432,50176,16384,-16384,-441344,-1249280,-1010688,5120,-247808,-435200,-926720,-559104,-960512,-395264,-1106944,801792,-325632,-640000,-602112,-1007616,669696,-1672192,-887808,-600064,-221184,-480256,102400,357376,-73728,-485376,-478208,-79872,437248,-393216,-24576,987136,-844800,280576,-2048,-337920,-280576,-946176,-1081344,-400384,-281600,-107520,558080,-854016,-1008640,-259072,-1576960,941056,-751616,-309248,-609280,-1910784,317440,-59392,-628736,-618496,501760,-719872,-217088,-584704,768000,834560,-652288,-243712,386048,752640,-950272,-259072,-49152,-624640,-439296,-697344,34816,-135168,335872,-142336,-1054720,-237568,-470016,415744,568320,-401408,708608,-445440,-961536,-349184,-1129472,-898048,-628736,402432,804864,1153024,662528,67584,-210944,-518144,-176128,261120,-884736,0,-428032
-1044480,-444416,501760,-18432,-1501184,-60416,-1024000,-11264,508928,-1500160,-680960,177152,-673792,-500736,542720,-182272,618496,-785408,-721920,-456704,489472,117760,215040,21504,-384000,31744,-292864,-18432,-1017856,-657408,-162816,-244736,-1243136,117760,-435200,122880,-237568,-903168,332800,-401408,221184,342016,-608256,-753664,253952,-943104,-520192,852992,-1001472,632832,175104,448512,-159744,-688128,-644096,-571392,-1978368,-385024,155648,-755712,694272,75776,-701440,-129024,289792,56320,-1305600,859136,-800768,527360,-30720,943104,-209920,-976896,-1357824,-73728,-863232,-223232,-1129472,-225280,378880,-468992,-627712,-492544,-265216,-1285120,-349184,-152576,-1260544,238592,50176,53248,-910336,-663552,-1422336,215040,389120,-149504,-886784,-982016,106496,-1952768,-1497088,-1273856,-2252800,292864,-1036288,-1187840,-958464,-1658880,-575488,-846848,-636928,-1252352,-1494016,-275456,1210368,-194560,313344,-147456,-430080,-1005568,-630784,-1155072,-47104,-1059840,-419840,2001920,-503808,-812032,136192,169984,-848896,-485376,223232,-289792,330752,343040,-901120,-924672,-158720,522240,-550912,77824,143360,-346112,-20480,-624640,-207872,155648,281600,-886784,175104,-874496,-52224,176128,574464,-855040,-761856,68608,353280,674816,-247808,-448512,19456,-83968,-546816,-1085440,468992,339968,-887808,-888832,-78848,-733184,-627712,-1276928,-471040,-1062912,288768,110592,-779264,199680,435200,-1960960,-364544,479232,-1486848,334848,-306176,-883712,249856,-858112,-988160,115712,-1258496,-2067456,-1216512,-2206720,-941056,492544,-1062912,-231424,55296,-674816,-498688,-582656,104448,-301056,393216,-404480,105472,-155648,-3072,-424960,-708608,-246784,742400,1458176,-29696,-762880,-317440,-1315840,-1966080,-1002496,-1741824,-449536,-669696,-240640,-1716224,-559104,-2117632,-172032,-96256,-1568768,823296,-425984,-482304,-116736,-1165312,-1591296,209920,-108544,-1197056,-483328,-370688,-518144,-903168,-1430528,-1166336,-1473536,-1431552,-60416,-1284096,-208896,-759808,-308224,-951296,490496,151552,-411648,-765952,-1039360,155648,83968,-1000448,702464,-735232,-449536,373760,-1587200,389120,-1406976,-1289216,-481280,-227328,-95232,-1660928,-526336,473088,-375808,-1136640,427008,-382976,-222208,373760,-704512,-1748992,929792,890880,-954368,-422912,-1428480,-763904,732160,-1080320,652288,-573440,-946176,230400,-2098176,-1173504,-444416,439296,-659456,-738304,-593920,-917504,-1280000,-842752,-1271808,-1005568,443392,1686528,-1100800,299008,-921600,520192,400384,-389120,-39936
-429056,1610752,-222208,-173056,156672,-77824,-141312,574464,-583680,-51200,626688,123904,1103872,-866304,-14336,1358848,-221184,169984,-77824,32768,425984,-89088,-829440,-60416,-459776,458752,259072,656384,1007616,-656384,-13312,-241664,-163840,-1518592,-239616,-489472,-122880,651264,1260544,-458752,-909312,-434176,4096,-445440,-494592,1728512,-3072,-819200,-82944,-650240,351232,567296,-972800,-647168,-526336,1385472,447488,55296,897024,-317440,509952,-598016,-692224,381952,248832,-241664,1826816,-832512,206848,545792,-14336,-1713152,340992,703488,163840,260096,899072,664576,-150528,967680,-750592,83968,-76800,282624,328704,376832,673792,997376,-205824,320512,585728,16384,-283648,533504,-113664,-423936,508928,-367616,-143360,151552,-2155520,134144,-680960,-1488896,833536,-945152,49152,-683008,-1319936,-1599488,-114688,-798720,972800,-1501184,-1167360,-860160,463872,-288768,234496,-134144,38912,-576512,-465920,378880,9216,-741376,155648,-1224704,936960,-1343488,-150528,21504,-50176,-235520,-665600,-489472,1160192,-627712,-733184,34816,-147456,316416,1178624,92160,-732160,-434176,-604160,-1128448,-503808,1282048,813056,618496,-284672,-617472,282624,378880,-665600,-86016,408576,386048,116736,-244736,-623616,598016,-100352,-1071104,61440,399360,-474112,965632,-97280,-949248,-1159168,-1069056,-773120,-805888,109568,-292864,-693248,-658432,365568,-1476608,-868352,-659456,472064,326656,58368,178176,-421888,1215488,-1631232,452608,-172032,-221184,377856,-237568,472064,-392192,421888,381952,-9216,-900096,-270336,-83968,-168960,1073152,66560,968704,634880,-128000,-1051648,-40960,858112,-606208,1157120,172032,-135168,550912,-141312,-624640,-109568,-817152,630784,-729088,-73728,-339968,362496,-807936,-435200,-928768,-449536,416768,-673792,-9216,-438272,-173056,141312,-1485824,846848,-217088,-1680384,974848,-1519616,-743424,929792,323584,-566272,386048,-56320,120832,508928,-87040,505856,90112,-1699840,-117760,-1127424,-1317888,972800,-694272,-550912,1074176,-800768,-646144,-912384,-278528,88064,96256,285696,88064,-191488,331776,490496,975872,614400,227328,-1772544,1381376,528384,-240640,-115712,-710656,-688128,735232,-710656,-145408,-2023424,-1346560,-485376,-395264,-557056,-1245184,-1177600,196608,-136192,-587776,887808,-858112,-362496,737280,-474112,1665024,-176128,214016,-446464,-525312,-677888,-315392,1178624,-746496,735232,552960,-662528,720896,-233472,-1675264,-268288,118784,-805888,502784
-587776,-1019904,-1479680,59392,1096704,-1267712,249856,-1283072,230400,-283648,510976,-1081344,-826368,-586752,-760832,-801792,629760,-16384,-671744,129024,519168,461824,-726016,152576,-798720,626688,669696,-564224,-955392,-640000,-136192,478208,877568,-458752,537600,674816,21504,-914432,-443392,-1559552,488448,-819200,614400,-202752,681984,439296,108544,598016,-1125376,-757760,153600,-1155072,987136,530432,-933888,-577536,-362496,-988160,-661504,120832,-1541120,276480,-367616,185344,17408,811008,-695296,-339968,582656,-763904,217088,-222208,1113088,87040,-142336,-564224,-1293312,20480,-364544,-1803264,350208,977920,405504,-584704,-473088,-1002496,-1867776,-20480,-1956864,-486400,-320512,-245760,-114688,-186368,-280576,-709632,-1070080,549888,652288,-1346560,253952,824320,128000,488448,-114688,-622592,-325632,253952,-1144832,472064,-83968,-1273856,-1545216,-615424,-1121280,-557056,-1250304,-1155072,-610304,-107520,26624,-505856,-1362944,-1222656,-694272,35840,-847872,-676864,-1069056,362496,-148480,-303104,-829440,-684032,1323008,-707584,210944,-555008,277504,-835584,-1231872,-728064,-1147904,-897024,-958464,19456,389120,-962560,-56320,-935936,-338944,-1022976,-956416,-1741824,71680,-365568,552960,-126976,-1298432,147456,-445440,408576,-271360,-1526784,-1812480,735232,379904,-272384,455680,455680,-1997824,-391168,-257024,-446464,-76800,-824320,-548864,84992,473088,-784384,139264,-1125376,-455680,-1030144,-826368,93184,149504,-1188864,-919552,-1298432,-648192,846848,-983040,-535552,629760,-1026048,-1025024,-559104,-17408,579584,-592896,329728,-1057792,-68608,-250880,373760,-1288192,115712,-427008,-528384,-431104,-51200,603136,87040,-335872,-1240064,356352,-1350656,-308224,-365568,-604160,829440,158720,-185344,-703488,-1508352,135168,-753664,-645120,-115712,-991232,-5120,203776,-1693696,386048,-60416,-404480,852992,-342016,-97280,-698368,-328704,89088,-546816,-351232,-549888,-140288,-328704,326656,1468416,-1152000,-69632,-20480,-940032,-2273280,-268288,-30720,-153600,-912384,267264,-218112,-1782784,-570368,-2690048,-1406976,831488,136192,-518144,-1292288,-626688,-438272,-173056,-1364992,-555008,-84992,-475136,866304,-531456,660480,869376,-666624,-1204224,969728,-1016832,208896,124928,-894976,111616,-530432,-939008,-797696,-150528,267264,-1098752,-520192,-631808,182272,-738304,-438272,-1210368,-606208,-1560576,-621568,-326656,-107520,387072,-541696,-1180672,-373760,-171008,-1726464,-769024,459776,-1086464,396288,-1090560,-664576,-1005568,-575488,-208896
-452608,-623616,401408,-2181120,-373760,-1736704,-1163264,-1461248,-388096,-161792,535552,-418816,-508928,-1383424,-790528,51200,-1084416,-1060864,-585728,-1002496,-532480,-1063936,-1380352,-641024,-798720,-1673216,-966656,-1530880,-894976,323584,-273408,-410624,-445440,-828416,-958464,-939008,-1049600,37888,-1286144,-479232,481280,-1196032,-256000,-1624064,-818176,-1953792,-472064,-100352,-1178624,-339968,-1131520,476160,-533504,-515072,-769024,-581632,-901120,318464,-855040,-1372160,-735232,-1166336,-1124352,-1430528,-60416,-650240,-1020928,444416,-1799168,135168,-1476608,436224,-618496,-1249280,152576,-1038336,-723968,-330752,-57344,-389120,-379904,-892928,-83968,-800768,-241664,-13312,-905216,364544,-609280,-716800,-1656832,-460800,-1250304,-922624,-146432,-1766400,415744,-884736,-28672,200704,215040,-2722816,-415744,-145408,484352,-1036288,-1201152,-1703936,-1168384,-437248,-1545216,-211968,-1265664,-2141184,97280,65536,-161792,-1518592,-493568,-780288,-1571840,-1220608,-1318912,-350208,632832,-577536,-1282048,-835584,-1069056,-861184,-1018880,46080,-297984,1346560,-998400,-837632,-1150976,345088,76800,-1098752,-1198080,-357376,-1251328,399360,-1452032,377856,-561152,806912,-1128448,-444416,25600,-705536,-985088,-1134592,1263616,150528,-730112,-1577984,-444416,57344,-994304,149504,-1000448,-1117184,-1983488,-661504,-1292288,247808,288768,-116736,503808,-593920,-344064,101376,-782336,-369664,-301056,-709632,-452608,-1381376,-1309696,-842752,-1329152,-1235968,-1677312,-996352,40960,-173056,169984,-1498112,-123904,-1249280,-1561600,636928,-1679360,-139264,-417792,-425984,-1812480,-755712,-657408,-1910784,-2100224,-574464,60416,1208320,1271808,-557056,-1015808,414720,-739328,-1001472,-1348608,-381952,-652288,-39936,-942080,-16384,-1069056,-123904,-1017856,-619520,-125952,984064,-381952,-862208,-663552,-1707008,-1071104,-1128448,-281600,-852992,-861184,-744448,-116736,88064,-486400,-286720,-764928,-647168,-644096,-1117184,818176,-1911808,-1436672,62464,-620544,-1447936,-179200,-2220032,-1248256,-852992,104448,-44032,-287744,-488448,-1037312,-1196032,-1092608,-947200,-1241088,29696,-414720,-667648,902144,-1106944,-284672,-1945600,-1524736,-388096,640000,-350208,25600,-873472,-1156096,102400,-1645568,-632832,-776192,-922624,326656,-830464,467968,74752,-302080,-1147904,365568,-1255424,-889856,-1907712,-899072,-581632,-1254400,-234496,-466944,-885760,-927744,-835584,-991232,-854016,-490496,-1121280,-389120,-452608,-1117184,-1115136,-887808,-2033664,-1309696,-1497088,-1931264,113664,-4096,433152,-351232,-892928,-1129472,-588800,288768,-697344
-671744,-1355776,-1085440,643072,77824,-1046528,-11264,-314368,-745472,-348160,-33792,-858112,-106496,-1129472,414720,-305152,287744,-221184,349184,-587776,381952,-1439744,185344,-427008,120832,-512000,-291840,-656384,958464,-104448,409600,-31744,361472,1606656,130048,655360,-1093632,-133120,-40960,229376,-1081344,-180224,477184,-366592,-311296,423936,594944,-1001472,466944,572416,-59392,837632,-443392,1037312,343040,-223232,124928,-718848,453632,464896,-728064,-489472,905216,417792,100352,-201728,-707584,-1643520,-772096,-1608704,-680960,-336896,346112,138240,-397312,1120256,-677888,-696320,-1591296,849920,-638976,347136,-327680,-778240,154624,272384,-1526784,1249280,141312,-101376,-1071104,374784,-195584,-924672,-1211392,-808960,-326656,-430080,-1427456,-889856,124928,214016,-351232,-297984,-294912,-1074176,111616,-1935360,-1094656,-117760,1136640,241664,-18432,-1182720,-777216,329728,-982016,182272,787456,-1036288,-700416,-934912,-573440,-1028096,-336896,-932864,-195584,-214016,-111616,1341440,1017856,316416,-251904,445440,496640,-495616,-747520,-376832,-696320,-39936,-405504,-1093632,-407552,212992,52224,-706560,-886784,-259072,476160,-1257472,-251904,606208,-369664,-57344,-947200,-380928,362496,-865280,667648,-1371136,-595968,109568,54272,734208,-663552,145408,-1020928,-746496,-1748992,262144,-485376,536576,862208,278528,-73728,-1301504,-1139712,-958464,98304,-459776,100352,29696,51200,-4096,2048,1138688,-675840,-577536,-302080,-301056,-569344,402432,-442368,165888,121856,-651264,-433152,-820224,875520,567296,97280,-800768,-1187840,-118784,-568320,8192,-977920,-769024,-457728,-563200,13312,-793600,376832,477184,-452608,-1255424,72704,-2282496,452608,444416,-396288,22528,-612352,-943104,-210944,-773120,-809984,-955392,-70656,631808,-433152,-195584,835584,805888,-1027072,-1583104,-690176,-98304,418816,-155648,-140288,310272,486400,17408,-557056,-1026048,646144,-1738752,-855040,-557056,-1385472,278528,305152,-1399808,-576512,-2040832,-1316864,-633856,295936,280576,-967680,-329728,199680,886784,-538624,-920576,146432,-1062912,195584,-813056,-932864,-128000,-461824,-1821696,-1171456,-1254400,75776,576512,-899072,-189440,-687104,252928,587776,-2189312,-1055744,574464,-903168,-52224,-23552,-353280,-391168,-375808,754688,-1380352,284672,-867328,-30720,-674816,25600,-1846272,162816,-1057792,559104,-332800,261120,-46080,-44032,-429056,-560128,160768,-822272,-437248,-954368,-636928,-340992,-903168,100352,-483328,459776,-1478656
41984,563200,-362496,-319488,159744,242688,-827392,-1974272,-857088,-1130496,-282624,-1038336,-483328,-371712,-149504,-235520,-904192,-3115008,-1141760,-399360,144384,105472,528384,-765952,-1200128,-1661952,-276480,321536,-978944,-752640,-5120,-1262592,-827392,-467968,-808960,267264,-1197056,-699392,214016,79872,-1018880,-559104,-2044928,-1960960,-894976,-1221632,-1127424,-481280,-1136640,-507904,-601088,-1042432,241664,-512000,-666624,-1887232,-1421312,-1573888,-496640,-1564672,-224256,-93184,-86016,-323584,-447488,-496640,-563200,-459776,238592,-1167360,-517120,-1599488,-1062912,-866304,-1380352,-969728,-450560,508928,-1304576,-1416192,-574464,97280,-1817600,-787456,-1643520,-720896,-1166336,-3072,-314368,180224,-1052672,-331776,-937984,-1955840,-283648,346112,-987136,-598016,-1813504,599040,-337920,-2625536,-452608,-223232,-1101824,-1079296,-1122304,-559104,-877568,-1145856,-1449984,-1228800,-1339392,-380928,-367616,-651264,-309248,-1118208,35840,70656,-714752,-1641472,-2166784,-1784832,44032,-764928,-290816,522240,-1200128,-1590272,-657408,-1961984,-1257472,115712,-517120,984064,-1889280,-1216512,-757760,-292864,-943104,-219136,-838656,147456,-779264,-588800,451584,-408576,-1394688,-879616,146432,332800,-652288,-196608,-1354752,326656,-1479680,-57344,-58368,427008,172032,-56320,-609280,-274432,-687104,-866304,-486400,-683008,-470016,-748544,-523264,111616,-768000,-302080,-1003520,176128,-134144,-1212416,24576,-514048,-610304,-173056,-945152,-355328,93184,-422912,-1179648,562176,-806912,23552,-735232,-530432,-1339392,-546816,-2777088,-394240,-115712,-1303552,299008,-926720,-210944,-897024,-478208,-1224704,-1122304,-772096,410624,-2033664,-902144,-1681408,-959488,-775168,-604160,-1753088,-1117184,-163840,-322560,-1438720,-6144,-976896,-1166336,-1511424,-939008,-2152448,237568,-731136,-656384,-872448,405504,-653312,-889856,-880640,-2481152,-900096,-1052672,-1206272,788480,83968,-908288,-102400,-947200,-1981440,-645120,-1404928,-109568,-307200,-418816,-1252352,-1855488,-913408,-1316864,-1913856,-1934336,555008,-247808,-534528,-927744,-1004544,-237568,-48128,-1524736,50176,-203776,-192512,-822272,-194560,-846848,-874496,-875520,-254976,-977920,-1101824,-307200,-1054720,-414720,-91136,-1246208,-1627136,-402432,-647168,-268288,-1029120,-828416,-740352,-1264640,-1125376,-1846272,-1248256,-126976,-400384,-309248,10240,-845824,-454656,651264,-206848,-551936,-929792,-178176,-1312768,-1224704,7168,-789504,-238592,-854016,-1154048,-698368,-417792,-1008640,418816,-522240,-1377280,-1323008,-822272,-1333248,143360,-328704,-601088,-1747968,-183296
264192,-333824,-599040,380928,-73728,130048,-136192,7168,573440,38912,-8192,-821248,-500736,-690176,644096,-1443840,904192,-484352,1154048,1108992,1336320,331776,-847872,-553984,-362496,-1160192,1069056,1177600,-382976,1187840,-418816,-817152,-16384,-583680,-851968,-323584,-300032,-327680,-499712,-124928,-279552,-532480,182272,185344,-1178624,192512,831488,61440,392192,-308224,792576,-32768,87040,-230400,158720,1118208,-443392,-291840,-587776,-1319936,370688,-1160192,73728,-306176,1226752,-884736,-375808,-1052672,219136,1083392,-1849344,480256,744448,419840,360448,399360,52224,-189440,161792,-420864,319488,-81920,-1408000,-1178624,465920,-514048,-382976,947200,-1321984,-204800,-1070080,491520,-996352,578560,-640000,-512000,-67584,-1206272,197632,-163840,-677888,70656,-824320,193536,256000,-697344,-1246208,-402432,-1000448,738304,425984,-504832,-136192,-1039360,-778240,-429056,-112640,-211968,-7168,3072,-561152,522240,-176128,470016,-447488,494592,-842752,-1113088,171008,-609280,295936,-1079296,663552,-178176,92160,421888,-1388544,-2545664,-1411072,-1426432,336896,-68608,-604160,1348608,-415744,909312,-221184,-354304,-280576,-715776,-465920,-18432,-192512,-845824,371712,-727040,-790528,-671744,292864,-806912,-364544,-267264,-805888,311296,772096,-371712,545792,-576512,-1050624,-33792,-655360,-1280000,339968,-670720,1033216,954368,-823296,-88064,-1103872,-490496,-1022976,-1119232,-361472,-703488,463872,-1320960,-781312,382976,991232,-1436672,-715776,-949248,-807936,310272,-283648,-452608,-888832,112640,-787456,220160,-258048,353280,-659456,-340992,-631808,-182272,-440320,-343040,-155648,-1900544,-489472,196608,-506880,206848,-294912,317440,308224,-1254400,221184,-855040,173056,-495616,78848,-920576,180224,-97280,-250880,-1027072,-667648,979968,-25600,193536,-1169408,-373760,-993280,394240,-532480,630784,25600,-934912,-200704,507904,-216064,-113664,1335296,-496640,151552,-1422336,-1163264,149504,-141312,1208320,87040,48128,-1070080,-985088,-783360,-1339392,-926720,-578560,-63488,-786432,-946176,-80896,-228352,-165888,-2037760,-1497088,-1000448,-716800,-536576,56320,-1071104,-752640,-900096,-1213440,606208,567296,-658432,65536,144384,-1178624,-339968,-652288,-776192,-1662976,-811008,-841728,-479232,419840,-866304,-79872,-904192,-191488,-1544192,-531456,1127424,-486400,-230400,281600,366592,825344,-621568,-1232896,1124352,-322560,-806912,-759808,-128000,413696,-412672,-532480,69632,-84992,34816,-225280,212992,21504,-87040,-1289216
-1512448,-104448,283648,292864,564224,-924672,612352,820224,1347584,-609280,-319488,-60416,678912,791552,608256,1489920,596992,439296,513024,-145408,-779264,787456,1793024,1054720,1063936,266240,-116736,-1208320,-296960,622592,-1452032,1378304,-142336,-2048,-647168,-743424,976896,1806336,592896,1527808,-848896,-649216,583680,-234496,218112,-472064,542720,-885760,510976,-263168,679936,73728,-369664,1584128,-568320,-123904,-707584,-214016,1037312,-368640,-347136,55296,-872448,208896,76800,-5120,-394240,507904,106496,322560,-94208,518144,86016,40960,303104,723968,-551936,-72704,603136,643072,-491520,533504,651264,1071104,389120,-1377280,-3072,-178176,138240,1245184,566272,-135168,897024,-135168,-1459200,-440320,-307200,180224,1452032,-573440,1028096,658432,-55296,533504,558080,176128,-421888,-446464,-1173504,-210944,-741376,223232,216064,-670720,-251904,-1241088,-598016,852992,461824,-31744,-790528,1077248,39936,-240640,151552,-703488,-1442816,524288,723968,-267264,1112064,876544,931840,-297984,-513024,-99328,-350208,-97280,258048,829440,-636928,991232,1266688,878592,592896,-34816,836608,394240,-20480,-500736,-90112,-440320,-278528,-367616,-605184,-245760,-66560,633856,-792576,750592,-248832,93184,-234496,-840704,-1180672,-657408,-137216,-668672,45056,733184,-282624,-194560,585728,-875520,353280,-436224,540672,453632,-396288,1090560,196608,573440,-163840,-791552,-643072,455680,-1381376,390144,1281024,-901120,677888,-68608,-178176,14336,-551936,-530432,20480,186368,-189440,1067008,-169984,1218560,818176,547840,184320,168960,-183296,-645120,465920,-588800,-359424,-557056,475136,-463872,836608,-533504,-1188864,-84992,-1379328,1089536,1345536,-497664,-870400,-147456,-1646592,-362496,1092608,448512,381952,-235520,-152576,90112,-223232,-146432,408576,435200,-102400,134144,-846848,574464,1230848,-738304,-618496,581632,27648,-375808,75776,-886784,-6144,-931840,379904,-697344,-479232,152576,-128000,193536,968704,1072128,-207872,837632,723968,-806912,323584,195584,-730112,453632,-570368,-322560,-1197056,759808,-867328,-539648,-555008,179200,-142336,646144,293888,-535552,191488,-661504,169984,686080,790528,-404480,-340992,635904,-724992,396288,-260096,-36864,-797696,211968,-166912,-499712,-913408,304128,-56320,1503232,-143360,1077248,-548864,-973824,-1011712,156672,1050624,774144,271360,-1296384,3072,194560,-1470464,-702464,283648,50176,-1477632,601088,-491520,224256,-218112,1070080
166912,-1032192,-1303552,-967680,-1128448,-440320,-1463296,-1226752,-157696,-610304,-449536,-1162240,-565248,-498688,-1134592,-1160192,-521216,-602112,179200,-350208,-106496,-221184,-280576,-1308672,-1927168,-261120,-187392,-1283072,61440,475136,260096,-785408,-960512,-1171456,-1040384,301056,-1581056,-508928,1678336,-560128,-1438720,-635904,47104,-1000448,-156672,-917504,-109568,12288,689152,-145408,-224256,-1668096,63488,-2123776,-1130496,-612352,-557056,242688,502784,-1631232,-500736,-560128,-1326080,-110592,-164864,-598016,999424,95232,-199680,549888,-1532928,-777216,-78848,-1099776,-332800,161792,-1040384,375808,-785408,-1575936,-603136,-934912,-746496,-1061888,-876544,17408,-253952,868352,-257024,-560128,-730112,-698368,-629760,-1321984,-620544,290816,-377856,-258048,196608,-282624,-472064,-1516544,-879616,-717824,886784,-586752,489472,-75776,569344,-1266688,-849920,-557056,-885760,-395264,-1127424,-223232,-811008,-638976,-423936,-623616,-372736,-40960,-1006592,-784384,-186368,197632,71680,-1681408,-123904,-1764352,-972800,-921600,420864,-54272,1202176,99328,-509952,290816,82944,-1037312,707584,-652288,-925696,-1274880,-1326080,-563200,694272,-466944,-1041408,871424,-1440768,708608,732160,494592,-1467392,-909312,-1261568,-1399808,69632,161792,-1040384,-818176,-1637376,-1247232,-993280,-405504,-309248,-175104,-1657856,80896,-490496,-1299456,-2308096,-111616,-1040384,-1411072,-899072,364544,224256,-2095104,-539648,-1488896,-812032,-830464,-1212416,-819200,-1165312,-164864,-1272832,-206848,-1018880,-1636352,-594944,-808960,900096,-1254400,-1024000,-302080,-1723392,-1451008,-137216,-1517568,-518144,-229376,-1507328,-402432,744448,-147456,-527360,-818176,-2132992,-135168,-1803264,503808,-294912,-655360,110592,-228352,-1799168,-149504,-1301504,-547840,291840,461824,-1036288,-1070080,-1056768,95232,-421888,-1786880,-361472,-1910784,-31744,-1576960,-452608,1282048,508928,-1391616,-466944,-1485824,-723968,-408576,290816,-1342464,-719872,120832,-1383424,-256000,-901120,-545792,333824,-959488,-1004544,-265216,-630784,35840,-1198080,-615424,-1312768,309248,-404480,577536,361472,-392192,198656,-1512448,-407552,280576,-405504,-1356800,-1244160,417792,-107520,-1172480,-100352,-62464,-664576,-1876992,294912,-1133568,-868352,-1457152,-1217536,-800768,-217088,-584704,-414720,-261120,-1502208,-471040,41984,-1046528,-572416,262144,-709632,-977920,-908288,-1411072,-4096,-742400,-1509376,-946176,-436224,-921600,-432128,295936,-522240,-764928,-1551360,-308224,-479232,-1345536,-501760,-439296,-305152,-394240,-282624,-581632,-805888,-538624
592896,-1239040,-64512,365568,-149504,-614400,432128,107520,-472064,-165888,-1035264,562176,1455104,53248,610304,6144,-607232,-773120,381952,211968,171008,466944,709632,1107968,-437248,87040,404480,-809984,-399360,138240,-487424,397312,957440,-114688,968704,1501184,666624,44032,95232,-876544,315392,-187392,-217088,1862656,1267712,662528,-1164288,-169984,-428032,-713728,-1043456,-111616,-384000,564224,406528,-261120,357376,107520,-261120,35840,306176,493568,-147456,-507904,1045504,-56320,-1289216,-879616,-1415168,-398336,754688,-935936,304128,664576,136192,899072,802816,-962560,541696,509952,-1008640,756736,382976,-1291264,819200,1052672,-78848,278528,75776,-155648,473088,-1193984,-897024,-751616,627712,-438272,-1156096,411648,-473088,1119232,646144,-413696,0,69632,-905216,-868352,-24576,8192,-1758208,-206848,479232,121856,-21504,-924672,181248,-1296384,4096,-852992,-328704,-99328,503808,292864,-1087488,873472,-1453056,161792,-519168,-509952,-92160,1005568,1169408,-911360,-116736,258048,-304128,-512000,619520,577536,-1024,519168,-564224,1892352,665600,-489472,-391168,-361472,115712,267264,1605632,-446464,-906240,137216,-326656,-495616,317440,-881664,167936,484352,792576,135168,646144,-1187840,480256,-11264,1422336,1118208,723968,-123904,624640,-332800,-1874944,252928,-177152,-282624,-413696,-498688,-1071104,-381952,-1190912,-150528,-36864,-13312,448512,-129024,186368,-909312,-173056,46080,-644096,-194560,826368,909312,-405504,67584,286720,1029120,-587776,254976,95232,669696,20480,332800,145408,-410624,738304,226304,-1435648,410624,-492544,628736,71680,456704,-620544,-1844224,-691200,-105472,-1956864,-393216,141312,-283648,735232,955392,-113664,-831488,-605184,-1053696,-817152,-909312,945152,-261120,481280,-899072,516096,-134144,180224,-715776,-362496,-221184,32768,494592,1662976,491520,353280,98304,25600,-1161216,-678912,-321536,102400,633856,-234496,-346112,460800,-1593344,-996352,-1219584,535552,-59392,-821248,867328,-387072,1174528,23552,-1143808,-357376,-1272832,307200,-183296,372736,281600,-182272,-544768,-232448,-87040,-1059840,-710656,389120,56320,-1330176,-732160,-268288,-1926144,-102400,-923648,406528,-462848,-57344,1113088,1361920,-978944,225280,-471040,-606208,117760,1118208,746496,1198080,120832,584704,-26624,206848,-978944,-140288,-628736,70656,-52224,-707584,591872,457728,-1207296,-595968,-760832,138240,643072,-229376,558080,185344,283648,-425984,167936
893952,-1090560,-599040,305152,-1445888,-1163264,-123904,264192,-77824,-542720,-322560,681984,528384,141312,445440,-1018880,-558080,-411648,686080,-473088,-619520,-164864,-205824,-1212416,-1755136,-827392,-309248,-300032,-1814528,857088,807936,67584,-565248,-1461248,-840704,-32768,-1257472,344064,-776192,-395264,-219136,-1068032,560128,572416,-1227776,-525312,-993280,8192,-133120,-207872,45056,-1850368,-2215936,-1057792,5120,-1168384,-1394688,-1006592,-149504,-92160,-421888,-1175552,-1018880,365568,-405504,-605184,407552,-730112,387072,795648,253952,-59392,-282624,-973824,-1062912,-328704,-398336,-841728,711680,81920,-20480,-590848,-19456,-275456,-273408,-693248,-792576,645120,590848,-32768,-569344,1004544,-703488,-962560,1205248,190464,-347136,547840,-295936,-269312,-545792,-478208,69632,-1022976,-297984,-22528,-705536,518144,-378880,-781312,110592,-2101248,117760,-389120,374784,-955392,120832,-533504,-944128,-622592,-338944,-56320,-253952,283648,81920,-286720,-384000,-129024,-947200,-952320,-335872,-1678336,422912,-989184,-156672,59392,-611328,-707584,-478208,-1077248,156672,-812032,-151552,459776,-1331200,-1291264,-872448,-392192,-769024,-2004992,-822272,241664,-847872,-1156096,-735232,557056,-505856,-109568,759808,-1397760,236544,-286720,-677888,-901120,-874496,-185344,-860160,-1181696,-1513472,-1323008,-330752,-350208,73728,-837632,-820224,-122880,35840,45056,-1696768,496640,-905216,-612352,-293888,-691200,-588800,-1256448,-218112,-1146880,109568,-879616,-785408,665600,415744,-1168384,-485376,-757760,-1456128,354304,-683008,-1775616,-1371136,-754688,-2044928,-699392,-413696,-903168,23552,-1072128,-402432,449536,-1260544,-743424,-972800,206848,306176,-404480,-654336,89088,-706560,-165888,-1155072,103424,-84992,-123904,-6144,-60416,-310272,-12288,22528,-77824,-467968,-1833984,-897024,-666624,-180224,-841728,-1093632,-261120,51200,190464,-1551360,-624640,-1175552,-1573888,-60416,25600,-536576,-739328,67584,-2826240,-238592,-1412096,-1251328,-787456,12288,-476160,-227328,-960512,-1303552,-1733632,-498688,-1541120,-1176576,-436224,-636928,-1139712,-200704,-68608,-1387520,-1208320,-1411072,-1802240,-78848,-97280,975872,-512000,61440,-273408,-8192,-1212416,-364544,-758784,-1401856,-211968,-162816,-1910784,-579584,36864,-734208,-945152,-699392,-1692672,-1097728,-135168,76800,-919552,-743424,-571392,-1039360,-739328,-112640,-1354752,1302528,-252928,-1313792,-516096,-1275904,-1268736,39936,-187392,-867328,651264,-91136,324608,-1300480,-23552,-788480,-1040384,-443392,-387072
104448,372736,-1565696,-1090560,-805888,-828416,-39936,-133120,-318464,-122880,-984064,-1738752,-427008,320512,-512000,-1078272,-328704,-304128,-867328,456704,-1077248,-140288,92160,-834560,233472,-2396160,-710656,491520,-1292288,82944,1988608,-1554432,-1909760,350208,-764928,-271360,-1256448,454656,-1489920,441344,-312320,-978944,7168,-15360,1123328,-905216,-274432,-171008,1223680,-302080,327680,-65536,1191936,218112,-243712,-200704,226304,-262144,-822272,-1296384,7168,-925696,-896000,-572416,-567296,-389120,-838656,-51200,427008,-394240,-261120,-514048,620544,360448,-1232896,-567296,-815104,-270336,-1107968,660480,-1556480,-268288,-288768,777216,-499712,-132096,-1506304,-312320,-322560,-307200,-518144,-1270784,475136,-347136,-813056,-766976,-754688,664576,-1571840,451584,-40960,914432,914432,-242688,-683008,-645120,-296960,-1427456,-395264,-184320,-1002496,246784,-827392,-1275904,103424,-1118208,91136,-532480,-424960,-663552,-143360,167936,642048,-492544,-501760,-520192,-1811456,-836608,-569344,438272,-1107968,145408,-1288192,-854016,322560,-1027072,-2116608,-964608,-864256,-947200,-296960,501760,-307200,543744,-377856,134144,232448,463872,-1263616,-148480,-129024,260096,-832512,-231424,-1169408,514048,10240,-693248,-865280,-76800,97280,-1330176,-356352,193536,-439296,10240,196608,344064,100352,-605184,-713728,328704,-136192,-496640,745472,365568,768000,-1082368,247808,-735232,547840,-561152,-506880,-77824,443392,-663552,-577536,-320512,57344,-316416,-28672,74752,-1169408,-528384,-904192,69632,-266240,-126976,262144,235520,-1025024,883712,-591872,406528,-555008,-214016,434176,-1586176,-795648,-273408,-79872,-999424,446464,-329728,-1045504,-381952,-1853440,-519168,1048576,-270336,-708608,407552,-688128,557056,-104448,-1714176,-201728,-674816,-858112,-459776,14336,495616,-1625088,-796672,-700416,-342016,-1107968,1236992,-1754112,272384,-1213440,-593920,-1230848,-1810432,-882688,-113664,-1602560,-697344,727040,-114688,-218112,-969728,721920,-1990656,-289792,-165888,-634880,-991232,-240640,450560,-1037312,-276480,-252928,-703488,-739328,-1024,-684032,-1044480,-1131520,-1174528,-461824,112640,-296960,84992,-285696,-398336,88064,-326656,17408,304128,-530432,305152,1133568,82944,-507904,-713728,-79872,573440,-1868800,-163840,-959488,123904,996352,101376,-611328,903168,926720,-235520,77824,68608,-112640,-956416,-1054720,-632832,-138240,-883712,780288,114688,1259520,132096,256000,-667648,-543744,-817152,-1283072,-1715200,-1094656,532480,-523264,-959488
-182272,561152,835584,690176,1076224,162816,-89088,-1390592,-881664,428032,672768,59392,644096,88064,654336,-1141760,-114688,-188416,-102400,1060864,428032,957440,-225280,1469440,-527360,826368,449536,-98304,518144,806912,1200128,690176,1068032,-200704,376832,1049600,416768,-1222656,-386048,275456,577536,854016,692224,-90112,129024,57344,-984064,297984,171008,275456,-10240,477184,845824,1055744,391168,397312,1329152,606208,-314368,261120,-115712,986112,815104,-1044480,355328,-1196032,78848,-572416,-1289216,-486400,732160,-1186816,-529408,-784384,563200,-17408,902144,39936,-390144,2011136,-336896,-153600,718848,1313792,-2255872,-493568,661504,-824320,1082368,38912,946176,441344,-326656,-308224,624640,1154048,225280,633856,16384,995328,-360448,413696,344064,204800,-102400,288768,345088,363520,-543744,-520192,596992,661504,-246784,-708608,481280,320512,492544,927744,-1018880,556032,-1046528,-57344,-984064,372736,-198656,1292288,532480,858112,-433152,-178176,78848,116736,370688,904192,478208,625664,351232,285696,958464,334848,-235520,533504,-672768,803840,840704,11264,756736,174080,-730112,581632,580608,-986112,1427456,1112064,797696,579584,344064,776192,330752,126976,-332800,925696,1208320,-987136,756736,-703488,-553984,829440,835584,839680,1174528,-55296,-5120,1163264,-422912,186368,840704,-564224,284672,600064,-993280,1077248,-482304,1153024,836608,-429056,355328,105472,-592896,843776,386048,-1029120,-54272,-966656,-2494464,-2097152,-488448,-178176,0,151552,-79872,-21504,209920,-812032,487424,197632,946176,556032,937984,-609280,-129024,1045504,-710656,-198656,29696,-1180672,24576,-60416,1269760,706560,-1397760,-535552,1319936,-844800,-57344,251904,-705536,780288,359424,527360,-114688,1219584,-347136,890880,995328,873472,2048,1083392,-822272,1400832,-1867776,-428032,120832,78848,-689152,1376256,865280,-123904,-324608,173056,-894976,-12288,199680,350208,-176128,-247808,831488,-692224,144384,840704,-276480,-1876992,-431104,-84992,1654784,-158720,815104,66560,-353280,-463872,-1624064,-480256,-71680,122880,93184,-1005568,-269312,-35840,1036288,1303552,-207872,-310272,855040,186368,-747520,801792,108544,-705536,-44032,64512,-435200,454656,864256,294912,-119808,474112,-360448,852992,458752,-1226752,-287744,-69632,248832,473088,466944,538624,65536,-914432,-819200,-249856,-606208,-112640,1161216,863232,445440,-687104,319488,-528384,1262592,-1347584
193536,-1005568,939008,-419840,-427008,-1903616,-1112064,302080,-757760,861184,-886784,409600,-566272,-1077248,-1256448,228352,47104,-845824,-301056,-660480,-838656,-720896,755712,-33792,-1453056,-251904,-37888,1089536,-1142784,-905216,-146432,234496,80896,-669696,-550912,-928768,-219136,147456,-710656,-615424,11264,-297984,-967680,-471040,17408,106496,-644096,-13312,181248,4096,-459776,-1821696,-1893376,673792,17408,-303104,734208,-561152,-76800,-193536,-37888,-1315840,-738304,-1202176,-856064,-201728,-1489920,79872,-1313792,-502784,-990208,-1087488,-1667072,-296960,-606208,-953344,-483328,-293888,-776192,193536,-2080768,-14336,121856,-694272,-12288,-684032,-316416,-337920,-465920,-1047552,-1135616,-1150976,80896,-593920,-846848,-1157120,-67584,-532480,-1162240,-1819648,-1150976,-615424,-1220608,-693248,911360,-468992,-804864,-886784,-574464,-357376,-854016,-174080,896000,-1728512,386048,839680,-1105920,-366592,-521216,-637952,-212992,-940032,-721920,993280,-1325056,-975872,-347136,-1676288,-1880064,-1598464,-722944,-1103872,-123904,276480,-685056,-78848,58368,-964608,-1029120,299008,541696,-611328,466944,-561152,56320,-143360,-910336,147456,-820224,-1543168,82944,-640000,-1714176,-159744,-100352,-829440,272384,73728,439296,-563200,-667648,125952,-2306048,-235520,-768000,-288768,405504,-1682432,-1743872,-1273856,174080,-135168,-79872,-1024000,-735232,-619520,-732160,394240,-352256,-818176,-515072,-1433600,-276480,-991232,-1008640,-785408,-343040,121856,223232,-941056,-971776,160768,-939008,36864,-143360,-235520,-332800,92160,-610304,429056,-2053120,-314368,-320512,-1161216,1021952,-1159168,-247808,273408,-894976,-994304,-356352,-581632,33792,-11264,-1388544,-1459200,668672,-1468416,428032,-391168,50176,-1355776,-444416,118784,30720,301056,1006592,-1004544,-1106944,-664576,167936,-1511424,98304,430080,-405504,-671744,-1553408,-1422336,-1813504,-948224,-445440,-1291264,-514048,136192,-184320,-670720,-577536,-1548288,-700416,274432,-1627136,683008,-1315840,-791552,-119808,-248832,111616,976896,-1189888,-307200,666624,359424,262144,-345088,265216,-382976,-38912,-601088,-880640,-203776,-1627136,644096,-103424,-55296,-992256,-885760,-2555904,-961536,-822272,-420864,612352,190464,-339968,-205824,-1570816,-489472,-580608,-286720,-1596416,206848,-696320,94208,-1358848,-413696,-222208,-1432576,-812032,167936,-546816,-192512,-295936,-746496,-2048,207872,-783360,-1172480,-406528,385024,-2134016,530432,-335872,-346112,347136,-1015808,-837632,-502784,568320,-405504,573440,-757760
276480,231424,1083392,228352,1182720,-729088,476160,971776,750592,321536,-324608,-248832,1114112,327680,849920,893952,-354304,1494016,474112,-223232,1442816,-266240,685056,455680,788480,304128,-143360,-456704,-450560,-1899520,320512,1029120,-97280,1111040,277504,-39936,449536,561152,21504,1376256,932864,-98304,950272,-336896,961536,871424,-877568,-720896,963584,381952,174080,1379328,-111616,40960,-48128,412672,486400,-651264,334848,-795648,840704,-35840,887808,870400,1131520,454656,-370688,-262144,-1024000,332800,41984,87040,613376,520192,-896000,520192,135168,-108544,151552,559104,451584,-1280000,-228352,-166912,-983040,593920,294912,2003968,722944,1652736,580608,-925696,142336,28672,262144,697344,-137216,363520,1307648,656384,925696,-566272,-711680,855040,237568,-510976,-25600,-1042432,44032,953344,-185344,201728,1161216,165888,-329728,410624,483328,198656,728064,872448,101376,907264,-86016,-228352,1095680,-496640,-24576,99328,-531456,1187840,59392,230400,-830464,-677888,-1164288,308224,-391168,-1161216,1047552,-472064,553984,561152,1220608,-718848,781312,318464,0,358400,444416,211968,28672,-533504,-28672,45056,499712,746496,1377280,414720,198656,-245760,-720896,-451584,-1188864,-1318912,199680,-34816,307200,774144,-358400,-524288,30720,36864,843776,1110016,560128,754688,218112,-1905664,131072,1327104,1090560,132096,199680,67584,781312,-102400,-1239040,-751616,861184,1152000,443392,-879616,547840,491520,-615424,1058816,528384,67584,506880,1080320,1102848,977920,-465920,-197632,587776,-869376,565248,-832512,1235968,-1193984,1088512,340992,137216,-464896,322560,-2658304,-268288,-560128,-442368,1057792,-334848,26624,762880,-792576,91136,-997376,347136,-102400,959488,478208,-757760,1169408,454656,-1717248,172032,1521664,962560,615424,-555008,1383424,2021376,-167936,631808,422912,-791552,-428032,51200,121856,843776,-54272,-122880,-1444864,-365568,-1344512,90112,965632,212992,158720,176128,-533504,48128,-989184,-180224,-657408,236544,789504,275456,-126976,62464,-524288,21504,99328,-361472,118784,-281600,548864,1266688,-491520,412672,-941056,314368,295936,-272384,-329728,208896,141312,1221632,-353280,-893952,820224,693248,-1512448,-158720,49152,-923648,1176576,75776,1511424,-209920,-3072,-839680,-573440,623616,-159744,1111040,512000,978944,-748544,33792,39936,1113088,-465920,83968,-683008,824320,680960,642048,1003520,-718848,-215040
-976896,368640,-953344,-1005568,-35840,-331776,-1064960,-1345536,-718848,-809984,39936,-319488,-664576,-473088,-414720,-1188864,-15360,-137216,915456,1498112,-1148928,-313344,-259072,137216,-683008,-92160,-636928,-1861632,-939008,214016,389120,326656,-1830912,-1899520,364544,-53248,-512000,172032,782336,-16384,-614400,744448,-838656,661504,-1117184,-483328,538624,-268288,-391168,-493568,-740352,293888,-704512,-1631232,-366592,1056768,349184,-774144,-100352,-1230848,971776,-789504,-243712,509952,-167936,16384,-399360,118784,-739328,-316416,678912,-239616,-205824,87040,6144,110592,417792,-50176,-245760,580608,135168,-1513472,-1799168,-824320,468992,-1110016,-179200,317440,344064,-1440768,-619520,368640,-568320,159744,-1069056,673792,-865280,-849920,272384,-451584,117760,193536,-594944,-596992,-388096,-437248,1269760,1188864,-796672,-228352,-195584,-226304,-1174528,401408,-272384,1001472,-20480,-548864,1045504,-204800,-1751040,-808960,-1426432,119808,886784,-969728,30720,-125952,-588800,-8192,-139264,-734208,-313344,-200704,-299008,404480,-1934336,-686080,-1270784,-1130496,-430080,-661504,-456704,-555008,336896,-643072,347136,-608256,691200,-282624,-107520,-59392,-780288,308224,99328,284672,-88064,1015808,269312,-1376256,23552,100352,-688128,-1232896,-952320,-607232,-308224,113664,32768,-328704,-287744,-728064,-439296,-332800,-31744,-1576960,480256,-137216,-635904,-375808,292864,821248,573440,-137216,-1746944,-430080,-1140736,-443392,43008,-290816,-19456,-396288,-1136640,-325632,-991232,-87040,238592,-343040,-184320,-738304,-296960,-194560,-257024,-272384,-193536,-209920,-1187840,98304,-236544,-896000,47104,397312,347136,699392,-521216,-323584,-606208,-1434624,-1083392,-932864,-209920,-221184,13312,867328,-1477632,-70656,498688,-1024000,-987136,-1318912,-1618944,-675840,582656,-1028096,-1130496,-121856,-146432,-1056768,359424,-1386496,-743424,-346112,-552960,128000,-1198080,501760,285696,592896,-1333248,-490496,-508928,304128,502784,-704512,745472,875520,-161792,1332224,-932864,-905216,371712,-381952,-416768,1235968,-867328,370688,-777216,-334848,-1250304,-33792,487424,1278976,360448,-217088,-287744,-470016,-836608,49152,-134144,-712704,-283648,-299008,-1183744,-706560,-1503232,-228352,534528,466944,-754688,-263168,574464,-774144,-420864,-196608,-1434624,-436224,284672,1088512,-1221632,524288,-110592,209920,775168,-263168,-157696,-177152,-2074624,-315392,-1018880,120832,-1030144,44032,178176,-1264640,-158720,-114688,331776,-720896,-330752,266240
-222208,333824,-647168,1027072,-1032192,-125952,-1702912,15360,-2069504,-114688,273408,-1563648,-1453056,-1035264,56320,252928,-618496,384000,-190464,483328,1297408,-1715200,-1053696,-335872,-525312,673792,-437248,-706560,-913408,-1363968,-539648,297984,-150528,-1296384,-1162240,-687104,288768,-228352,-632832,-1644544,183296,69632,-480256,428032,-320512,331776,1273856,191488,-622592,307200,-252928,412672,225280,-803840,-740352,-944128,-556032,599040,-451584,-2632704,-718848,1027072,-776192,-414720,-1292288,655360,552960,-1311744,-1227776,995328,-1070080,110592,446464,-281600,387072,1648640,299008,-870400,-460800,-1361920,611328,-124928,194560,-80896,-719872,-970752,-128000,-997376,-120832,-643072,-995328,-390144,-128000,-1007616,-131072,409600,-732160,-123904,-616448,-335872,1016832,813056,-1301504,360448,580608,-20480,-1034240,-1676288,-481280,-1184768,-941056,-355328,-833536,-950272,-572416,-1317888,-1107968,-413696,-790528,-1042432,-334848,180224,-371712,-572416,-763904,-649216,-287744,-1373184,-409600,138240,292864,203776,36864,-1152000,-1129472,-1650688,-1034240,-390144,-402432,-48128,-358400,-495616,-148480,-503808,-1522688,-1030144,-1199104,-522240,-1274880,-117760,470016,-465920,-181248,-1507328,-223232,-960512,-1544192,245760,-1051648,-392192,-771072,-475136,-142336,-472064,-650240,-1074176,-1141760,-746496,-1285120,-1200128,-627712,280576,-916480,540672,-36864,-43008,532480,-616448,-2075648,432128,-771072,-461824,311296,-663552,-355328,413696,-669696,-1035264,-1113088,34816,72704,585728,-719872,-817152,-617472,-411648,-1511424,-874496,-200704,-602112,-309248,-1548288,-141312,-350208,-570368,500736,181248,-373760,57344,-1029120,-1050624,202752,-514048,-858112,-1857536,-1445888,-164864,-1352704,456704,-1457152,415744,-945152,-484352,-88064,-399360,-501760,-493568,-689152,-543744,17408,-382976,430080,-555008,161792,-1119232,-878592,-74752,-507904,1183744,-433152,-1687552,-99328,-1866752,-823296,269312,-1415168,100352,-676864,-917504,67584,-366592,-740352,-498688,-1786880,-1193984,-668672,-227328,-691200,329728,-1323008,-1224704,147456,-2192384,-940032,-1903616,-837632,-439296,-526336,-512000,-550912,-553984,-445440,-1229824,-645120,-934912,-183296,360448,379904,-84992,-762880,-124928,-1209344,-801792,-790528,-119808,-1047552,297984,497664,-800768,-1063936,-1329152,723968,-6144,-1772544,-823296,-268288,-472064,-467968,-1156096,-428032,-553984,-338944,-4096,-391168,-754688,-937984,165888,1049600,-994304,-733184,1007616,1049600,-747520,314368,-1428480,392192,-794624,-495616,-479232,111616
-64512,-211968,1017856,-968704,766976,-611328,-416768,-809984,736256,809984,443392,667648,144384,93184,-954368,348160,-1125376,1573888,-847872,-560128,399360,-627712,-909312,-271360,-28672,-1203200,-615424,-14336,-550912,84992,-1056768,624640,-219136,523264,1187840,-231424,-894976,-591872,-515072,-445440,-353280,-382976,-208896,250880,-507904,-2039808,146432,-305152,1154048,136192,-302080,629760,-274432,-880640,-502784,-475136,319488,-290816,533504,318464,729088,455680,-1166336,-1095680,47104,-91136,-560128,-137216,-609280,1112064,-67584,416768,-842752,-493568,-1736704,-157696,95232,789504,918528,297984,169984,291840,497664,-24576,-458752,41984,-764928,248832,928768,422912,35840,1451008,-1212416,-2057216,1050624,785408,-456704,-844800,-329728,-1165312,832512,-177152,130048,-510976,310272,362496,-698368,-731136,-323584,-874496,409600,-160768,-910336,-2048,60416,295936,396288,302080,812032,-1394688,621568,-1511424,-800768,934912,-113664,-153600,852992,797696,997376,235520,-521216,-769024,-158720,-873472,17408,38912,-319488,-30720,-212992,-594944,168960,-366592,-169984,460800,-285696,-177152,640000,-41984,826368,-572416,-1664000,-192512,507904,111616,1405952,-400384,-1063936,-941056,-617472,-578560,463872,-637952,-546816,1387520,-24576,403456,-1009664,275456,-560128,23552,774144,-143360,-768000,-154624,-418816,161792,467968,618496,-166912,-79872,-777216,-667648,-240640,-399360,-1787904,386048,985088,-1301504,1327104,177152,165888,-317440,706560,701440,614400,485376,754688,216064,-1321984,945152,355328,48128,335872,-1754112,-813056,516096,281600,-953344,849920,-77824,214016,607232,-413696,-371712,-147456,167936,16384,996352,-496640,901120,-394240,243712,-712704,231424,-1567744,-493568,131072,-478208,-60416,-164864,-60416,118784,359424,-499712,-490496,-448512,800768,-308224,-399360,939008,1216512,977920,-659456,41984,1069056,-80896,195584,-985088,369664,-687104,-990208,272384,-686080,-349184,5120,646144,-115712,-730112,-26624,-998400,-1679360,-529408,820224,180224,582656,-373760,441344,-109568,145408,-311296,-675840,248832,-528384,35840,-1346560,-322560,-1042432,26624,-146432,308224,565248,0,595968,-1285120,-458752,364544,-335872,-362496,108544,81920,406528,474112,510976,357376,242688,893952,-390144,-56320,-1398784,16384,-445440,-571392,1367040,973824,82944,-516096,595968,156672,1002496,-658432,-728064,-484352,501760,-1135616,-342016,-1654784,257024,-2136064,689152,1180672
-936960,-189440,-630784,313344,-818176,-578560,327680,-960512,-16384,237568,-130048,-1043456,-499712,-421888,-236544,-961536,-303104,374784,1000448,237568,-53248,-711680,-3095552,-645120,-82944,1085440,-519168,436224,69632,-125952,-778240,-1217536,-428032,-456704,-872448,84992,-133120,-931840,-196608,438272,-270336,239616,-646144,-339968,-273408,713728,-65536,-150528,-912384,-1957888,102400,-563200,-759808,-463872,-807936,455680,-1079296,-150528,423936,-70656,-777216,-1127424,-508928,-104448,863232,-556032,-954368,-217088,-305152,-1015808,547840,-1765376,-1961984,-1488896,503808,-723968,-67584,-184320,-1024000,-1430528,-412672,-916480,-1008640,-386048,866304,1725440,965632,-1364992,-192512,-988160,-1382400,-1053696,-1259520,-149504,-544768,-416768,-402432,-1485824,-148480,245760,-1145856,-402432,-190464,-712704,283648,-1009664,-836608,-1997824,-1079296,-260096,-336896,-289792,-754688,-553984,-1081344,-105472,-112640,-947200,-535552,-224256,-1144832,206848,-970752,-874496,-444416,-430080,-670720,-1732608,-734208,-532480,-1117184,-556032,339968,-499712,-324608,172032,-1608704,-899072,117760,-638976,-71680,458752,615424,-1808384,1167360,-567296,-872448,-533504,-1382400,-32768,572416,136192,-910336,-618496,-112640,-698368,901120,549888,-1921024,-802816,-887808,-1649664,-718848,134144,-211968,428032,-457728,-1682432,-243712,-1819648,-711680,-631808,-574464,-1329152,-653312,190464,357376,286720,-967680,-1127424,-611328,-830464,-460800,18432,160768,-385024,-1586176,250880,-1652736,-407552,19456,-1016832,958464,576512,-1195008,-962560,168960,1457152,-293888,-962560,-1235968,799744,-1051648,335872,-465920,-1159168,168960,-452608,12288,-1420288,198656,108544,-319488,-1844224,-672768,-47104,319488,-1142784,-1339392,98304,-159744,111616,-494592,-614400,-461824,561152,-724992,-1404928,-939008,-216064,-713728,-522240,278528,178176,475136,107520,-1110016,-1009664,-1203200,912384,678912,223232,-769024,411648,-1059840,-327680,-882688,-1516544,-807936,-677888,-94208,-1628160,572416,-106496,-1343488,-1917952,277504,-214016,66560,485376,73728,-595968,188416,-427008,-309248,-664576,-357376,-596992,413696,-361472,-288768,-1280000,474112,-1013760,-611328,-1260544,-833536,-671744,-150528,307200,-930816,216064,-182272,241664,-1635328,-703488,131072,270336,-272384,368640,-933888,-98304,-7168,-1007616,-1086464,-253952,135168,423936,-346112,-70656,-1178624,-378880,-626688,-1043456,-1256448,-560128,-1269760,-410624,36864,-958464,-301056,676864,-1262592,-956416,-871424,-635904,-1024,735232,-1063936,-348160
-399360,-174080,-386048,-495616,133120,107520,-406528,-579584,164864,-398336,-951296,-490496,1185792,506880,-507904,111616,-438272,157696,-78848,198656,20480,-370688,401408,935936,-1110016,-337920,-837632,-57344,-1002496,-295936,-798720,-629760,-239616,807936,-454656,115712,583680,-248832,358400,982016,592896,253952,-471040,1411072,1104896,1399808,593920,351232,-470016,310272,139264,1112064,961536,171008,467968,1363968,-26624,166912,-1920000,658432,-362496,593920,-516096,572416,447488,667648,-1553408,-545792,754688,1076224,1118208,1600512,-633856,-187392,517120,-941056,-1090560,-403456,-891904,880640,1028096,487424,1020928,296960,-632832,389120,-496640,-504832,723968,-150528,2158592,-276480,667648,43008,384000,-1090560,920576,134144,1054720,1859584,-455680,1051648,-658432,-87040,-564224,913408,113664,459776,305152,-829440,-300032,415744,707584,448512,-770048,-514048,352256,-230400,15360,-183296,-435200,1059840,-1166336,490496,-377856,-166912,716800,-458752,508928,-662528,9216,239616,188416,-695296,-31744,297984,-138240,1456128,-962560,462848,-385024,-462848,-485376,560128,-406528,-883712,594944,-181248,312320,-691200,-331776,529408,-135168,614400,-447488,908288,525312,-162816,1134592,744448,165888,1918976,1176576,-627712,572416,-100352,501760,162816,-530432,506880,67584,1013760,1273856,1624064,69632,904192,-1211392,567296,674816,-371712,897024,-726016,345088,673792,-278528,-590848,-103424,-344064,-1013760,458752,-661504,1953792,-254976,54272,-808960,105472,-596992,-33792,-287744,643072,1309696,-599040,572416,-516096,-757760,65536,406528,325632,714752,9216,-61440,823296,240640,1067008,-894976,1025024,736256,538624,-439296,261120,789504,323584,700416,-491520,327680,1350656,590848,-450560,778240,-848896,-82944,-56320,-645120,-433152,-295936,-970752,266240,267264,-548864,582656,243712,-234496,472064,-672768,-520192,-212992,399360,114688,-758784,782336,-140288,239616,-917504,724992,-996352,-37888,462848,640000,592896,-272384,-472064,153600,-82944,1432576,145408,348160,-193536,-168960,393216,132096,-844800,689152,-19456,-50176,1146880,180224,308224,1057792,103424,-69632,450560,198656,-751616,726016,-86016,1344512,-252928,27648,-749568,706560,-2102272,1258496,604160,69632,1005568,248832,-842752,-465920,-515072,-477184,-381952,13312,-411648,325632,431104,-210944,982016,716800,-465920,-8192,21504,-732160,-287744,-374784,1316864,-417792,236544,-478208,272384,49152
-338944,-412672,-526336,-1032192,337920,-527360,-267264,-581632,-1348608,-19456,-911360,-2035712,-1332224,-663552,-1467392,-457728,-302080,-458752,-212992,-457728,203776,653312,-404480,975872,-356352,-368640,686080,12288,-451584,689152,78848,482304,732160,262144,350208,371712,490496,-115712,794624,-1221632,463872,-549888,-431104,-2525184,-794624,-60416,-191488,274432,842752,-1362944,-1437696,-798720,-332800,-653312,-759808,-124928,723968,-791552,-1473536,-1158144,183296,-719872,-24576,-702464,82944,387072,10240,-668672,197632,-899072,-1096704,-1219584,393216,672768,-176128,206848,-967680,-411648,-800768,-559104,515072,-1832960,25600,-601088,-46080,-741376,-78848,-877568,-735232,-1164288,-1764352,-1338368,-540672,-608256,-752640,-1078272,-817152,370688,504832,-671744,77824,84992,-461824,167936,-234496,367616,-752640,-131072,-1253376,-226304,-1011712,-382976,-153600,-131072,-866304,-93184,-668672,-340992,-993280,-290816,-325632,34816,-802816,378880,-262144,-50176,-667648,-266240,-700416,-642048,233472,-1051648,-218112,132096,-568320,-790528,523264,-2468864,-1094656,294912,-862208,-65536,-987136,-616448,-692224,-3072,-926720,-605184,-316416,-242688,-126976,-930816,631808,-179200,16384,1026048,-652288,-1316864,-1192960,272384,-294912,-198656,-1325056,184320,519168,-498688,-1133568,-956416,-392192,-158720,-663552,-429056,838656,140288,-1171456,-643072,468992,743424,119808,-344064,-66560,-254976,-971776,-908288,-415744,456704,416768,-337920,-245760,-707584,-466944,-1967104,-1117184,-869376,-1154048,-695296,278528,-1188864,-1467392,-35840,-832512,528384,-224256,-931840,-339968,180224,-193536,-561152,83968,-863232,-509952,-536576,454656,186368,-134144,-171008,-1089536,190464,1388544,-1251328,-1606656,100352,-558080,-1595392,-628736,-1247232,860160,-148480,-467968,-409600,-753664,-769024,128000,348160,568320,-1444864,-68608,79872,-412672,-890880,231424,-772096,-60416,58368,567296,-946176,305152,-1560576,-823296,-831488,-885760,-111616,-807936,227328,-478208,1370112,-617472,-662528,-2407424,73728,-242688,-667648,61440,607232,-1264640,14336,-614400,-1302528,-1244160,-294912,-624640,487424,177152,-504832,671744,420864,-905216,-1052672,-317440,306176,297984,-207872,312320,111616,477184,80896,-520192,-64512,-1329152,-587776,-108544,82944,-1437696,-706560,435200,-655360,-1183744,-814080,-363520,387072,512000,274432,-115712,-806912,272384,-964608,1134592,91136,-1113088,122880,-771072,467968,146432,1523712,-635904,-336896,172032,-1371136,-523264,778240
-2688000,-1158144,40960,-1241088,-1319936,101376,-1458176,-712704,-1119232,-2148352,-474112,-795648,-944128,-982016,13312,247808,-1513472,-279552,-172032,-132096,-2268160,-1570816,-1550336,-726016,271360,-899072,-175104,-598016,-580608,-1460224,-732160,-1696768,-1185792,120832,-1506304,-123904,-956416,-1778688,-1004544,-238592,-677888,-236544,-632832,-716800,-471040,-617472,-917504,230400,-671744,-1482752,441344,-1148928,-1257472,149504,618496,-84992,-472064,-542720,-879616,-1348608,-614400,-1232896,-349184,-790528,653312,-19456,-1333248,210944,-1281024,-1016832,292864,-378880,268288,124928,299008,-569344,-1608704,-1430528,-1515520,-711680,-1088512,-480256,-1102848,-428032,-611328,471040,-787456,-62464,-269312,-611328,-733184,-44032,-1417216,-325632,-866304,-154624,-1567744,-1484800,-1076224,-1285120,1324032,60416,-494592,-881664,-281600,-1010688,-1223680,-1360896,-521216,-1600512,652288,-1352704,-432128,-765952,-472064,280576,-408576,-1984512,-1807360,-1054720,-1276928,-417792,-841728,-446464,-835584,-667648,-1045504,-867328,-1248256,-74752,-629760,-1258496,-1064960,-623616,-3298304,-154624,-616448,-1333248,-10240,-245760,-1274880,-241664,-967680,-1901568,-792576,-953344,359424,-200704,-475136,-697344,-1052672,-464896,-836608,-1232896,-1776640,184320,-557056,-238592,-906240,271360,-66560,-824320,-514048,-1168384,-831488,-1918976,138240,177152,-2386944,-1470464,-802816,-134144,-833536,-453632,-998400,-222208,358400,-1277952,-965632,-726016,-407552,-930816,-761856,-338944,294912,-1335296,400384,-852992,483328,-1111040,-31744,-577536,-885760,-1121280,-671744,-1245184,-750592,-1537024,-1112064,-1284096,-958464,-1274880,-732160,-1403904,-1168384,-1464320,-1383424,-1484800,-819200,-954368,-1075200,454656,-843776,-49152,-347136,-2476032,-776192,-254976,-2609152,-148480,-916480,-676864,-878592,-79872,-931840,-927744,-507904,-1111040,-890880,-1180672,-831488,-484352,-607232,-1723392,-1345536,-1010688,-461824,250880,-1193984,-1293312,-76800,-506880,-327680,-104448,-2035712,151552,-56320,-1848320,-1530880,-1180672,7168,-818176,-1034240,-1946624,-677888,-690176,-1452032,-783360,-454656,-247808,-703488,-264192,-1161216,-815104,-1627136,-128000,-1524736,-508928,-1349632,-1644544,-652288,-838656,-1435648,-935936,-1862656,-1405952,-1383424,-269312,-516096,-484352,-571392,-1340416,-1770496,-226304,-894976,19456,-722944,-693248,-1011712,-1873920,-5120,-566272,-1660928,-600064,-200704,-300032,-950272,-1459200,-2018304,-843776,-977920,-35840,292864,-848896,-930816,-1430528,-665600,-1016832,-441344,166912,-1561600,-147456,356352,-935936,-800768,534528,-121856,-45056,110592,-516096
514048,1584128,353280,514048,-1313792,933888,-1274880,713728,270336,1224704,-413696,285696,787456,-729088,-316416,225280,848896,237568,-711680,18432,1488896,-757760,1433600,-334848,-305152,94208,374784,625664,138240,123904,873472,1004544,112640,1025024,-348160,-942080,292864,1191936,595968,714752,199680,455680,-552960,-843776,-1684480,351232,361472,-1141760,374784,-1094656,589824,-10240,923648,-1033216,287744,-1933312,1169408,336896,-199680,564224,861184,91136,1019904,362496,-115712,522240,-13312,425984,927744,28672,-319488,-1166336,544768,-393216,476160,-334848,-405504,583680,51200,44032,150528,352256,-1176576,-614400,348160,-944128,-117760,776192,-293888,108544,182272,-998400,-413696,-436224,-726016,556032,29696,-681984,-184320,677888,-378880,943104,-1059840,-265216,621568,-832512,48128,-222208,723968,-123904,-635904,-898048,392192,-153600,419840,387072,-259072,-225280,244736,266240,-687104,-831488,-212992,1081344,444416,1641472,-99328,-478208,716800,-1005568,982016,1118208,715776,-568320,1731584,-87040,253952,1167360,1321984,413696,739328,527360,616448,-802816,501760,-497664,-909312,251904,398336,-1070080,910336,419840,-323584,1454080,1191936,-54272,246784,-534528,-760832,-439296,1231872,-486400,253952,-716800,143360,-701440,70656,-410624,614400,-930816,204800,-339968,-599040,-278528,-1032192,-179200,-414720,464896,1021952,-201728,1004544,677888,-13312,-1369088,-661504,245760,-652288,570368,727040,-88064,-623616,1090560,-522240,-429056,316416,-322560,-289792,486400,-811008,460800,-689152,155648,-319488,479232,249856,1026048,926720,1073152,67584,-99328,227328,76800,-641024,675840,-177152,91136,1414144,117760,332800,-573440,94208,-267264,-612352,399360,1087488,889856,737280,189440,-366592,-785408,-1396736,-842752,977920,340992,-1191936,-697344,130048,-116736,250880,-478208,-495616,-483328,99328,579584,-484352,266240,304128,25600,-743424,-1090560,593920,-242688,-14336,-453632,538624,-159744,31744,-536576,368640,-1687552,532480,-29696,-399360,183296,-322560,1092608,667648,-918528,-57344,-353280,-197632,-563200,224256,-1016832,1615872,-186368,-770048,748544,768000,-448512,-343040,306176,-482304,-923648,290816,-247808,973824,-237568,-189440,324608,-402432,48128,388096,-1060864,-685056,-15360,76800,-930816,-592896,31744,-68608,112640,641024,961536,460800,556032,-1455104,1262592,-626688,-300032,598016,727040,-570368,769024,-968704,-45056,-1473536,447488,-27648,1333248
393216,-1359872,-274432,-534528,-828416,663552,-529408,-631808,-189440,86016,25600,811008,-1794048,-524288,-587776,-486400,381952,-502784,-133120,740352,506880,-50176,133120,-476160,-627712,-23552,-954368,-513024,-612352,-879616,-824320,567296,-329728,-246784,770048,-952320,-935936,-229376,-1850368,-525312,-1063936,65536,-1941504,-64512,-532480,-351232,-404480,-717824,-483328,112640,-2035712,64512,494592,-313344,147456,436224,967680,-796672,-340992,-590848,-136192,-456704,-697344,180224,-731136,-161792,-1132544,107520,-512000,76800,637952,-866304,-191488,-865280,-39936,-105472,-731136,-171008,-571392,-950272,-131072,-314368,-144384,-347136,-974848,-87040,465920,-1008640,-340992,-1344512,-141312,336896,603136,-773120,192512,-569344,288768,-372736,-58368,328704,-431104,1080320,-842752,266240,-387072,887808,-585728,106496,-679936,1007616,-665600,-346112,-316416,-139264,-365568,-1084416,-432128,445440,408576,212992,-434176,453632,414720,-726016,-665600,32768,-993280,909312,-356352,-1648640,-369664,-432128,-757760,-50176,-310272,-517120,36864,-633856,101376,-150528,-129024,763904,-2466816,-385024,83968,270336,1111040,-878592,618496,930816,-371712,-681984,-513024,-410624,-953344,168960,-585728,-455680,-1476608,369664,-1861632,-409600,-502784,-1495040,-291840,47104,51200,-53248,-214016,-23552,599040,30720,72704,500736,35840,-153600,18432,-211968,-1581056,113664,-377856,-708608,-937984,-1352704,1102848,-490496,659456,-143360,-380928,-1348608,-431104,-391168,771072,1378304,-1039360,-807936,-537600,-949248,-966656,-1688576,-987136,-1129472,204800,-583680,-665600,-118784,-217088,-1333248,-772096,-421888,-681984,-535552,-182272,-259072,-674816,-162816,-1422336,151552,299008,-862208,-145408,437248,-156672,286720,-572416,-1391616,-512000,-1111040,-773120,119808,-51200,-574464,-940032,-602112,-390144,-1337344,-2337792,-160768,222208,179200,847872,715776,-128000,-157696,-165888,-432128,-1094656,-309248,-480256,-487424,-9216,-397312,-700416,519168,507904,-1366016,-474112,-1025024,-947200,999424,339968,-663552,347136,-1696768,-285696,-670720,-936960,1152000,349184,189440,-394240,279552,-312320,294912,-954368,-1452032,-152576,1179648,-464896,146432,-701440,-833536,-869376,-1215488,19456,126976,-950272,-291840,393216,-1251328,121856,-167936,39936,-1050624,393216,754688,-340992,67584,660480,-432128,-893952,524288,-658432,-471040,-590848,-928768,-261120,-465920,-1674240,-1183744,-523264,-363520,-1602560,-737280,405504,-1339392,-129024,-1090560,138240,857088
-712704,-429056,-8192,-34816,-238592,53248,-231424,75776,73728,-270336,-1158144,-1429504,48128,-955392,-891904,-97280,-1213440,-326656,1392640,-432128,649216,796672,1036288,-1298432,218112,-331776,491520,9216,-527360,370688,353280,-638976,71680,49152,-78848,-833536,-726016,-412672,689152,322560,-379904,84992,760832,-545792,1445888,104448,692224,264192,-1519616,155648,-375808,285696,-656384,-591872,-607232,520192,-62464,75776,-23552,-870400,-1287168,-670720,-93184,-1423360,-312320,-1479680,139264,276480,27648,933888,1177600,696320,893952,-543744,-950272,-1012736,1341440,-709632,-267264,-17408,-528384,784384,-266240,-1265664,784384,-16384,503808,1030144,613376,310272,-342016,-393216,61440,925696,-504832,479232,376832,-1498112,929792,780288,-1035264,928768,-1261568,-1216512,-218112,-455680,-153600,673792,374784,769024,-421888,-280576,-1374208,19456,-268288,-804864,191488,-227328,971776,35840,-428032,-846848,-381952,-48128,117760,499712,192512,-1152000,-461824,921600,-517120,-137216,-342016,25600,-537600,430080,-1079296,-1507328,-108544,-163840,460800,-422912,257024,-6144,-789504,-1149952,-564224,722944,-843776,-605184,-427008,-101376,604160,-156672,-272384,-417792,243712,808960,-34816,272384,404480,450560,-1041408,-141312,339968,-638976,-667648,186368,-1091584,-480256,-677888,-525312,-329728,220160,1915904,-868352,250880,191488,419840,-25600,478208,-690176,-309248,-955392,-141312,-2050048,-140288,-1138688,680960,1182720,704512,338944,-753664,-408576,-539648,334848,-773120,486400,-432128,357376,-702464,-829440,12288,-414720,-680960,1166336,-1513472,-69632,645120,-609280,501760,-118784,262144,-389120,-558080,-167936,69632,-684032,159744,-822272,-828416,-323584,-681984,-816128,209920,-357376,437248,-99328,-131072,996352,-57344,193536,75776,114688,-503808,451584,-82944,-311296,-1122304,98304,-344064,1303552,-236544,-1762304,566272,512000,972800,-347136,185344,-997376,-176128,95232,356352,-592896,-1674240,-736256,-1298432,-770048,-754688,-36864,-515072,-801792,-590848,-235520,-193536,-52224,-400384,737280,-522240,-419840,335872,-753664,-145408,563200,-1011712,711680,815104,-513024,-772096,-1026048,363520,960512,-282624,-566272,591872,709632,193536,-447488,-197632,-380928,-153600,-704512,-492544,410624,-633856,-284672,-1221632,112640,-1614848,-67584,522240,237568,455680,-278528,76800,-201728,826368,-642048,695296,-890880,506880,-128000,41984,-447488,512000,-382976,-78848,-126976,-1718272,622592
1025024,-269312,1127424,1687552,-1735680,-658432,949248,-651264,294912,919552,-581632,190464,-1974272,-1649664,-657408,-816128,-1065984,-139264,-1445888,-82944,670720,736256,-139264,-133120,-1147904,-18432,393216,351232,144384,198656,-1272832,-217088,-126976,325632,448512,-9216,-1735680,-142336,-423936,1743872,-211968,-484352,-1160192,-520192,354304,-711680,108544,-294912,-261120,-215040,377856,-1409024,-578560,293888,-26624,964608,-109568,-675840,-309248,473088,-634880,-745472,-328704,-608256,36864,-39936,932864,-602112,11264,-322560,-1123328,95232,-243712,-496640,-123904,630784,-444416,-435200,87040,-48128,-795648,-803840,-6144,283648,-88064,473088,-45056,-992256,965632,-2351104,-1026048,233472,-446464,753664,-1044480,543744,480256,-202752,230400,-307200,-176128,198656,494592,-361472,166912,304128,-152576,162816,-670720,-887808,395264,70656,419840,-32768,-295936,74752,2084864,-179200,-1477632,-111616,-830464,396288,1019904,-687104,-717824,-709632,-812032,-1421312,-353280,-322560,713728,356352,-431104,-745472,-1199104,642048,-1223680,270336,-594944,-1470464,-1522688,572416,-399360,-1016832,52224,455680,-1699840,566272,-320512,-626688,158720,-330752,-45056,-142336,-11264,140288,-1198080,-361472,-116736,1005568,58368,-1337344,-524288,-570368,-813056,287744,-1705984,670720,-1089536,-60416,780288,-1185792,351232,-719872,-291840,238592,-373760,360448,-1176576,-239616,-49152,-640000,-339968,277504,-524288,1525760,-76800,-613376,768000,738304,-1821696,-1573888,-300032,-879616,-343040,-1308672,-117760,-512000,-312320,-619520,-824320,-300032,-296960,-404480,270336,-804864,249856,-268288,-680960,519168,-492544,-274432,531456,227328,-211968,-749568,-1831936,-1718272,66560,-659456,322560,-310272,73728,291840,-176128,-273408,716800,-1037312,428032,-1079296,114688,-2306048,-54272,-82944,-743424,-723968,-519168,442368,-1476608,395264,-1516544,292864,140288,-1061888,-951296,-609280,-829440,-190464,-436224,-590848,-286720,-106496,-506880,-758784,-958464,2048,-325632,551936,308224,-1678336,-630784,-492544,210944,-969728,250880,-125952,-1354752,-407552,-497664,-282624,632832,-1001472,97280,-425984,-404480,-78848,-645120,-88064,121856,-1170432,-893952,-150528,-204800,630784,-254976,-877568,1113088,329728,-106496,88064,-1050624,1061888,1024,-388096,-159744,-638976,-1222656,-131072,-82944,61440,-635904,-1221632,-467968,-502784,-726016,-260096,-148480,-940032,691200,-579584,-609280,80896,-410624,77824,293888,-299008,-240640,188416,-568320,-223232
-1373184,-291840,74752,-949248,129024,-496640,-1856512,-246784,130048,-572416,-1394688,-1486848,-894976,-212992,-724992,-348160,1024,345088,-1199104,-1323008,-514048,-720896,-787456,-421888,-116736,778240,-2196480,-1217536,368640,-604160,57344,-676864,241664,240640,196608,-1281024,-957440,-358400,-404480,-1470464,603136,-496640,-163840,-1759232,-828416,-509952,-466944,-999424,120832,-794624,845824,-840704,-263168,47104,-642048,-1636352,-1624064,-1391616,-11264,368640,-185344,-210944,-246784,29696,-572416,967680,-2340864,-1797120,393216,-589824,-1058816,-1270784,-1924096,-1037312,-391168,-1718272,-196608,-741376,711680,458752,-254976,610304,-78848,-198656,-899072,-20480,-659456,-1165312,-442368,-397312,1865728,-98304,-1063936,-1268736,-1166336,-1944576,-433152,-2250752,-1152000,-705536,-418816,-1807360,-541696,-1778688,-2258944,567296,-591872,526336,248832,239616,-70656,-448512,35840,418816,494592,-734208,-1811456,-270336,-1830912,-700416,-1160192,-498688,-671744,-445440,-2499584,-378880,-547840,-1206272,-1784832,166912,-1165312,121856,-1133568,-1470464,-435200,-459776,-420864,707584,-796672,-371712,-888832,-843776,-703488,-591872,320512,-1486848,-864256,25600,-17408,304128,-8192,-637952,-306176,-169984,-1313792,12288,-858112,-202752,-576512,-1114112,-152576,463872,-167936,219136,-999424,-513024,-150528,-1284096,-288768,-538624,-1522688,-700416,-701440,-94208,-663552,-988160,-1064960,-676864,-575488,-449536,-330752,-53248,-1696768,-1113088,-746496,-240640,463872,252928,-124928,285696,-1532928,267264,-919552,-114688,672768,-14336,-1024000,-1107968,-990208,-771072,-940032,-251904,-605184,90112,-251904,-1519616,-301056,-1240064,-705536,-885760,-1234944,-793600,-594944,-195584,-1318912,-325632,-1656832,-1609728,754688,-1429504,-946176,-360448,-1533952,-297984,-1423360,-171008,-1360896,-437248,-960512,-193536,-750592,-739328,-621568,-904192,-1511424,-1615872,-273408,-1058816,-1114112,-1340416,-1380352,-896000,-1217536,-1001472,-558080,-2235392,-1353728,-223232,-2059264,-345088,-878592,-2074624,-618496,391168,-335872,-1522688,-140288,335872,-983040,-966656,-205824,-529408,242688,-1585152,-472064,-1464320,-849920,-1741824,-890880,-1120256,-1464320,-500736,-1590272,74752,-254976,-84992,-513024,-2258944,-986112,-169984,-649216,-1631232,-830464,-406528,-82944,-364544,-500736,-1071104,-334848,-331776,-1162240,-33792,90112,1001472,-13312,-945152,-131072,-1329152,-446464,-1310720,-428032,-157696,-1600512,106496,-1683456,-1095680,-1373184,-346112,-771072,-2553856,-1583104,-229376,-701440,-1538048,24576,-909312,-425984,783360,130048,-1314816
84992,-1547264,166912,-604160,108544,-2420736,427008,-1353728,-958464,1051648,258048,-408576,-608256,-643072,94208,-73728,316416,985088,22528,906240,1059840,-240640,788480,-903168,-521216,-378880,-356352,-472064,-179200,683008,521216,223232,-750592,-1285120,-1326080,-316416,398336,115712,421888,182272,-793600,-64512,689152,107520,560128,-78848,-1383424,-39936,-16384,-274432,-488448,-1117184,-626688,-119808,939008,-184320,1275904,-203776,480256,-479232,-1125376,-72704,134144,-843776,-394240,699392,-735232,1185792,-601088,-1528832,-1140736,-29696,-494592,706560,145408,-880640,245760,-1100800,-794624,194560,145408,-277504,-562176,1061888,-281600,-162816,180224,-108544,600064,-1074176,-1502208,399360,302080,-609280,245760,-67584,-233472,175104,792576,-64512,-616448,-600064,-573440,207872,954368,974848,498688,-872448,703488,-26624,-2003968,-241664,363520,-435200,633856,-645120,727040,-456704,-154624,-571392,250880,-208896,-1411072,1490944,-1315840,105472,-330752,-966656,714752,-303104,-882688,-354304,384000,36864,1520640,-500736,401408,-27648,286720,476160,641024,114688,693248,568320,931840,-417792,-974848,-472064,16384,94208,162816,-732160,-407552,503808,15360,271360,221184,-1363968,53248,-173056,1039360,750592,-669696,-344064,-382976,-176128,467968,119808,-356352,-205824,1128448,-241664,-569344,-517120,-793600,292864,-741376,555008,-616448,228352,-842752,-326656,-838656,68608,571392,845824,-557056,-650240,-56320,-982016,657408,218112,211968,-164864,-423936,-197632,105472,-976896,378880,169984,-2010112,-859136,-1130496,-645120,637952,-532480,-274432,130048,-103424,-465920,-510976,646144,-975872,-1180672,-1019904,401408,-1359872,-780288,-62464,43008,-1623040,316416,-615424,311296,-132096,-1433600,687104,-1152000,-790528,-1487872,485376,533504,813056,283648,631808,-41984,-2062336,822272,-785408,644096,-397312,-641024,314368,198656,165888,-47104,126976,-379904,-1115136,-984064,-1775616,-475136,-1857536,-585728,176128,-701440,456704,-192512,-1332224,-1141760,-292864,-693248,149504,-465920,-501760,1087488,460800,-951296,-942080,733184,-803840,824320,-1100800,438272,637952,355328,-666624,846848,-948224,41984,394240,-936960,690176,-89088,-172032,-249856,-677888,-473088,-276480,799744,-3072,154624,592896,540672,-550912,-746496,-1105920,204800,-898048,-654336,-262144,-1089536,734208,152576,-1374208,-445440,-1709056,-159744,-354304,-138240,-1324032,-320512,-53248,179200,-700416,436224,397312,231424,265216,30720
-1485824,-957440,980992,326656,-1275904,18432,-774144,-291840,-944128,-1530880,-471040,-2238464,-958464,629760,-995328,-207872,-1161216,-1006592,-530432,-826368,-1846272,192512,-77824,-1287168,-746496,204800,-530432,-266240,1063936,-713728,-950272,-974848,-241664,32768,-984064,102400,-1319936,-528384,-1158144,313344,104448,-51200,-461824,-175104,748544,-1120256,98304,-555008,-1945600,-458752,546816,-771072,-601088,-148480,1412096,-655360,-2291712,829440,602112,99328,-410624,-1438720,-605184,-587776,-805888,-2141184,106496,-1478656,-162816,371712,-587776,-155648,389120,-137216,-601088,-91136,686080,-1106944,-765952,45056,-1017856,-517120,538624,-51200,-135168,-1246208,-673792,-1011712,-1169408,156672,-321536,194560,573440,-814080,-1160192,-166912,101376,-1182720,950272,284672,177152,-1280000,-386048,-186368,132096,-1785856,-941056,-663552,286720,-1282048,-200704,-1034240,-593920,-685056,-1588224,-1310720,-1044480,-463872,-1534976,-200704,-823296,444416,1180672,-366592,-44032,-2429952,-1361920,970752,-401408,190464,-1244160,-896000,-26624,-1347584,-530432,463872,-191488,-1101824,-478208,-353280,-20480,-823296,84992,-678912,169984,-770048,-1007616,-962560,-594944,-799744,-347136,-1159168,762880,-98304,109568,-285696,-249856,-655360,847872,414720,-359424,-59392,-319488,-600064,-1028096,-624640,-215040,-1602560,-556032,-576512,-1033216,-191488,276480,133120,-495616,-404480,125952,-1371136,-735232,-1991680,-1608704,550912,-1192960,-496640,-543744,489472,-1019904,-46080,-878592,-991232,-612352,-396288,-758784,-174080,-1563648,-1659904,-542720,-1130496,-36864,-819200,-924672,-256000,-367616,-422912,312320,-1204224,-72704,-1118208,-115712,-452608,-1214464,-1380352,-1711104,-741376,-55296,-1516544,-304128,-603136,-250880,-1231872,-2054144,-619520,-731136,-795648,286720,-1641472,-1814528,-96256,-657408,-517120,-132096,206848,-1077248,-148480,-771072,-2601984,-143360,-596992,-978944,108544,-400384,-708608,-1124352,221184,0,-568320,-364544,-861184,1764352,-1467392,-1391616,-630784,-855040,-1273856,806912,-34816,-40960,-88064,605184,248832,-423936,-942080,-1987584,-1873920,-848896,822272,-96256,-910336,-1446912,93184,-884736,-622592,-231424,-984064,-373760,464896,9216,287744,-1268736,158720,-592896,925696,-690176,-402432,-33792,-168960,-319488,80896,363520,-92160,-1501184,-1577984,-1136640,-1458176,95232,-845824,-626688,-37888,-617472,-1202176,-218112,227328,-1163264,150528,844800,-995328,909312,973824,22528,-547840,-822272,-1242112,-581632,-1186816,715776,-99328,-939008,-227328,-1179648,-718848
-145408,-418816,-741376,-818176,745472,-696320,-281600,-1142784,-1170432,666624,494592,-1445888,68608,813056,229376,147456,415744,182272,-541696,655360,-275456,-223232,-1121280,-45056,353280,-1386496,-1077248,-190464,-362496,-992256,-176128,-364544,657408,-442368,-587776,-1200128,-375808,-1107968,-1204224,243712,-212992,-863232,-340992,572416,-76800,-435200,-106496,41984,-945152,366592,430080,549888,-1184768,1110016,-1221632,-875520,-754688,-1129472,-1099776,368640,-620544,-158720,-347136,-419840,-916480,-714752,543744,483328,905216,-1520640,154624,-221184,1001472,-1302528,-705536,227328,549888,54272,-442368,587776,-1294336,-496640,-862208,-882688,994304,-711680,-195584,-672768,-678912,-538624,-1354752,-898048,287744,-461824,-1175552,-531456,-273408,408576,155648,-492544,321536,87040,-2636800,-408576,140288,-969728,-75776,-339968,-1108992,-681984,-265216,-17408,135168,504832,979968,271360,-313344,1283072,486400,-651264,119808,-1119232,-889856,-366592,116736,-190464,-434176,-694272,-493568,-1737728,-251904,-22528,576512,440320,-276480,-912384,1562624,-832512,-703488,340992,-2620416,-201728,-50176,54272,-522240,212992,-651264,-391168,-863232,-971776,-940032,-568320,543744,-658432,-182272,1468416,605184,176128,1703936,253952,713728,378880,-1113088,753664,-635904,-420864,-790528,334848,-1267712,-1103872,1448960,-944128,-924672,39936,-1035264,-184320,429056,295936,668672,-463872,18432,797696,-575488,-510976,-764928,-68608,401408,-736256,-779264,141312,-385024,-1249280,-970752,-208896,-137216,-808960,1201152,-605184,1202176,-598016,-1004544,-325632,-109568,-1530880,-93184,-458752,-1017856,-188416,-65536,-330752,-532480,-92160,-1300480,-772096,-117760,1134592,624640,-807936,-970752,-1147904,-1049600,-384000,403456,-435200,-1421312,-592896,-84992,-154624,-166912,1007616,-632832,-803840,-495616,-36864,-1152000,-51200,772096,-1403904,-883712,421888,-1025024,-34816,-327680,226304,-1273856,96256,596992,-1215488,340992,98304,-2294784,117760,-72704,240640,292864,690176,-183296,-1208320,-392192,-1345536,1187840,-97280,28672,120832,-518144,-874496,-137216,-56320,611328,390144,-381952,-1489920,-579584,-159744,204800,-580608,-1158144,-934912,356352,692224,323584,-578560,39936,148480,923648,381952,-612352,-851968,-286720,487424,-638976,-334848,-412672,-1498112,-220160,-53248,-33792,-385024,-286720,-797696,-555008,-480256,663552,-460800,1174528,86016,-812032,-1667072,-740352,-1699840,-477184,464896,-55296,-28672,278528,-4096,941056,-2428928,-1337344,-175104
-14336,-265216,288768,11264,-519168,629760,-334848,-271360,943104,683008,34816,-823296,-630784,437248,289792,628736,-238592,655360,538624,642048,-1130496,-217088,322560,71680,-676864,194560,124928,322560,668672,121856,-1464320,-240640,289792,530432,321536,-661504,-169984,-815104,330752,-578560,567296,-1654784,-352256,200704,609280,935936,112640,1645568,275456,-233472,-803840,412672,1192960,345088,270336,-424960,365568,-234496,155648,219136,-971776,263168,528384,549888,498688,-612352,-512000,547840,1129472,-821248,-588800,-802816,-242688,-1113088,1214464,849920,-840704,-295936,1374208,-54272,771072,-105472,-759808,1433600,398336,749568,-405504,-181248,29696,-482304,-232448,1156096,900096,1059840,874496,1055744,-658432,181248,758784,521216,289792,1124352,-130048,1154048,317440,-353280,-776192,329728,-1142784,898048,1123328,14336,1395712,-363520,-509952,-540672,1164288,-1245184,304128,227328,-228352,84992,1101824,234496,271360,526336,-247808,345088,11264,-108544,7168,-71680,-135168,48128,-115712,17408,-1104896,-121856,-319488,634880,-191488,1073152,288768,239616,424960,-31744,636928,575488,198656,-12288,1353728,592896,727040,624640,219136,140288,194560,1284096,728064,1497088,-1043456,208896,439296,-15360,26624,368640,-27648,551936,246784,-982016,-559104,-440320,65536,657408,397312,396288,263168,-282624,1108992,89088,135168,587776,1152000,-231424,694272,1024,-314368,251904,-204800,-2048000,207872,-276480,284672,382976,-292864,328704,-114688,-342016,-571392,102400,-958464,-177152,768000,-56320,1253376,117760,108544,-394240,-846848,-1458176,-848896,-880640,747520,328704,315392,190464,-513024,96256,4096,-195584,601088,-943104,-943104,208896,1185792,437248,114688,-1717248,-741376,-643072,-284672,570368,132096,544768,-713728,169984,-1340416,267264,-420864,-602112,-323584,-1456128,-99328,266240,269312,165888,-394240,921600,-749568,-2048,103424,57344,889856,-1198080,-1383424,-63488,-590848,3072,-323584,215040,723968,63488,540672,-703488,252928,-2242560,-443392,-75776,-130048,-380928,-225280,643072,71680,396288,-1566720,1035264,368640,-466944,-177152,-470016,640000,-242688,-285696,37888,-51200,-613376,-171008,1294336,-126976,-93184,-51200,-217088,-570368,812032,-396288,84992,-15360,-81920,827392,-899072,435200,793600,29696,-1253376,-1009664,-1208320,207872,882688,-817152,689152,-199680,936960,-466944,-879616,832512,69632,401408,1584128,1193984,921600
-523264,-1099776,-594944,-656384,-846848,-836608,-765952,306176,-435200,-135168,-1093632,-461824,62464,59392,-1424384,-2104320,-508928,-2071552,-2075648,-640000,-649216,-393216,-260096,-812032,-726016,-1425408,-456704,-1152000,-82944,-1394688,-1788928,337920,137216,-605184,450560,-781312,75776,-825344,-263168,-14336,-658432,76800,-692224,-131072,258048,-632832,-335872,-785408,-1432576,169984,-912384,-351232,-2052096,-760832,-117760,-1525760,-926720,-945152,-373760,-676864,151552,130048,325632,-391168,972800,-2273280,-1458176,29696,-1744896,-471040,-1591296,-1205248,-472064,-397312,-1077248,22528,100352,-875520,-753664,526336,142336,-668672,-1324032,299008,-501760,44032,-1260544,-9216,-1354752,-1081344,-495616,435200,411648,-237568,-2468864,-1870848,-716800,-600064,414720,-474112,-1506304,-657408,-1059840,-607232,-1052672,-225280,13312,95232,431104,-223232,-144384,-208896,-972800,-393216,-834560,100352,135168,12288,-19456,-645120,-840704,604160,-1437696,416768,-358400,-1630208,259072,455680,-867328,-781312,-1907712,-2105344,-1165312,-1294336,-366592,-1784832,-910336,404480,401408,925696,-224256,-901120,463872,84992,-169984,-1012736,-1274880,334848,1015808,-428032,-608256,-14336,-132096,-569344,-1462272,-1639424,-350208,10240,1096704,-428032,362496,-14336,354304,-619520,-375808,166912,-2390016,-390144,926720,187392,2150400,-1057792,-25600,-267264,795648,-1571840,-265216,-717824,-219136,-1193984,-131072,-732160,851968,-162816,-884736,-821248,-1093632,-1267712,304128,-244736,605184,-657408,-267264,-2269184,-1270784,-424960,-953344,382976,-1691648,-1131520,-1107968,-1683456,-1004544,-1112064,-3769344,-1970176,-972800,-616448,-376832,-1143808,-937984,-12288,-1491968,-1309696,-902144,-218112,-1269760,297984,-150528,-431104,-1577984,-1084416,-552960,-933888,-868352,-431104,-1178624,-1275904,41984,-389120,-283648,754688,-97280,-1255424,-11264,-759808,-434176,-675840,-527360,-1276928,-1415168,308224,-1782784,-891904,-371712,-1020928,-482304,569344,-141312,-209920,-861184,-964608,-1487872,-731136,-1639424,674816,-351232,-1632256,-836608,-737280,-705536,-968704,-2124800,-452608,-1958912,-1233920,-669696,-510976,-1091584,-724992,-1352704,-811008,-1186816,-1026048,-545792,1536000,-477184,-957440,-417792,215040,-3348480,-558080,-1128448,-605184,735232,-1712128,-78848,-1027072,-995328,-1058816,-1121280,212992,-924672,-496640,-384000,276480,-1098752,487424,-13312,149504,-433152,-1364992,1210368,-254976,-1087488,-949248,-1687552,-1486848,227328,-1553408,-1452032,-1863680,-1479680,-407552,-847872,-350208,441344,-1058816,-1959936,-1143808
466944,-181248,584704,-1475584,-470016,-1118208,1046528,-538624,-628736,193536,-467968,-332800,761856,111616,-211968,-112640,-1242112,1439744,353280,-179200,-235520,559104,-393216,593920,-431104,46080,352256,-784384,986112,-995328,1697792,-318464,-335872,-1938432,-815104,-773120,-137216,-1269760,847872,-784384,-124928,-556032,-850944,-972800,758784,-368640,1422336,167936,-204800,-1236992,37888,-773120,-415744,491520,-196608,930816,391168,352256,-3072,64512,50176,367616,-1091584,-730112,94208,-260096,2020352,22528,-197632,177152,-1088512,-532480,1082368,71680,205824,-328704,-617472,-623616,461824,-10240,697344,-497664,596992,1060864,1281024,-99328,1193984,-873472,663552,-252928,200704,-68608,748544,1132544,-72704,-1257472,448512,-356352,521216,-550912,240640,-271360,-430080,-854016,1377280,-618496,-1656832,-1043456,97280,-2715648,-824320,-636928,710656,-189440,-1265664,353280,108544,-116736,-1240064,1616896,617472,-507904,884736,184320,499712,-209920,599040,-156672,290816,-1078272,59392,-487424,-303104,425984,-260096,-414720,-846848,-688128,-800768,606208,1036288,-759808,962560,704512,271360,-309248,-71680,-600064,685056,1203200,-279552,1575936,-920576,345088,-35840,166912,-446464,-294912,747520,605184,477184,-1309696,-1224704,293888,71680,696320,748544,484352,159744,-490496,-326656,368640,754688,113664,-495616,-552960,377856,-297984,617472,71680,-694272,-1489920,1153024,473088,-650240,-1145856,-557056,296960,-190464,-465920,-884736,-575488,513024,-1290240,-221184,-1161216,-1059840,160768,-169984,90112,-796672,-549888,-71680,79872,-468992,64512,-315392,650240,-700416,-198656,444416,-487424,664576,-660480,1477632,-72704,-794624,596992,-350208,-2066432,-715776,755712,-400384,-449536,216064,599040,1783808,1295360,-183296,-136192,-649216,-712704,378880,-252928,-765952,-506880,564224,1104896,-155648,-567296,40960,-100352,354304,497664,992256,897024,1016832,-1003520,-830464,46080,783360,-27648,1112064,522240,-196608,-865280,-781312,-777216,-825344,169984,322560,-339968,414720,-200704,815104,1259520,-973824,525312,-11264,-752640,-263168,589824,-1193984,280576,-152576,482304,514048,460800,-105472,793600,408576,58368,574464,-386048,-604160,318464,-1054720,-171008,-378880,-710656,33792,-563200,559104,-875520,-355328,-726016,253952,1420288,137216,-101376,-647168,406528,-31744,-381952,270336,-65536,0,1090560,-401408,-150528,38912,39936,-279552,-894976,-471040,14336,-773120,-267264,-822272,611328
-1113088,-1496064,281600,145408,388096,48128,-248832,-796672,-288768,-1344512,-1968128,-568320,-1130496,-993280,-664576,154624,-105472,183296,-1250304,-978944,116736,-146432,-680960,-408576,-838656,-1795072,-870400,-1079296,-1396736,139264,-107520,-952320,-742400,-1145856,471040,-1272832,322560,-345088,98304,-653312,105472,-466944,192512,-187392,-357376,330752,87040,-379904,-2526208,1265664,-721920,-310272,78848,401408,-564224,-978944,132096,-518144,-514048,-166912,179200,-1290240,519168,309248,-1355776,179200,-587776,-1492992,-273408,353280,897024,859136,-722944,352256,-449536,-1200128,-844800,592896,-632832,-118784,-592896,-167936,-962560,-483328,-201728,350208,-1276928,-558080,325632,-8192,1004544,-963584,119808,41984,-1582080,-398336,293888,-645120,-93184,-1360896,-1281024,196608,-407552,-1469440,-223232,-720896,626688,202752,-173056,-129024,147456,-996352,509952,-550912,276480,-15360,-439296,-655360,-581632,2048,375808,119808,-1593344,-684032,-744448,-862208,-26624,165888,-45056,328704,-103424,-583680,-60416,-1134592,360448,349184,-543744,567296,-1685504,-903168,224256,-699392,-148480,-1049600,-1448960,-217088,867328,273408,983040,518144,-742400,-1615872,166912,1346560,-343040,-1270784,-694272,816128,-2138112,-706560,-505856,70656,-925696,324608,-326656,-1504256,-691200,-372736,-205824,-1157120,-109568,-802816,-1252352,7168,-678912,-318464,-171008,3072,249856,-162816,-254976,360448,251904,-369664,-301056,-256000,-1094656,-276480,-84992,-1668096,464896,-195584,-264192,-917504,344064,-1021952,-669696,-1589248,330752,613376,-632832,-636928,-1120256,-4096,1465344,-941056,-693248,-1155072,-1104896,214016,-1090560,-768000,-1219584,-424960,-1166336,-2520064,-1045504,358400,-573440,-1273856,630784,-162816,71680,-416768,-490496,-131072,-722944,-889856,293888,-2048,308224,-403456,-1391616,-124928,-1547264,-180224,92160,-203776,75776,-811008,-1184768,-319488,-967680,-2384896,-734208,-429056,-749568,268288,502784,-395264,178176,-1080320,339968,-1148928,-332800,-499712,-408576,-371712,467968,-108544,-1273856,346112,-188416,-56320,-1029120,91136,-435200,124928,-365568,-602112,-219136,-1159168,-1354752,-742400,638976,544768,438272,-541696,829440,-584704,138240,-1317888,-6144,-482304,82944,1245184,-1179648,-1014784,-224256,-302080,-1666048,-337920,31744,-701440,-723968,-625664,10240,-1071104,-239616,-780288,-851968,-789504,-909312,-638976,-66560,-640000,-369664,-990208,521216,332800,-957440,-449536,-1073152,-1558528,1065984,-344064,-89088,846848,391168,151552
699392,974848,-227328,-403456,429056,-644096,73728,-251904,-915456,1024000,-337920,-1555456,35840,199680,-649216,-284672,807936,-312320,100352,-1243136,859136,-747520,362496,-259072,-1062912,-441344,-522240,-76800,615424,1086464,-86016,-139264,-259072,-45056,-1476608,-988160,-169984,435200,-337920,507904,616448,-82944,252928,617472,-22528,-273408,-1053696,158720,-208896,-692224,692224,-487424,-834560,-294912,-1339392,-1277952,864256,389120,577536,-734208,-1469440,-1061888,575488,-459776,-1056768,-1244160,-114688,86016,211968,-55296,-332800,256000,-954368,-439296,18432,-481280,-70656,1124352,166912,-197632,-394240,231424,-1107968,90112,-428032,-952320,1423360,162816,-644096,-262144,33792,-306176,-248832,-229376,-736256,76800,-875520,-39936,-714752,-593920,912384,-1725440,-617472,1615872,-991232,106496,61440,152576,15360,-1457152,-1114112,282624,229376,-700416,-218112,-558080,-343040,133120,360448,190464,-116736,-1063936,-664576,-289792,635904,1339392,-1307648,-1033216,-503808,-20480,-432128,-374784,-564224,-8192,563200,641024,-10240,412672,-1379328,-382976,-642048,132096,-4096,-98304,-797696,302080,-902144,-158720,-1267712,-150528,-176128,158720,465920,806912,-151552,-712704,-220160,336896,-68608,350208,-855040,-707584,-942080,-691200,-142336,169984,-425984,-540672,542720,-56320,1348608,399360,550912,-1008640,-1098752,322560,522240,442368,-30720,-854016,-309248,158720,-60416,-180224,820224,-332800,354304,-851968,-527360,-1277952,-153600,-1236992,-1233920,-754688,-878592,96256,-950272,-1394688,-496640,-1524736,-1090560,-1093632,-529408,660480,-1125376,-1374208,-395264,-1173504,762880,34816,-334848,-595968,-75776,804864,-507904,253952,-352256,-1574912,-598016,-979968,-392192,501760,157696,-352256,683008,-510976,183296,-676864,-339968,-181248,-199680,-710656,-326656,-917504,-230400,569344,-323584,-313344,9216,-843776,-5120,-543744,-615424,270336,-923648,-32768,51200,-1185792,-361472,-1705984,-836608,-423936,-288768,288768,1700864,-552960,-414720,-894976,727040,230400,-1129472,248832,44032,102400,629760,-51200,238592,-476160,1118208,-261120,-1333248,136192,-599040,390144,-322560,-1524736,-575488,300032,-796672,461824,-1726464,-930816,992256,143360,486400,-1039360,-630784,-1125376,477184,91136,517120,340992,1011712,265216,-50176,-211968,-491520,-219136,-868352,251904,603136,-1042432,550912,400384,-507904,-1203200,-944128,-226304,-216064,5120,-194560,21504,-221184,-250880,-208896,-880640,-82944,-43008,830464,-651264
43008,722944,-1332224,-279552,310272,482304,-250880,-643072,-217088,672768,-273408,-607232,970752,-124928,-1123328,326656,-384000,129024,1374208,-743424,-507904,435200,832512,-715776,509952,-716800,-302080,-90112,701440,-1609728,-400384,-366592,82944,354304,526336,910336,1383424,-119808,156672,292864,-775168,-407552,241664,317440,-473088,-444416,-66560,1897472,-128000,-1325056,-371712,-498688,145408,826368,-654336,-142336,-644096,424960,-728064,-332800,-519168,-1640448,345088,711680,-406528,-658432,-406528,445440,129024,-152576,66560,374784,-11264,154624,-55296,-799744,-269312,-218112,-382976,-290816,709632,-174080,1027072,641024,-549888,196608,-805888,-130048,32768,-699392,-65536,1030144,-1103872,553984,185344,-666624,-431104,-500736,-441344,55296,-357376,-63488,627712,795648,738304,-183296,-168960,747520,96256,77824,506880,-700416,380928,-257024,-666624,-906240,197632,350208,-7168,-524288,71680,-69632,100352,-189440,922624,-61440,-602112,612352,-308224,-222208,-547840,-1024,103424,882688,-545792,1016832,905216,475136,641024,-96256,819200,-48128,154624,1136640,-783360,-437248,182272,1432576,-38912,996352,595968,-287744,-90112,122880,-1477632,-464896,1095680,-737280,120832,-553984,-544768,26624,104448,692224,527360,-352256,648192,239616,-783360,-388096,-824320,-950272,201728,376832,478208,-470016,-431104,-144384,-118784,-1647616,-1441792,580608,-784384,309248,1426432,-766976,-555008,-59392,-1417216,-56320,-964608,-1025024,-312320,10240,526336,359424,-713728,-482304,-392192,111616,456704,-8192,-322560,1440768,-452608,-452608,14336,334848,797696,291840,869376,-723968,1013760,-209920,568320,-323584,-149504,-289792,-862208,160768,-517120,635904,246784,467968,-324608,-1064960,-1348608,-197632,-535552,101376,-205824,-658432,-259072,974848,-34816,-1554432,185344,-245760,-1138688,1203200,-300032,-166912,985088,727040,-687104,55296,-484352,1201152,-65536,8192,477184,-750592,178176,-1225728,772096,-1091584,-360448,44032,-1269760,344064,-133120,1029120,-169984,-505856,-1287168,346112,776192,-834560,915456,458752,576512,-667648,-493568,-395264,-34816,-422912,-64512,499712,-22528,650240,195584,284672,-668672,-672768,494592,-357376,-471040,710656,-201728,-208896,1126400,-518144,395264,-1111040,662528,-575488,-256000,1163264,104448,-1569792,710656,-455680,-1577984,-509952,890880,-1105920,62464,2048,931840,-159744,-188416,-690176,-1124352,-900096,474112,-29696,375808,265216,1589248,-218112
-64512,-444416,-1573888,431104,157696,-605184,-206848,546816,-1058816,-1920000,-899072,-757760,397312,-1865728,86016,266240,-1084416,-2896896,-1182720,-140288,-450560,266240,-1351680,-975872,393216,-1405952,-1952768,-610304,-557056,-491520,-505856,771072,-835584,-545792,660480,-1100800,340992,62464,-489472,-172032,194560,-535552,-703488,433152,-377856,-299008,-392192,-2298880,-508928,-1405952,137216,73728,-425984,-831488,-1911808,-1057792,-1347584,788480,-783360,-356352,-1429504,-2056192,-319488,-5120,-1982464,-876544,-1010688,-397312,235520,-373760,164864,-1287168,28672,-1821696,-1644544,-860160,-195584,-304128,-974848,475136,-787456,-317440,-577536,-915456,-1246208,-1572864,175104,-866304,1123328,-370688,-979968,-530432,999424,-490496,-65536,-1013760,107520,-473088,-260096,-189440,60416,-407552,-698368,-524288,-5120,-1269760,-876544,-1337344,-110592,-548864,-1306624,-1300480,-1366016,-1396736,-241664,-692224,-570368,24576,-1424384,-310272,-1189888,-285696,-687104,12288,-388096,-661504,106496,-1060864,-26624,-659456,-925696,-1336320,-147456,-537600,614400,1481728,-984064,-1231872,-1410048,-1864704,-1246208,-1064960,262144,-985088,-122880,-946176,-830464,-736256,-701440,-855040,-784384,-896000,-1052672,-514048,-227328,-873472,-622592,147456,-395264,-1200128,1135616,655360,706560,982016,-876544,-1759232,273408,-619520,475136,-378880,84992,-515072,685056,95232,-185344,143360,-189440,-892928,817152,-1636352,-803840,-348160,-542720,-952320,-1135616,-1959936,-709632,-1347584,-879616,-522240,-2045952,-529408,-695296,184320,-1132544,80896,-1176576,1424384,-445440,123904,-381952,-1079296,-291840,-1319936,-666624,479232,422912,-1126400,-2034688,608256,-485376,-398336,-344064,-1604608,96256,-1889280,-63488,-456704,-1022976,-691200,-330752,90112,1165312,-933888,-1405952,135168,294912,-1540096,-1137664,-1449984,-429056,-772096,-892928,-1058816,-694272,-721920,154624,-811008,-1620992,-1084416,-207872,-1114112,-617472,-1084416,272384,-26624,-460800,465920,-524288,585728,-144384,-1468416,-439296,-272384,-32768,-186368,-247808,-1083392,-885760,-1180672,-1093632,-1088512,-796672,-491520,-1212416,199680,-1075200,-683008,-1025024,-1913856,-1059840,-1518592,-385024,-934912,-882688,148480,-903168,-881664,-993280,-1378304,-1082368,-546816,-1076224,-329728,-759808,-557056,561152,-772096,-714752,-1077248,-1284096,-36864,183296,-995328,-536576,-181248,-531456,749568,-1307648,251904,-111616,-1434624,-1017856,-1338368,-747520,88064,200704,-1474560,-1827840,-331776,129024,-447488,-7168,718848,-842752,-1387520,1098752,-887808,-1594368,-689152
598016,87040,662528,407552,-373760,-465920,205824,-928768,-593920,541696,-538624,31744,244736,676864,109568,-1382400,635904,33792,-280576,509952,-23552,-4096,131072,-1106944,354304,837632,-1127424,796672,226304,-1780736,-129024,-269312,-491520,8192,-967680,452608,1039360,-449536,694272,1461248,1240064,-219136,859136,443392,-776192,-526336,269312,-262144,67584,455680,168960,7168,262144,59392,-897024,319488,-153600,-370688,36864,-338944,-530432,1139712,-748544,455680,1245184,62464,318464,1380352,-502784,159744,-463872,-186368,43008,-692224,698368,-815104,-804864,-630784,-781312,-1061888,-1059840,254976,-134144,787456,-112640,-63488,-192512,-207872,405504,574464,-619520,439296,-167936,1659904,984064,-1209344,-495616,-344064,47104,467968,102400,260096,-134144,872448,-507904,17408,589824,-233472,821248,-61440,438272,542720,119808,-487424,-971776,-1061888,-676864,-546816,-220160,-215040,-811008,530432,-575488,-540672,410624,137216,239616,-378880,-671744,-104448,-179200,-149504,-816128,-246784,-1088512,-1110016,1182720,-549888,503808,313344,-1088512,310272,774144,802816,640000,202752,-603136,-110592,-446464,-908288,280576,-1235968,151552,-178176,115712,578560,307200,-733184,-1068032,-2048,459776,-157696,562176,-839680,1140736,-1140736,180224,-19456,436224,-220160,456704,926720,-157696,-55296,-472064,37888,1277952,479232,514048,301056,-2268160,-983040,490496,594944,403456,-334848,-193536,409600,126976,671744,-30720,-856064,827392,578560,-414720,-505856,-392192,601088,493568,-39936,124928,95232,1024,970752,-312320,-387072,147456,-261120,-29696,-1271808,245760,-1762304,330752,-492544,-340992,-123904,-34816,836608,-106496,-169984,125952,443392,182272,624640,556032,-492544,659456,-1313792,1072128,785408,-1124352,-41984,-34816,-93184,390144,-1059840,-745472,-1018880,-1360896,658432,-444416,-860160,-227328,-579584,-456704,-24576,662528,86016,-631808,-715776,-961536,2684928,-499712,-66560,-157696,125952,679936,-546816,-4096,-471040,646144,-921600,-436224,-282624,-653312,-209920,-17408,-944128,-41984,-287744,1320960,-1440768,268288,32768,-471040,-1065984,-125952,-306176,-677888,-41984,431104,701440,-339968,-277504,-333824,-1087488,-1162240,-972800,-1246208,394240,-399360,-876544,-362496,23552,-519168,-523264,669696,-574464,259072,432128,242688,84992,304128,-645120,-534528,-821248,-569344,618496,295936,33792,-510976,665600,-394240,-2256896,76800,607232,418816,-653312,-193536,-624640
-183296,-486400,679936,-575488,-1413120,-1252352,-1097728,-520192,-2042880,-1422336,-1036288,-968704,-1218560,57344,-1366016,-1369088,-1565696,1055744,-2318336,-68608,171008,522240,-1742848,-387072,-797696,-1261568,-326656,-1033216,-1461248,-1123328,-861184,-124928,-472064,-763904,-1477632,-1837056,-1376256,-1359872,-619520,-668672,-952320,-1826816,-483328,-1970176,-786432,-439296,-1178624,-3329024,-78848,-1547264,-243712,-709632,-174080,-1272832,-710656,-1106944,-1239040,-223232,-1786880,-1678336,-771072,-987136,-444416,-71680,-48128,-357376,-986112,-1212416,-738304,-954368,-293888,-946176,-773120,-412672,-925696,-1924096,-408576,-1099776,-778240,-1171456,-504832,365568,-605184,-441344,512000,-2376704,-564224,246784,-2072576,-327680,-1051648,-258048,75776,-2608128,-1752064,-1653760,-574464,-1128448,-301056,-1063936,-1097728,-1402880,-809984,-733184,-465920,-204800,-1306624,-801792,-460800,-616448,-1302528,-1629184,-1049600,-1409024,-1774592,-1459200,-1078272,-188416,-1892352,-730112,-577536,-1383424,-1916928,-2168832,-600064,-581632,-1567744,-966656,-1270784,-269312,-459776,-950272,-1328128,-1165312,-435200,-1189888,-626688,583680,-1222656,-1071104,-248832,-2086912,-1116160,-1092608,-953344,-1089536,-1296384,-1008640,-659456,-1709056,-1848320,-1183744,-311296,-986112,158720,-1003520,-705536,-730112,-605184,-960512,93184,-166912,-43008,-154624,-1618944,-1406976,-229376,-93184,-493568,-23552,-237568,-46080,-1003520,-1311744,-1454080,-276480,-1552384,-958464,-224256,-1347584,454656,37888,-964608,-1259520,-1381376,-832512,76800,-532480,-434176,-494592,-745472,-1318912,162816,-464896,-815104,-3102720,-1262592,-1026048,-661504,-717824,-458752,-1423360,-498688,-301056,-2024448,-867328,-824320,-1316864,106496,17408,-1008640,-1256448,-1390592,-1359872,-1258496,-1004544,-1136640,-721920,-826368,-1966080,-1196032,-1367040,-20480,-737280,-1595392,-97280,-2234368,-508928,-291840,-783360,-848896,-1172480,-1150976,-284672,13312,-377856,-386048,267264,-585728,-993280,-1399808,-349184,-1426432,-1421312,-737280,-1003520,-734208,385024,89088,-1155072,-846848,-1101824,-983040,-1966080,-192512,-1324032,525312,658432,-2757632,-1238016,-780288,-162816,-2386944,-744448,-218112,-898048,236544,-730112,-1515520,-40960,-1116160,-1014784,-836608,-124928,-571392,1544192,-1284096,-541696,-1335296,-946176,-1080320,-311296,-1253376,-202752,-538624,-1300480,284672,-21504,-508928,-503808,-1233920,-577536,-70656,-128000,-52224,-780288,-58368,-1523712,-713728,-943104,-1626112,-2046976,-234496,-1559552,-1949696,-1438720,-991232,-295936,-1702912,-2264064,-772096,-101376,-38912,306176,-765952,-1814528,112640,-210944,-1902592,-949248
114688,-211968,-623616,-431104,-321536,-1861632,539648,-670720,-284672,302080,-922624,-115712,-796672,-493568,-958464,-83968,-156672,-310272,-1566720,-51200,-738304,86016,-1095680,-1024000,-2027520,-1213440,-751616,-1547264,534528,-913408,-1289216,288768,-1452032,-1409024,-135168,-799744,-880640,-964608,210944,302080,-553984,-1239040,-739328,-367616,130048,-935936,-55296,-1211392,275456,-2044928,-1598464,-1391616,794624,-1938432,-743424,-973824,427008,-564224,-990208,-1998848,-1215488,-777216,-1181696,-2336768,-56320,-1887232,-112640,-737280,-818176,73728,-464896,-878592,-610304,-833536,-631808,-821248,-817152,-1747968,-208896,-749568,-95232,-674816,-842752,-352256,-1048576,-345088,-833536,176128,-326656,-874496,-970752,-701440,-1785856,-653312,-485376,-756736,-1025024,51200,-1199104,-212992,-2285568,1617920,-315392,3072,-739328,-1266688,-1242112,-969728,-398336,-1726464,-28672,-889856,-724992,-656384,-1073152,-524288,-460800,-463872,496640,-301056,-1305600,-621568,-360448,-404480,-5120,-934912,-233472,-40960,-717824,-1840128,-1235968,-449536,750592,-377856,-894976,-702464,350208,274432,-2169856,-1283072,-1339392,-867328,-365568,-263168,-399360,-1389568,-307200,-319488,-965632,-1708032,-339968,-890880,-832512,-1181696,336896,-1034240,-811008,-542720,241664,-387072,-1583104,-921600,-555008,-1537024,-1131520,-197632,-561152,351232,-521216,-447488,392192,-60416,-2118656,-453632,-607232,353280,513024,-400384,-1454080,152576,-1594368,-1156096,-1296384,-250880,-137216,-402432,-1196032,-964608,-357376,-1631232,-1440768,-665600,-2259968,992256,-500736,-1810432,-1385472,-599040,-300032,-697344,512000,345088,-1025024,153600,-946176,-928768,1168384,-138240,-1246208,-177152,-2439168,-733184,-140288,-1168384,-542720,-1369088,-1004544,-642048,-805888,-1982464,-797696,-898048,-1917952,-1271808,-1188864,-505856,308224,-199680,-1003520,-1076224,-2019328,-646144,-568320,-454656,180224,-2307072,-1718272,-1038336,-401408,-1532928,-769024,-666624,-788480,-104448,-1923072,-1022976,-1398784,-764928,-1993728,-1743872,-760832,-595968,-169984,-683008,-861184,-727040,394240,-2606080,-814080,97280,-984064,-817152,-1098752,751616,-119808,-740352,-1467392,-1003520,-775168,-851968,-515072,-823296,-115712,-1506304,309248,-1634304,-1838080,-662528,-1366016,-1305600,-169984,-558080,-1169408,490496,980992,-954368,-1415168,-558080,-1805312,-1421312,524288,-160768,-1732608,293888,-153600,-576512,-227328,-863232,-83968,-1691648,-97280,-57344,-40960,-1752064,-1134592,-1097728,-926720,-1722368,-238592,-620544,-510976,-857088,-405504,-1173504,-164864,-664576,-501760,-180224,-465920,697344
-119808,-231424,-848896,675840,818176,-647168,-927744,-361472,-1156096,465920,-264192,-1134592,-1029120,-1286144,-88064,566272,-150528,-444416,-590848,-589824,-919552,-528384,-1106944,552960,-861184,-128000,89088,-595968,477184,582656,21504,-645120,176128,1181696,467968,-748544,256000,33792,-1119232,-2701312,-194560,473088,-1048576,-245760,-377856,-1153024,-546816,352256,-750592,-732160,-676864,-678912,50176,-21504,-870400,961536,-791552,-309248,-209920,-325632,435200,68608,276480,174080,-56320,-948224,-1202176,-800768,-279552,-147456,22528,-614400,1330176,-46080,-665600,-798720,-502784,-2166784,-379904,-631808,-656384,201728,26624,-1166336,-817152,-392192,-198656,962560,-886784,-1139712,271360,580608,-124928,17408,-1021952,184320,-800768,-436224,592896,-113664,-335872,-337920,-427008,-1314816,281600,241664,-1216512,-7168,842752,44032,-155648,692224,593920,564224,-216064,-2320384,202752,250880,254976,44032,-565248,-557056,62464,-75776,-900096,-390144,345088,-700416,-819200,-1332224,-271360,375808,-360448,-887808,-195584,257024,105472,648192,-1361920,625664,-222208,131072,373760,-158720,-1357824,-202752,-39936,-1657856,-706560,40960,130048,-101376,207872,-2179072,-582656,326656,-641024,519168,-490496,142336,62464,-635904,688128,191488,206848,429056,-271360,-703488,-184320,678912,-793600,-985088,-375808,-8192,43008,142336,-68608,430080,-1644544,-323584,242688,185344,289792,-573440,87040,-19456,-1720320,-535552,-724992,463872,-1127424,-1290240,-761856,-312320,-66560,-598016,-1394688,-98304,268288,91136,36864,-216064,-116736,484352,-744448,-200704,-250880,-575488,-577536,-103424,233472,-601088,83968,-572416,192512,1401856,921600,-5120,129024,-646144,376832,300032,330752,103424,-57344,-1719296,-1416192,-438272,225280,428032,-54272,711680,-735232,-386048,-994304,-1678336,-622592,779264,143360,-594944,-25600,1046528,-143360,-296960,-373760,16384,116736,125952,63488,-533504,948224,-543744,-1088512,-289792,-699392,256000,354304,-753664,1150976,-1139712,-1790976,-287744,118784,-1556480,-319488,574464,-557056,101376,55296,-988160,619520,-1370112,299008,-1137664,1034240,113664,-254976,-303104,14336,906240,782336,537600,-152576,-500736,-419840,264192,140288,-714752,-443392,-641024,-599040,502784,-1718272,261120,-176128,-121856,696320,260096,-1213440,-435200,87040,-1128448,-519168,311296,-792576,596992,-1004544,-176128,435200,23552,363520,-1256448,-394240,429056,9216,-1251328,456704,-1078272,-319488,-137216
-460800,-1786880,-1563648,363520,-1214464,290816,206848,184320,-1232896,-1271808,-961536,-681984,-701440,-1128448,-1544192,-930816,-899072,-1081344,-2011136,-433152,-977920,-653312,-242688,-1560576,-873472,-1268736,-1007616,-729088,-997376,137216,-354304,-1299456,-823296,-502784,-744448,-1477632,-364544,-1334272,-733184,-771072,-1199104,-1339392,217088,-185344,-1863680,-901120,-1168384,-1192960,-137216,-1029120,-1614848,-1702912,-419840,-332800,-1899520,-1413120,-414720,-1049600,-647168,-763904,-287744,-211968,-1002496,-2168832,-1710080,-919552,80896,-771072,-1314816,-1864704,-1309696,-1106944,-944128,-489472,361472,-294912,297984,-667648,-843776,-1142784,-1462272,-84992,-1213440,-1823744,-1654784,-1357824,-792576,-1155072,-470016,211968,-744448,-1174528,-1212416,-1438720,324608,-838656,365568,-34816,-1286144,-1137664,-1715200,-1078272,-1255424,-1769472,-2563072,-1087488,-152576,-401408,-1497088,-960512,-1462272,-836608,-931840,-171008,541696,-385024,689152,-570368,-1068032,-617472,510976,-1653760,-813056,563200,1338368,-92160,252928,-878592,-914432,-980992,-989184,-801792,-202752,-1517568,-508928,-1466368,-670720,-1489920,-1502208,-1103872,-839680,-1178624,-1243136,-161792,-1110016,-1208320,-1533952,-693248,-877568,-249856,-1411072,-146432,718848,-588800,-656384,-462848,-1120256,-1183744,-1927168,-750592,-116736,-1070080,-1039360,-1573888,-2256896,-395264,-454656,-630784,-305152,-491520,-742400,-359424,1516544,-160768,-483328,-384000,-847872,-76800,-83968,506880,-669696,256000,-1227776,-1031168,-1142784,-757760,27648,738304,207872,-1049600,-586752,-931840,-146432,-1679360,-733184,-275456,-366592,-465920,-776192,428032,-418816,174080,-1404928,-458752,-92160,-1927168,-1075200,-81920,-841728,-403456,-1250304,-2271232,-1100800,-1314816,-1434624,129024,-717824,-534528,-522240,-1039360,-989184,-759808,-1650688,-149504,-66560,-49152,621568,-699392,-1094656,-1886208,-343040,-1415168,-433152,-509952,-1144832,-78848,-1317888,-1615872,206848,-1759232,-618496,-1170432,-2008064,-919552,-437248,-122880,-1230848,54272,-689152,456704,-842752,-1022976,-827392,-1168384,-785408,-961536,-1492992,-281600,-1476608,-747520,-216064,-929792,-1437696,-1323008,-846848,-996352,230400,-1040384,-1422336,-1199104,-632832,-246784,-1275904,-84992,-843776,-647168,-635904,-742400,-2324480,-544768,491520,-556032,-183296,-84992,-236544,-1172480,230400,-1723392,-1044480,-1819648,-821248,-916480,-729088,-73728,-1129472,-1003520,-928768,476160,-1085440,-487424,91136,-740352,-518144,-1339392,-855040,-937984,-13312,-2053120,-868352,-467968,-21504,-37888,-565248,-1196032,-835584,152576,-1135616,-14336,-505856,-915456
64512,55296,-265216,122880,56320,470016,208896,-268288,445440,-879616,-530432,425984,-38912,758784,-684032,212992,25600,-13312,1142784,634880,646144,608256,117760,-99328,271360,952320,790528,1101824,-53248,-475136,230400,-2333696,228352,-272384,-1379328,451584,1212416,188416,274432,-64512,-10240,-366592,420864,-259072,-10240,722944,-116736,1337344,922624,790528,274432,1083392,502784,1173504,397312,648192,57344,331776,664576,448512,32768,602112,1033216,677888,450560,1106944,904192,437248,86016,-799744,-1271808,448512,11264,126976,267264,-1179648,735232,1752064,-1090560,1157120,618496,239616,523264,-1046528,-166912,-563200,363520,-92160,494592,-1013760,231424,1739776,530432,401408,-92160,-239616,-524288,9216,-500736,775168,1185792,-458752,759808,83968,-20480,1387520,360448,-1234944,411648,-169984,83968,1056768,-67584,185344,607232,20480,-394240,-813056,30720,1180672,924672,-984064,-904192,-488448,-389120,-159744,208896,1029120,304128,1038336,1000448,91136,132096,1324032,411648,667648,1243136,144384,522240,-913408,-176128,-36864,59392,-194560,-26624,-1255424,-205824,523264,827392,657408,-455680,91136,1155072,-463872,-113664,1274880,692224,-448512,-384000,-1335296,558080,-622592,90112,-643072,-156672,260096,359424,-782336,588800,-690176,-484352,956416,534528,369664,1308672,121856,795648,389120,1000448,275456,540672,-579584,128000,156672,-866304,40960,-54272,437248,594944,102400,604160,-501760,272384,575488,1217536,851968,779264,312320,-402432,238592,-512000,454656,-704512,928768,-543744,93184,257024,666624,-917504,363520,-418816,-404480,73728,513024,18432,373760,-1256448,177152,-344064,-62464,765952,774144,-209920,1526784,-666624,77824,93184,-448512,1188864,937984,-961536,-88064,-492544,266240,608256,-217088,-721920,-354304,68608,-533504,-798720,1585152,-414720,804864,-2048,-189440,674816,-3072,2347008,180224,493568,463872,-109568,992256,119808,-1035264,-45056,1282048,-104448,-420864,-168960,1716224,-26624,212992,-977920,-747520,-1085440,912384,-110592,-211968,-317440,-142336,509952,-143360,467968,545792,-277504,115712,60416,-68608,-453632,1906688,91136,1046528,-297984,-679936,833536,838656,636928,861184,624640,-323584,1012736,-609280,-880640,1110016,348160,1019904,1096704,-1223680,-747520,1710080,779264,965632,-249856,290816,726016,-430080,416768,598016,757760,-661504,734208,169984,439296,-44032,246784,506880,-294912,228352
-1161216,285696,1389568,-604160,982016,1028096,148480,-278528,-1976320,-796672,891904,-98304,-654336,494592,-721920,-1197056,-848896,-475136,-668672,-637952,-338944,-238592,1205248,-715776,-1217536,-1419264,347136,718848,-1054720,-181248,-523264,698368,-1193984,-543744,141312,-306176,-1058816,33792,-1516544,-433152,-959488,357376,-1002496,-789504,-409600,-269312,-604160,-755712,-375808,-2341888,859136,88064,-307200,-1063936,-100352,-756736,52224,-407552,-1048576,1044480,7168,-1187840,-855040,-1418240,-814080,-370688,-140288,-1061888,135168,-278528,32768,-541696,-634880,-771072,-851968,-747520,-434176,355328,-929792,-68608,-616448,312320,320512,47104,-1855488,-411648,-793600,-937984,514048,-561152,-324608,15360,-1380352,-1672192,-1447936,-594944,-849920,-864256,-909312,49152,278528,-822272,-783360,-717824,-959488,-966656,-696320,-335872,52224,36864,-476160,-666624,145408,-882688,-593920,350208,-476160,-389120,-1097728,-274432,-1537024,-934912,-1984512,-434176,-983040,-803840,844800,-761856,-3072,-495616,274432,-1916928,-501760,-166912,357376,56320,714752,-508928,394240,-135168,-782336,-109568,-237568,-1180672,-377856,-1492992,-384000,35840,-913408,628736,-730112,-610304,-436224,-466944,-1449984,-380928,-5120,-1112064,-637952,29696,-1361920,-367616,-75776,-569344,290816,-246784,-607232,120832,62464,-191488,-1088512,-1499136,-389120,812032,-1473536,-200704,272384,674816,-1101824,-68608,204800,-2088960,-432128,-583680,-1302528,-222208,-587776,-734208,833536,403456,-590848,101376,-730112,113664,-2245632,-866304,-355328,-1070080,536576,-284672,-768000,-1030144,-970752,-253952,-648192,-1018880,-711680,211968,-358400,-1514496,-259072,-285696,-1576960,1132544,-1310720,-285696,-46080,-623616,-776192,-158720,-1319936,-989184,-168960,-16384,-384000,-253952,-463872,-45056,-1160192,58368,-930816,-232448,-1691648,-487424,-1142784,-590848,278528,-1659904,-154624,-379904,-389120,-973824,-218112,-920576,-1130496,-443392,-80896,-948224,-419840,-363520,-501760,-286720,-385024,179200,-1152000,472064,-293888,487424,-666624,-890880,186368,-1078272,-847872,154624,-479232,604160,-227328,-659456,421888,269312,-932864,-286720,-1061888,-1683456,-287744,-1018880,-688128,-953344,-431104,-1624064,22528,-1035264,-470016,242688,122880,-150528,-923648,-421888,-374784,-346112,-787456,-483328,-726016,-788480,-589824,377856,-175104,-1517568,-731136,-1441792,-772096,640000,-437248,-750592,-239616,-272384,-532480,458752,94208,-1684480,-120832,-573440,-463872,-1270784,-614400,-661504,-26624,109568,-788480,1060864
-249856,-1014784,355328,-1975296,-1059840,-1760256,-1020928,-1051648,271360,-730112,-1240064,133120,-702464,-436224,-2022400,-1719296,-288768,-651264,-570368,-1117184,-872448,-1156096,-67584,-1510400,-1820672,-251904,-1546240,-350208,847872,-1050624,-184320,-1973248,-1354752,-349184,-379904,-400384,138240,-94208,-920576,-750592,-1111040,-352256,-1384448,-1572864,-1000448,-1686528,-1357824,-1152000,-290816,-779264,-1882112,-1408000,-1320960,-609280,114688,-1356800,641024,-1031168,-544768,-158720,452608,-944128,-642048,-547840,-1170432,614400,126976,-1580032,-1320960,-452608,-276480,-711680,-1701888,-898048,-573440,-985088,-540672,-560128,-396288,-536576,240640,-1492992,-607232,-10240,-925696,-774144,-468992,-937984,-699392,-1296384,-874496,-380928,-775168,-114688,356352,-1523712,-890880,-93184,-1398784,-1356800,57344,-308224,375808,-641024,-964608,-1652736,-929792,-326656,-1321984,-774144,-337920,221184,-82944,-342016,-315392,-1682432,-392192,-277504,-2157568,-1857536,-251904,7168,-2555904,-485376,-699392,-904192,202752,-1846272,-1525760,-708608,367616,-1338368,53248,-667648,-382976,-1039360,-1193984,-2355200,-410624,1283072,-1735680,372736,-180224,-206848,347136,72704,-115712,-380928,-1572864,-681984,-328704,98304,-949248,-1635328,-556032,-2273280,-377856,-999424,-1936384,-429056,-772096,-1117184,264192,151552,885760,-625664,-572416,-939008,296960,-70656,-917504,-301056,-523264,-445440,-179200,-898048,-1088512,231424,-730112,-349184,-704512,-338944,-129024,-1292288,286720,-954368,-1179648,-65536,-1781760,-918528,-408576,-809984,-582656,-437248,-771072,-31744,-911360,-1385472,-1419264,-1295360,-1895424,-556032,-775168,-2277376,-458752,418816,-480256,173056,-1569792,-2276352,-1556480,-544768,-1227776,-185344,-423936,-500736,190464,358400,-262144,-1424384,-1589248,-150528,-621568,-1387520,-651264,-1723392,-1350656,-1591296,-935936,16384,-1784832,-354304,-568320,-164864,-462848,-632832,-852992,-288768,-199680,-791552,399360,-1257472,-84992,234496,-723968,-2019328,-25600,-2603008,-705536,-231424,397312,528384,-1158144,-766976,-976896,-847872,-572416,-1551360,-1463296,-464896,-614400,-1300480,-854016,-338944,-694272,-1549312,-1860608,25600,-855040,-1231872,-988160,-147456,-72704,-876544,-2344960,-2013184,-1972224,-1471488,-1097728,-880640,-284672,-102400,-879616,-1266688,-1628160,-2025472,-974848,-616448,-352256,-514048,-1364992,-983040,-883712,-1631232,206848,-892928,502784,-251904,-382976,-752640,-1090560,-401408,-198656,-2173952,-1564672,-336896,-780288,-1020928,-909312,-1032192,-1218560,-1412096,-1483776,-799744,-571392,-879616,-1364992,-1391616,-856064,-1167360
-3226624,555008,-654336,335872,-592896,-455680,125952,194560,-1469440,-1794048,-2048,26624,130048,102400,-1051648,-713728,-386048,-57344,-315392,-403456,893952,-1005568,-1311744,309248,-143360,-579584,15360,-264192,929792,832512,-694272,838656,830464,31744,-998400,-150528,1024,440320,-22528,-1191936,-464896,471040,317440,784384,301056,953344,-96256,845824,844800,-422912,-572416,-556032,-310272,-307200,1173504,295936,-325632,122880,141312,-838656,1309696,49152,-60416,-12288,-161792,136192,-434176,-465920,-1249280,260096,-867328,1024,-481280,288768,592896,-54272,-2058240,-479232,-638976,-621568,322560,-424960,-230400,1233920,-150528,-406528,-835584,67584,164864,49152,1097728,368640,-1181696,1376256,-808960,72704,2048,106496,652288,9216,47104,-908288,-1192960,455680,793600,603136,200704,-479232,-621568,245760,199680,499712,-471040,-100352,-1319936,445440,402432,269312,1061888,-802816,466944,-6144,-471040,370688,-669696,-121856,1056768,533504,-480256,-814080,-103424,-282624,-244736,-237568,-616448,188416,482304,763904,1088512,-2048,-445440,-891904,99328,-864256,-372736,-268288,595968,567296,-464896,1136640,463872,495616,-447488,-18432,-131072,362496,-58368,-428032,2103296,-217088,237568,1076224,-1290240,-645120,561152,216064,-745472,1125376,749568,-1614848,-214016,-505856,1000448,-1273856,44032,873472,-172032,-1057792,449536,507904,-1165312,-756736,231424,-92160,121856,-902144,-265216,-782336,-917504,865280,-1169408,-7168,-291840,-1028096,466944,-104448,-161792,-130048,-64512,909312,-478208,134144,157696,607232,263168,1162240,-379904,-17408,12288,484352,-728064,72704,-939008,-950272,-76800,-1474560,1537024,-444416,549888,764928,323584,602112,1065984,-692224,-880640,-695296,-124928,-322560,-479232,314368,407552,-289792,73728,-1016832,-630784,-618496,-364544,400384,-326656,802816,-1124352,-1391616,128000,69632,-275456,-316416,764928,-329728,852992,72704,-349184,-251904,1068032,-1979392,-1039360,959488,80896,-273408,-30720,83968,-475136,119808,-1044480,-535552,1251328,202752,-1475584,-739328,-400384,-19456,-430080,-581632,166912,-302080,-406528,929792,-973824,799744,231424,-296960,462848,-302080,-1115136,-481280,-261120,1445888,-220160,-846848,-617472,-274432,567296,-1027072,-632832,-520192,-1560576,-891904,136192,-1272832,494592,963584,-883712,-126976,1234944,-150528,805888,1172480,-1449984,-664576,474112,-236544,236544,184320,-1364992,-58368,-526336,-754688,784384,53248,-955392,-552960
-786432,17408,-91136,16384,-1528832,-786432,196608,-964608,-1212416,-1046528,-1034240,-497664,-1235968,-1367040,-353280,-1569792,-877568,-846848,-1608704,-976896,-1045504,-1191936,-1651712,-1172480,-1277952,-1261568,-354304,-859136,-636928,-157696,-1328128,-1534976,-340992,-1323008,-2217984,-487424,365568,-1117184,-73728,364544,-1267712,-1162240,-1691648,-1221632,-647168,-168960,-219136,397312,-325632,-1263616,146432,15360,-445440,-1186816,-1186816,-477184,-339968,297984,-389120,-872448,-832512,-990208,-540672,-182272,-5120,211968,925696,-199680,-1167360,-503808,-1314816,-399360,-819200,-2420736,-942080,201728,-934912,231424,-1215488,-131072,-857088,-474112,-1354752,-685056,-1994752,-348160,-590848,224256,-1479680,-764928,141312,-1666048,-1224704,-740352,-1281024,-238592,-721920,-1199104,-1481728,-951296,-173056,-233472,-841728,-342016,-1018880,-193536,-1228800,-217088,506880,-1618944,-94208,-161792,-479232,-1458176,-94208,-451584,-1213440,-285696,-1671168,-933888,-1558528,-1627136,-1956864,854016,351232,-260096,-412672,-2329600,-53248,-2127872,-1131520,-500736,484352,-525312,-579584,-1172480,166912,-1164288,-2230272,-1223680,-1232896,-595968,124928,-524288,-299008,-462848,-36864,-1203200,-605184,-1507328,-634880,805888,140288,-281600,-508928,-883712,-163840,-716800,-579584,-924672,-919552,-1388544,-989184,-1170432,-431104,354304,-205824,-288768,108544,-371712,-338944,-135168,153600,-395264,-917504,-1217536,820224,-543744,-720896,-752640,273408,-996352,-580608,-342016,-1583104,661504,-1181696,300032,-1224704,-1491968,-1660928,-2024448,-1269760,-285696,-1173504,-1084416,-808960,-1148928,-79872,-917504,-691200,-2711552,-1712128,-1266688,495616,-296960,-668672,-838656,-741376,151552,-844800,-1885184,-95232,-314368,-1551360,-1062912,-1038336,-681984,-1073152,17408,79872,-1648640,-145408,-527360,-627712,106496,-1655808,-579584,10240,-574464,-620544,-1590272,-4096,-813056,514048,-1040384,-1990656,-919552,-1390592,-1261568,-750592,-164864,-947200,268288,-883712,439296,-413696,-1262592,-1433600,-890880,-328704,-311296,1074176,-1615872,-647168,-1104896,-295936,-221184,-316416,569344,-706560,-479232,-412672,-264192,184320,-97280,-462848,-278528,68608,-1161216,-1253376,-1251328,-680960,-1169408,-965632,-615424,21504,-1281024,-1081344,-1058816,-1635328,37888,-133120,-806912,-310272,191488,-796672,-545792,-572416,-536576,-849920,-430080,-533504,-406528,-1235968,-441344,47104,368640,-1260544,-382976,-1846272,209920,-1065984,-568320,-1357824,-929792,-2180096,-999424,-468992,-1496064,-1122304,-264192,-424960,-825344,-898048,-823296,-723968,-1311744,-1041408,-1504256
-131072,-1340416,-258048,-97280,-107520,69632,-155648,183296,-370688,-253952,272384,488448,-907264,542720,-467968,-289792,601088,1014784,-13312,-1778688,-1019904,496640,983040,1201152,-332800,695296,701440,795648,-635904,-361472,-2223104,-381952,336896,-88064,952320,189440,-313344,184320,-679936,-789504,-56320,-656384,-1069056,-259072,737280,160768,-1437696,122880,-181248,-1268736,-1691648,-988160,-312320,356352,183296,893952,48128,266240,-1145856,-403456,-270336,840704,427008,440320,22528,504832,366592,-540672,-1730560,18432,-502784,-402432,-331776,-304128,1329152,-343040,517120,-1987584,-237568,1829888,337920,712704,-238592,328704,35840,-400384,422912,-181248,1405952,-243712,1262592,6144,77824,678912,835584,-643072,325632,148480,-1771520,677888,691200,283648,131072,-977920,284672,-88064,-1490944,-1172480,11264,1848320,-179200,-656384,-829440,748544,110592,-131072,-154624,-161792,505856,739328,-209920,351232,-858112,117760,-398336,-253952,-271360,530432,269312,-619520,969728,-908288,105472,-39936,788480,132096,193536,-1251328,-111616,908288,-4096,-420864,-309248,-346112,-418816,-1768448,396288,292864,582656,749568,569344,-1368064,-707584,-1254400,-153600,-501760,-485376,831488,393216,-2038784,-430080,-1298432,513024,206848,1377280,-246784,-316416,228352,-844800,-824320,-56320,-147456,773120,470016,-606208,-1061888,-272384,1726464,-201728,-793600,187392,98304,-443392,527360,-677888,368640,-126976,-1187840,-700416,-1373184,-666624,-475136,31744,436224,-1294336,1001472,-945152,-113664,-1611776,-103424,240640,353280,840704,732160,258048,733184,800768,-1627136,816128,41984,-818176,863232,-959488,-1211392,-147456,359424,-470016,-587776,744448,872448,1782784,-1034240,-191488,-706560,-645120,-195584,1106944,242688,4096,-563200,375808,606208,-217088,947200,288768,-890880,24576,-161792,948224,133120,836608,24576,-514048,-1530880,428032,232448,-437248,-508928,-1065984,-41984,-166912,240640,909312,279552,-1213440,302080,-63488,-199680,-60416,729088,-66560,1223680,-65536,-737280,-957440,-371712,754688,-751616,-1027072,718848,-125952,1016832,56320,-2247680,166912,-1640448,37888,-1205248,480256,-1219584,-688128,-515072,1253376,-720896,-761856,618496,89088,1244160,158720,208896,35840,584704,-295936,-75776,455680,-283648,869376,-1038336,-835584,-684032,390144,-641024,555008,-340992,-722944,1202176,397312,-614400,485376,455680,-1949696,689152,-176128,551936,-1157120,205824,1389568,553984,1131520,-672768
-985088,-793600,-464896,-427008,240640,23552,-536576,-905216,-1453056,-91136,-336896,507904,-841728,-647168,163840,-96256,-1203200,-908288,-1079296,-1024,374784,-188416,-619520,-219136,-568320,-897024,-107520,931840,-984064,540672,-202752,1276928,-142336,140288,-405504,-1266688,400384,-1121280,49152,-440320,131072,-607232,277504,-751616,25600,-1932288,154624,-194560,-590848,-356352,151552,100352,-872448,-1558528,-1521664,-1685504,39936,-671744,98304,14336,-644096,673792,-852992,513024,-83968,-115712,-741376,263168,-937984,312320,-114688,-935936,-210944,-188416,-271360,75776,-477184,-823296,-478208,-276480,-1010688,27648,92160,-450560,-752640,-820224,-275456,512000,1286144,613376,783360,-692224,-1423360,-929792,-45056,-952320,-194560,-700416,227328,-1010688,6144,-325632,833536,-47104,-107520,-764928,-154624,-800768,-1709056,-200704,-840704,428032,-797696,-327680,-316416,1028096,2183168,667648,-830464,-92160,-1084416,-1908736,-854016,-912384,-283648,425984,-195584,323584,-872448,-812032,-1653760,-374784,-1343488,-975872,-62464,-932864,-1203200,-745472,-577536,500736,595968,-1073152,-889856,12288,-963584,370688,-184320,-843776,114688,-1086464,-905216,-548864,-39936,-460800,-1434624,-291840,122880,-926720,-1024,-499712,-201728,-864256,-1592320,-522240,-1558528,-1505280,-737280,-25600,109568,296960,-614400,-246784,-948224,-543744,292864,-1074176,337920,378880,-1041408,46080,424960,-1238016,-612352,-1161216,-136192,-305152,-254976,-272384,236544,-909312,-369664,58368,-658432,-2395136,-1748992,-580608,-1560576,966656,-221184,-749568,-1028096,-618496,-1873920,-123904,-806912,-287744,1245184,413696,-245760,-689152,-1229824,-1143808,325632,-1188864,716800,457728,-382976,-340992,-269312,-1519616,-494592,961536,-1820672,-877568,-461824,-209920,-102400,-1125376,-997376,-612352,-605184,-1285120,-390144,-444416,-713728,-534528,-424960,-293888,345088,-940032,-14336,215040,-1082368,-307200,-336896,-434176,-1030144,-1327104,-452608,1171456,-1054720,-262144,-680960,-1212416,-1268736,561152,-1182720,-289792,-843776,-210944,-1218560,322560,39936,-964608,-846848,-684032,167936,-847872,-877568,-1730560,-783360,-1008640,-391168,788480,351232,-144384,-570368,-1589248,-1423360,-755712,-841728,-718848,-998400,-966656,-1255424,-30720,342016,136192,-181248,232448,-371712,-614400,-1042432,759808,-847872,-274432,95232,-572416,-1675264,486400,-1403904,-307200,-88064,-1026048,-301056,-190464,-1445888,-1874944,-433152,-138240,274432,842752,-1436672,-1246208,-103424,-200704,-385024,-995328,-680960,28672
-243712,418816,-766976,-2265088,-836608,-1404928,-134144,-1223680,-20480,-731136,110592,-558080,-423936,103424,-907264,10240,-102400,-99328,-1338368,-820224,-437248,-572416,-2301952,-1251328,-1275904,-777216,-156672,-643072,-1508352,-1087488,-1142784,-658432,-922624,-1271808,-1427456,-37888,-44032,-315392,-613376,-500736,-401408,-454656,-831488,-331776,-1334272,-245760,-764928,-11264,-181248,-1926144,-791552,-361472,-1508352,-302080,-711680,1411072,-220160,-1187840,-102400,43008,-1806336,-996352,-1026048,3072,-380928,543744,-635904,7168,-705536,-1120256,-1690624,-556032,-1312768,60416,-1374208,-322560,-1627136,-746496,-1368064,-5120,-314368,-1689600,-993280,-448512,-1426432,588800,-87040,-1730560,406528,-1038336,-1329152,51200,-1002496,-5120,396288,-704512,80896,-1385472,-441344,-561152,-761856,-1614848,-1011712,-1034240,-1277952,-1402880,-2120704,-2154496,-436224,-1563648,-291840,-405504,-209920,712704,-515072,-1416192,629760,-715776,-1132544,188416,-724992,-802816,-118784,-613376,-990208,-636928,-900096,-856064,-926720,-1285120,-2490368,-1887232,-44032,-1569792,-24576,-142336,-1132544,-1075200,254976,-1132544,-196608,-548864,-545792,-1618944,-743424,-768000,-337920,-1610752,-532480,-1087488,-662528,304128,-651264,-74752,552960,-1116160,-879616,-2227200,-925696,-936960,-986112,-1021952,-806912,-1575936,-916480,483328,-232448,-1652736,-368640,-977920,-1125376,-859136,-1356800,-2129920,-168960,-1145856,-449536,-869376,-840704,-1086464,-1400832,-950272,-878592,-637952,-135168,-1008640,-263168,-550912,-724992,-328704,-308224,-1029120,-1875968,-920576,-1510400,1042432,-1302528,-1492992,-501760,-816128,-991232,-737280,-1529856,-593920,-884736,-2377728,-795648,-1048576,-2514944,-701440,-1523712,-318464,-627712,-1140736,-207872,-1386496,-468992,-1061888,-652288,-1669120,-1731584,-758784,-798720,-529408,-79872,-1085440,-1052672,-2830336,-543744,-1391616,-487424,-381952,-478208,-524288,-957440,-1263616,-1309696,-825344,-993280,-379904,-388096,-486400,285696,799744,114688,-732160,-1999872,-970752,-1119232,-515072,-32768,-188416,-959488,-1503232,-1579008,-454656,-653312,-1277952,-1715200,-974848,-620544,-1856512,-892928,-1826816,-1218560,-1945600,-1891328,-662528,-1464320,-252928,142336,-1233920,-1665024,-1469440,-1732608,-2066432,-887808,-165888,-572416,329728,-1020928,-735232,-1702912,-1177600,-1681408,-668672,-1273856,-1579008,-761856,-394240,-125952,-123904,-1255424,-696320,-943104,54272,-577536,43008,-664576,78848,-310272,307200,-1122304,-1348608,-624640,-787456,-1374208,-1645568,-90112,-971776,-1004544,-1873920,-910336,-1958912,163840,-1814528,992256,-397312,-310272,-620544
302080,283648,-498688,245760,-704512,791552,-438272,-815104,-1064960,287744,-424960,494592,-510976,230400,-1065984,-181248,-337920,-128000,-63488,-637952,-887808,564224,-169984,149504,442368,-754688,-1289216,555008,-579584,482304,51200,-980992,-327680,-1227776,303104,962560,-803840,-870400,1490944,-1055744,-728064,340992,134144,609280,-546816,-223232,-949248,-1005568,-759808,404480,142336,-790528,-283648,-1317888,268288,-1048576,69632,-1394688,-395264,153600,25600,-668672,123904,-411648,-657408,-72704,-259072,-854016,12288,161792,405504,-1597440,-247808,-109568,-147456,-180224,-1219584,131072,-1090560,-139264,-885760,564224,-1101824,726016,-1187840,-130048,181248,-47104,-598016,-1149952,-696320,-601088,-677888,-907264,-572416,-527360,295936,269312,-819200,-509952,-615424,523264,137216,-226304,-132096,-815104,-1338368,-1168384,-603136,-555008,-648192,-463872,-653312,-2201600,-1525760,854016,-765952,43008,20480,-560128,-167936,-49152,-409600,317440,-77824,-742400,-966656,282624,1481728,24576,-527360,-50176,-133120,-57344,-627712,-52224,-586752,-683008,19456,-848896,404480,-482304,-1659904,-130048,-884736,-917504,-110592,-49152,342016,-535552,113664,-1069056,-2048,-486400,-532480,-1110016,-563200,-116736,997376,-384000,39936,-783360,51200,352256,-256000,-827392,-1229824,-974848,-540672,799744,-665600,610304,-211968,-196608,321536,-419840,453632,-690176,-270336,460800,144384,-991232,-1447936,-500736,266240,-437248,-945152,-593920,72704,300032,-7168,273408,-928768,484352,148480,-338944,-173056,47104,717824,-583680,-1841152,-1147904,1115136,-183296,386048,-435200,-923648,586752,-787456,-448512,541696,-1833984,-120832,681984,-1232896,-866304,-696320,-139264,732160,-673792,-580608,78848,-58368,-1528832,-390144,707584,-1020928,1218560,321536,1512448,95232,-2106368,-1315840,-1085440,-876544,-76800,-465920,-573440,-489472,-473088,-336896,-1894400,-641024,78848,413696,282624,-446464,809984,-903168,-1044480,-27648,84992,-1360896,-1334272,-308224,-937984,283648,-1387520,-850944,-673792,-750592,-1483776,-1302528,467968,-260096,673792,-172032,-918528,192512,-23552,-769024,353280,-960512,-500736,22528,-619520,-372736,66560,-1009664,-1167360,-330752,-413696,-243712,-738304,160768,1009664,330752,368640,-504832,-1298432,-823296,-614400,-729088,-447488,-202752,-724992,-56320,-431104,-761856,-1047552,955392,-444416,-37888,403456,-1187840,-78848,-179200,139264,-228352,-655360,-945152,-292864,359424,-467968,-539648,-1377280,663552,-1149952,-444416,1007616
507904,209920,322560,-1387520,-364544,-570368,-517120,-638976,-472064,-553984,-254976,-182272,-305152,-565248,-1332224,-898048,-887808,-790528,-565248,-650240,-758784,27648,156672,-1342464,-24576,-795648,238592,-518144,195584,-120832,-1388544,-721920,-419840,-914432,156672,-1088512,-215040,-531456,-351232,-477184,-62464,-1786880,-941056,-1297408,-836608,-434176,114688,-1232896,-2216960,-390144,-148480,197632,-1980416,487424,-24576,-309248,41984,-96256,-919552,-987136,-1042432,-1555456,-530432,-452608,-1523712,-333824,-815104,-784384,178176,-319488,946176,-2731008,-60416,342016,552960,-749568,-694272,-240640,-1148928,-1005568,165888,-366592,-1184768,-571392,-963584,262144,-69632,-668672,-2275328,416768,-2760704,-926720,-257024,-1329152,760832,-1477632,-1289216,2048,-1492992,281600,-124928,51200,-456704,-1082368,-704512,-1106944,-924672,-519168,-1458176,-946176,477184,-1142784,-1692672,-1739776,-78848,-804864,325632,-818176,-861184,-485376,-1055744,-1125376,479232,-386048,667648,-283648,-666624,428032,-1676288,86016,416768,-1906688,-125952,-3072,-872448,-617472,550912,-1857536,-384000,-503808,-1081344,-160768,187392,-126976,-205824,564224,-332800,-268288,-746496,-1319936,-410624,-701440,97280,226304,-125952,-865280,-1028096,-1781760,-972800,-592896,624640,-1441792,-1656832,-1420288,-1028096,-838656,-755712,-261120,-230400,-1044480,-458752,-1649664,-81920,-157696,549888,-915456,281600,-1546240,-281600,-630784,-324608,-1740800,-203776,-1486848,-252928,-280576,-2399232,-862208,-193536,-14336,568320,-1277952,241664,-1051648,-878592,-174080,-1748992,-1185792,-928768,-732160,-1668096,898048,-364544,-432128,-519168,-1225728,455680,-739328,199680,-504832,1141760,-296960,-195584,-1029120,-868352,0,-863232,-1559552,-830464,-1054720,-960512,-612352,-770048,-490496,-168960,-81920,73728,-1149952,-858112,-520192,-817152,-621568,-1846272,-51200,-915456,282624,137216,-294912,-1901568,-628736,-592896,-1306624,-722944,-475136,-1580032,-592896,-1534976,-1870848,-736256,117760,-657408,-365568,-1583104,-542720,-706560,-485376,360448,-1239040,-1489920,263168,-684032,-1852416,-270336,-1046528,-44032,336896,-1018880,-1399808,-2367488,-119808,-1267712,-656384,-1340416,-512000,-1452032,958464,-1483776,-1626112,456704,693248,-336896,-30720,-827392,-479232,-433152,-733184,73728,-1055744,-231424,738304,-762880,-456704,140288,-1147904,756736,-420864,-566272,-363520,-780288,-68608,2048,-1288192,-568320,-273408,-926720,-1226752,-251904,-1865728,-52224,141312,-269312,-953344,-325632,-1428480,72704,-876544,-2002944,-107520,-429056,-637952
-1653760,-1028096,-114688,380928,201728,-123904,349184,-169984,404480,543744,228352,12288,-456704,482304,-1264640,-974848,1181696,108544,222208,-592896,917504,-264192,-875520,1176576,260096,646144,579584,-666624,1190912,-1904640,-463872,-375808,-503808,388096,-1125376,-4096,-174080,-589824,-278528,-717824,133120,675840,-138240,-174080,-942080,578560,-205824,-1415168,861184,753664,-1579008,570368,-1116160,1226752,551936,-311296,-596992,-360448,-915456,-723968,-736256,-1077248,1311744,225280,25600,-451584,62464,-1820672,483328,448512,606208,206848,-888832,677888,805888,245760,-228352,-754688,-64512,490496,-315392,145408,434176,-228352,490496,-399360,80896,-295936,-22528,851968,301056,-203776,-188416,1110016,490496,840704,-367616,-757760,106496,293888,561152,239616,-45056,414720,949248,-1463296,239616,-282624,322560,459776,-1206272,131072,-333824,843776,-1339392,175104,-352256,-988160,-100352,-616448,-690176,-2048,-4096,-868352,-491520,-892928,171008,-410624,-1445888,428032,-474112,396288,-1106944,-618496,103424,-333824,482304,263168,364544,-322560,-65536,-606208,455680,-760832,-891904,1171456,-7168,1291264,-256000,1315840,-851968,-1024,-542720,571392,-308224,-250880,11264,-625664,-471040,-1296384,-284672,821248,665600,741376,-999424,-1228800,-176128,41984,-2416640,-1280000,485376,32768,837632,-976896,25600,-9216,-409600,-1193984,-1072128,-781312,-1183744,229376,-149504,289792,-163840,-5120,36864,-580608,836608,533504,-1448960,-436224,405504,-241664,2001920,-407552,-414720,1543168,-1723392,-10240,416768,-116736,329728,573440,90112,-849920,-627712,-4096,-746496,957440,21504,-1377280,-382976,145408,-267264,-1508352,-169984,-559104,-524288,892928,-154624,681984,-82944,242688,95232,-615424,299008,-226304,-1226752,-465920,-68608,131072,-1029120,560128,-542720,-751616,-1141760,-369664,178176,-73728,171008,621568,-683008,-513024,-1145856,318464,-369664,-1296384,108544,962560,408576,434176,632832,-2373632,-324608,1096704,206848,652288,-51200,-13312,838656,52224,-526336,-1024,322560,27648,674816,349184,-79872,263168,-1783808,-1014784,37888,79872,-109568,-139264,959488,-205824,-525312,465920,-638976,-300032,-1078272,-138240,-199680,-535552,828416,386048,-1020928,-267264,-484352,-899072,-983040,506880,121856,-363520,-1390592,369664,528384,-605184,-598016,-1638400,-109568,890880,-728064,-893952,-1201152,-548864,171008,515072,-468992,-61440,759808,1273856,429056,1236992,453632,50176,93184,58368
309248,419840,-828416,-57344,-251904,126976,-1278976,-665600,260096,-933888,91136,-264192,70656,-820224,-407552,-47104,1191936,-124928,-611328,-295936,-461824,-783360,36864,-556032,-125952,-1509376,362496,-44032,776192,357376,425984,70656,-154624,-1218560,749568,-332800,-321536,-460800,-1018880,1181696,702464,-91136,-460800,-125952,-2487296,239616,-1860608,761856,-289792,-207872,-574464,172032,-876544,370688,-237568,-658432,-1087488,-775168,293888,-124928,-398336,-1026048,-520192,47104,101376,194560,975872,335872,-20480,173056,-534528,666624,621568,-413696,-711680,90112,-798720,552960,675840,-555008,872448,-118784,-1285120,-775168,1008640,476160,384000,-64512,-251904,846848,-1001472,-446464,489472,-671744,-390144,-114688,-468992,1358848,-521216,-44032,-688128,-180224,-412672,1462272,-355328,-674816,321536,-1161216,-287744,68608,-418816,-450560,-370688,-189440,-131072,741376,-1704960,689152,-636928,-1349632,-998400,-1087488,535552,-797696,-208896,-280576,-183296,-630784,700416,-191488,-76800,1646592,-1484800,498688,-1656832,-38912,-455680,414720,-441344,-412672,672768,269312,470016,459776,992256,-134144,308224,-556032,-917504,-1896448,-38912,-1026048,-509952,398336,968704,126976,-584704,458752,-286720,-250880,358400,-823296,-347136,303104,-521216,1074176,-197632,519168,673792,-92160,488448,907264,-61440,-433152,-368640,-1304576,218112,-712704,-59392,663552,-728064,-740352,-1942528,-1745920,6144,-154624,-683008,1114112,-163840,-660480,-75776,180224,-95232,-538624,-520192,-172032,-665600,-836608,-603136,-520192,-1059840,-233472,-1754112,-137216,-1037312,-1735680,-318464,-866304,201728,-614400,-991232,-1685504,724992,-1254400,-251904,192512,32768,-385024,427008,91136,-838656,-286720,-1000448,-301056,-304128,-95232,-614400,-935936,-633856,-460800,-1456128,329728,-1640448,260096,420864,-598016,-1257472,-493568,-567296,-1154048,12288,-786432,-211968,955392,-475136,-235520,-1272832,-168960,-483328,-1416192,-949248,-311296,-523264,180224,-661504,-377856,-930816,-1631232,-25600,-1485824,30720,-208896,-167936,-342016,-466944,813056,-401408,-684032,-2506752,95232,260096,-851968,842752,-826368,-201728,796672,-106496,-628736,-1263616,-623616,-745472,-979968,-1196032,1022976,723968,-708608,-115712,-280576,-229376,-778240,-523264,-882688,344064,-684032,-1464320,-539648,-1447936,-1500160,-978944,-892928,487424,-106496,-355328,-1319936,-431104,46080,-1080320,-479232,-1582080,424960,-578560,-117760,-935936,-914432,711680,-1032192,366592,-180224,-152576,306176
-596992,-121856,-982016,-365568,-407552,69632,-1940480,-731136,-237568,-982016,-804864,-11264,-333824,-442368,200704,65536,-22528,-1568768,-375808,955392,401408,-2154496,-1672192,-117760,-30720,830464,-526336,-417792,-1282048,372736,-1727488,-269312,-479232,798720,-626688,-75776,-1263616,-652288,-665600,-805888,-629760,168960,-1096704,-410624,-1571840,-789504,-259072,-470016,537600,-196608,-563200,-258048,-524288,-475136,117760,-121856,-893952,647168,-386048,-1989632,-570368,-999424,-547840,-415744,-665600,47104,-1272832,-224256,-1154048,-454656,-430080,406528,-196608,-561152,-445440,-553984,-569344,-1755136,392192,-458752,-668672,-108544,-1065984,-1341440,-1368064,-758784,-2171904,-414720,-1208320,-1207296,-795648,-1611776,-1675264,-1229824,9216,-316416,-544768,-317440,-480256,712704,-1392640,496640,-1693696,-721920,612352,-1206272,-2198528,-215040,28672,-1044480,-1343488,-2282496,-501760,-995328,-562176,-176128,-199680,-49152,-869376,-757760,954368,-72704,-927744,126976,-615424,-1009664,-1084416,-909312,-1006592,-262144,-381952,-15360,-48128,-817152,-1371136,-1965056,193536,-1515520,-1137664,44032,-1054720,-901120,-573440,-1520640,-1052672,-372736,-232448,-841728,1152000,-1380352,-748544,-775168,571392,-1600512,-636928,-337920,-1266688,-340992,-586752,-856064,-1006592,-1259520,-914432,-1326080,-520192,-874496,-747520,-844800,-162816,-1051648,-997376,-852992,579584,-37888,-439296,-399360,-732160,-1428480,-952320,-1095680,-14336,-720896,-958464,-788480,-569344,-684032,-999424,-1256448,-834560,-1054720,-1210368,250880,-1588224,-175104,-573440,-270336,-1375232,334848,-993280,-1577984,343040,150528,-1641472,-1222656,-376832,-427008,-57344,101376,-1019904,-1425408,-842752,-766976,-1569792,-1088512,-4096,-512000,-1312768,-322560,-359424,-1140736,-1412096,-621568,787456,-818176,-1724416,-2526208,-146432,-836608,-376832,-1779712,-159744,-465920,-1005568,-739328,-1361920,-1614848,-2159616,-167936,-1433600,-859136,-1239040,-480256,-574464,-1343488,-569344,-1464320,-1458176,-122880,-979968,-494592,732160,137216,-530432,-881664,-865280,-1049600,-950272,367616,-1108992,-954368,74752,-175104,-280576,-973824,-828416,-955392,-97280,-1139712,657408,57344,-703488,-460800,103424,-2210816,-1320960,-659456,-1317888,-1626112,194560,262144,-1195008,-1754112,-565248,-872448,-832512,-777216,-1343488,-1373184,-1222656,630784,-361472,-570368,-1350656,-1009664,-425984,-1381376,-159744,-836608,-849920,-1395712,-1547264,-720896,-1597440,-785408,-1021952,-274432,-1603584,-877568,993280,-1046528,379904,-1389568,-2229248,-414720,-1507328,-611328,-471040,-959488,-780288,-3072
-633856,563200,131072,197632,1079296,933888,-208896,-1331200,-81920,91136,-87040,-1290240,-325632,-779264,-1114112,164864,-39936,740352,211968,290816,121856,1051648,674816,140288,-72704,-108544,-701440,220160,-1021952,1874944,379904,370688,-606208,-12288,-371712,1073152,-702464,920576,429056,-948224,104448,-1685504,-807936,29696,-277504,-323584,501760,402432,-322560,-126976,-31744,387072,-257024,62464,-112640,-51200,185344,-779264,1873920,417792,-308224,676864,-180224,203776,-700416,88064,-220160,996352,995328,818176,322560,719872,-661504,-835584,-626688,-368640,329728,-614400,1530880,711680,141312,-605184,704512,-710656,135168,-1007616,591872,820224,-1104896,-209920,103424,715776,812032,-167936,56320,508928,722944,257024,-434176,94208,815104,121856,-789504,193536,-817152,313344,359424,-215040,1411072,-2048,-868352,-518144,-1389568,-891904,71680,536576,-634880,1159168,1211392,1285120,197632,782336,-722944,-1139712,-949248,935936,-1022976,331776,803840,-183296,-509952,879616,-915456,-172032,-177152,400384,-275456,-948224,-585728,322560,-308224,-964608,382976,517120,1222656,-272384,-248832,258048,138240,399360,-1158144,21504,643072,-323584,-78848,129024,1235968,189440,8192,400384,-584704,-1153024,-1145856,852992,-23552,16384,-1104896,1036288,156672,-46080,-151552,169984,-815104,-226304,211968,100352,-1483776,699392,173056,384000,929792,-818176,-215040,-91136,-347136,-662528,-865280,370688,1580032,391168,-657408,100352,-246784,-993280,-399360,-1176576,-1265664,-673792,-17408,-328704,-500736,257024,131072,-120832,763904,764928,494592,-289792,475136,-415744,-612352,-463872,91136,-890880,-540672,-769024,-276480,19456,-973824,-863232,-70656,506880,-297984,-1769472,-194560,-718848,970752,93184,555008,381952,-521216,-589824,987136,-752640,446464,193536,-97280,431104,683008,-1737728,-296960,-208896,-498688,-1179648,442368,-415744,1697792,-786432,-319488,82944,-826368,-1399808,-203776,-936960,842752,785408,269312,378880,-644096,-676864,-714752,-1165312,48128,-807936,-610304,-633856,-49152,802816,782336,-456704,342016,-1013760,-587776,1603584,-885760,343040,299008,-46080,116736,54272,-106496,-567296,-111616,-496640,-380928,-1596416,-149504,470016,354304,-1767424,-1108992,-972800,440320,57344,-532480,-594944,439296,558080,-74752,-242688,-369664,-227328,948224,-640000,288768,-595968,505856,211968,-116736,-273408,-1618944,352256,193536,-293888,889856,-765952,-313344,1005568,46080,549888
-621568,-352256,-473088,-1315840,108544,-449536,-1024,-388096,113664,-17408,-184320,-18432,-264192,-1211392,-89088,-1284096,-517120,311296,-500736,175104,-185344,-266240,-1144832,-748544,-1476608,-246784,796672,179200,512000,704512,-1199104,-842752,585728,-218112,259072,1550336,-424960,454656,115712,-305152,-136192,99328,-1492992,-521216,-56320,122880,121856,386048,100352,-268288,-968704,-1240064,-147456,792576,458752,1086464,-580608,1001472,243712,200704,-988160,-590848,1198080,-798720,-825344,-195584,-66560,-74752,617472,-872448,1048576,101376,311296,-645120,1170432,110592,-81920,263168,253952,-62464,-23552,-1433600,-306176,819200,-2048,52224,-414720,-348160,-564224,-910336,-825344,-353280,-223232,530432,-566272,518144,1063936,-654336,-551936,476160,-43008,357376,147456,704512,871424,592896,-306176,643072,117760,903168,169984,371712,52224,-1091584,705536,-909312,-427008,-966656,-30720,-480256,1031168,-190464,1048576,-1070080,-249856,197632,-87040,-1945600,406528,424960,-276480,350208,531456,144384,-437248,609280,-537600,-535552,-155648,-1104896,-114688,-346112,243712,-43008,-886784,-242688,547840,-1695744,-671744,35840,-799744,-518144,698368,910336,100352,-202752,-301056,693248,-79872,-88064,-884736,-917504,24576,300032,140288,55296,-1223680,41984,-514048,544768,58368,-785408,-91136,0,-387072,134144,-899072,-418816,174080,63488,319488,530432,-1358848,-410624,1934336,-814080,-395264,-742400,-92160,-267264,-1611776,-390144,-899072,-764928,317440,-817152,-319488,-1462272,-698368,-1485824,-318464,-227328,181248,651264,-590848,9216,-645120,312320,184320,-315392,645120,-503808,62464,207872,-99328,-244736,-681984,-272384,-387072,-1024,328704,519168,-49152,858112,-596992,56320,-1205248,1641472,-609280,-332800,201728,-294912,524288,1845248,312320,200704,-166912,-1415168,365568,-84992,187392,727040,-54272,-1214464,186368,183296,38912,632832,-1411072,-18432,617472,-651264,89088,-24576,-2048,187392,-892928,175104,361472,1436672,-137216,418816,-914432,-739328,-1580032,-372736,-1588224,169984,833536,-394240,372736,-1098752,657408,-74752,-830464,-1315840,-650240,454656,-728064,482304,157696,40960,-386048,634880,142336,-355328,330752,297984,435200,252928,-441344,196608,-904192,-400384,-419840,313344,-147456,-267264,-357376,108544,197632,-960512,-872448,547840,-137216,-570368,183296,-316416,-58368,-329728,778240,871424,-1201152,504832,622592,1369088,-314368,167936,-275456,65536
117760,-808960,613376,-1139712,-1072128,-478208,867328,717824,-941056,-671744,-769024,-96256,870400,-417792,-885760,-276480,-1219584,-439296,525312,-39936,-328704,-1818624,-847872,528384,153600,55296,97280,670720,-1049600,327680,-110592,769024,612352,467968,-478208,5120,-500736,-1060864,-1196032,313344,-395264,186368,271360,216064,-20480,70656,6144,118784,-538624,200704,325632,131072,642048,268288,302080,-706560,-558080,-355328,166912,231424,614400,718848,678912,1120256,530432,-532480,-978944,4096,1661952,-833536,567296,-1020928,-388096,-764928,64512,-904192,-794624,-572416,-8192,546816,122880,233472,385024,-6144,-332800,-830464,-792576,-977920,-274432,-857088,239616,-759808,575488,-1047552,539648,-1894400,-435200,163840,208896,1371136,-1393664,102400,-290816,-347136,-1460224,169984,-397312,957440,-678912,949248,87040,-1372160,-344064,-571392,-1436672,-481280,-576512,364544,-258048,-242688,431104,-799744,-121856,-865280,-1307648,319488,465920,290816,371712,995328,-104448,-136192,-26624,266240,44032,-410624,586752,1811456,480256,829440,-500736,377856,-943104,-346112,-174080,1291264,193536,787456,621568,295936,-483328,-903168,-701440,-1165312,-1538048,-875520,-344064,-370688,-1705984,647168,405504,-544768,1056768,-129024,1335296,-121856,-150528,-185344,579584,124928,-845824,-224256,-369664,470016,1013760,-548864,-936960,567296,-198656,-798720,-13312,189440,-306176,26624,-960512,-89088,-555008,549888,-594944,849920,463872,-512000,95232,-14336,-149504,-946176,-507904,388096,-382976,-41984,40960,337920,1116160,-357376,-329728,-940032,-610304,72704,-782336,416768,247808,-175104,86016,-1948672,-1878016,-893952,-1337344,-800768,217088,-320512,-713728,-1113088,-453632,-99328,-370688,-91136,-638976,326656,-568320,142336,238592,-841728,53248,-1208320,-941056,485376,142336,265216,-314368,-907264,316416,1138688,-163840,-339968,-412672,581632,1371136,-235520,271360,-824320,-661504,-39936,-2563072,-36864,-752640,-165888,442368,705536,-452608,-662528,-1019904,-1531904,858112,-397312,488448,-37888,500736,340992,349184,-400384,-587776,250880,-345088,22528,216064,-472064,-205824,488448,-301056,-937984,-398336,-1526784,-113664,-706560,-118784,956416,721920,54272,-563200,-419840,267264,140288,290816,50176,674816,254976,13312,493568,83968,685056,-631808,-350208,-366592,-88064,-452608,-951296,-836608,831488,-648192,135168,1008640,-305152,993280,-813056,632832,-1119232,-607232,156672,240640,-1421312
342016,-526336,-660480,859136,13312,-123904,-667648,-130048,471040,-76800,774144,218112,-340992,103424,-568320,394240,1031168,-935936,-164864,628736,-778240,364544,-407552,-657408,183296,633856,193536,-202752,638976,48128,111616,-547840,-736256,-161792,-285696,-1184768,134144,354304,1171456,-440320,-285696,158720,122880,-1400832,-1285120,178176,-201728,1563648,-497664,-292864,-215040,-781312,-1081344,-456704,379904,189440,689152,439296,247808,-1067008,-900096,1782784,-380928,-50176,359424,710656,958464,492544,818176,-278528,432128,934912,320512,-636928,1089536,680960,1221632,-124928,544768,-740352,609280,-2083840,-260096,1356800,396288,-295936,-262144,1065984,-840704,748544,174080,-657408,-251904,488448,-252928,-453632,-321536,-269312,-528384,-174080,-451584,-732160,225280,279552,-434176,235520,-60416,-425984,-869376,871424,815104,-149504,-350208,-427008,1097728,529408,198656,-473088,573440,-1003520,-1396736,956416,618496,-407552,-472064,685056,-831488,160768,-252928,-473088,-592896,-541696,362496,-475136,168960,-510976,-752640,-465920,784384,436224,347136,706560,-226304,1142784,753664,974848,322560,359424,544768,-148480,-486400,716800,1501184,-241664,548864,17408,-352256,-1317888,-133120,-1804288,249856,-1317888,-629760,-412672,448512,641024,681984,27648,111616,-3072,362496,-708608,-919552,83968,565248,-837632,-536576,69632,715776,-942080,-409600,-110592,-1534976,177152,347136,-21504,1302528,983040,-463872,-148480,-367616,-1440768,371712,-137216,1094656,703488,-404480,651264,219136,7168,64512,-654336,-917504,-577536,121856,-898048,136192,875520,-11264,-770048,-585728,1072128,480256,-3072,-363520,-92160,-745472,-1273856,991232,-714752,-1108992,417792,-274432,1293312,1988608,-976896,539648,-1161216,-348160,64512,491520,-139264,86016,16384,-319488,291840,-915456,925696,319488,681984,717824,-685056,1500160,-447488,-441344,-375808,-727040,-153600,-25600,-84992,463872,221184,-845824,1467392,-834560,490496,717824,-1605632,-951296,-199680,-28672,-501760,882688,-222208,-247808,195584,-9216,-1629184,-227328,-825344,-491520,1219584,310272,1278976,-186368,223232,-535552,-1250304,-152576,-209920,263168,658432,-1111040,-646144,-361472,595968,-210944,194560,-746496,-683008,-262144,198656,-795648,777216,-305152,720896,-1839104,41984,318464,868352,1417216,859136,253952,-130048,481280,-517120,827392,194560,1517568,153600,574464,-600064,-1100800,-427008,203776,-198656,-522240,462848,-840704,1343488
-1175552,-285696,-792576,-611328,-415744,263168,483328,-712704,-1569792,-30720,-562176,-865280,-1078272,-124928,-304128,-1534976,186368,-67584,-572416,-2013184,-930816,-753664,-932864,323584,645120,-976896,-1812480,-1140736,-640000,-2058240,-1289216,-568320,-1534976,69632,-121856,-836608,347136,-223232,-242688,-284672,-858112,-1259520,897024,372736,-1287168,-333824,-1146880,88064,38912,-413696,-199680,-150528,-650240,177152,-1517568,-1540096,-1860608,-845824,-2640896,-1154048,-1187840,-1230848,-38912,-1452032,222208,-195584,-1079296,-2132992,-97280,417792,289792,670720,-1545216,824320,-919552,288768,-881664,-772096,-1229824,-1101824,-541696,-951296,-202752,-1054720,-350208,-791552,-1730560,-836608,-394240,-162816,-386048,-1603584,-9216,-1354752,-1013760,-957440,-677888,-1879040,336896,-944128,-262144,-671744,-1874944,-58368,138240,-1233920,-532480,-1120256,-1024000,-801792,-2164736,155648,-502784,-534528,-635904,-1149952,-1125376,-1265664,-972800,-721920,-462848,-964608,-1376256,-491520,-899072,656384,367616,-600064,-659456,362496,-764928,-508928,-757760,-982016,-2359296,-1331200,-1333248,-1447936,-266240,-464896,-951296,60416,307200,-1324032,-606208,-861184,-780288,-1619968,-1047552,-412672,-459776,-515072,-1374208,9216,-1100800,59392,-578560,-1131520,829440,-2309120,539648,-694272,-1053696,-150528,-789504,-828416,-1060864,-599040,-2203648,-8192,-741376,-1018880,366592,-100352,717824,-826368,-1243136,-1720320,529408,-1557504,260096,-919552,-2391040,-799744,-1741824,-419840,-779264,-2348032,-616448,5120,-518144,-81920,-835584,918528,-175104,-861184,-445440,-2082816,-1452032,-32768,-423936,-552960,-978944,-820224,-1182720,738304,-2088960,-636928,-788480,-1499136,23552,-528384,-819200,-1231872,116736,-770048,-861184,-975872,-1193984,-453632,-1249280,-975872,-2751488,294912,-609280,-331776,-714752,-619520,369664,463872,-212992,-2086912,-1278976,-1232896,-880640,-890880,-911360,-843776,71680,111616,-1302528,-1401856,-1562624,-912384,-1318912,-166912,-386048,-754688,-802816,-1146880,245760,-1720320,158720,-290816,-753664,7168,-811008,-922624,-1851392,-544768,-1827840,-851968,-1569792,-2017280,-147456,-1899520,-1047552,-601088,-449536,-413696,-1130496,-1341440,-1410048,-2441216,-1074176,-1812480,-1524736,276480,-27648,-670720,-1472512,-1413120,-2200576,-1516544,-483328,-44032,-3072,-800768,-431104,-5120,-1536000,-1507328,106496,-1122304,-25600,-1096704,-106496,-1425408,-1221632,401408,-724992,-1271808,-1412096,-1025024,-450560,-281600,-472064,-1125376,-797696,149504,-1339392,-1466368,-775168,223232,-777216,-801792,6376448,-1920000,227328,-171008
-844800,666624,335872,591872,825344,-86016,-194560,-71680,-145408,423936,110592,-10240,282624,43008,-62464,-419840,37888,3072,710656,-1117184,-586752,-663552,248832,292864,173056,871424,55296,515072,1254400,-879616,868352,231424,961536,303104,912384,-523264,449536,-37888,794624,664576,-724992,-225280,-25600,-721920,60416,158720,12288,514048,-160768,-227328,533504,270336,106496,-688128,-413696,258048,9216,431104,1026048,-164864,-267264,132096,-1103872,617472,-66560,-1006592,119808,803840,691200,372736,-73728,571392,1398784,-1273856,-167936,375808,-497664,550912,449536,-122880,-159744,160768,-157696,26624,-25600,949248,462848,432128,948224,834560,915456,-527360,612352,107520,1114112,156672,583680,89088,-218112,-397312,1077248,-414720,-700416,729088,20480,104448,1106944,-197632,412672,476160,142336,-911360,-393216,637952,188416,1492992,943104,77824,783360,299008,-848896,606208,2120704,508928,760832,208896,778240,688128,396288,759808,118784,-779264,717824,1328128,-224256,305152,237568,563200,422912,716800,-2231296,415744,813056,-31744,2087936,-122880,220160,525312,223232,271360,-103424,-872448,-443392,250880,-46080,380928,-36864,338944,-419840,352256,452608,227328,-210944,928768,243712,-299008,-572416,-719872,113664,1098752,-261120,-407552,459776,147456,-1231872,-109568,1146880,716800,1489920,135168,-667648,262144,659456,-918528,796672,51200,-344064,1134592,-1432576,-111616,779264,-184320,-218112,-574464,648192,275456,-391168,622592,1430528,147456,-388096,539648,-415744,918528,411648,-545792,760832,316416,86016,1144832,-1170432,600064,-239616,122880,168960,-494592,1086464,909312,166912,716800,808960,-1441792,75776,888832,-553984,-164864,954368,105472,941056,-401408,999424,-81920,-116736,-391168,-319488,138240,-113664,1498112,373760,-1278976,-1286144,559104,631808,238592,-730112,737280,6144,472064,345088,-1193984,-1043456,-666624,-216064,-114688,520192,-717824,-96256,-391168,59392,-1363968,-988160,-1083392,1014784,-901120,338944,-167936,326656,-851968,1248256,343040,-245760,-1168384,1665024,703488,146432,-299008,-167936,-205824,145408,262144,64512,-522240,-829440,-145408,613376,918528,-596992,124928,-1006592,1350656,-747520,-38912,192512,-394240,-278528,-233472,155648,-69632,712704,-70656,-923648,130048,-512000,730112,-104448,559104,1180672,862208,334848,-51200,-309248,294912,-371712,-121856,176128,-666624,-1514496,6752256,-894976,1016832
-582656,-932864,-657408,1024000,-306176,540672,-337920,-22528,-10240,754688,434176,-310272,1024,-712704,-60416,342016,-732160,-522240,-1096704,-206848,-52224,-140288,-845824,-270336,452608,-495616,-262144,-565248,-628736,76800,-342016,-1391616,-882688,390144,-230400,-510976,-263168,619520,-1331200,-705536,758784,-1038336,8192,293888,413696,942080,-377856,-425984,718848,-1208320,-863232,-126976,-439296,-435200,-203776,201728,31744,132096,-614400,-694272,-575488,1037312,-943104,552960,453632,728064,-449536,-252928,-731136,34816,-667648,708608,385024,-374784,-31744,157696,529408,110592,-168960,781312,-711680,1994752,947200,353280,129024,-282624,-80896,705536,-1811456,-1068032,460800,115712,503808,-140288,-1245184,-470016,263168,399360,-474112,-584704,-523264,-201728,-305152,166912,-396288,-496640,-567296,-1218560,411648,126976,703488,-571392,691200,-747520,-655360,497664,-376832,-811008,-185344,-672768,-166912,1287168,-358400,-366592,-86016,-1570816,-723968,-387072,-148480,-67584,-169984,-110592,264192,-235520,295936,926720,-161792,602112,-737280,-1451008,202752,-555008,36864,1391616,1514496,-402432,-523264,-23552,-442368,-226304,363520,-576512,-669696,-308224,-760832,-2143232,121856,-202752,640000,-751616,-1304576,358400,-61440,40960,650240,-1031168,-167936,307200,-166912,-617472,-1116160,-1195008,536576,620544,-1434624,446464,-705536,-43008,-263168,-1032192,-259072,391168,630784,-909312,-966656,1165312,-325632,-1159168,-30720,-546816,-262144,-442368,-427008,-891904,-1905664,-1319936,-1171456,585728,-706560,718848,39936,1005568,-576512,91136,579584,-577536,287744,-1299456,-257024,-2127872,103424,46080,-220160,-919552,678912,-59392,-326656,-130048,-1152000,608256,-1408000,-61440,-148480,-549888,-433152,-342016,-992256,-2058240,-1230848,-56320,-794624,315392,-959488,-163840,-178176,-600064,-762880,-380928,-322560,-590848,75776,80896,263168,879616,-221184,98304,-321536,-102400,-811008,-189440,-935936,169984,293888,-760832,-1459200,-493568,-1148928,66560,932864,-137216,-22528,-175104,-1007616,-276480,-586752,-1827840,303104,-281600,32768,648192,1074176,-166912,245760,-574464,-2021376,-1533952,-786432,-326656,19456,-706560,415744,-999424,-772096,-107520,1762304,-526336,-788480,-132096,-1155072,535552,193536,-557056,-770048,48128,-1249280,741376,-814080,572416,233472,-369664,1046528,-486400,310272,-2041856,-703488,876544,215040,561152,-953344,-406528,264192,358400,-1071104,460800,-477184,186368,7310336,2932736,-2788352,119808
-449536,456704,56320,-913408,-673792,-748544,-919552,-864256,-757760,-1274880,-115712,-110592,-584704,49152,-1245184,329728,-371712,-198656,-727040,-136192,207872,-1907712,1241088,-1399808,-354304,-402432,-683008,-840704,-854016,-39936,-1139712,-983040,-1421312,-751616,844800,-980992,-254976,544768,185344,-28672,-675840,-308224,-395264,171008,209920,-222208,-932864,-1655808,-350208,-1836032,-136192,218112,608256,-1227776,-1541120,-324608,-1674240,-578560,-17408,-219136,81920,-275456,-39936,-917504,-1091584,-2411520,-356352,317440,-530432,-530432,-1141760,48128,-929792,-220160,-657408,-437248,-941056,-697344,-152576,-1161216,-1795072,911360,-1668096,-461824,-1134592,-387072,-826368,-214016,174080,-37888,-909312,-1845248,-717824,-643072,-610304,-2258944,-14336,-241664,-398336,-775168,-223232,-1087488,203776,-2434048,-1451008,-1474560,-111616,-562176,132096,-623616,-1397760,-1695744,-1976320,-1090560,-546816,-139264,1443840,-502784,-505856,-552960,-723968,-1317888,-1032192,-752640,-710656,-946176,-563200,-752640,437248,1024,-983040,-903168,-1392640,-1673216,-1271808,-1342464,-402432,-1070080,1240064,-246784,-258048,-49152,-1582080,-1002496,-950272,-867328,-396288,-145408,350208,-926720,-662528,-254976,-1336320,-618496,1048576,-1711104,-602112,-537600,-242688,-103424,-371712,-116736,-180224,-704512,226304,-1028096,-1264640,-632832,-1273856,-1771520,711680,-1101824,-1546240,-1453056,-1347584,-1165312,-785408,-476160,-636928,-576512,-1204224,-1113088,-1613824,-308224,-300032,-1258496,-1054720,-1347584,-821248,-869376,242688,-2172928,-450560,-1733632,55296,78848,-862208,-784384,-1081344,458752,-582656,-970752,-1734656,-744448,-1283072,-517120,-84992,-375808,-1470464,-1549312,-13312,-1383424,-613376,-1320960,-683008,-1281024,-893952,-417792,289792,-583680,567296,-918528,-1715200,607232,-1933312,-976896,-1015808,-1036288,-792576,-90112,-1526784,-886784,-1167360,-1482752,-1271808,-184320,-881664,310272,-1696768,-579584,-1070080,-757760,-1101824,-1250304,-441344,-136192,-803840,-613376,-1597440,-764928,-1083392,-770048,-1081344,-497664,-1257472,-1347584,-54272,-1275904,245760,-334848,544768,-564224,-855040,-1195008,-802816,5120,-1483776,160768,-1197056,-109568,-1516544,-666624,-1623040,-1613824,-370688,-163840,-1004544,-272384,-693248,309248,-2363392,63488,-1207296,-302080,24576,-1045504,478208,-160768,-1614848,-1230848,-134144,-821248,-64512,101376,-670720,-1521664,104448,-202752,-723968,-706560,-497664,-401408,-281600,-435200,-1649664,-32768,412672,-1451008,-1052672,41984,-888832,-531456,321536,-1012736,482304,-1386496,-3406848,-3522560,10791936,-929792
-1039360,-153600,-390144,-165888,-2045952,-71680,-522240,441344,1103872,540672,-159744,15360,-922624,-638976,133120,549888,816128,368640,1047552,674816,294912,53248,-712704,510976,676864,378880,167936,21504,783360,-530432,1098752,-282624,-649216,-1030144,-113664,836608,-1119232,609280,970752,197632,811008,-929792,204800,-801792,4096,-287744,684032,-58368,-345088,1029120,-206848,-909312,-632832,-405504,903168,-33792,286720,-633856,-559104,-41984,168960,229376,-242688,156672,-311296,733184,-63488,-582656,262144,-617472,1246208,-366592,-142336,370688,-139264,566272,-889856,616448,-602112,1342464,-1335296,-650240,478208,569344,911360,-955392,-840704,-977920,231424,-301056,242688,771072,-1179648,-84992,-743424,-598016,1209344,621568,449536,944128,-96256,-913408,649216,-369664,325632,95232,97280,-550912,-818176,382976,-525312,-1035264,-741376,-449536,509952,541696,-802816,139264,-1358848,-359424,-197632,-238592,203776,788480,697344,-821248,240640,-693248,103424,250880,-1371136,995328,522240,560128,496640,391168,-1113088,138240,-641024,-583680,-193536,-855040,315392,692224,-846848,-1146880,-269312,-344064,-421888,763904,131072,422912,-148480,-714752,12288,457728,1309696,-330752,239616,-363520,-120832,-1497088,-786432,-571392,-892928,318464,36864,756736,988160,1981440,-562176,-937984,-962560,-620544,-189440,-567296,483328,470016,-282624,-209920,-360448,-681984,-155648,-408576,653312,44032,1147904,-541696,-1459200,-283648,-2072576,252928,193536,-1064960,7168,88064,-669696,373760,-216064,-629760,91136,-1164288,346112,1387520,-380928,-677888,-1009664,83968,-1360896,-803840,-380928,80896,-1140736,-736256,-1051648,-389120,-997376,-504832,-109568,-837632,-962560,362496,-839680,-567296,-338944,-352256,-157696,-14336,-463872,-926720,-428032,-1014784,988160,-1097728,-1725440,56320,-70656,-1369088,-462848,-564224,-1555456,262144,-784384,-32768,-1097728,-1121280,-422912,-1156096,-364544,40960,251904,-661504,-113664,-1165312,-25600,537600,739328,276480,-892928,-216064,936960,-431104,-918528,305152,-2102272,-34816,1176576,16384,-36864,263168,-300032,-410624,-1437696,-847872,-1284096,-1163264,143360,1180672,-1465344,733184,593920,1080320,970752,462848,-112640,-1377280,-574464,-505856,667648,173056,-83968,504832,-623616,134144,-784384,-1174528,303104,-353280,-296960,-962560,-338944,394240,160768,44032,-1054720,786432,-132096,-368640,323584,-804864,-117760,1256448,-405504,937984,-218112,-1576960,14725120,-1432576,-1569792,473088
-689152,105472,-891904,291840,-1041408,287744,-433152,64512,-905216,969728,-1155072,239616,-576512,1079296,316416,-632832,402432,585728,-785408,-1747968,-1606656,-666624,592896,1808384,677888,112640,1079296,-195584,372736,-562176,-350208,-2011136,-198656,-876544,739328,-52224,-875520,-809984,-190464,424960,-591872,52224,-1334272,1057792,-611328,-529408,-374784,-860160,217088,-1102848,487424,-104448,1159168,493568,-600064,723968,-1019904,-519168,-750592,-502784,216064,-303104,-132096,-385024,352256,-29696,-1484800,348160,-330752,-933888,-28672,-14336,552960,-718848,594944,-801792,-201728,-177152,11264,-259072,-51200,-784384,-327680,355328,-378880,415744,-1300480,-463872,-616448,-907264,-173056,900096,499712,-846848,258048,-1083392,-997376,1420288,-1299456,104448,1110016,-1195008,-665600,1337344,-624640,-26624,516096,-324608,227328,-1128448,-467968,1078272,-631808,-2143232,-273408,-943104,-713728,529408,163840,-125952,-340992,-1242112,-363520,260096,284672,-612352,299008,-790528,-339968,-278528,-825344,-163840,-508928,-2036736,1024,-760832,1370112,516096,734208,-90112,-11264,814080,-1101824,-169984,525312,883712,-382976,-514048,966656,-1115136,179200,353280,-1330176,112640,-1124352,288768,-907264,327680,-106496,-107520,449536,-279552,80896,-1364992,-1229824,-932864,107520,-2510848,-1741824,-433152,32768,1040384,-17408,461824,58368,61440,-785408,-500736,119808,-493568,-400384,98304,-33792,-216064,-998400,-852992,-1444864,-1549312,61440,-92160,-1069056,316416,550912,-187392,-1173504,78848,-811008,118784,223232,-1097728,-1048576,-582656,-738304,-965632,24576,-718848,-618496,917504,-500736,431104,636928,-1214464,1740800,419840,-507904,-131072,-3072,-444416,-398336,-72704,112640,-443392,-32768,-1154048,-928768,-290816,-1133568,-494592,-986112,-227328,-1586176,668672,-1014784,-1274880,144384,-316416,1055744,-939008,749568,18432,-124928,-480256,-710656,-1599488,-701440,343040,-1056768,-644096,-762880,-350208,-1565696,381952,-1010688,-838656,-717824,-342016,-396288,225280,20480,-1115136,375808,-472064,-313344,-364544,263168,434176,-238592,-493568,146432,-481280,-775168,-374784,-344064,-1495040,-561152,-1482752,200704,-577536,-990208,361472,-778240,-1154048,-887808,-363520,-69632,-101376,338944,20480,-315392,-112640,-66560,-1502208,-647168,-1864704,307200,-832512,-1261568,621568,-673792,168960,-346112,-428032,-533504,-177152,-236544,-111616,197632,-498688,-259072,1712128,-1496064,-1388544,1182720,-989184,-533504,62464,-1572864,382976,-215040,-997376
65536,750592,649216,64512,618496,854016,436224,1889280,389120,540672,135168,577536,510976,-10240,-609280,-534528,745472,124928,824320,696320,-320512,1826816,1122304,510976,423936,717824,739328,1464320,263168,1004544,475136,173056,-137216,491520,-1563648,445440,-79872,-140288,721920,-1134592,428032,55296,1205248,396288,-844800,530432,-279552,35840,-694272,596992,1012736,668672,884736,850944,844800,-385024,1939456,756736,252928,1231872,1011712,471040,-47104,-433152,281600,1235968,608256,679936,-314368,944128,412672,502784,-1645568,209920,991232,88064,384000,1078272,375808,212992,475136,-769024,-464896,38912,317440,1278976,624640,631808,310272,-537600,12288,775168,285696,-546816,970752,25600,1053696,-208896,557056,747520,-1003520,-1649664,295936,1448960,-458752,1580032,118784,352256,848896,936960,1483776,1005568,299008,70656,175104,1858560,-1030144,-404480,1332224,-1047552,387072,836608,84992,-176128,659456,531456,539648,370688,208896,501760,-618496,195584,727040,-1164288,-481280,1738752,-435200,550912,408576,1306624,65536,-96256,-576512,991232,1014784,509952,958464,-928768,-1282048,925696,1126400,23552,2026496,675840,120832,290816,588800,1272832,625664,1011712,-1044480,749568,502784,-568320,616448,-87040,263168,924672,119808,134144,500736,203776,844800,175104,624640,2557952,326656,-422912,1574912,576512,-583680,1006592,-674816,117760,428032,-481280,1096704,-645120,-249856,76800,243712,-98304,-107520,-458752,129024,579584,757760,271360,974848,-188416,-877568,196608,11264,56320,720896,914432,-123904,-204800,640000,1004544,630784,-610304,344064,589824,414720,136192,296960,585728,-483328,-576512,-88064,-449536,1591296,537600,693248,359424,89088,790528,364544,-1163264,44032,903168,-480256,1052672,486400,-528384,705536,809984,628736,-274432,646144,39936,218112,73728,672768,311296,-847872,508928,-1325056,-1489920,-689152,1684480,1096704,733184,1294336,-479232,-797696,-28672,-698368,-734208,141312,278528,-69632,-102400,16384,-252928,723968,424960,-1353728,-207872,-223232,4096,32768,496640,903168,563200,-495616,77824,-252928,691200,770048,149504,516096,866304,409600,526336,457728,-470016,166912,116736,-162816,1424384,524288,128000,-241664,1018880,-1630208,-340992,175104,-227328,52224,1127424,-427008,657408,123904,1261568,68608,252928,-850944,885760,1178624,786432,31744,411648,-112640,-794624,423936,-370688,269312,-703488
-676864,364544,-2027520,-320512,-372736,-804864,-108544,8192,-369664,-411648,-568320,-1166336,131072,-712704,-1446912,239616,257024,-353280,-4096,738304,-1542144,502784,745472,306176,192512,-178176,1208320,324608,-761856,-891904,-445440,690176,217088,850944,-61440,819200,-1677312,603136,-434176,887808,-251904,116736,-21504,-624640,-192512,-10240,7168,-90112,263168,-3336192,-309248,-970752,-698368,-690176,-1038336,485376,-315392,349184,-1320960,716800,-1378304,797696,-428032,-335872,45056,-634880,667648,-1392640,-543744,-872448,-1262592,1266688,-307200,-483328,288768,1314816,-68608,-653312,-67584,-287744,-956416,-4096,740352,1093632,872448,-343040,-848896,-1304576,377856,433152,-76800,-606208,150528,-168960,115712,581632,-918528,-1091584,61440,-1333248,386048,-523264,588800,-955392,-600064,98304,454656,-841728,-786432,868352,-283648,335872,633856,-720896,-1343488,-238592,-660480,-304128,1183744,-142336,701440,154624,710656,-891904,-106496,-787456,106496,-802816,50176,1252352,189440,736256,-889856,38912,-395264,-882688,128000,388096,164864,-346112,94208,145408,520192,705536,-799744,993280,-257024,-143360,-136192,444416,-703488,-257024,-789504,920576,-34816,109568,855040,-116736,-1456128,-2093056,369664,-1289216,-281600,403456,-1083392,-401408,1229824,538624,-846848,-632832,343040,501760,-408576,-993280,-72704,357376,-259072,-177152,-932864,-415744,222208,339968,-934912,-347136,-73728,108544,-9216,-165888,-303104,-308224,-824320,-1341440,61440,-202752,228352,-606208,219136,-1842176,-1580032,515072,-157696,647168,654336,-936960,-241664,736256,-911360,595968,-234496,-903168,-252928,-139264,-744448,-894976,-893952,16384,-852992,-1051648,422912,602112,-453632,480256,179200,897024,-215040,440320,-1295360,-1058816,-190464,-281600,821248,-453632,252928,-463872,637952,-738304,227328,-726016,-793600,598016,-26624,-50176,-327680,1074176,390144,-456704,-460800,-225280,-873472,-721920,367616,-1263616,161792,-454656,-673792,691200,-841728,888832,-1184768,1026048,647168,-347136,550912,-525312,-1436672,-418816,-29696,249856,-53248,-550912,-762880,137216,-571392,-1827840,-7168,-605184,631808,-264192,-1117184,953344,508928,-105472,-23552,110592,218112,65536,-591872,-100352,925696,-445440,-578560,912384,-1338368,-223232,954368,-177152,-846848,-93184,-446464,-674816,-315392,296960,-1006592,-423936,505856,628736,-265216,-346112,-1378304,743424,26624,-1275904,-1187840,129024,-1604608,-518144,-1217536,-749568,-680960,-845824
-518144,-692224,-665600,-808960,-1239040,10863616,-1400832,-1117184,-866304,-1191936,-463872,666624,-565248,-1845248,1024,-947200,-47104,459776,-366592,124928,-322560,838656,-840704,-9216,-912384,-395264,-2244608,-741376,-680960,-2567168,-353280,-1223680,-769024,-125952,-649216,-1191936,-346112,192512,-685056,-245760,857088,613376,-281600,-25600,-1343488,-134144,-703488,-485376,429056,-1175552,-888832,-1797120,-1501184,27648,-2193408,-1146880,-1216512,-1208320,-2211840,-939008,-957440,-128000,-1417216,-1214464,-661504,-1559552,-1983488,-1384448,-621568,-117760,-1124352,-851968,-1410048,-1416192,-497664,-269312,-1289216,-429056,-363520,-610304,-120832,-915456,-1203200,-818176,-93184,617472,-136192,-692224,48128,-884736,110592,-702464,-1585152,-688128,-1611776,131072,-988160,249856,235520,-1173504,-385024,-835584,-1743872,-786432,-1495040,-782336,-1396736,198656,-219136,-2566144,-92160,-431104,-374784,-1422336,-1600512,-1120256,-501760,-644096,-1103872,-936960,-1218560,-1031168,-1153024,-286720,-67584,921600,-768000,-1495040,-930816,-374784,-1210368,-523264,-457728,-347136,-1678336,299008,-265216,-871424,-50176,-908288,-1649664,-657408,-1027072,-850944,1519616,-110592,-1639424,-415744,-987136,-445440,1081344,164864,-572416,-465920,-430080,-227328,903168,123904,-605184,-210944,-1463296,-1418240,-285696,-659456,34816,-820224,-208896,-81920,-1310720,-1000448,-561152,-356352,-706560,-542720,-1051648,-45056,-454656,-623616,34816,-580608,-269312,-1863680,-1291264,-724992,-240640,-2061312,-1221632,-582656,-724992,-662528,-784384,144384,-824320,-1398784,-760832,-1658880,-1219584,-433152,-241664,-695296,-811008,-926720,-972800,-1413120,-961536,-1311744,-1205248,257024,741376,282624,-455680,-588800,-2584576,268288,-293888,-740352,-203776,-184320,-1652736,-683008,303104,-406528,-1025024,-286720,-1283072,-329728,-1005568,-122880,-866304,-123904,-1428480,613376,-741376,-1202176,-828416,-1358848,342016,-1380352,-1537024,-142336,-1029120,-1734656,-749568,-1131520,-684032,-609280,-1306624,-65536,-1032192,2048,-2152448,-2089984,592896,-63488,-482304,415744,528384,-539648,87040,-1618944,-357376,-693248,-2714624,-355328,101376,-422912,-231424,-914432,-816128,198656,223232,-457728,244736,-859136,16384,-1860608,-874496,-425984,-1297408,-1745920,-338944,-615424,-2046976,151552,-542720,-1351680,-3081216,-1557504,-1252352,90112,-720896,148480,266240,-551936,339968,-752640,-114688,-1465344,-262144,-728064,-651264,-387072,-2057216,470016,-892928,109568,-763904,-788480,-103424,-2259968,-678912,-832512,-801792,-1283072,-148480,-789504,-463872,-2813952,-1617920,13260800
-362496,456704,-843776,-1649664,-23552,-3181568,198656,1531904,773120,-746496,437248,-111616,-165888,666624,446464,-1067008,1448960,301056,-476160,-836608,753664,-828416,708608,217088,667648,130048,-126976,-111616,390144,272384,-163840,-815104,-744448,134144,-395264,-290816,907264,-37888,-999424,596992,-844800,633856,-1209344,-12288,-37888,-415744,-626688,285696,515072,-1532928,-414720,116736,203776,144384,1202176,-1024,-575488,300032,-1374208,-314368,-572416,-679936,906240,-703488,-518144,5120,1608704,-73728,508928,513024,-61440,-65536,456704,485376,1204224,576512,754688,984064,-130048,-279552,235520,290816,-778240,205824,-1678336,-141312,-500736,436224,272384,-1089536,685056,-622592,548864,-955392,-273408,1040384,-339968,237568,397312,-1311744,168960,21504,-809984,-684032,634880,-708608,-729088,-533504,-302080,-428032,-710656,-700416,-211968,-104448,-1177600,-206848,-219136,-2174976,54272,799744,785408,-619520,649216,-645120,-47104,-465920,467968,-481280,248832,480256,-553984,676864,262144,60416,-416768,-1045504,64512,97280,-503808,-313344,-517120,280576,336896,-311296,721920,-1685504,-1242112,1098752,230400,-371712,1247232,553984,-1006592,130048,889856,1156096,1105920,920576,724992,95232,-1436672,-235520,-531456,-1120256,-1380352,918528,311296,340992,-130048,204800,-1400832,204800,986112,444416,360448,704512,401408,645120,-1061888,72704,1683456,-190464,-712704,-265216,-30720,-962560,-1098752,-134144,196608,-562176,-1189888,81920,276480,-256000,-101376,-91136,-12288,-814080,-1205248,-540672,-420864,-130048,800768,256000,261120,-87040,-417792,381952,-246784,52224,-4096,30720,-653312,98304,122880,1231872,-1082368,-197632,-2123776,972800,-1072128,-1201152,-558080,-863232,-590848,-688128,285696,262144,-308224,262144,-239616,265216,187392,-6144,836608,-721920,-1401856,-867328,-53248,-1290240,-505856,505856,-446464,-392192,139264,-94208,805888,513024,-986112,-450560,353280,68608,-111616,-45056,380928,812032,-1485824,-538624,-1228800,-153600,93184,-403456,22528,-567296,-119808,855040,-33792,-869376,-1150976,140288,-686080,-737280,-1622016,-447488,-81920,-763904,-525312,-651264,-713728,377856,218112,292864,405504,532480,-1091584,-113664,712704,-465920,-51200,-524288,-249856,54272,-463872,-1233920,522240,53248,1359872,-275456,1539072,-1773568,140288,-861184,-870400,-657408,-382976,450560,670720,-786432,-202752,-531456,130048,-458752,715776,-599040,236544,380928,208896,-216064,606208,-3043328
791552,-164864,-775168,24576,-311296,-959488,-360448,601088,-1181696,1027072,-418816,-1379328,-707584,482304,189440,-484352,-461824,-417792,-1383424,-841728,827392,-1338368,956416,-205824,-260096,568320,-537600,-835584,-455680,-215040,330752,559104,-561152,-1216512,-805888,302080,-812032,-134144,-1253376,139264,-1106944,989184,-422912,-1144832,150528,307200,700416,-864256,-186368,1170432,477184,146432,-492544,102400,-444416,-198656,-1143808,627712,145408,26624,-462848,-509952,-1302528,140288,94208,-703488,-168960,-1150976,-428032,75776,220160,-294912,-62464,-462848,158720,189440,-1269760,-1317888,-778240,-84992,569344,-1540096,-118784,-641024,-47104,-1543168,-58368,-24576,-515072,343040,365568,-632832,526336,-1006592,-1262592,-1114112,-1579008,-960512,-1103872,-900096,-1538048,-358400,-634880,-914432,373760,176128,114688,4096,-313344,-608256,664576,619520,-131072,-309248,497664,370688,793600,200704,-1009664,302080,-585728,-620544,335872,-730112,437248,-740352,-270336,-466944,1422336,893952,-491520,-1389568,-1838080,217088,122880,445440,870400,-346112,52224,864256,-397312,-833536,-43008,-1253376,201728,-915456,-1006592,1313792,-287744,550912,-305152,-323584,-742400,-879616,1377280,849920,562176,463872,223232,730112,1323008,671744,259072,-762880,-983040,-398336,-849920,-770048,360448,-940032,-9216,-415744,-697344,-77824,-527360,-835584,-1281024,-626688,305152,-1139712,-1049600,1118208,280576,351232,208896,1468416,-1107968,532480,-1277952,-700416,570368,549888,-1601536,-119808,-1374208,-1104896,-299008,-858112,-88064,628736,-1080320,476160,-7168,338944,-911360,-428032,-371712,-216064,713728,-1106944,-308224,55296,-955392,567296,-579584,866304,11264,-829440,-152576,-1282048,116736,-167936,-968704,-721920,159744,-952320,510976,-227328,861184,100352,199680,-1091584,-330752,-1606656,422912,57344,424960,966656,-748544,1142784,-709632,-158720,-1508352,-326656,-120832,-1661952,926720,-741376,-1075200,-685056,-96256,-613376,-943104,-921600,287744,-327680,133120,822272,-487424,52224,1024,43008,-123904,-896000,-756736,90112,1699840,611328,-299008,522240,94208,-1878016,-1341440,-840704,-655360,660480,199680,-629760,-859136,-1253376,92160,-226304,6144,-556032,-51200,773120,-252928,1374208,-571392,-212992,-1128448,750592,927744,267264,-721920,180224,291840,475136,-60416,-1353728,-231424,-182272,-258048,-175104,137216,-235520,330752,94208,-815104,-656384,-69632,490496,603136,1124352,-317440,1045504,-365568,-919552,-1882112,13425664
-251904,-1410048,-1281024,-600064,-243712,-897024,1652736,507904,432128,-232448,119808,-1152000,106496,459776,-102400,753664,158720,524288,-175104,863232,-690176,-396288,-38912,-301056,-142336,-864256,1283072,-357376,897024,190464,320512,24576,333824,-1226752,-631808,84992,1265664,1533952,-245760,1169408,818176,579584,-1585152,133120,-1216512,-232448,415744,-559104,650240,1369088,-782336,-334848,-753664,303104,164864,811008,-101376,266240,-47104,563200,560128,-77824,142336,440320,1038336,-816128,1287168,-687104,1265664,81920,-413696,-2247680,461824,61440,760832,-1116160,296960,-1441792,1016832,521216,684032,233472,514048,-98304,778240,-293888,374784,563200,476160,-133120,-390144,142336,-2027520,1086464,29696,217088,501760,-138240,-286720,-601088,-963584,967680,950272,223232,790528,1287168,1148928,1308672,846848,169984,-30720,-6144,-86016,814080,888832,-779264,-435200,317440,-160768,-1308672,76800,70656,-223232,163840,273408,-1854464,-32768,-581632,1003520,-645120,-145408,157696,487424,-505856,-879616,553984,703488,526336,458752,-97280,989184,-168960,671744,172032,1518592,-330752,500736,-1294336,622592,-91136,-1102848,2413568,1811456,-759808,357376,1339392,1356800,728064,1613824,-121856,548864,-617472,429056,-633856,134144,541696,-852992,676864,-141312,-208896,336896,228352,-1336320,-140288,453632,-100352,1240064,-850944,1634304,-1617920,206848,-1036288,-579584,-352256,401408,-406528,-313344,-35840,-763904,-882688,475136,569344,-649216,-405504,60416,831488,734208,342016,-671744,125952,-575488,-775168,591872,476160,-222208,384000,886784,1635328,337920,1230848,-539648,-906240,477184,-823296,1200128,347136,441344,68608,-32768,-1297408,273408,-716800,-1723392,-171008,-1168384,-277504,-124928,105472,-175104,-897024,-261120,299008,559104,405504,470016,-124928,-928768,-1448960,-1135616,627712,-316416,-1160192,-812032,7168,57344,1048576,547840,631808,-909312,449536,-336896,678912,715776,-158720,-984064,661504,1030144,-752640,960512,708608,-238592,1096704,-450560,700416,733184,-128000,-697344,-15360,577536,858112,-704512,668672,1590272,119808,-332800,611328,266240,55296,-376832,359424,-16384,41984,374784,340992,1378304,148480,-785408,27648,825344,1157120,1412096,732160,-703488,-591872,190464,-39936,559104,-253952,17408,-1331200,137216,-839680,-572416,-403456,-695296,-5120,-137216,-907264,411648,-452608,968704,418816,332800,-687104,542720,-522240,424960,595968,-316416,-566272
-168960,-594944,-1380352,327680,131072,497664,-813056,-2129920,-641024,721920,-1338368,-1432576,-290816,-657408,533504,239616,-1342464,-991232,-741376,-1199104,370688,-1969152,-737280,687104,-1363968,-72704,-336896,-2054144,250880,-971776,-1013760,-1667072,241664,-23552,1114112,-880640,-1141760,-1272832,-66560,443392,194560,-325632,-1123328,267264,-744448,-1545216,-1445888,-696320,-1641472,-371712,1370112,-1143808,-534528,-515072,-966656,-27648,292864,-765952,29696,-8192,-1204224,-466944,254976,694272,-893952,-11264,-371712,222208,121856,259072,620544,-883712,322560,-11264,-277504,-218112,-933888,-1082368,-621568,-295936,-763904,179200,-445440,115712,38912,1040384,77824,-1011712,124928,139264,-219136,-1183744,-249856,-253952,-1268736,585728,-80896,650240,521216,1375232,408576,591872,-401408,-329728,-1534976,-614400,-1248256,936960,-751616,146432,240640,130048,-631808,-1652736,194560,-2776064,60416,734208,-1024000,920576,-625664,721920,1991680,1050624,-929792,492544,-658432,-154624,118784,-1159168,-412672,-497664,-1080320,99328,84992,-104448,-13312,90112,307200,362496,-339968,-579584,-166912,-1349632,-6144,-423936,691200,-729088,-488448,-887808,-413696,22528,491520,104448,627712,752640,-1029120,-283648,-1410048,-1522688,-497664,-440320,392192,-1125376,-625664,-217088,-310272,-226304,-856064,-845824,-375808,283648,-1082368,280576,-1272832,-1107968,963584,-1261568,-1188864,-1448960,173056,-913408,-523264,-498688,-70656,-818176,-1214464,-2256896,-99328,-185344,-473088,-83968,-574464,-1485824,-235520,372736,482304,-1544192,-983040,-1128448,-228352,-7168,69632,-219136,598016,1234944,16384,91136,-241664,268288,547840,311296,-414720,792576,-75776,-376832,-1242112,-774144,79872,80896,-11264,-544768,897024,-858112,105472,-238592,109568,922624,-285696,556032,-595968,-606208,-756736,7168,-1137664,-311296,131072,-365568,-368640,461824,-169984,477184,-1103872,-174080,317440,1284096,-277504,247808,-640000,-57344,-1051648,-190464,569344,-942080,70656,-736256,150528,-164864,801792,-637952,293888,500736,-754688,-1075200,32768,-191488,-502784,729088,-1217536,-1361920,-830464,-1228800,-936960,-747520,-104448,-1325056,615424,-762880,-697344,-487424,-267264,-550912,-777216,-182272,-1232896,877568,-702464,-17408,-432128,-288768,-399360,137216,-896000,394240,-350208,-795648,493568,93184,705536,-587776,303104,-1190912,-16384,649216,55296,-265216,-533504,720896,-618496,-18432,-870400,-1104896,-749568,-838656,-1497088,-620544,-763904,-651264,-139264,-572416
-569344,-1971200,-540672,-743424,-1356800,-1231872,-1414144,8024064,-1478656,-1481728,-533504,-394240,-636928,-683008,-1806336,-723968,-350208,-1786880,-1786880,-686080,-542720,-79872,-697344,-1537024,-443392,-1981440,-386048,467968,-934912,462848,-530432,-1082368,-1640448,-217088,-611328,-544768,-1396736,-888832,-1325056,-992256,-1531904,177152,-591872,-886784,317440,-1352704,-119808,-619520,-637952,-1215488,-380928,-1083392,-1526784,-461824,-1579008,-818176,-827392,-1118208,-620544,-123904,-988160,-220160,-675840,-2313216,-1305600,63488,38912,-265216,-579584,-1377280,-997376,-862208,-456704,-1512448,-889856,13312,-181248,356352,-1075200,-281600,-610304,-1154048,-271360,-2002944,-384000,-771072,-266240,-259072,-727040,-27648,-1197056,-852992,-1540096,-1414144,497664,-1396736,-1090560,-730112,-502784,-576512,145408,-1823744,-1113088,-536576,-115712,-172032,-869376,-1054720,-1568768,-1247232,-1228800,-942080,-273408,-931840,783360,-664576,-504832,-183296,-1257472,-550912,-773120,-542720,70656,-607232,-1104896,-132096,-557056,-1814528,-342016,397312,-1770496,-103424,-97280,-196608,848896,-91136,-977920,-209920,-150528,-1000448,-769024,-585728,-1392640,-160768,-1268736,-821248,-450560,-1600512,-1197056,455680,-523264,-1138688,-317440,60416,54272,-1207296,-805888,-1181696,-144384,-1459200,-1277952,-972800,-467968,-384000,-2278400,-130048,-943104,-641024,-235520,-934912,-287744,-688128,-2553856,-1220608,201728,-828416,-702464,-122880,-599040,-882688,-308224,540672,-1636352,-466944,-1498112,-2098176,-1079296,-326656,-262144,142336,-522240,-881664,-441344,-902144,-194560,-1240064,-536576,-878592,-2148352,-279552,582656,-324608,139264,-975872,-1829888,-570368,-119808,-1456128,-520192,223232,-2036736,-2367488,-1226752,-301056,-1529856,-579584,-1218560,-2503680,83968,406528,-1787904,-806912,12288,229376,-528384,-924672,-1038336,-418816,-1218560,-844800,-145408,-917504,-960512,124928,157696,-1268736,-814080,-1135616,-1588224,-561152,-2607104,-1244160,-318464,-1832960,804864,-1418240,-659456,-2160640,-1315840,-1952768,262144,-764928,-1011712,-1035264,-420864,-1438720,-972800,-1043456,-1146880,-322560,-2104320,-607232,-1170432,-263168,-620544,-799744,-1083392,-1635328,-361472,-1774592,-1113088,-1724416,-551936,-428032,-1468416,422912,-40960,-1724416,-1089536,-354304,-385024,-926720,-600064,-1171456,-456704,-948224,-869376,-949248,21504,-846848,-901120,-1112064,-1032192,7168,-681984,-159744,-1122304,-735232,-275456,-1723392,-564224,-1329152,285696,-79872,-201728,-1679360,-663552,-281600,145408,-389120,-268288,-987136,-1589248,-610304,-802816,-1750016,-329728,-1189888,-552960,-1207296
-52224,1054720,-1752064,-403456,1300480,-1255424,-760832,-592896,317440,-1326080,-816128,-2095104,86016,-314368,-852992,-224256,-722944,1221632,-1126400,498688,-600064,540672,51200,-893952,314368,823296,279552,201728,-400384,377856,433152,-218112,413696,-420864,-599040,364544,-598016,-793600,152576,1245184,-1349632,-517120,870400,185344,807936,202752,-307200,185344,19456,-946176,-749568,-1223680,-824320,-151552,485376,-23552,-70656,1399808,494592,-93184,1113088,-596992,322560,-483328,395264,-947200,-869376,276480,644096,-117760,15360,-374784,-326656,968704,-557056,-38912,209920,-109568,242688,338944,641024,-209920,1077248,-89088,561152,175104,-111616,-342016,239616,328704,92160,-607232,1053696,-327680,236544,963584,-1212416,417792,-215040,26624,-689152,-737280,-689152,372736,-146432,-710656,769024,-1340416,-929792,928768,-180224,-656384,-76800,697344,395264,102400,-2296832,709632,-400384,1307648,-376832,-862208,-654336,-246784,-545792,-463872,168960,-210944,625664,66560,508928,1412096,-217088,-39936,-642048,-975872,388096,-501760,-68608,-745472,-358400,-1003520,-1037312,581632,-632832,-1015808,-233472,494592,-332800,235520,133120,-965632,377856,-86016,-420864,-442368,-452608,206848,-245760,19456,-444416,-1139712,710656,802816,-947200,-400384,-1503232,227328,-1980416,-631808,-1002496,-842752,509952,529408,843776,-552960,-149504,-133120,1197056,-1178624,-549888,-780288,-580608,-21504,582656,669696,-328704,-885760,-2433024,-70656,-458752,-417792,-663552,-1782784,232448,497664,406528,353280,-308224,-1339392,-404480,-37888,575488,359424,743424,859136,-71680,-29696,517120,796672,289792,-851968,-719872,-446464,526336,-571392,-2338816,-2636800,299008,-83968,-540672,1236992,-262144,-1446912,-562176,-585728,-300032,1126400,-820224,-142336,786432,515072,519168,-776192,-444416,-232448,-1238016,129024,-538624,-595968,1200128,1225728,84992,-920576,-1415168,109568,-86016,-751616,571392,304128,1572864,-323584,488448,-863232,-922624,-1769472,-98304,-22528,-440320,-50176,159744,-1185792,-900096,75776,-1299456,75776,-706560,-513024,-627712,-13312,-424960,342016,-367616,-28672,-505856,-102400,-733184,134144,-409600,335872,-17408,8192,-756736,-620544,-224256,982016,-982016,-245760,1154048,-1466368,-874496,328704,-1527808,-618496,-976896,-848896,-324608,31744,-1691648,-715776,-1128448,-290816,-561152,840704,-650240,90112,801792,-440320,-82944,259072,332800,-588800,247808,424960,-282624,1164288,-136192,-388096,1629184,-831488
-434176,-35840,-549888,-473088,-373760,-66560,179200,-636928,-147456,-125952,2048,52224,-354304,-352256,-380928,-1503232,-285696,-1299456,-840704,-461824,256000,197632,-39936,-5120,266240,600064,-1780736,306176,735232,-829440,370688,-635904,-892928,384000,-919552,-750592,-811008,-605184,-439296,-905216,-647168,241664,-1116160,-747520,-1061888,-11264,-571392,-452608,-642048,-633856,51200,-926720,-423936,166912,-163840,67584,-568320,235520,-568320,192512,-27648,-168960,477184,-459776,-908288,-1433600,-448512,-1290240,64512,-391168,-130048,274432,-13312,-888832,-748544,-1506304,6144,996352,-640000,1826816,-1378304,-1418240,-1548288,52224,-464896,-546816,1575936,-261120,83968,-175104,456704,-1371136,-581632,-1989632,-442368,-277504,46080,-321536,-827392,-1117184,483328,-604160,-883712,-234496,172032,-890880,-636928,-10240,-462848,-1032192,-587776,-332800,396288,528384,-1180672,111616,-240640,-86016,-474112,403456,-1172480,532480,-601088,-867328,72704,314368,367616,-1145856,-557056,-1057792,-728064,-1594368,233472,633856,-411648,-27648,-944128,-502784,690176,-344064,-998400,193536,-564224,-631808,76800,-393216,542720,-215040,-643072,-251904,-269312,-708608,-1186816,-321536,-55296,557056,165888,410624,319488,717824,244736,-978944,283648,-1299456,395264,-417792,-212992,-500736,-79872,-797696,-846848,-409600,-246784,-271360,59392,-234496,-528384,-1560576,91136,-416768,-301056,-149504,-1171456,-696320,-528384,252928,503808,233472,27648,-50176,9216,-333824,-263168,-83968,-2367488,11264,-448512,-805888,-547840,384000,546816,210944,-1044480,-1504256,-610304,-6144,-1222656,-76800,303104,-331776,-400384,-540672,-790528,-952320,815104,-883712,-1341440,-261120,-694272,40960,-779264,-691200,-525312,-453632,-122880,-807936,-577536,-283648,-60416,-452608,-430080,-1087488,-2066432,71680,-499712,-842752,123904,-181248,-746496,921600,-393216,-622592,-126976,-327680,-854016,-63488,370688,-200704,-984064,-3072,-1358848,-1506304,-475136,-1017856,1024,-67584,-183296,253952,-395264,-1327104,-449536,-432128,-952320,-137216,1577984,16384,-925696,198656,-184320,57344,-848896,688128,-402432,-1257472,-542720,7168,-89088,-884736,-728064,-1288192,-1093632,-660480,-296960,-546816,-1025024,-103424,89088,-726016,696320,651264,-328704,-1514496,1020928,-488448,51200,110592,-1096704,-5120,66560,-890880,-228352,-246784,-741376,909312,-37888,-492544,1086464,-356352,-2032640,-409600,488448,684032,-92160,-38912,-1412096,-179200,-1712128,-1555456,-525312,-774144
-398336,623616,209920,-201728,-179200,818176,-848896,457728,970752,-82944,57344,464896,1077248,-125952,-56320,463872,487424,-215040,1061888,-291840,642048,-1620992,-260096,845824,595968,-593920,-1400832,574464,-272384,1478656,-560128,-995328,-2499584,521216,-449536,-788480,302080,347136,-1145856,-782336,-303104,-194560,-860160,874496,-986112,-332800,-1324032,626688,363520,-813056,30720,-247808,-475136,-1112064,-580608,-832512,958464,-284672,-616448,88064,-995328,-1211392,-595968,413696,-64512,589824,-420864,-397312,-118784,462848,-1088512,543744,545792,-831488,-490496,-918528,1441792,214016,-536576,409600,159744,35840,-243712,84992,-498688,422912,-219136,1156096,-1061888,615424,-343040,-951296,147456,910336,25600,994304,-537600,371712,417792,-1439744,-4096,-1448960,-16384,362496,72704,-1116160,-1735680,-627712,836608,223232,70656,1138688,-560128,-363520,237568,483328,-1073152,-601088,155648,-831488,-346112,-578560,842752,309248,566272,38912,-1793024,-104448,-150528,-781312,527360,-523264,705536,-643072,-1074176,-745472,-1220608,-1036288,-288768,322560,-1157120,-827392,-252928,397312,-316416,230400,-1520640,936960,501760,-1275904,308224,-816128,-1319936,337920,-352256,-1403904,-34816,450560,11264,949248,-746496,-88064,-462848,-549888,-690176,-319488,717824,547840,361472,254976,-442368,-902144,132096,-451584,-565248,28672,-38912,530432,-1210368,489472,-241664,-940032,92160,-31744,22528,-1265664,-1043456,527360,-568320,579584,-304128,280576,23552,-312320,507904,567296,508928,-162816,-1087488,-456704,-156672,-1107968,186368,344064,272384,-1205248,-799744,220160,764928,-1664000,703488,-834560,475136,1465344,-237568,161792,989184,-405504,-146432,-1029120,-228352,-769024,-100352,-973824,121856,339968,-1842176,133120,-1186816,-406528,-440320,2662400,260096,327680,-557056,487424,-928768,74752,21504,881664,528384,104448,219136,-270336,-104448,-723968,279552,-532480,226304,-190464,777216,812032,696320,-90112,721920,-649216,-1362944,-62464,-325632,-342016,755712,-1607680,704512,25600,-870400,-1026048,1201152,-4096,467968,953344,-570368,991232,-116736,-137216,-147456,995328,190464,617472,1195008,210944,1501184,-303104,52224,-637952,-43008,-1220608,-1241088,1600512,-313344,-215040,-526336,-418816,-376832,78848,-374784,453632,487424,1406976,354304,440320,-463872,-1790976,95232,-296960,557056,79872,-382976,-759808,118784,-56320,-180224,-955392,-1060864,427008,-618496,69632,452608,545792,1389568,328704
74752,-514048,-697344,160768,-819200,64512,39936,-964608,322560,-1868800,592896,661504,114688,152576,531456,378880,-933888,-518144,644096,325632,994304,-783360,-259072,-142336,645120,-521216,-526336,-174080,-751616,-1123328,-196608,452608,472064,-248832,-1001472,-535552,-409600,-221184,408576,-456704,-1047552,-410624,1169408,-98304,-650240,-344064,-809984,-405504,-1089536,-352256,1458176,445440,-15360,616448,-942080,-1164288,-996352,178176,870400,-130048,138240,-377856,-165888,755712,31744,-731136,750592,-839680,-607232,695296,224256,194560,1522688,664576,-346112,620544,-1371136,-221184,6144,-51200,427008,-198656,-1648640,232448,309248,-686080,139264,-229376,-524288,755712,-946176,-1257472,-826368,-532480,-257024,-234496,-770048,-872448,881664,609280,254976,-930816,-952320,-1188864,-226304,683008,-416768,-278528,510976,551936,-769024,294912,-419840,1130496,77824,218112,-412672,272384,-630784,-292864,598016,-144384,1162240,-195584,-579584,601088,-732160,1089536,243712,-323584,-183296,-719872,-566272,1113088,-343040,-1750016,-17408,-61440,-103424,834560,-552960,-88064,-746496,-437248,-545792,443392,-79872,-20480,-903168,-23552,-622592,87040,-841728,98304,1026048,-20480,1207296,-626688,-599040,-97280,-297984,29696,-1222656,-1211392,-838656,872448,-192512,171008,-849920,166912,-736256,-273408,-326656,209920,-358400,239616,142336,352256,-235520,-110592,-225280,-1181696,477184,-1004544,-1177600,-252928,-1231872,-314368,649216,-324608,-185344,519168,143360,-273408,-951296,205824,-154624,137216,1221632,-1405952,-98304,288768,-408576,262144,1205248,176128,646144,-429056,-617472,-811008,969728,-29696,50176,-891904,733184,-888832,-733184,-73728,-51200,81920,-344064,233472,-243712,-561152,235520,-442368,-619520,-442368,-496640,-454656,-765952,-1571840,-394240,-965632,45056,204800,-374784,-323584,-553984,-1087488,-226304,-988160,1036288,-616448,-1065984,-842752,-526336,-1246208,-2060288,-393216,-377856,462848,-258048,21504,-373760,123904,-362496,-293888,358400,-15360,-872448,-20480,-1692672,-337920,-220160,107520,1065984,151552,289792,-811008,295936,-753664,-2244608,-600064,-305152,-1709056,-1371136,429056,-1172480,-596992,-734208,107520,-2048,-232448,21504,-937984,-630784,193536,-657408,-82944,-351232,-1105920,-275456,-136192,-815104,-654336,-987136,-703488,-174080,-292864,-2641920,-493568,1111040,-294912,-84992,29696,-659456,-133120,-303104,-777216,136192,492544,69632,-359424,744448,-976896,-474112,579584,287744,-1034240
-1281024,-595968,-498688,-830464,-1038336,-2344960,-608256,-130048,613376,-920576,539648,-1249280,-830464,-46080,-1371136,-524288,80896,302080,-546816,-464896,-225280,-943104,73728,145408,-663552,-260096,-207872,-553984,-11264,-230400,-534528,-471040,-604160,-1134592,-126976,-772096,-487424,46080,-958464,-1060864,1130496,-860160,-572416,-371712,500736,-231424,-1147904,-630784,-154624,-636928,-1253376,-1171456,-1092608,22528,832512,389120,-518144,-244736,-2112512,-624640,-69632,-1449984,-1977344,-753664,-424960,-211968,-417792,134144,107520,-720896,933888,-35840,-806912,508928,-845824,-577536,-410624,188416,173056,-174080,-1132544,180224,271360,-1089536,-25600,-704512,-552960,-150528,311296,-483328,342016,-2233344,-402432,-529408,-1288192,212992,-398336,-1121280,-123904,-978944,-3201024,-269312,-1046528,188416,-1790976,-1306624,-934912,-1071104,-612352,354304,30720,-67584,437248,-294912,196608,-807936,-875520,-119808,-80896,-1540096,-221184,-1412096,-928768,-1058816,-109568,159744,-727040,-718848,-80896,-1292288,232448,-2142208,-277504,-1024,-509952,-897024,-157696,-1045504,-1295360,-1772544,-892928,-515072,-1991680,-593920,-283648,-372736,-1063936,-1104896,93184,-467968,-249856,-953344,48128,357376,194560,-218112,-58368,1455104,423936,-1753088,-852992,-844800,-648192,-1767424,-1053696,141312,-1090560,-1410048,-1684480,-280576,-1433600,377856,-946176,-103424,-998400,-182272,-178176,-331776,-929792,244736,-1105920,-1339392,-969728,-409600,-975872,916480,645120,-693248,-1213440,-766976,-791552,-1252352,-1011712,-1343488,-995328,-593920,-374784,-1193984,-586752,-1566720,-1489920,-1456128,-2731008,-1344512,-2056192,67584,-359424,-685056,-587776,-1532928,-1224704,-130048,-2582528,-2211840,-1486848,-1078272,-1159168,-1000448,-1044480,-1199104,-870400,-1202176,-748544,-390144,458752,-978944,-735232,-439296,-1201152,89088,-873472,-608256,24576,-683008,-973824,-631808,-373760,-1916928,-3042304,-2200576,-1394688,-759808,-523264,-1105920,-187392,-271360,-509952,-1171456,-1057792,-840704,-1479680,-585728,-441344,-332800,-590848,-1018880,-1375232,-882688,691200,-930816,-345088,917504,-103424,-668672,-1359872,-939008,-1475584,131072,-365568,704512,-245760,-312320,240640,-786432,-320512,-1710080,-274432,-2823168,-739328,-535552,-1259520,-461824,-846848,-328704,-727040,-1306624,-1082368,-1001472,-490496,17408,-723968,-801792,-876544,-1435648,-1157120,-1077248,-1094656,-1356800,-758784,-179200,-1895424,-430080,70656,565248,199680,-13312,-582656,-487424,-918528,283648,-759808,-406528,-1006592,-375808,-1330176,-886784,-5120,-216064,-1078272,-147456
-144384,-691200,-6144,205824,-460800,-188416,1193984,757760,888832,-229376,402432,-123904,1240064,-696320,1123328,-1090560,681984,1104896,-754688,-650240,-703488,-1149952,578560,1614848,492544,968704,-289792,-168960,-359424,773120,-756736,355328,427008,584704,956416,-248832,-54272,12288,1258496,166912,-983040,588800,1104896,-110592,655360,551936,576512,-1185792,-549888,734208,-915456,-96256,464896,-980992,-817152,504832,139264,-655360,1445888,-1110016,237568,-152576,-796672,-302080,147456,-1562624,171008,17408,407552,-342016,-176128,-883712,1538048,-1525760,-553984,187392,835584,-2487296,278528,712704,656384,700416,503808,357376,181248,-625664,551936,-102400,-490496,414720,395264,90112,538624,-963584,191488,-615424,-493568,-653312,-87040,-568320,1521664,-245760,-592896,505856,-138240,1157120,-1476608,-685056,129024,-912384,419840,1122304,-1384448,-139264,-309248,-1296384,-623616,-412672,543744,1439744,558080,1020928,-193536,24576,-494592,140288,92160,723968,788480,-1394688,541696,739328,-742400,1027072,-1129472,-309248,465920,125952,520192,996352,-62464,-395264,-615424,-474112,-892928,-776192,109568,-1262592,219136,-377856,488448,-157696,-448512,-1095680,-745472,-17408,389120,1409024,399360,448512,-1027072,572416,1782784,437248,-473088,70656,-1711104,-277504,-929792,-215040,-414720,620544,-1051648,612352,-310272,382976,848896,-1423360,-544768,-506880,798720,-531456,1671168,-488448,-503808,1363968,791552,-863232,-51200,162816,-1623040,-421888,-226304,-1362944,914432,-23552,-335872,-359424,-108544,-468992,-237568,918528,1000448,249856,-74752,-496640,139264,-403456,-556032,484352,520192,234496,-121856,603136,-29696,718848,-1427456,-271360,-1204224,203776,-330752,-1201152,339968,-661504,315392,-1120256,-472064,934912,662528,-439296,-305152,-861184,-818176,-1534976,-12288,533504,-1077248,159744,264192,715776,263168,1312768,-647168,564224,-235520,-14336,-690176,183296,588800,829440,-12288,-124928,-471040,474112,-2223104,771072,-478208,-461824,826368,476160,-192512,-731136,-592896,561152,413696,-128000,-788480,-1185792,544768,-28672,-923648,520192,47104,-658432,-877568,-147456,735232,611328,292864,384000,-580608,154624,539648,-82944,-971776,-5120,-1145856,584704,1094656,421888,752640,-928768,-1789952,524288,-312320,-1217536,319488,-98304,-960512,3072,-1286144,-995328,302080,-762880,75776,205824,-73728,93184,-455680,967680,21504,-306176,-517120,-294912,1603584,-463872,-990208,712704,712704,-66560
-1036288,-362496,-402432,-1585152,-998400,-517120,-839680,-1296384,-464896,-305152,-208896,-288768,252928,-638976,-628736,-1017856,130048,-97280,570368,-1013760,-1349632,-1089536,-608256,-349184,-241664,-1180672,-143360,-31744,699392,-126976,-1617920,-755712,-129024,-94208,-1212416,-1342464,80896,-424960,-726016,22528,114688,436224,-965632,-13312,75776,-1086464,-208896,149504,-390144,-346112,-1986560,-128000,-1199104,-1231872,-1781760,-442368,-419840,251904,234496,-1164288,5120,-432128,-947200,-651264,-907264,309248,-1354752,-1710080,670720,-720896,-1565696,-1131520,-1209344,-487424,-504832,-1043456,-1553408,88064,87040,-243712,-491520,-51200,-1208320,-864256,-1046528,293888,-463872,-7168,-142336,-1343488,-687104,609280,-1373184,-367616,-968704,-796672,126976,23552,-238592,-14336,-1174528,-924672,-1622016,-305152,62464,69632,-663552,-570368,-699392,-786432,-612352,-1743872,-1639424,711680,308224,-1638400,-44032,-538624,-472064,-1367040,-212992,-1695744,-30720,-563200,-1139712,-53248,-130048,-1408000,4096,-267264,-1260544,-831488,-67584,-808960,-470016,-503808,-893952,825344,-33792,-1560576,-1163264,195584,-1139712,885760,-780288,-372736,56320,44032,-680960,-1185792,-730112,-776192,828416,-457728,-174080,-1103872,-389120,-1338368,443392,-434176,-653312,-979968,-336896,-196608,-866304,-34816,2048,-21504,-1132544,-1210368,-424960,-787456,-555008,-340992,-972800,935936,-1221632,14336,-1055744,-2268160,-328704,-621568,-122880,-686080,585728,-480256,357376,-1353728,-1645568,-339968,-513024,7168,-887808,-1485824,-1602560,-667648,-905216,-436224,-762880,-645120,73728,-700416,-1796096,-1000448,32768,-659456,-662528,200704,200704,-105472,-1329152,-1389568,-626688,-1169408,-833536,-404480,-1642496,1072128,-1598464,-729088,-150528,-121856,-700416,-1853440,317440,527360,-370688,-1029120,-875520,1141760,-975872,-1366016,-994304,25600,-1001472,994304,-108544,-1159168,-48128,-823296,145408,-1438720,-497664,-915456,-227328,-974848,-1347584,-41984,-475136,-1469440,-693248,-546816,-2110464,-989184,-677888,149504,-1024,-503808,-1029120,-556032,-1347584,-190464,-857088,296960,73728,-924672,-79872,111616,-806912,-1536000,-1473536,-43008,-1428480,334848,-105472,236544,-737280,-606208,-1323008,-557056,-448512,-1044480,-804864,-1160192,-137216,-223232,164864,-1385472,-882688,-1467392,720896,-1139712,-435200,-70656,-769024,-348160,-531456,-1358848,-712704,-1209344,477184,121856,-602112,-1067008,-10240,132096,-1106944,-1915904,-628736,676864,-545792,-1010688,10205184,-1723392,-670720,-1288192,-1345536,-608256,-434176,-797696
-284672,-863232,-1139712,-613376,0,-187392,472064,-1411072,-594944,-1475584,-1200128,-564224,-284672,183296,-387072,-691200,-26624,-505856,-1216512,-943104,-1259520,-1753088,-1550336,-1037312,265216,-214016,-918528,251904,-227328,-499712,-409600,-409600,-1620992,-317440,-1038336,-726016,-743424,-549888,-176128,-503808,-1369088,-541696,-627712,142336,-2048,263168,-544768,-5120,541696,-307200,-670720,-493568,-441344,-1131520,-283648,81920,-551936,-100352,-373760,233472,-1668096,-1231872,-579584,-456704,-1353728,-879616,-842752,1065984,-475136,-558080,-446464,-685056,-374784,-199680,221184,-1083392,-153600,-610304,-990208,-252928,-1308672,-464896,-132096,-159744,43008,-455680,-549888,-134144,-525312,-655360,-1321984,-944128,116736,276480,-889856,-378880,453632,-146432,57344,-292864,-937984,-429056,351232,-391168,-454656,-1761280,-956416,-2339840,-559104,608256,67584,-110592,119808,363520,265216,-975872,-645120,21504,-1006592,-825344,-464896,-1630208,279552,122880,-784384,-868352,-785408,-667648,-436224,-1689600,557056,329728,-548864,-482304,-1703936,-343040,-1253376,-786432,-1181696,-248832,-1562624,-17408,-665600,1024,-646144,-381952,-153600,81920,-465920,1176576,594944,-481280,-1666048,-584704,-755712,-343040,-580608,-378880,-565248,-1293312,-58368,350208,-1364992,-922624,-43008,-831488,-99328,-91136,73728,-576512,-828416,260096,400384,806912,-84992,-813056,-466944,-1230848,-2075648,-1937408,271360,-593920,-557056,396288,-903168,-841728,364544,-222208,105472,-1140736,-850944,-1105920,-970752,-68608,-1121280,339968,354304,-681984,-577536,45056,-1539072,-558080,-594944,14336,-710656,1024,-489472,-421888,-1004544,313344,580608,-1465344,-1154048,-575488,-1458176,-1672192,-1217536,-1511424,-266240,-185344,-205824,-12288,-806912,-1516544,-1510400,-75776,-765952,-1555456,-809984,-947200,-836608,-1230848,-76800,-96256,-441344,-1864704,-1178624,-944128,-41984,-965632,-530432,585728,-1198080,-1307648,297984,-33792,-427008,198656,-657408,-76800,-720896,-1045504,-924672,-637952,-772096,-275456,112640,-668672,-593920,99328,192512,-944128,181248,-1662976,-2057216,-381952,-48128,17408,-468992,-997376,-346112,143360,-318464,-226304,-491520,-1684480,392192,-183296,-107520,731136,-433152,-1124352,-1013760,-1114112,-3296256,-1033216,161792,-648192,995328,-791552,88064,-552960,574464,-709632,-1014784,-666624,-700416,815104,50176,-671744,178176,-599040,-109568,-902144,805888,-102400,167936,-106496,-979968,111616,-941056,-1567744,-316416,-1002496,131072,-128000,77824,-1232896,-756736,-1082368
160768,1072128,-699392,-169984,-1139712,-100352,-253952,411648,-1803264,-419840,-105472,458752,-140288,-911360,-312320,-1193984,258048,-378880,-268288,-239616,747520,607232,-72704,-571392,1155072,851968,-500736,-909312,-1024,325632,-380928,-190464,-179200,91136,252928,697344,61440,-11264,-745472,652288,-406528,932864,-326656,-666624,516096,-1056768,-1355776,-645120,63488,39936,1231872,-506880,-899072,-402432,-248832,-410624,-1045504,-1336320,-852992,578560,-22528,-44032,-766976,161792,-969728,-464896,908288,-75776,676864,-600064,-672768,527360,531456,-1561600,-3072,-377856,-416768,-95232,124928,1575936,-727040,-121856,279552,-598016,-807936,-1171456,-271360,-165888,-427008,417792,200704,375808,145408,-90112,-558080,-1250304,-43008,712704,434176,-38912,-536576,357376,72704,572416,18432,1500160,-181248,293888,113664,-1256448,-188416,-538624,9216,-850944,-1149952,251904,262144,1537024,-1203200,26624,631808,-747520,-702464,-159744,489472,-474112,800768,165888,307200,-1715200,-217088,-1284096,186368,-1230848,-965632,408576,-302080,-46080,-299008,361472,-1183744,-1896448,364544,1107968,182272,-764928,-1342464,-745472,801792,-125952,233472,821248,740352,-306176,167936,1156096,-354304,-401408,649216,-379904,248832,53248,-368640,-609280,-240640,-815104,-806912,323584,116736,-114688,-703488,-493568,-387072,-959488,-244736,486400,-955392,-825344,429056,-1620992,570368,-1328128,-224256,-964608,306176,-421888,259072,-48128,-328704,-590848,-779264,-254976,235520,-65536,-1049600,-674816,414720,-572416,-205824,240640,-940032,-566272,107520,-799744,238592,-608256,-552960,1681408,271360,659456,-932864,-440320,107520,-1213440,-993280,-192512,-46080,536576,891904,-97280,1665024,-398336,-1448960,-3168256,368640,159744,-450560,999424,-703488,-397312,283648,-408576,381952,394240,312320,-508928,137216,11264,-987136,-1283072,-271360,50176,-779264,1204224,-1384448,-664576,-1015808,649216,-1462272,-568320,-1257472,-843776,392192,697344,322560,-1170432,-658432,-781312,-934912,309248,-34816,-1268736,-526336,904192,-1071104,274432,885760,270336,-343040,-792576,-1460224,618496,-416768,121856,-994304,-421888,-95232,638976,-233472,80896,-5120,-282624,-289792,216064,270336,-1090560,-1281024,496640,-332800,771072,287744,37888,135168,-282624,-320512,698368,-570368,-458752,238592,-1250304,-1000448,-23552,-1324032,566272,519168,840704,-101376,-239616,-1183744,296960,795648,-126976,-233472,-633856,-659456,70656,451584,-716800,-294912,855040
-184320,-522240,-1381376,-596992,-829440,-902144,-664576,480256,484352,-258048,-1601536,-1288192,-1008640,131072,-989184,-83968,605184,-1186816,-800768,-1104896,196608,-1333248,-680960,-1884160,-423936,-947200,414720,822272,-660480,97280,-927744,-1158144,-745472,-979968,-1054720,-164864,687104,-931840,-1408000,-2364416,-234496,-485376,-694272,-574464,-528384,-592896,-1259520,474112,-576512,-1310720,-935936,-20480,743424,-266240,-1321984,-1500160,-506880,-440320,-1092608,598016,-646144,-1922048,-2157568,-653312,-394240,-649216,-549888,18432,-1681408,353280,-1556480,-1120256,-781312,-1377280,-541696,82944,-550912,-1134592,-1522688,-1766400,-723968,-9216,-49152,-972800,-323584,-891904,-957440,-2024448,-556032,-342016,-1241088,-776192,905216,-1231872,-520192,45056,-389120,-629760,-234496,-1272832,-799744,-409600,-1827840,-163840,-474112,-455680,-595968,-485376,-998400,129024,-6144,-56320,-612352,18432,193536,-174080,-944128,-761856,-1232896,-2139136,-1426432,254976,-1291264,-151552,-518144,-1653760,-603136,-466944,-1246208,-759808,-531456,-952320,-460800,-463872,28672,-891904,-1411072,-1434624,-365568,-1190912,-652288,-9216,-861184,-251904,-1622016,978944,-1955840,-1413120,-1272832,-283648,-1432576,-2125824,-726016,-297984,-1359872,-222208,-684032,-603136,-258048,79872,-1253376,-92160,-176128,-140288,-539648,-620544,515072,-1353728,673792,-1002496,-1500160,-2919424,-140288,-452608,-633856,1216512,-1210368,-439296,-889856,-299008,54272,-265216,40960,-1202176,-275456,-1133568,-642048,-1378304,155648,-1301504,-778240,-816128,-1842176,-478208,-1079296,1803264,-1013760,832512,-933888,-844800,-2351104,-669696,-1370112,295936,-681984,-689152,-892928,-248832,-1268736,-1848320,-451584,-477184,-174080,-387072,-1323008,-269312,-768000,609280,165888,-626688,219136,-416768,749568,-844800,-1245184,-934912,-1349632,-851968,-569344,-648192,93184,580608,-1124352,998400,-484352,-552960,-295936,-460800,-1725440,120832,-295936,-299008,-764928,-1004544,-291840,-950272,-1353728,-2302976,-697344,-746496,-771072,-1222656,191488,-901120,44032,-1354752,-465920,-1921024,-247808,-1092608,133120,-167936,23552,-742400,-212992,-83968,805888,356352,86016,-2117632,-847872,-1551360,68608,-657408,-484352,-897024,-941056,-1281024,623616,-525312,-560128,-1588224,-759808,-886784,-28672,-624640,-1020928,-850944,-43008,294912,-675840,238592,18432,-1201152,-2087936,53248,-198656,-1545216,-2321408,-445440,833536,-481280,-237568,905216,-850944,-888832,-1127424,-749568,-156672,915456,-429056,-274432,-21504,97280,-1857536,-253952,-405504,-1349632,45056,46080
-214016,-214016,284672,-188416,424960,886784,486400,-200704,-247808,-925696,-219136,75776,-280576,493568,-303104,-681984,-392192,314368,-268288,1226752,4096,866304,-132096,129024,-711680,134144,408576,266240,-87040,-1101824,210944,1115136,82944,343040,-1111040,-705536,439296,556032,-678912,98304,-672768,-351232,-1610752,324608,391168,281600,526336,-796672,-123904,-227328,-261120,166912,630784,-226304,302080,277504,120832,1080320,503808,-686080,1747968,141312,245760,372736,686080,1601536,342016,-1008640,-1001472,434176,-360448,1323008,-311296,-997376,123904,-119808,-1719296,350208,-815104,679936,1186816,1334272,61440,-644096,107520,-328704,-1385472,-138240,-177152,813056,123904,5120,803840,172032,560128,-648192,-624640,-328704,689152,-467968,800768,-604160,-195584,64512,307200,-501760,257024,-63488,-219136,986112,663552,605184,580608,-334848,-155648,-265216,312320,269312,1737728,-344064,487424,1466368,222208,-343040,799744,1668096,648192,592896,504832,455680,156672,772096,-822272,45056,758784,-191488,366592,923648,75776,375808,-419840,-342016,444416,-2227200,397312,-373760,307200,303104,307200,1176576,-930816,602112,-1226752,273408,132096,379904,-88064,-151552,1473536,-266240,-360448,618496,-535552,1688576,-31744,-198656,982016,162816,702464,593920,1152000,-1036288,156672,-414720,140288,468992,-25600,-688128,223232,313344,1437696,835584,640000,602112,-291840,-3072,103424,528384,-131072,584704,136192,-635904,-155648,345088,689152,370688,81920,431104,12288,714752,-17408,484352,-902144,-176128,-1389568,416768,-76800,992256,-308224,537600,1212416,-230400,319488,-53248,1288192,-1140736,40960,-26624,140288,-152576,804864,-141312,-348160,-113664,-1312768,922624,1155072,501760,303104,275456,-589824,19456,-301056,-851968,683008,-258048,358400,1413120,546816,645120,1081344,914432,0,600064,314368,-236544,-409600,-286720,-29696,354304,56320,375808,966656,-1517568,-1209344,820224,475136,1609728,-588800,229376,-21504,-1564672,-421888,-575488,-135168,189440,-274432,283648,697344,-649216,57344,1249280,280576,-758784,430080,412672,-555008,76800,797696,-443392,-704512,-138240,164864,-16384,644096,-616448,1751040,179200,962560,1093632,968704,-324608,-613376,-912384,-366592,-616448,237568,972800,801792,-585728,-1172480,-1606656,-1156096,-628736,1526784,-167936,267264,-549888,-770048,-927744,-547840,-851968,-342016,908288,919552,564224,233472,755712,-1198080,-711680
-1914880,-361472,-1200128,-505856,-1304576,-1557504,-829440,286720,608256,-577536,460800,-1096704,-498688,-186368,-950272,-1525760,-1835008,-159744,-1141760,-329728,-585728,-427008,-1767424,-272384,-1032192,-839680,-74752,-279552,-173056,-706560,-178176,603136,449536,-1367040,-740352,-603136,-207872,-668672,-1011712,874496,955392,376832,-192512,-518144,-153600,-1207296,-1167360,-524288,241664,-1492992,-16384,-159744,-1276928,262144,-560128,-796672,-468992,677888,-1019904,-1826816,-68608,-196608,-598016,-658432,-115712,231424,-922624,43008,-799744,-1505280,787456,-386048,-1431552,-494592,128000,-1491968,-1209344,182272,-1468416,-396288,-80896,-1368064,316416,-641024,618496,-328704,620544,-1745920,-1459200,-423936,-137216,-1522688,-403456,427008,-1432576,146432,-201728,-1378304,-556032,-1666048,-692224,-109568,-372736,-72704,-817152,-709632,655360,-246784,-482304,-1358848,-764928,-247808,-718848,-776192,384000,697344,-164864,-296960,-833536,-954368,-1902592,-136192,-1193984,-735232,396288,-817152,-574464,-545792,41984,-2571264,-1114112,-1024,-628736,-330752,-914432,-438272,-51200,-476160,-1138688,-516096,-362496,-2513920,-29696,276480,270336,-429056,-194560,-283648,-483328,-1185792,-1041408,-202752,-247808,-944128,-2507776,-1433600,-316416,-1362944,-582656,405504,337920,-957440,-815104,-1488896,-1437696,-958464,-324608,472064,265216,-1097728,-199680,-1352704,17408,-413696,933888,-744448,352256,-473088,-1333248,-1658880,347136,-1372160,-960512,-381952,-685056,-1397760,-1129472,-96256,319488,-958464,-592896,-351232,-1168384,-766976,-177152,-212992,-95232,463872,-68608,-431104,-865280,-1068032,-828416,-225280,-888832,-146432,-840704,-534528,-743424,-1220608,-1399808,-925696,-496640,-1412096,-799744,-1482752,445440,-41984,-1143808,-1136640,-174080,120832,-1154048,-166912,-1589248,-1207296,812032,-1098752,-150528,-1561600,-1067008,-606208,367616,-611328,-936960,-190464,-307200,256000,-1985536,-1236992,-842752,-465920,-389120,-191488,-1303552,-1727488,-969728,-1051648,-1622016,697344,7168,-216064,-1169408,-1846272,-432128,-1462272,-1506304,-468992,-1297408,-1038336,-1010688,-879616,-1306624,-209920,-637952,-277504,-849920,171008,-1592320,-1678336,-415744,-843776,177152,207872,-53248,-754688,-1341440,-564224,-1890304,-1028096,-241664,-226304,-715776,-389120,-183296,261120,-364544,657408,-633856,-1810432,-97280,-357376,-132096,-303104,-358400,-1210368,-116736,391168,-449536,-34816,-1236992,-854016,-344064,-1741824,-1329152,-1120256,-1249280,-14336,-1469440,-1128448,501760,172032,-449536,-1027072,-539648,-739328,167936,-1395712,-1191936,-210944
-240640,-898048,-650240,-701440,-909312,-365568,-1270784,-1551360,429056,-80896,-1549312,-485376,-299008,-275456,-340992,-1931264,-66560,-532480,-577536,-1072128,-1231872,-1936384,-1429504,-267264,-671744,-223232,-421888,-1356800,-1069056,-1973248,-2385920,-701440,-672768,-1835008,788480,115712,-265216,-452608,-528384,-690176,-130048,-1230848,-2232320,-856064,-375808,-1167360,-1581056,-182272,-936960,-2065408,-909312,-974848,-1089536,-924672,-878592,-1802240,-1342464,-972800,357376,-526336,-1492992,-813056,346112,1187840,-729088,927744,-540672,-740352,-1180672,-791552,501760,-2549760,-18432,-629760,249856,-648192,-909312,-1238016,-109568,-530432,-1606656,-683008,-77824,-354304,-1691648,-1176576,-384000,-207872,-877568,-458752,512000,733184,-543744,-889856,-478208,-784384,-775168,-542720,-1265664,-814080,-550912,-1682432,-109568,-2231296,-1696768,-961536,-2102272,-1815552,-1637376,-449536,1410048,-959488,276480,-185344,24576,-1757184,-421888,-1766400,-1700864,-926720,-1774592,391168,-1309696,-655360,-1180672,-30720,-1375232,-1956864,-119808,-2440192,-1364992,-295936,-780288,-812032,-825344,-3769344,-2058240,-1277952,-933888,-1082368,-1333248,-455680,-2024448,-1344512,-1620992,-460800,208896,-1881088,-773120,371712,-1353728,-588800,121856,-1069056,-438272,-265216,-1165312,-934912,-1278976,-2087936,-287744,-932864,-1215488,-1274880,-1158144,-1017856,-450560,-809984,-1764352,62464,-1594368,-1500160,-221184,-1007616,-1082368,-216064,-1249280,-1784832,-2480128,-1498112,-588800,-869376,-308224,-458752,-435200,-941056,-801792,-393216,-1243136,-1474560,850944,-633856,500736,-1313792,-534528,478208,-1155072,-549888,283648,-1043456,-1150976,-293888,-635904,-381952,-742400,67584,-355328,-2275328,-890880,-331776,-1823744,395264,-2002944,-827392,-2197504,-804864,-1719296,431104,-1238016,-1477632,-1439744,-1266688,-258048,-1490944,-1585152,-2182144,-1678336,-650240,-244736,-181248,-1445888,-34816,-1985536,-2016256,-1672192,-974848,-1457152,-531456,-1080320,-13312,188416,-1867776,-1448960,-1201152,-756736,-1460224,-541696,-1229824,-914432,-660480,-134144,373760,-1957888,-1146880,-1533952,-705536,-1317888,-1504256,-547840,-1054720,-1526784,-1252352,-867328,-1891328,-1203200,-1515520,-2171904,-789504,-1221632,-2107392,-832512,-1445888,-974848,-1373184,-1431552,-617472,-11264,-19456,-1361920,-2057216,-302080,-2199552,296960,-1469440,-1128448,825344,-603136,-1035264,-345088,-507904,-333824,-613376,-1112064,-826368,-1021952,-1052672,29696,-666624,-924672,-1152000,-676864,-806912,46080,-1521664,-575488,-1400832,-474112,74752,-838656,23552,-99328,-1463296,495616,-734208,-387072,-1175552,-1033216,-1522688,-1695744,-1424384
96256,-325632,-919552,-54272,-872448,-102400,-195584,-1273856,-74752,-142336,-451584,-447488,-1454080,-381952,-676864,-463872,-1694720,-253952,1719296,-835584,-1714176,-206848,-563200,-888832,167936,-2010112,-8192,-77824,-183296,227328,-33792,-497664,34816,280576,-829440,-577536,-1020928,-564224,-755712,-1715200,288768,-483328,35840,572416,-217088,-1321984,-329728,-211968,-100352,577536,-1094656,-21504,73728,145408,-99328,-885760,-829440,-238592,-446464,113664,211968,-355328,-457728,-703488,-1016832,-239616,-449536,-118784,-1183744,-680960,-230400,-986112,-1213440,-278528,-1712128,-890880,403456,-391168,-264192,-664576,-750592,564224,-1726464,-1505280,715776,586752,-718848,-64512,-880640,-2074624,-516096,-446464,186368,-1236992,82944,386048,436224,-315392,-101376,3072,-1187840,-82944,-1292288,-637952,184320,584704,1029120,234496,-542720,1011712,-324608,-576512,-1263616,-1325056,-1078272,-249856,277504,-411648,-602112,-86016,-369664,-1738752,-470016,-671744,-265216,-714752,-364544,-191488,-1167360,-192512,-2028544,-302080,-175104,-619520,-390144,68608,756736,-131072,-1376256,-1168384,-678912,-1202176,-670720,-827392,-856064,186368,-652288,-611328,-304128,-831488,-1120256,-953344,34816,-583680,-601088,-670720,-348160,-649216,332800,339968,-1666048,-768000,-1031168,552960,-1058816,-1718272,-274432,292864,-1888256,-1454080,-224256,-147456,212992,-1035264,-808960,-805888,-1525760,268288,-1392640,-238592,-1057792,1828864,93184,-252928,-2192384,658432,-57344,-655360,-738304,274432,-231424,-484352,-23552,-555008,-956416,-862208,-535552,1012736,-504832,-820224,-180224,572416,56320,116736,-650240,-579584,125952,-1232896,812032,-640000,-769024,-118784,714752,478208,-366592,-454656,-808960,-331776,204800,-824320,-557056,-95232,-2097152,-541696,-1599488,-348160,552960,-541696,-611328,-1206272,-686080,-1343488,-2237440,-980992,-1239040,205824,-1128448,25600,-172032,-113664,-1403904,-1636352,723968,-78848,-618496,-823296,-1092608,-764928,-611328,622592,-98304,-1050624,-482304,268288,-953344,1271808,181248,-185344,-1143808,-1297408,-2116608,-219136,-1054720,34816,-424960,-466944,-772096,623616,-1182720,-2572288,283648,491520,-1105920,-698368,-887808,112640,-1117184,-251904,-1707008,-2011136,-465920,49152,-997376,-611328,19456,-403456,-1575936,316416,-1947648,209920,18432,-195584,55296,-20480,358400,-1711104,-692224,-186368,-2158592,-745472,618496,-1183744,-1380352,-990208,-514048,-447488,-730112,-779264,-340992,-1511424,-1460224,1736704,-1250304,1024,246784,-791552,153600,-842752,-897024,-334848
-1585152,-357376,-365568,-787456,-2453504,-331776,-660480,-1012736,-403456,703488,-1122304,642048,-946176,-1403904,-574464,-124928,-461824,-414720,-2674688,154624,898048,-339968,-1747968,-220160,-657408,364544,123904,-1019904,-940032,-817152,-982016,527360,-387072,-875520,-60416,-817152,-743424,-581632,-1380352,-747520,-674816,-287744,78848,-1090560,-656384,-124928,-367616,-517120,547840,-1016832,-242688,-1903616,-1172480,-252928,-818176,573440,-698368,-217088,-1562624,-1481728,-1378304,-296960,-154624,-572416,-1006592,-437248,-1146880,-886784,212992,-2280448,216064,623616,-1148928,-872448,-236544,-1166336,-600064,-490496,-894976,-1260544,-715776,-157696,631808,251904,-557056,-1443840,-766976,-28672,78848,-1591296,-681984,-150528,-1084416,-886784,17408,-1401856,-311296,-1088512,-1014784,-1082368,-285696,-44032,364544,-855040,-1259520,-892928,-806912,-829440,-240640,-1471488,315392,-191488,-868352,-111616,-402432,50176,115712,-1070080,-712704,-388096,671744,-681984,-34816,-336896,-1045504,-620544,-423936,-1761280,294912,-87040,150528,693248,-468992,-424960,22528,-659456,-581632,-1367040,-1662976,-141312,251904,-644096,-704512,69632,-1255424,-5120,471040,165888,107520,-334848,-658432,268288,-561152,-1575936,-643072,-410624,-880640,282624,76800,-1601536,-167936,-1229824,-884736,-1153024,-669696,-627712,996352,-678912,-1112064,-183296,-1571840,-1779712,-239616,-890880,-1039360,-958464,-1341440,-1333248,-462848,-770048,751616,-195584,-680960,-888832,604160,1030144,137216,-503808,-972800,-766976,-1479680,729088,1497088,-14336,9216,11264,-837632,-526336,-1541120,-1358848,-1357824,-627712,-1266688,-901120,249856,-630784,-1143808,-929792,-500736,-316416,541696,-1590272,269312,-48128,-1003520,-534528,-875520,-1528832,184320,-821248,-1731584,476160,-963584,-745472,-1156096,-1867776,-1926144,-1175552,-673792,-1453056,-908288,-285696,1338368,-1956864,-92160,-1786880,-688128,-1460224,302080,-576512,-1291264,835584,73728,-253952,-1079296,-1456128,-817152,-1040384,-1033216,-1140736,325632,-1546240,-1056768,-1060864,-631808,-337920,-1144832,-406528,-1125376,-832512,530432,-62464,-671744,-376832,-893952,-355328,-182272,-397312,-179200,-1771520,-28672,-1497088,-1113088,-1765376,-1081344,-1625088,-271360,-612352,-1848320,309248,-543744,133120,-1192960,-612352,-1175552,157696,-961536,-484352,-1397760,-486400,310272,543744,-349184,198656,-1268736,-955392,-1271808,332800,-44032,141312,-261120,-1161216,-1443840,-921600,-456704,-483328,-327680,827392,277504,-796672,48128,-1025024,-141312,-1724416,-2016256,-492544,-966656,1088512,-633856,-1196032
850944,375808,-581632,-287744,-300032,429056,232448,140288,-1253376,33792,-97280,-236544,350208,-977920,-624640,188416,150528,47104,-470016,-612352,976896,874496,-542720,339968,111616,-101376,353280,-192512,237568,-1320960,-1134592,-556032,603136,161792,428032,765952,1486848,-1601536,475136,-541696,-566272,1106944,-901120,-407552,242688,28672,-734208,-358400,-1435648,250880,546816,-263168,-650240,1601536,139264,313344,648192,-58368,-576512,456704,558080,778240,520192,-179200,-487424,126976,-359424,-442368,70656,294912,985088,-528384,731136,-156672,327680,574464,448512,-897024,-1525760,-689152,778240,-709632,-289792,-1034240,435200,628736,34816,-1280000,-79872,-840704,679936,-164864,595968,-846848,880640,84992,445440,-71680,137216,593920,-623616,-738304,319488,27648,-807936,-504832,-300032,270336,274432,-462848,-246784,-161792,-105472,-676864,-349184,-102400,-640000,753664,355328,-101376,709632,329728,49152,58368,376832,565248,679936,-21504,476160,423936,350208,367616,-362496,478208,-408576,124928,-975872,-293888,-48128,752640,685056,179200,-739328,31744,86016,-506880,1653760,221184,-301056,-611328,-843776,-1062912,-361472,300032,-188416,353280,1040384,-119808,448512,203776,-689152,572416,-306176,237568,557056,-308224,29696,-168960,-910336,277504,-175104,1297408,143360,180224,333824,391168,-1606656,716800,-234496,-81920,-542720,522240,455680,171008,-1084416,-349184,-44032,-1469440,-888832,497664,-141312,-1320960,870400,-808960,-605184,402432,-227328,-523264,-6144,394240,-132096,-300032,-400384,-1177600,-900096,-675840,478208,-278528,634880,936960,-644096,-230400,-879616,-1377280,-1067008,-713728,333824,582656,478208,-1348608,-831488,-1750016,315392,-724992,-9216,-1033216,-175104,159744,-84992,-817152,-1065984,-769024,-2029568,-949248,-713728,-650240,-209920,-319488,335872,-335872,-205824,-1027072,1019904,-901120,-500736,354304,-1038336,1879040,-622592,-422912,812032,145408,-1358848,-206848,-334848,-1249280,919552,-215040,-199680,-58368,-1053696,-16384,376832,-707584,-256000,631808,56320,12288,368640,457728,479232,-3072,-1333248,505856,-631808,27648,231424,-219136,-530432,-487424,-242688,-228352,66560,-144384,-338944,-534528,-1053696,-603136,-200704,654336,-675840,-186368,-1512448,-827392,-1100800,834560,-354304,446464,-54272,262144,-1229824,-113664,-440320,-384000,-115712,-129024,1272832,672768,-228352,26624,-449536,-130048,971776,-35840,239616,551936,1150976,-320512,-282624,-1923072
284672,347136,-311296,-673792,-918528,-877568,-996352,-46080,-151552,-241664,-332800,-782336,177152,-83968,-1981440,-177152,-1922048,-34816,908288,-1499136,-143360,811008,-977920,-1291264,-1275904,-1261568,672768,-1452032,-706560,-358400,-1491968,-694272,-1681408,-521216,-46080,-1672192,-238592,-9216,-363520,-846848,230400,-1906688,-9216,-1186816,-758784,-229376,-754688,300032,-940032,-1724416,1049600,-406528,-1670144,-1101824,-412672,-314368,155648,-220160,-1269760,-1050624,-488448,-438272,-423936,-460800,-530432,719872,-327680,-452608,-461824,-923648,-1035264,-191488,-2778112,-151552,287744,-514048,-1511424,-152576,199680,-754688,-291840,-912384,-1029120,-942080,967680,-1430528,44032,305152,-901120,-1247232,-1700864,-518144,68608,-489472,583680,-913408,-583680,-1378304,-656384,56320,-781312,-994304,647168,-1929216,-657408,370688,-1005568,-250880,-462848,-1011712,-1903616,-284672,-414720,68608,824320,-610304,-1828864,-967680,-466944,-1156096,-569344,174080,-739328,50176,-611328,-913408,-653312,23552,-1085440,-1022976,-1348608,286720,-941056,-1531904,-384000,-141312,-740352,-1137664,-2083840,-834560,-869376,350208,-776192,-675840,-1168384,-1403904,355328,143360,265216,-353280,-49152,-13312,-7168,-162816,-1340416,-111616,-72704,-1586176,188416,-277504,-1069056,489472,-1088512,-1330176,-756736,-1158144,724992,-883712,-43008,-975872,-496640,123904,-674816,-1240064,276480,495616,-1169408,-274432,-610304,-330752,-972800,-290816,-768000,-609280,-495616,-881664,-751616,-313344,-307200,-241664,-1259520,-193536,-109568,-2395136,-311296,-633856,61440,168960,-10240,-1538048,-975872,-687104,716800,-1286144,-843776,-681984,-1411072,-1174528,-157696,-771072,-1227776,-603136,-250880,-782336,-934912,-212992,706560,-1167360,-814080,577536,-361472,-980992,-192512,-142336,-328704,681984,-1387520,-1399808,-1703936,-2324480,-282624,-342016,-944128,-2121728,-153600,-1148928,-1084416,72704,-1381376,-547840,-1274880,-990208,-430080,-858112,-525312,-1782784,-865280,-1154048,-1660928,-736256,-1289216,636928,-838656,-1149952,-1133568,-260096,-1313792,-737280,-1030144,-531456,-1050624,107520,-784384,-790528,-1657856,299008,-881664,-1881088,-706560,-236544,-513024,812032,-2433024,-1107968,-1079296,-116736,-1218560,-1855488,-681984,-427008,-525312,-937984,-791552,-1836032,-1515520,-919552,-1456128,-1974272,-438272,-1305600,-1421312,-553984,-1024,-1138688,-2227200,-680960,-729088,-1827840,-2499584,-35840,-1486848,-148480,-814080,-1639424,6144,-711680,-781312,-785408,-1201152,553984,-550912,-1293312,-300032,-872448,-964608,-1543168,-794624,-995328,-151552,-1317888
-1548288,-770048,-439296,-369664,-692224,-1318912,-109568,-615424,-320512,-702464,-732160,-455680,-1043456,-572416,-1229824,-2132992,-924672,-1624064,-2128896,-1304576,-2562048,-1729536,-529408,-867328,37888,-689152,-1913856,-1173504,-1708032,-2455552,-1191936,377856,-1434624,-846848,-2420736,-729088,-1271808,-327680,-924672,-954368,-544768,-1049600,-871424,-440320,808960,-1133568,-901120,-1004544,98304,-1283072,306176,258048,-1519616,-958464,-8192,-1464320,-287744,-344064,-2795520,-768000,-543744,-1132544,-147456,613376,-945152,-9216,-400384,-3196928,-950272,-998400,-784384,-101376,-398336,-750592,-1339392,-602112,-1798144,-89088,-1286144,-783360,-421888,-635904,-1754112,-884736,-1351680,-1297408,-167936,-1070080,-1510400,-3165184,-736256,-358400,-821248,-885760,-967680,-299008,8192,-1347584,-2509824,-199680,-99328,592896,-539648,-1079296,-513024,-1776640,-985088,-754688,306176,-1037312,-1734656,-896000,-1072128,-461824,-1816576,-1500160,-1599488,-753664,-875520,-54272,-119808,-1220608,-1374208,-814080,-1316864,-95232,168960,-410624,-41984,-939008,535552,-1487872,-1093632,-791552,-3137536,-1420288,37888,-839680,-158720,-2689024,-808960,-486400,-2291712,-2295808,-104448,-528384,-1045504,-21504,-646144,-583680,-640000,-1392640,-681984,-1202176,-236544,-822272,-372736,-1235968,-518144,476160,-1446912,-1854464,-1979392,-1033216,-278528,116736,-1997824,-219136,-1971200,-842752,-1724416,-1331200,288768,365568,-1171456,-481280,-642048,-1181696,-1125376,-1268736,-1762304,-458752,-819200,-1480704,-182272,-1015808,-1752064,421888,-1609728,-1808384,-1068032,-877568,-1003520,-134144,-1051648,-1577984,-635904,391168,107520,-1354752,-897024,86016,-265216,-306176,-15360,-1046528,-2129920,-178176,-798720,38912,-305152,-2058240,-367616,-908288,-2049024,-1225728,-1383424,-587776,-1180672,-718848,-283648,-999424,-1115136,-633856,-1632256,-506880,352256,-1844224,-1002496,-177152,-219136,492544,-273408,-740352,-809984,-2014208,-123904,-1304576,-1499136,-884736,-1170432,-1527808,-793600,-321536,-1008640,-1079296,-737280,-443392,-267264,-1138688,-998400,-798720,-436224,111616,-652288,-923648,-1175552,-681984,-1786880,-1355776,-2103296,-905216,-1193984,-1221632,-960512,-377856,-1263616,-732160,-1978368,-1094656,86016,-986112,-431104,-882688,-1197056,-167936,-1489920,398336,-417792,-896000,-1714176,-645120,-2343936,-1296384,-861184,-1146880,595968,-1179648,40960,-232448,-405504,-2739200,-585728,-1007616,-584704,295936,-688128,-2009088,-2099200,-2228224,-1705984,-694272,-1770496,-801792,-530432,-397312,-1746944,-1530880,-2206720,-332800,-437248,-1055744,-1103872,-1606656,-856064,-714752,-473088,904192,-1776640,-2337792
775168,1115136,462848,517120,-315392,-181248,-1951744,510976,52224,112640,603136,-365568,-1176576,-721920,-555008,-1933312,110592,-1153024,204800,-557056,-81920,-456704,-306176,628736,466944,-707584,-1121280,-910336,-1119232,-105472,-586752,962560,802816,-1220608,14336,-187392,-900096,32768,-1748992,-431104,-346112,401408,-821248,-802816,-1087488,1079296,-781312,-172032,330752,-1657856,-177152,291840,644096,-13312,439296,947200,399360,797696,-1034240,228352,-385024,-51200,-623616,-580608,1024000,-64512,620544,-886784,-525312,-1744896,633856,519168,244736,704512,123904,88064,-421888,728064,-1335296,39936,-485376,-1075200,-1486848,-181248,634880,-574464,701440,210944,-234496,-926720,-1340416,-806912,-956416,-137216,-63488,-181248,-1491968,139264,420864,-59392,-688128,-152576,1219584,168960,630784,309248,2051072,-421888,297984,-342016,832512,-629760,98304,1422336,377856,-120832,868352,101376,19456,-940032,-351232,-1008640,40960,407552,-1077248,-1162240,322560,367616,-751616,-462848,340992,166912,-541696,455680,-434176,405504,-502784,160768,-1146880,32768,-1338368,11264,173056,348160,919552,-328704,169984,-26624,-282624,-1698816,629760,-151552,-35840,296960,-413696,18432,-754688,-816128,268288,323584,-265216,-97280,-72704,46080,-138240,-526336,-334848,-472064,393216,159744,-470016,-227328,-220160,-182272,914432,-110592,423936,-595968,282624,-63488,349184,-1021952,745472,-1318912,-503808,110592,455680,997376,-920576,-365568,-84992,-960512,-1404928,-362496,-675840,614400,-438272,216064,-1182720,-1461248,-1178624,-1861632,356352,644096,-676864,-1324032,235520,-456704,-738304,163840,-115712,-306176,-571392,-356352,1158144,-1069056,-252928,-813056,-338944,-331776,-1241088,-2956288,732160,477184,-1181696,791552,-1647616,-385024,495616,1118208,-143360,-45056,-253952,-485376,688128,-743424,421888,-237568,-699392,-1293312,281600,468992,-527360,787456,-268288,655360,33792,615424,-648192,-845824,-773120,-45056,1153024,577536,-656384,-915456,-829440,-991232,-1006592,-1460224,-352256,310272,105472,-198656,826368,-96256,-418816,-786432,189440,-593920,-519168,-801792,-635904,152576,-441344,-1488896,512000,-236544,-1500160,-889856,851968,210944,138240,327680,-102400,715776,573440,168960,591872,-264192,414720,-256000,-1063936,930816,370688,-286720,-41984,-2191360,-708608,793600,177152,722944,-615424,-1010688,-231424,790528,-750592,460800,-318464,-379904,-289792,-321536,-449536,604160,-1249280,-580608,-481280,-1076224,-603136,-924672
918528,-1522688,349184,-1165312,-1333248,164864,1129472,-611328,35840,-480256,-45056,-108544,-1180672,-29696,-1010688,-1233920,-525312,-897024,-874496,-802816,-1386496,-1071104,-739328,-179200,-1876992,-329728,-1313792,-12288,-1197056,-623616,-918528,-1037312,168960,-1882112,320512,180224,-1482752,-1755136,43008,-897024,-328704,207872,-107520,-295936,-379904,-634880,509952,280576,21504,2048,-1243136,-437248,-109568,-1287168,399360,74752,324608,377856,457728,-197632,-888832,948224,63488,108544,-732160,-615424,1359872,-1254400,-527360,-1389568,-1323008,-728064,-479232,-405504,-431104,176128,-567296,-896000,-731136,-1082368,-1264640,29696,-713728,-247808,-777216,348160,444416,233472,-481280,-115712,-1081344,215040,698368,-219136,-828416,-181248,-830464,-232448,-401408,-290816,285696,-690176,49152,-287744,-1437696,496640,-1410048,-991232,-936960,-471040,131072,-31744,-144384,397312,450560,-1097728,-623616,-53248,-1627136,878592,623616,-56320,-442368,-395264,-114688,-839680,-1348608,553984,-996352,-1871872,713728,-654336,-1311744,-408576,882688,-1423360,-1183744,-949248,135168,326656,-384000,-285696,-41984,-1197056,-464896,893952,-1399808,-365568,555008,466944,-832512,-755712,45056,727040,779264,-1523712,-1254400,1062912,146432,-439296,-909312,61440,-134144,-903168,672768,343040,569344,-613376,-424960,-1431552,132096,1311744,-707584,-417792,542720,-697344,-800768,-830464,-1039360,61440,37888,-1466368,-688128,-751616,-1269760,121856,-374784,-785408,-1110016,-1236992,-507904,-233472,-65536,-1632256,-496640,132096,-487424,157696,-2338816,-579584,-843776,120832,-296960,-179200,-955392,-747520,-470016,-997376,-1016832,-844800,96256,-1811456,583680,546816,-798720,382976,-1028096,-1522688,-192512,-401408,715776,-108544,-412672,-219136,-165888,-1010688,124928,-38912,-809984,-316416,-718848,-692224,-687104,-956416,-563200,-814080,-1998848,-1347584,473088,-101376,453632,-2155520,-811008,253952,-1894400,-645120,-1470464,-370688,614400,-27648,-201728,659456,-1331200,-192512,-258048,-551936,-1439744,-1403904,-819200,-1227776,-317440,-864256,517120,-761856,-431104,215040,772096,723968,362496,-1078272,233472,174080,-1312768,-128000,-1070080,-54272,-345088,151552,729088,-77824,-458752,-1314816,-552960,-611328,-1300480,-1048576,-1172480,-744448,-373760,-749568,215040,-50176,-787456,-723968,-2061312,-671744,-68608,-602112,-468992,-919552,-784384,-1115136,-1062912,217088,-415744,-1250304,-1143808,-72704,892928,600064,-1896448,-1395712,-2280448,-219136,-1213440,-957440,439296,-1319936,15261696,-1557504
4096,-796672,407552,-1027072,-312320,-621568,-82944,-296960,97280,91136,-508928,514048,-704512,-699392,199680,840704,-521216,-24576,1410048,113664,-471040,257024,352256,798720,340992,410624,-125952,-1554432,-335872,-121856,-634880,129024,-435200,-233472,-432128,-1248256,-1396736,962560,340992,430080,-24576,-1072128,481280,584704,337920,-313344,759808,-739328,-104448,-362496,-111616,139264,-921600,-388096,948224,113664,-116736,-195584,-864256,-653312,-610304,437248,-319488,-238592,649216,-1530880,568320,375808,112640,1498112,873472,216064,579584,645120,-565248,-614400,848896,43008,225280,-1456128,697344,-792576,-629760,-268288,352256,236544,-200704,-30720,695296,696320,664576,-681984,-323584,248832,-166912,-385024,-1125376,586752,-137216,686080,-489472,312320,13312,-451584,-64512,273408,-623616,140288,26624,1146880,136192,697344,-219136,509952,-328704,3072,270336,-327680,-549888,417792,627712,-848896,5120,745472,1367040,185344,188416,1010688,240640,34816,-654336,974848,235520,375808,306176,-150528,943104,454656,-575488,-529408,-636928,-1481728,-270336,-750592,406528,-538624,471040,-655360,523264,526336,-1333248,-653312,-596992,-458752,477184,-2086912,-661504,-861184,-241664,299008,925696,-409600,375808,823296,481280,-118784,112640,94208,-476160,-626688,1916928,811008,-404480,-375808,288768,-1853440,135168,-966656,-286720,320512,-100352,-532480,133120,386048,-640000,-90112,-1166336,50176,124928,-776192,-17408,-1206272,838656,203776,94208,507904,-1120256,-443392,157696,-1195008,-108544,-522240,-772096,-137216,-47104,-332800,-412672,11264,497664,-384000,-1284096,223232,1246208,-480256,257024,-407552,-1127424,-205824,214016,230400,306176,-379904,-157696,-607232,-556032,-580608,264192,-286720,-747520,-988160,415744,-217088,-520192,772096,-274432,684032,-189440,143360,-593920,144384,-1053696,-1425408,-713728,-1250304,468992,193536,-152576,369664,-136192,90112,-1000448,-2164736,-883712,-631808,-283648,380928,-141312,-347136,217088,-4096,-883712,-1475584,288768,122880,-899072,-690176,-797696,-122880,68608,-314368,574464,-792576,300032,993280,-739328,-122880,-285696,1451008,-962560,259072,-301056,824320,-1119232,157696,16384,869376,-13312,-1343488,154624,140288,-507904,-548864,-582656,121856,-836608,916480,577536,-439296,-1136640,310272,622592,-185344,917504,-878592,-553984,-336896,-520192,160768,-176128,-1084416,-1463296,15341568,3490816,-320512,-480256,-331776,-1384448,-1728512,-1883136,847872
-311296,-1321984,-355328,-446464,-1205248,-408576,462848,-1650688,-70656,349184,233472,354304,406528,-1076224,2015232,53248,-151552,544768,-342016,117760,-937984,-819200,240640,-875520,-419840,400384,7168,-277504,299008,-714752,927744,-1076224,389120,-311296,-81920,-221184,1202176,34816,-274432,-906240,0,-235520,-21504,160768,33792,-1955840,-629760,382976,558080,-621568,-48128,-3065856,-407552,-84992,356352,117760,-448512,-899072,-13312,-92160,-102400,382976,797696,-1153024,721920,-248832,-142336,-47104,710656,-710656,-990208,-900096,-28672,-854016,820224,419840,-668672,750592,-394240,555008,-1811456,-357376,808960,108544,943104,-277504,-590848,-1224704,-615424,-1738752,-204800,-846848,-196608,969728,318464,-700416,-485376,527360,144384,-1660928,-1164288,-979968,941056,1085440,321536,-444416,-189440,8192,-831488,-486400,605184,-348160,-1231872,40960,-722944,492544,-6144,-55296,-1127424,-1288192,-380928,-330752,1577984,-499712,-1240064,-14336,-297984,-1604608,200704,-409600,-954368,-884736,-572416,1078272,846848,268288,-437248,-1034240,257024,-365568,135168,-61440,-527360,133120,-100352,-873472,-392192,498688,817152,596992,90112,929792,-163840,-674816,-913408,-97280,-1186816,-850944,-222208,-1016832,-1022976,-2676736,-1200128,-533504,-695296,-12288,-59392,-392192,-1499136,-500736,112640,11264,-1367040,4096,90112,145408,-884736,-316416,-998400,-104448,-252928,-1075200,-915456,-63488,-592896,-405504,-1165312,-1095680,-919552,-482304,-2770944,-82944,-183296,187392,919552,11264,-1189888,-331776,-1264640,-350208,-117760,-662528,-1521664,-420864,-384000,254976,-21504,-491520,-604160,-1432576,-715776,-13312,378880,108544,-858112,-855040,-972800,249856,322560,-914432,-1060864,-1010688,-917504,-832512,-1047552,-14336,706560,-58368,-2249728,-490496,485376,230400,91136,-581632,375808,-837632,-519168,-381952,-526336,-460800,319488,-926720,-410624,-728064,-1074176,107520,407552,-1240064,-1541120,448512,-462848,526336,-503808,-524288,75776,-1315840,-1101824,458752,-25600,-525312,-1022976,-850944,36864,-279552,-1564672,1139712,-1275904,-756736,248832,-829440,-1254400,-957440,-1055744,-563200,-1001472,-2022400,1096704,-311296,-175104,171008,-1276928,251904,-1472512,-493568,-891904,-749568,-477184,-545792,-458752,-2456576,252928,-48128,-494592,-1486848,-781312,-2001920,-755712,-11264,51200,1070080,-1266688,-484352,-487424,562176,-1869824,-461824,990208,249856,-671744,1181696,-1062912,-1712128,-634880,-1168384,-728064,-356352,-1166336,11264,-520192,-995328
-165888,-320512,-1756160,-851968,-855040,-752640,-429056,-859136,-1042432,-1563648,-1783808,-773120,-844800,-1260544,-1072128,-584704,-1221632,-1414144,-852992,-1313792,-747520,-897024,-765952,609280,-720896,-465920,-168960,-28672,-1115136,102400,-230400,-891904,-26624,180224,399360,187392,-603136,-1902592,-328704,-669696,-132096,-1101824,-1624064,-1392640,-581632,-1232896,-1887232,-991232,-2112512,-242688,-522240,-664576,-354304,367616,-504832,-1117184,-1028096,-2130944,-2424832,-475136,-2206720,-1186816,-604160,-1035264,-310272,-1046528,-2184192,-657408,-984064,-962560,1463296,-2000896,-1458176,305152,-483328,-837632,-118784,-1616896,-1465344,-614400,-1736704,-558080,-245760,-819200,-451584,-1264640,-616448,-958464,-1038336,-1284096,-972800,-835584,5120,-2030592,-674816,-1896448,159744,-1126400,-27648,-774144,-875520,299008,-1125376,169984,-2459648,-1124352,-935936,23552,8192,-641024,-225280,-2083840,-798720,-821248,-1336320,-1230848,-1242112,-1747968,-1584128,-195584,-12288,-1452032,-917504,-1323008,-1210368,628736,-908288,-934912,-745472,-665600,-323584,-756736,-662528,-1754112,-353280,-1248256,-1153024,102400,-1169408,-70656,-365568,-1171456,-798720,-522240,-1573888,-1311744,202752,-1464320,-1260544,-1625088,-1251328,-1174528,367616,-1192960,-1335296,-831488,-1552384,-25600,-20480,-1026048,-832512,-965632,-201728,-688128,-800768,-1354752,-1597440,-1174528,-1129472,187392,-602112,-1211392,-1068032,349184,-1459200,-271360,-1970176,-1139712,-550912,-579584,-867328,-1118208,-116736,-714752,-115712,-1393664,-370688,-177152,-978944,-1564672,-1691648,-1444864,-2066432,112640,-952320,-1558528,-1351680,-1417216,-1167360,-961536,592896,179200,-1189888,-633856,-305152,-2501632,-574464,-481280,-1165312,419840,-755712,22528,-800768,-1640448,-1599488,-443392,-1052672,-929792,-1642496,-534528,-728064,-1111040,-712704,-1039360,-1712128,-633856,-1250304,-2631680,-1776640,-677888,-1292288,-632832,-1374208,-633856,-864256,-778240,263168,-232448,-1038336,-5120,-1058816,-1221632,-1551360,-1847296,-1376256,214016,-176128,-459776,137216,-1585152,-503808,-1760256,-1778688,-442368,-602112,-1127424,-749568,-1915904,-544768,254976,-619520,-731136,-766976,-2125824,-1775616,-803840,-2046976,-900096,-798720,-1982464,-393216,-1898496,452608,-1540096,-123904,-429056,-1081344,-621568,-801792,-1757184,-1538048,-2552832,-1863680,-432128,-667648,84992,-987136,-473088,-1161216,-1162240,-1680384,-1124352,151552,-1925120,465920,-1196032,297984,-1696768,-692224,-2204672,-1836032,-785408,-861184,-1724416,-960512,-610304,-1587200,-192512,-1680384,-1359872,-1641472,-459776,-752640,1579008,-825344,-1354752,-2140160,-2015232,-2546688,-3051520
315392,548864,78848,-673792,-234496,-1101824,-625664,486400,288768,-370688,-745472,-501760,-919552,-115712,414720,-1887232,-787456,-536576,-118784,-1488896,-818176,-144384,-363520,73728,-1138688,-318464,-1006592,124928,516096,759808,-281600,-205824,-177152,563200,-962560,-137216,153600,-477184,40960,-691200,-246784,-294912,-629760,-1462272,-999424,-345088,-1633280,-549888,-1035264,-1220608,-124928,125952,184320,288768,-624640,-773120,-215040,-1022976,-459776,-470016,-51200,-63488,-216064,-497664,-1046528,528384,-126976,-825344,-831488,-1399808,-1485824,-343040,-894976,605184,-277504,-57344,1355776,376832,-488448,-1192960,-1186816,718848,-231424,-1542144,210944,1059840,-1159168,-598016,188416,27648,-329728,703488,-557056,-659456,-281600,-359424,-629760,-459776,-138240,-907264,-726016,-773120,-719872,-373760,5120,729088,448512,-106496,486400,322560,273408,581632,-83968,346112,462848,327680,-741376,-558080,-456704,819200,-344064,24576,517120,-456704,3072,-440320,-578560,518144,591872,-1434624,-1295360,-995328,-1179648,-757760,-455680,304128,-322560,-804864,-1045504,-524288,-1439744,503808,571392,-643072,1373184,304128,-1043456,-1737728,-516096,-860160,-96256,53248,-363520,250880,-3072,-543744,-734208,-1036288,-1440768,-809984,30720,355328,-49152,98304,-782336,-471040,-467968,198656,199680,-237568,-1177600,-2019328,-1777664,-526336,-909312,1149952,-519168,854016,-98304,-201728,-1357824,-1843200,-1770496,-1172480,-28672,-977920,-1358848,-906240,-68608,-801792,106496,-1223680,-1869824,135168,-374784,602112,-602112,-2338816,206848,-20480,-612352,521216,-802816,-750592,-507904,-1176576,0,70656,792576,-805888,264192,-1056768,-2206720,-308224,604160,106496,87040,-1215488,-74752,-452608,-1504256,-603136,-1033216,-471040,-594944,-412672,-418816,-1172480,-1484800,-259072,-561152,-806912,-163840,-235520,72704,-1653760,-1712128,-1021952,-640000,-1647616,-790528,-1864704,51200,392192,-457728,258048,-726016,-1026048,-854016,-262144,-1446912,-303104,-780288,-450560,-636928,-919552,-771072,-313344,-2473984,-1038336,-807936,-135168,929792,786432,142336,-544768,241664,-1141760,926720,110592,-1376256,-506880,-600064,-364544,-270336,-959488,-339968,-1332224,-1090560,-222208,-1287168,-720896,-1249280,-1308672,-679936,-942080,-1719296,-499712,-200704,-887808,-556032,592896,-1059840,386048,-822272,-1171456,-1502208,-1122304,458752,-1220608,770048,-251904,-838656,-2610176,-238592,-987136,-1642496,326656,-17408,775168,1562624,-2323456,221184,-538624,-154624,-1531904,7985152,-1683456,18321408,-1037312
-717824,-760832,-309248,-1280000,-52224,-480256,581632,756736,-881664,-199680,-1579008,-599040,-490496,877568,588800,-99328,-586752,-61440,-1399808,171008,-1065984,-389120,-551936,97280,939008,-801792,-784384,-1482752,184320,-1172480,-666624,-19456,-789504,-495616,-1528832,380928,-252928,395264,-1645568,-1252352,-745472,-828416,-691200,-500736,615424,2048,611328,246784,-591872,-1274880,-513024,-172032,-1445888,-256000,53248,-187392,-1644544,-944128,-261120,-1438720,-829440,-34816,272384,13312,-130048,75776,-251904,-783360,-1227776,-1297408,-847872,-191488,-1812480,-970752,-421888,332800,-1020928,-574464,-828416,-410624,-581632,-2037760,-1333248,289792,139264,-989184,-1642496,-2441216,-1332224,-385024,-1879040,1059840,-599040,-323584,177152,667648,-2078720,-1433600,-624640,-1046528,344064,-564224,-801792,-1284096,-54272,-1229824,-933888,-228352,408576,50176,546816,-118784,53248,232448,-1139712,-534528,-118784,-916480,-91136,-553984,-31744,-565248,-1017856,-759808,-216064,-439296,-707584,-1022976,-1658880,-1218560,149504,-927744,-893952,-855040,176128,-385024,-804864,-1308672,-109568,-87040,56320,-263168,-1200128,-50176,-171008,67584,-663552,345088,-334848,-149504,128000,-755712,-331776,-996352,-738304,-172032,-998400,-390144,-330752,-1643520,-124928,-611328,-1556480,933888,-1154048,-1491968,-1241088,-558080,-1028096,-765952,-16384,-1161216,-1320960,-874496,-1072128,-800768,-464896,-1511424,-1880064,-17408,-227328,-935936,-718848,-272384,-66560,-270336,-1076224,-836608,-163840,-832512,-690176,-506880,423936,126976,-1033216,-1285120,-908288,-3028992,-339968,876544,-259072,-364544,454656,338944,-1690624,-728064,-1307648,-1239040,-1571840,-845824,-1016832,-1099776,-508928,-774144,-856064,-1645568,-620544,-696320,-892928,-642048,-1378304,-886784,-1206272,132096,-948224,-989184,-1027072,-620544,-359424,-458752,-226304,-37888,-75776,-374784,-226304,-1487872,-916480,-32768,-1228800,-747520,-956416,-669696,-757760,-1700864,-408576,217088,-985088,162816,-866304,-1354752,-388096,-1134592,-901120,-284672,-542720,-799744,-457728,-1708032,-272384,-740352,-1173504,-516096,-783360,484352,-1170432,-557056,-147456,-54272,-314368,-663552,-650240,-827392,-873472,-1323008,-1966080,-89088,-1389568,40960,-1465344,-1309696,-1498112,-229376,-1392640,-204800,-323584,-1828864,-387072,-543744,-1352704,-971776,-873472,-80896,-1127424,-1500160,-61440,-1307648,-656384,-382976,-1112064,-737280,327680,-714752,-1438720,-621568,-1026048,-362496,411648,-858112,-645120,-327680,-1404928,-2666496,-391168,239616,-1111040,-1383424,-1722368,-477184,-2222080,-965632
-431104,84992,-783360,593920,-859136,-1432576,-1038336,-1767424,-1035264,790528,-339968,81920,-1049600,-583680,-961536,-259072,-2343936,-1263616,270336,-1390592,-242688,1472512,-745472,-773120,346112,227328,-1233920,-1078272,-611328,-1096704,-642048,-68608,-615424,-38912,581632,-1143808,-251904,686080,550912,-3072,-763904,-207872,-1841152,46080,-1253376,-1255424,-650240,236544,-287744,602112,588800,367616,156672,-200704,-662528,-918528,-301056,-946176,-840704,49152,-990208,-216064,55296,-851968,-465920,-709632,-996352,-227328,464896,-431104,-1048576,-154624,-522240,-1821696,-1164288,-645120,112640,-1763328,-684032,-907264,-1094656,-432128,-560128,-572416,641024,-617472,265216,-1227776,1035264,135168,1270784,-533504,-156672,-274432,-649216,421888,-185344,287744,229376,46080,-303104,916480,-2471936,-569344,-287744,-370688,-391168,258048,-833536,429056,-193536,-1673216,-503808,-53248,-1207296,-129024,-733184,-492544,-25600,-472064,297984,199680,-151552,5120,719872,-859136,-404480,-721920,-531456,176128,-500736,-476160,-424960,286720,251904,-773120,-518144,-492544,-305152,-146432,-852992,11264,-872448,48128,462848,-176128,-278528,-560128,-800768,-131072,-17408,-1056768,-1097728,591872,-288768,-663552,93184,28672,-151552,-457728,-660480,547840,-1162240,-592896,-606208,-47104,-576512,-451584,-1224704,1173504,61440,-1097728,-104448,-373760,-603136,-961536,1173504,151552,1022976,470016,720896,-1027072,-1310720,-1298432,-569344,-743424,-813056,-1557504,-542720,-543744,12288,236544,-364544,-1121280,-1127424,-1289216,555008,222208,-1190912,-461824,589824,924672,227328,-1218560,384000,-585728,-2232320,168960,-753664,-1058816,-1123328,-81920,-2893824,-1049600,-271360,-758784,485376,-890880,335872,-99328,-593920,-1830912,-410624,312320,-208896,-40960,28672,736256,-491520,-477184,-624640,-319488,-705536,-541696,-1756160,-1067008,-592896,-1054720,-671744,-221184,-884736,-1172480,-939008,-585728,-13312,-1072128,-1651712,-484352,-368640,310272,-650240,-1215488,502784,-652288,296960,-427008,-782336,-372736,-272384,-683008,-355328,-760832,-1760256,488448,-1153024,-1175552,-303104,-103424,-1616896,456704,-63488,-564224,-30720,-594944,-321536,-1696768,-416768,593920,-453632,-1320960,-244736,-584704,35840,838656,7168,865280,-844800,-618496,-1044480,-931840,-617472,-958464,-257024,-4096,-1537024,-789504,-194560,-736256,-816128,-83968,-864256,-143360,151552,-2033664,-96256,791552,-260096,535552,43008,-292864,-21504,-1326080,-637952,-973824,-784384,-979968,473088,-1254400,-958464,26624
-201728,-228352,573440,-899072,413696,316416,-219136,565248,-840704,-25600,-559104,-1099776,-2098176,-523264,-149504,503808,-544768,-1409024,-92160,-66560,-162816,104448,-348160,-535552,172032,451584,-397312,17408,120832,-686080,239616,-1345536,130048,-717824,-859136,-370688,-1218560,-64512,-789504,-1134592,404480,316416,-478208,-613376,735232,-625664,-1147904,52224,-1212416,-188416,-1618944,476160,-476160,174080,-77824,-607232,-232448,-553984,-1072128,-827392,-898048,-659456,-32768,193536,-693248,-708608,-474112,-166912,-1181696,-252928,-1306624,-33792,297984,107520,412672,262144,277504,-133120,183296,-2276352,-580608,27648,-351232,-220160,139264,-452608,-495616,-1166336,-934912,238592,-672768,-124928,-791552,-856064,-2048,310272,566272,326656,-640000,-1760256,-701440,-777216,-441344,-784384,-242688,757760,-798720,-737280,-212992,-207872,-274432,-608256,215040,972800,-438272,282624,238592,-1723392,405504,279552,610304,-108544,373760,113664,-232448,-115712,-2689024,-876544,207872,603136,691200,-588800,-985088,460800,654336,-1510400,-1665024,-1797120,745472,-381952,-388096,514048,-1204224,-1458176,-257024,1013760,-218112,640000,-49152,-637952,656384,-134144,331776,724992,-620544,-1348608,645120,-1511424,-879616,-290816,-608256,-275456,287744,-432128,-1797120,-540672,-38912,733184,240640,271360,-1245184,-284672,-536576,1824768,-180224,436224,1321984,434176,-963584,53248,-112640,-637952,-859136,-579584,-727040,-252928,-1661952,-1013760,207872,-1531904,-539648,307200,228352,379904,-67584,648192,-335872,-288768,-1071104,608256,-544768,438272,285696,-262144,-700416,84992,289792,-108544,-516096,123904,911360,-78848,1072128,265216,-99328,-232448,-711680,220160,292864,695296,432128,-450560,471040,503808,248832,-354304,-463872,-1623040,-615424,-1586176,-339968,-608256,180224,-1728512,484352,-107520,-1643520,668672,-101376,-422912,-141312,-1369088,-279552,-598016,-220160,506880,-1534976,-1568768,461824,-30720,838656,-297984,-1601536,654336,-1140736,-1084416,-1524736,-459776,-807936,-534528,172032,-732160,445440,726016,-332800,-2286592,-1112064,-940032,-1205248,-755712,-193536,-171008,-349184,700416,-1618944,-493568,-154624,-1597440,-198656,356352,-358400,-781312,844800,-1292288,-349184,-638976,208896,712704,-93184,640000,153600,-524288,-567296,-299008,-1692672,-803840,-1467392,-319488,84992,-112640,143360,-567296,-900096,-819200,-861184,-1498112,-249856,689152,-467968,1071104,427008,-809984,-1067008,-256000,652288,-262144,-536576,-306176,512000,87040
187392,-121856,149504,-1244160,-1202176,-956416,-301056,-59392,108544,-58368,-331776,-654336,-931840,-106496,-713728,723968,-1479680,-649216,-527360,-456704,-240640,300032,-28672,-1166336,-207872,-167936,-78848,-691200,-687104,-355328,-1128448,-1110016,-1339392,-125952,-513024,-55296,-50176,-109568,-199680,581632,626688,-695296,-508928,-838656,-632832,-1173504,-219136,715776,226304,-453632,-483328,-154624,-352256,-951296,-776192,31744,-334848,52224,-259072,162816,-1115136,-684032,-195584,-287744,-1190912,-1059840,-269312,-534528,-1348608,1222656,62464,-936960,-569344,73728,-61440,84992,134144,51200,-27648,-113664,-313344,-512000,-593920,-268288,-418816,-1328128,-1069056,-1045504,-816128,19456,-752640,-987136,-66560,-48128,-1451008,-437248,-1915904,-1637376,-410624,-881664,73728,-208896,-1271808,-1328128,-58368,487424,-1669120,-336896,-908288,477184,-656384,-79872,-1813504,45056,-497664,-40960,-372736,-465920,-1632256,-92160,-711680,-141312,-566272,276480,-404480,209920,-1914880,-134144,-598016,-451584,-989184,432128,-2014208,-1376256,-858112,-1304576,-552960,-487424,-1027072,-466944,-737280,-1730560,-1057792,-724992,-711680,45056,-629760,-451584,-1458176,-806912,-1400832,-624640,481280,-197632,-144384,-1319936,-1206272,-77824,-1333248,-491520,-979968,-563200,-386048,-1465344,47104,428032,-2970624,-1388544,-791552,-290816,-1576960,549888,268288,-995328,-1265664,-1035264,-1612800,-1098752,-897024,-291840,-577536,-806912,-1785856,-66560,-29696,-542720,-1216512,-1287168,-340992,263168,-535552,-693248,-1120256,-1358848,1161216,-943104,-1392640,40960,-1611776,240640,-366592,-1007616,-818176,-529408,-1810432,-1082368,-828416,-711680,225280,-308224,-959488,-522240,-416768,-1326080,-495616,-896000,-1191936,-1504256,25600,-1485824,-490496,-1675264,-459776,-1583104,-1049600,-728064,9216,-665600,-290816,-1076224,-703488,-1096704,653312,-184320,-206848,-490496,243712,-168960,-331776,-363520,131072,108544,-2019328,-985088,-789504,-669696,-246784,72704,-716800,-662528,-178176,-1853440,-801792,-412672,-10240,-626688,94208,-790528,-1176576,-91136,-983040,-795648,-1799168,23552,-430080,-854016,41984,321536,-949248,-1543168,630784,-1296384,-57344,-243712,-1833984,714752,-1585152,-1594368,-772096,-30720,-1496064,-1214464,-1259520,-478208,448512,-1070080,71680,-1393664,-956416,-1120256,-1240064,-1089536,-775168,-7168,-833536,-482304,-701440,-743424,-1298432,-619520,-1157120,-885760,-655360,-305152,-282624,-252928,-541696,-815104,-190464,-2678784,-1321984,-520192,409600,-148480,-759808,-1071104,-201728,-661504,-1797120,-3186688
-508928,140288,472064,-1273856,14603264,-499712,-1277952,-248832,857088,-941056,44032,-489472,-311296,-48128,593920,737280,-592896,285696,124928,-325632,-136192,-1858560,-391168,-171008,-188416,-1903616,-1167360,-563200,-267264,101376,61440,-1229824,-900096,-73728,-189440,-502784,285696,174080,-448512,-508928,221184,474112,-13312,-327680,259072,-929792,-1015808,-1027072,-38912,-206848,599040,-919552,245760,345088,87040,-718848,-530432,-929792,-98304,-342016,72704,-566272,-408576,-849920,154624,456704,0,-731136,1076224,822272,195584,-846848,451584,-412672,-1426432,559104,1068032,137216,-580608,-727040,-1146880,-267264,-230400,-217088,-888832,-1053696,-416768,-707584,-593920,-512000,-293888,-149504,509952,1040384,-627712,-542720,-813056,-643072,-611328,-930816,-417792,-365568,-951296,-1623040,424960,-854016,-1290240,-661504,-446464,-1119232,-1002496,413696,345088,863232,-6144,-470016,-693248,175104,-979968,-708608,-211968,-489472,-496640,-251904,-1069056,40960,689152,62464,1064960,-529408,-991232,-263168,-509952,86016,-411648,335872,333824,-393216,-19456,571392,962560,-457728,1656832,-900096,402432,-1339392,-899072,-2658304,91136,653312,-673792,-1510400,-457728,-382976,-207872,167936,-1215488,410624,-236544,-450560,-1143808,-1490944,-149504,438272,-1123328,1548288,-550912,165888,558080,141312,-1269760,-162816,-1612800,-1044480,-79872,-789504,408576,131072,16384,-980992,-9216,-1716224,-485376,-731136,-1064960,751616,-322560,-736256,76800,-918528,-520192,-595968,107520,444416,-361472,-1132544,210944,-586752,197632,-1041408,-1603584,-217088,-142336,-293888,527360,476160,-761856,-268288,-375808,-397312,-1114112,205824,-320512,27648,-763904,499712,-516096,-1531904,-594944,-2148352,-123904,363520,-1012736,62464,-1207296,306176,1481728,76800,-1357824,-602112,-1201152,-132096,377856,-593920,-309248,-818176,-592896,-1532928,300032,-654336,-1219584,76800,-1451008,621568,181248,723968,-34816,-1058816,139264,-138240,505856,125952,-508928,-1052672,-558080,-305152,-1360896,-2256896,529408,-1157120,-308224,-914432,-1265664,-65536,-1276928,-481280,-918528,155648,487424,-1455104,-700416,-578560,-724992,-301056,-1828864,-971776,121856,-462848,-1129472,570368,-794624,787456,-272384,263168,196608,-162816,-428032,100352,-972800,-979968,633856,-730112,861184,231424,-1289216,-1594368,136192,-844800,-226304,348160,-632832,-569344,-684032,-491520,-1303552,-1220608,-389120,256000,533504,263168,-1035264,-774144,-1674240,-323584,-475136,-1115136,-1045504,-130048,-1268736,19581952
-59392,-1628160,-1068032,-1355776,-3123200,-331776,-1351680,-1739776,-225280,-835584,-1645568,623616,-920576,-608256,1076224,911360,-952320,-1565696,-1204224,-1933312,-433152,-378880,-789504,-84992,-1317888,-132096,-204800,-690176,-1687552,-445440,-716800,-491520,-966656,339968,-386048,-1608704,-845824,560128,-2625536,-572416,161792,-8192,-827392,-986112,-861184,-513024,-841728,734208,-190464,-328704,128000,-242688,494592,-454656,76800,-743424,-338944,-795648,-577536,-699392,545792,-424960,-536576,-104448,-1186816,-973824,-935936,55296,461824,197632,288768,-8192,187392,-461824,-28672,-696320,-360448,-375808,-1323008,-620544,-802816,-1050624,-1112064,-1323008,-1949696,-916480,-1906688,-1583104,677888,-1176576,464896,-457728,-892928,-809984,-522240,-2181120,-1078272,94208,-230400,347136,-832512,620544,-897024,-652288,-1215488,-1914880,-1384448,370688,1022976,-699392,-887808,-606208,-648192,-894976,-421888,-1539072,-933888,54272,-1397760,651264,-888832,-2119680,-1113088,115712,-1436672,-491520,-503808,-742400,-838656,-71680,-486400,-1215488,-656384,-1573888,-848896,-743424,-207872,452608,-388096,-748544,602112,-569344,420864,-998400,-1773568,-272384,-217088,79872,-321536,-875520,104448,-1094656,-479232,-689152,-1470464,-1812480,-615424,561152,-621568,-711680,-872448,-286720,82944,-1474560,-512000,-666624,428032,-803840,1019904,-790528,-1679360,-41984,-667648,-178176,-378880,-631808,-14336,-2435072,-929792,-300032,-694272,-584704,296960,-842752,-712704,-307200,-12288,-1139712,-405504,-473088,-1121280,-485376,-374784,-1313792,152576,-1124352,-2568192,-705536,-556032,-869376,-8192,-144384,-1248256,-212992,-1204224,-300032,-518144,-826368,-1018880,-1330176,-833536,-237568,-889856,-647168,-766976,-82944,-1315840,604160,-504832,-834560,-602112,-1183744,-1473536,-417792,-954368,-1398784,-873472,-880640,-1204224,-1187840,-877568,528384,-1435648,-474112,-2420736,-752640,-1039360,-855040,-1242112,-673792,-1662976,-1127424,-415744,-1336320,-408576,-512000,-1670144,86016,-107520,-1177600,-112640,-860160,-430080,-708608,-221184,1338368,79872,-694272,-288768,-1235968,-1467392,354304,-1807360,-1541120,-635904,-1550336,-1160192,-815104,-1612800,-369664,-638976,-1065984,-443392,-1370112,116736,-578560,-750592,288768,-659456,-1138688,251904,0,-1002496,-741376,-1670144,-2367488,-1263616,-1756160,-306176,-234496,-1921024,340992,-1743872,-1395712,-705536,-659456,51200,-173056,-1469440,-683008,-615424,-593920,-208896,327680,269312,-362496,-1204224,430080,-723968,-1528832,-2472960,7530496,-1296384,-1058816,1097728,-1803264,-586752,-869376,-1781760,-4226048
-384000,-950272,-669696,296960,-959488,-1147904,-477184,-788480,670720,232448,-500736,-277504,-872448,-312320,-864256,292864,-154624,-509952,1037312,-501760,-1189888,207872,-805888,-423936,377856,-1488896,671744,-434176,-333824,1403904,-1230848,-1751040,-863232,-660480,-231424,-173056,-634880,-623616,-1455104,-736256,-610304,-229376,-1524736,-165888,-839680,648192,-185344,-401408,-391168,-1113088,-1409024,61440,-768000,-465920,160768,-798720,-541696,-645120,-829440,-881664,-756736,-162816,-1431552,-1729536,-1721344,-1054720,-1089536,391168,906240,-99328,-407552,35840,-761856,-386048,294912,130048,172032,-508928,-475136,-379904,-1104896,29696,351232,-1317888,-1223680,125952,-218112,930816,-989184,157696,-495616,1088512,276480,-1047552,-529408,-99328,-183296,-502784,-1144832,-1288192,-299008,-622592,-1050624,-305152,-508928,312320,-842752,-241664,-1124352,-534528,-781312,-105472,1259520,54272,-12288,-1003520,-171008,-741376,-448512,-1317888,-781312,-549888,-1156096,71680,-440320,-263168,-175104,-154624,-743424,-380928,143360,1862656,673792,309248,522240,924672,-249856,642048,-279552,-1693696,-300032,-76800,-749568,790528,-652288,125952,-73728,427008,-76800,-494592,-189440,-737280,-911360,694272,-394240,-1296384,251904,428032,-624640,-410624,191488,-1295360,-325632,-1366016,-613376,-655360,-247808,171008,-625664,802816,550912,-91136,-1643520,-2429952,-647168,-661504,-1478656,1336320,-1378304,284672,-1187840,-1146880,-188416,-1113088,-416768,-165888,184320,-1596416,22528,555008,466944,337920,-550912,-59392,445440,332800,-458752,263168,-1025024,-571392,-142336,364544,-334848,-564224,-722944,-778240,-342016,-319488,412672,-662528,179200,-3158016,-924672,-529408,-167936,-201728,-218112,-192512,100352,-78848,-869376,-1204224,225280,-894976,-801792,-1938432,-425984,-106496,-483328,-739328,-986112,-405504,381952,314368,-1131520,369664,-973824,-1184768,-808960,-340992,-316416,165888,-807936,-83968,-558080,541696,-453632,196608,274432,-1700864,-1536000,-727040,-405504,-281600,-1039360,590848,24576,680960,385024,-1657856,-507904,-1064960,-292864,-28672,162816,-185344,-202752,46080,-1926144,-626688,-698368,352256,-1555456,41984,1317888,-625664,191488,-1006592,-1088512,185344,-279552,-1084416,-1104896,674816,-491520,-533504,-1197056,-664576,-247808,279552,-299008,-925696,-790528,686080,-633856,-774144,-301056,-1929216,-727040,92160,-119808,-222208,-710656,-110592,-719872,-917504,-822272,-746496,-152576,-286720,-113664,-973824,-766976,-2349056,-212992,-1408000,-720896,-638976,765952,-663552
-225280,-482304,602112,-7168,472064,675840,1285120,-366592,274432,-234496,-293888,-2035712,-1087488,-593920,4096,638976,-233472,382976,585728,77824,-601088,-447488,488448,350208,-451584,517120,512000,-134144,318464,-1793024,316416,-908288,569344,110592,-400384,-314368,-726016,468992,-325632,-790528,-717824,-402432,1118208,342016,1504256,503808,-135168,-1471488,-13312,-1231872,-409600,785408,-872448,812032,276480,239616,223232,-26624,-580608,-617472,-241664,324608,-1111040,33792,55296,1264640,184320,-402432,478208,-328704,-770048,562176,-43008,1502208,194560,-105472,629760,640000,-652288,-189440,1513472,111616,957440,879616,-23552,190464,-522240,-307200,-644096,450560,715776,-470016,-38912,-1157120,665600,808960,321536,479232,-291840,-116736,516096,-580608,387072,-51200,-453632,-64512,-562176,1038336,348160,749568,-467968,2042880,-186368,1276928,-206848,-1087488,-609280,-254976,-343040,-154624,-159744,-878592,150528,-283648,455680,4096,369664,153600,225280,1256448,1218560,-399360,126976,900096,-283648,1153024,-40960,778240,573440,800768,-262144,-214016,4096,1398784,159744,-156672,686080,832512,-497664,679936,425984,-78848,543744,913408,-1121280,-561152,-450560,-757760,346112,61440,667648,835584,-864256,-1204224,418816,-489472,304128,710656,546816,-246784,-118784,-338944,523264,843776,130048,-423936,482304,-822272,1377280,39936,138240,1144832,-614400,-540672,304128,-295936,-451584,-431104,-1040384,-99328,-542720,774144,-684032,-920576,-688128,-665600,130048,-1299456,1970176,-3072,-546816,699392,636928,307200,51200,817152,749568,-1532928,-84992,389120,-1267712,-569344,167936,18432,22528,-1087488,177152,1266688,-367616,422912,761856,-1874944,-608256,12288,-1223680,231424,-2338816,15360,-803840,761856,-987136,-301056,-136192,-726016,232448,-1089536,-1589248,-206848,-536576,1484800,-549888,335872,-130048,-125952,-1233920,-515072,-2307072,-691200,667648,-750592,514048,400384,-752640,278528,278528,282624,31744,-225280,-629760,1583104,233472,670720,76800,987136,6144,330752,-1190912,-407552,173056,-612352,-394240,-1304576,-616448,-1084416,-1100800,-887808,618496,-1833984,-257024,365568,-444416,361472,-404480,-300032,45056,40960,-400384,314368,235520,-73728,-192512,-964608,-907264,-1247232,-988160,576512,-1258496,1110016,370688,718848,372736,-434176,-888832,-1847296,-710656,422912,1022976,-547840,403456,250880,-871424,1157120,-152576,442368,-54272,-777216,-662528,-334848,-3091456,-187392
-780288,45056,57344,-821248,-118784,-120832,59392,-941056,-496640,-593920,612352,-1040384,-647168,-876544,-369664,-538624,-844800,-702464,224256,235520,-467968,-71680,-75776,-312320,-735232,-664576,-1781760,-975872,1033216,-848896,524288,-281600,-485376,-920576,-606208,-847872,-192512,-243712,76800,776192,-1926144,86016,-663552,-1369088,-1591296,-90112,-793600,-826368,-1243136,-1357824,-217088,1283072,-386048,-174080,-751616,-2295808,-1154048,-183296,-507904,-1075200,-956416,-47104,-404480,-1019904,-603136,562176,-1040384,-86016,-419840,-590848,249856,-781312,-763904,276480,-556032,-367616,262144,-786432,-114688,-636928,385024,45056,-997376,-777216,-80896,-483328,-475136,98304,-16384,-1259520,143360,-890880,-218112,-1028096,-1340416,-1003520,-833536,-161792,-915456,643072,-1284096,94208,-448512,-428032,-1718272,-592896,186368,135168,-825344,-851968,-1551360,205824,-659456,77824,-593920,156672,750592,-64512,113664,-729088,-1744896,-247808,388096,-1610752,416768,-1138688,-1251328,-1350656,-79872,-28672,-84992,-1816576,1015808,-808960,28672,-781312,-817152,-603136,-556032,-1121280,-973824,961536,-653312,-801792,206848,-716800,-343040,-885760,56320,-729088,-166912,-295936,-499712,837632,-520192,-1415168,-934912,218112,35840,-490496,-349184,-340992,-1200128,222208,-238592,-1644544,-175104,-862208,11264,-108544,-874496,-178176,-533504,-610304,-1487872,-1768448,-1065984,-1040384,-1015808,-677888,577536,-722944,-111616,-346112,515072,839680,-1012736,-1324032,-281600,3072,-15360,1278976,134144,-964608,-1833984,-1703936,-799744,-789504,-2046976,-300032,1020928,-589824,-993280,-1852416,-1029120,-161792,-445440,-195584,81920,-166912,-905216,-721920,-1423360,385024,-1286144,-834560,-464896,-874496,791552,-549888,35840,-510976,-376832,-376832,-178176,-848896,-1655808,-369664,-1593344,-757760,-131072,-526336,-230400,-917504,-738304,-256000,-378880,-1105920,-988160,-1211392,-165888,-1966080,-1466368,489472,-128000,-846848,-1281024,-523264,-924672,535552,-931840,-175104,-1070080,-703488,150528,-1347584,-1428480,-1313792,-960512,-342016,-539648,-238592,-361472,-438272,-662528,185344,-500736,-2931712,-1034240,-83968,-1687552,-761856,-651264,-1026048,239616,-238592,-1020928,-319488,-1068032,-1590272,-1353728,-2029568,-1691648,28672,-1469440,-590848,-1176576,-903168,-1486848,-355328,-2076672,276480,-946176,18432,-706560,-1500160,-494592,-919552,-1212416,-822272,-69632,303104,-1026048,322560,-556032,-1740800,-765952,102400,-1646592,-236544,-34816,-591872,473088,-876544,-956416,-1516544,-433152,-1704960,-641024,-361472
772096,-513024,277504,-575488,160768,920576,165888,315392,-529408,94208,53248,857088,531456,495616,-291840,436224,-58368,593920,749568,-128000,1025024,-287744,-678912,144384,-700416,428032,192512,236544,-105472,133120,-3072,-440320,-590848,487424,975872,-73728,1422336,746496,-843776,-930816,-838656,619520,287744,-320512,322560,2455552,-376832,1037312,-1092608,174080,-1452032,-687104,-1120256,-1197056,56320,-259072,1032192,224256,593920,-774144,627712,414720,-114688,-679936,947200,489472,1169408,161792,-598016,436224,40960,-655360,382976,1185792,662528,269312,11264,50176,-562176,-1026048,-138240,849920,-157696,738304,-757760,-371712,113664,-510976,494592,-209920,122880,360448,422912,6144,904192,-568320,508928,424960,1233920,151552,-229376,630784,-558080,1291264,-295936,-537600,1104896,222208,-2125824,472064,-244736,-618496,45056,196608,-618496,553984,-8192,-954368,-374784,1150976,-175104,-918528,-252928,-243712,-31744,459776,-82944,1050624,594944,-114688,-40960,-662528,1019904,-3072,-437248,-920576,279552,164864,-1640448,-73728,1155072,-30720,23552,685056,1580032,1328128,-1316864,-82944,-885760,-326656,460800,-1016832,363520,518144,-1086464,-610304,553984,-610304,-398336,942080,-415744,-216064,266240,-723968,856064,672768,332800,-1177600,1057792,-590848,1105920,387072,-772096,1406976,488448,493568,593920,-41984,372736,477184,-89088,1018880,-23552,-752640,766976,-279552,352256,22528,-216064,-843776,-104448,579584,377856,5120,220160,593920,-356352,989184,119808,198656,857088,592896,-91136,117760,671744,-479232,-755712,109568,-838656,459776,86016,828416,-686080,1145856,249856,388096,-791552,1287168,1053696,-902144,1075200,-237568,1242112,1021952,503808,26624,454656,-346112,1136640,982016,178176,15360,2088960,-280576,141312,344064,-575488,-763904,370688,499712,-225280,-714752,988160,-1270784,-187392,1079296,793600,-397312,-273408,500736,884736,504832,412672,-100352,-870400,282624,-2384896,-149504,364544,366592,-326656,-1422336,-86016,-277504,548864,-824320,1010688,1027072,-874496,441344,1405952,514048,923648,49152,-825344,1014784,802816,-188416,747520,708608,260096,1106944,-434176,-142336,-381952,-1048576,406528,-446464,139264,-778240,630784,-391168,-1031168,-313344,222208,111616,-401408,293888,585728,-470016,230400,217088,558080,-500736,-434176,519168,113664,1382400,448512,863232,-452608,211968,189440,-183296,189440,-635904,15360,-1320960,-2042880,-1130496
-1453056,9034752,-194560,-450560,-291840,142336,-718848,683008,113664,-174080,-1353728,-1031168,500736,-462848,-636928,-655360,-582656,-124928,-309248,-729088,-371712,708608,151552,-1028096,-248832,-755712,-969728,669696,-643072,-739328,-1912832,551936,-40960,-591872,151552,-365568,-940032,-1038336,-863232,-1108992,-590848,-1470464,-508928,-990208,-1777664,-620544,623616,-1162240,-140288,324608,-18432,1675264,-844800,-1065984,-1296384,80896,-1761280,-1998848,-864256,-64512,690176,72704,-406528,-602112,-57344,267264,-952320,-407552,-199680,-1246208,332800,438272,-1452032,-1192960,393216,232448,451584,1015808,-405504,-863232,-803840,-722944,-365568,302080,-1057792,-1206272,-883712,-711680,316416,-1229824,-247808,-446464,370688,90112,-1810432,-724992,-675840,-973824,-227328,569344,308224,81920,-1054720,-1025024,1666048,-741376,-323584,954368,-1856512,-635904,-123904,-130048,-373760,-1045504,-1021952,-601088,-405504,-361472,2048,-806912,153600,254976,-702464,-1275904,340992,239616,-674816,-367616,-205824,-17408,-1342464,-1232896,-1030144,-665600,-1349632,-11264,-387072,-616448,-140288,-1163264,-477184,-751616,-169984,-1605632,-1081344,1153024,-1890304,331776,267264,-434176,-408576,-549888,147456,-657408,208896,-657408,832512,-88064,205824,328704,-873472,480256,-737280,705536,-671744,-1030144,-384000,-975872,-1085440,-319488,319488,-1471488,92160,-1400832,-690176,-1044480,-669696,-1053696,-500736,76800,101376,265216,-1744896,-491520,-1049600,-687104,89088,-1089536,-314368,-141312,-534528,204800,553984,-1182720,-661504,-1761280,-661504,855040,-1198080,-234496,-348160,-1088512,451584,-1754112,-2172928,-420864,-582656,-1040384,-1038336,208896,-95232,-1486848,-575488,-1010688,-673792,-729088,16384,-135168,-788480,-1069056,-716800,570368,-507904,-157696,-186368,-1574912,-259072,-1219584,466944,-574464,-1282048,-1650688,-751616,-1434624,-1953792,-21504,-76800,429056,-202752,-956416,-362496,-61440,-965632,-1071104,-296960,-1051648,-88064,-570368,-610304,-1292288,-1224704,-445440,-233472,-1640448,-1357824,139264,-364544,-402432,-2429952,-456704,-166912,-163840,30720,-651264,-1239040,-1570816,128000,-806912,-1344512,-38912,-856064,-1938432,-1364992,-612352,-167936,-1191936,-206848,-946176,-1324032,-884736,-757760,-321536,102400,-600064,-222208,294912,-59392,-2536448,-277504,-1174528,-1062912,24576,195584,486400,-375808,-988160,515072,-972800,-1290240,-1532928,-243712,-1800192,-923648,115712,-635904,-969728,41984,566272,-2041856,-2373632,-610304,-296960,-360448,321536,-724992,3972096,-2088960,-1102848,-1894400,-562176
954368,-6228992,321536,-1768448,-1934336,-1471488,-965632,25600,-553984,-577536,-646144,-1124352,546816,-1006592,-521216,-699392,-267264,-727040,-324608,-49152,-580608,223232,28672,-731136,-1731584,64512,-1250304,99328,-101376,-197632,-262144,61440,-846848,-995328,118784,-551936,-1088512,-573440,-474112,-906240,21504,-1264640,-1294336,-457728,-642048,-935936,330752,43008,-1453056,-1027072,-1007616,-952320,-798720,870400,59392,-239616,-5120,369664,-425984,620544,-1430528,-370688,-1269760,-987136,-501760,-456704,772096,-550912,-841728,-529408,-204800,-1343488,-388096,138240,141312,643072,-49152,-394240,-428032,-911360,-2129920,729088,-332800,-295936,-568320,-1522688,-817152,-987136,147456,-694272,363520,198656,-105472,-1288192,-324608,683008,8192,-207872,-758784,-336896,-559104,-1856512,-402432,-440320,727040,-475136,-251904,-739328,-20480,-1173504,-936960,-349184,-309248,-434176,-684032,-642048,-1593344,154624,-1931264,-800768,-177152,-1145856,515072,-631808,-1124352,-974848,-189440,577536,73728,22528,-232448,295936,-553984,483328,-649216,-783360,37888,-787456,-1410048,-1008640,-241664,371712,744448,-1017856,-456704,-393216,-1120256,-230400,-797696,411648,52224,-372736,-855040,-29696,159744,1215488,-727040,-1230848,-576512,-216064,-553984,-97280,371712,-240640,-638976,-1213440,-483328,-1266688,137216,477184,-555008,-297984,-2267136,-251904,151552,-431104,1212416,-448512,-468992,-148480,-1266688,-811008,351232,-50176,-804864,-953344,487424,456704,-1114112,-566272,-841728,-710656,-168960,-1106944,-1218560,-1104896,55296,-475136,-677888,-724992,-1714176,547840,201728,-923648,48128,-1251328,-694272,-34816,-302080,-467968,-1870848,391168,613376,-364544,653312,437248,151552,-110592,-503808,-733184,-66560,-880640,-1585152,202752,-58368,-1048576,-194560,-1507328,-1346560,844800,-1002496,-968704,-285696,-945152,714752,-160768,464896,-950272,508928,-1593344,-545792,-1382400,-313344,-47104,-605184,-573440,-1713152,-1573888,-1298432,-784384,-483328,-1465344,989184,-632832,-973824,-1168384,-679936,168960,-709632,-745472,-1193984,-375808,180224,-546816,-1278976,-274432,-491520,-608256,50176,-495616,-529408,250880,464896,-651264,-691200,-617472,-1126400,-6144,-245760,-1570816,-751616,198656,-851968,-179200,-1055744,-1565696,-1727488,-862208,178176,-899072,-461824,-120832,-1192960,-2045952,-827392,-837632,-196608,-905216,453632,-1472512,-450560,412672,354304,411648,-1558528,136192,-1016832,-632832,351232,-171008,-1196032,34816,-217088,-200704,-819200,-43008,-1079296,1057792,-2037760,1448960
136192,860160,443392,-712704,-342016,1041408,1174528,634880,-818176,1533952,-1332224,-811008,-209920,-237568,769024,-343040,192512,247808,1531904,226304,975872,358400,-118784,1055744,397312,251904,1389568,497664,-681984,1102848,-467968,-283648,138240,-663552,319488,-279552,312320,22528,694272,-1223680,466944,638976,-617472,1260544,656384,99328,-94208,680960,-160768,210944,89088,491520,7168,113664,551936,753664,1614848,1025024,172032,581632,-94208,448512,80896,276480,370688,839680,-398336,877568,-66560,-146432,167936,867328,771072,-709632,834560,120832,776192,-1461248,449536,242688,1136640,441344,702464,-355328,464896,3072,-804864,-1325056,161792,449536,-599040,661504,-374784,-321536,-360448,187392,1285120,956416,478208,282624,12288,92160,289792,299008,109568,1227776,437248,281600,388096,855040,1265664,1721344,-130048,1139712,322560,-1516544,-499712,666624,57344,445440,-103424,-94208,307200,-68608,-1013760,615424,478208,-631808,-1171456,515072,373760,59392,-346112,75776,546816,544768,306176,121856,-242688,959488,446464,627712,-1277952,1115136,355328,763904,495616,278528,360448,1230848,-522240,-458752,589824,-1045504,-323584,-610304,533504,1802240,-710656,-396288,-914432,1603584,808960,278528,907264,551936,-467968,1437696,826368,359424,-25600,362496,2130944,-95232,-473088,90112,331776,1267712,344064,16384,410624,442368,735232,771072,545792,143360,468992,-2067456,548864,1182720,-1381376,87040,1037312,-683008,-881664,-1020928,-777216,-904192,1477632,-444416,17408,-839680,1159168,-301056,145408,-893952,-835584,553984,-592896,72704,370688,1091584,138240,-110592,161792,885760,438272,901120,54272,62464,415744,878592,1001472,465920,704512,-825344,-581632,1114112,71680,329728,-1328128,352256,300032,452608,-1382400,-829440,508928,-219136,-464896,33792,246784,-465920,233472,-134144,-133120,362496,167936,-363520,-1534976,617472,-144384,-771072,1117184,-211968,-1581056,157696,1092608,-28672,837632,152576,254976,1053696,50176,-643072,-268288,760832,-86016,-312320,-1220608,-490496,449536,39936,-392192,-679936,-108544,134144,130048,671744,-629760,166912,1408000,313344,-582656,418816,-323584,482304,-482304,-400384,701440,433152,528384,-442368,515072,-305152,722944,-1418240,488448,200704,-277504,654336,67584,-1092608,1134592,141312,58368,417792,596992,-798720,-191488,666624,254976,2048,-417792,-443392,467968,-714752,1235968,-473088,-583680,222208
1291264,322560,-1265664,-132096,-1572864,-822272,4096,544768,-900096,74752,-318464,185344,-1086464,226304,-107520,-691200,733184,-587776,188416,-1068032,529408,-957440,-444416,-848896,-658432,-664576,-220160,-443392,-579584,-1169408,-913408,-671744,-673792,-1627136,-836608,-473088,-1164288,-290816,444416,-869376,-819200,-540672,-493568,102400,-552960,-546816,113664,-386048,-924672,209920,-776192,-81920,-1707008,-1806336,-2433024,-263168,-141312,-1118208,430080,-743424,-587776,268288,154624,-1190912,257024,86016,227328,624640,-174080,-445440,66560,-442368,-414720,-1138688,422912,-1659904,503808,-586752,-286720,370688,63488,-478208,-331776,-1198080,434176,259072,-329728,175104,-192512,-236544,-603136,986112,-694272,-961536,481280,-1178624,-390144,-945152,144384,-1466368,-154624,-739328,-1400832,-181248,-165888,585728,-700416,-876544,526336,-132096,380928,65536,-824320,-261120,-201728,221184,-86016,-169984,-651264,566272,844800,-148480,-204800,-645120,-256000,568320,-45056,-56320,-202752,72704,-2129920,-438272,-701440,-939008,655360,-540672,461824,-1199104,-59392,-722944,-91136,883712,104448,-370688,-690176,-839680,75776,318464,-434176,-1050624,97280,-21504,-1224704,-1056768,-721920,109568,-579584,297984,-1251328,165888,-880640,344064,-403456,-504832,-2129920,1191936,377856,-592896,509952,-238592,89088,-1241088,-695296,-1287168,-278528,-961536,-351232,-64512,-1338368,519168,248832,80896,-83968,-274432,645120,-448512,-115712,-992256,-432128,-869376,77824,-765952,-1575936,-398336,-728064,-543744,90112,715776,-560128,-103424,-340992,-595968,36864,-1394688,486400,-516096,668672,-911360,-941056,-371712,-439296,-1176576,843776,-457728,-526336,969728,495616,-1670144,534528,-1196032,274432,-749568,-1043456,-565248,340992,-434176,-71680,-961536,-1729536,-132096,-1166336,-957440,-338944,-1641472,37888,-430080,-210944,-294912,-1239040,-1369088,-1396736,-200704,-2101248,-1159168,191488,-317440,-746496,-274432,-515072,-1067008,-1523712,-266240,-1025024,-189440,-587776,-1370112,-144384,-791552,-1356800,-1202176,-942080,-26624,1392640,-1463296,-89088,-828416,-221184,-404480,-201728,-1863680,-517120,245760,-1498112,445440,63488,-1658880,-305152,-818176,-2588672,-1804288,-330752,-943104,16384,-482304,-641024,-36864,-389120,-1722368,-921600,286720,229376,-1223680,-247808,-893952,-566272,-788480,-95232,406528,245760,319488,251904,638976,-444416,212992,-1092608,-397312,-1423360,-2271232,-1276928,1261568,-1057792,-1099776,-1711104,-1465344,-529408,54272,546816,-405504,-783360,-721920
-1290240,266240,-1144832,100352,19456,208896,806912,258048,160768,-647168,-643072,-640000,1753088,-750592,-58368,498688,1120256,-19456,1036288,1710080,-294912,658432,-159744,649216,245760,-363520,834560,990208,21504,-306176,281600,-31744,370688,795648,1678336,303104,242688,1201152,762880,-76800,-533504,154624,176128,516096,1107968,-667648,-312320,80896,798720,-662528,-21504,-55296,413696,921600,-609280,1355776,683008,218112,-145408,736256,-964608,1040384,-257024,1117184,-524288,840704,463872,101376,1058816,-552960,716800,439296,133120,448512,754688,-527360,181248,805888,-439296,-292864,759808,577536,366592,960512,1207296,743424,1733632,603136,121856,546816,-505856,1383424,1085440,-518144,-243712,-488448,-119808,129024,564224,805888,-609280,330752,306176,-434176,408576,919552,551936,-653312,852992,600064,1850368,-323584,-489472,-264192,501760,-715776,-573440,-204800,745472,527360,-224256,66560,108544,-623616,1793024,878592,933888,641024,-59392,471040,138240,789504,26624,-209920,-529408,496640,-695296,-181248,629760,-366592,572416,223232,-183296,64512,-520192,-1943552,773120,-1044480,-107520,1768448,-608256,726016,285696,1551360,967680,485376,-919552,-137216,387072,-477184,-462848,692224,10240,1043456,-701440,556032,340992,-12288,24576,-698368,167936,261120,-59392,835584,289792,610304,32768,636928,973824,-2116608,669696,-271360,-28672,268288,380928,50176,7168,-848896,-466944,641024,931840,-1071104,915456,-1313792,902144,1350656,37888,-1169408,-570368,376832,-668672,118784,833536,633856,522240,-34816,191488,885760,-5120,109568,765952,-256000,38912,-748544,-912384,254976,-551936,-1796096,-1665024,-178176,966656,128000,226304,-92160,154624,-518144,125952,97280,873472,-1121280,976896,97280,-27648,12288,1521664,-247808,687104,-1406976,15360,84992,105472,828416,-668672,804864,-449536,343040,110592,480256,568320,159744,318464,966656,66560,-197632,-1024,-429056,-199680,321536,539648,741376,2002944,96256,-781312,163840,-376832,-691200,503808,-656384,580608,78848,-470016,1282048,468992,-340992,177152,802816,360448,580608,-349184,479232,1266688,-425984,359424,-619520,-1157120,87040,1114112,-124928,569344,705536,1292288,1198080,459776,320512,1245184,-976896,666624,-101376,247808,1084416,1347584,-974848,606208,857088,-91136,971776,174080,1911808,-568320,777216,-978944,-269312,-1113088,-296960,-329728,-135168,1166336,-1012736,1010688,541696
934912,104448,275456,-501760,1215488,885760,400384,-1165312,-1269760,282624,296960,39936,934912,-364544,673792,-636928,-570368,87040,-1122304,73728,293888,423936,-886784,-1369088,-952320,589824,-687104,197632,-710656,288768,-730112,-65536,-120832,-323584,493568,-394240,-155648,-397312,-942080,-258048,353280,-490496,420864,-289792,-145408,80896,-1551360,409600,-510976,-565248,577536,496640,-166912,236544,-1027072,-1364992,17408,611328,207872,-421888,-316416,-914432,536576,-395264,322560,835584,-390144,182272,-349184,-320512,-847872,-557056,262144,181248,-710656,39936,-111616,-287744,313344,20480,1039360,-311296,-503808,-863232,-952320,894976,427008,-327680,-1204224,260096,-637952,-1203200,522240,-1222656,-205824,258048,-245760,-1232896,765952,-153600,355328,-334848,-458752,316416,-627712,873472,362496,-520192,-151552,1164288,33792,-310272,-1554432,-781312,-1236992,-635904,-730112,-125952,-408576,23552,-119808,198656,-1108992,-518144,-1231872,221184,48128,-82944,-442368,-1709056,-226304,184320,-155648,-145408,-238592,-1016832,688128,-676864,1214464,601088,-1137664,-1195008,375808,-1135616,256000,-392192,-418816,-939008,280576,-1306624,151552,371712,-183296,210944,-889856,246784,1549312,237568,-1524736,-387072,387072,-939008,17408,-917504,-366592,-151552,661504,-564224,-1153024,455680,69632,585728,-372736,-68608,-207872,-1634304,-162816,221184,877568,-110592,206848,-638976,-1271808,396288,603136,-375808,-1049600,-719872,-205824,44032,-46080,-1041408,1190912,585728,-1187840,-191488,-349184,-1003520,537600,-352256,-68608,-924672,-421888,-758784,-248832,352256,-420864,-691200,-803840,-343040,332800,25600,-395264,-510976,-569344,163840,-1071104,-1583104,-629760,-535552,-134144,-680960,-979968,-329728,-243712,192512,-515072,-267264,23552,248832,385024,-783360,-1464320,-423936,470016,-943104,-282624,479232,-83968,-858112,370688,-1255424,117760,473088,-1630208,652288,-477184,441344,7168,140288,-1174528,-373760,-666624,13312,-336896,-774144,-543744,149504,-752640,-533504,471040,-391168,-878592,-946176,-1368064,955392,-635904,-675840,309248,-176128,-1906688,105472,-629760,221184,604160,-660480,-418816,-820224,-2268160,238592,-180224,-457728,1138688,-332800,-2103296,-102400,708608,-471040,259072,338944,-931840,-322560,-634880,443392,-1208320,-1854464,-1619968,-652288,-789504,-868352,620544,788480,-714752,704512,-215040,196608,-360448,-368640,-835584,-68608,-1633280,684032,442368,422912,-316416,-949248,1331200,-364544,-404480,-897024
1862656,268288,773120,490496,111616,365568,-171008,-1589248,21504,-212992,1648640,-269312,-669696,-494592,-1527808,102400,-445440,-771072,-875520,-137216,-1069056,-801792,3072,-793600,566272,-92160,-326656,774144,9216,-225280,-534528,-71680,-1631232,-708608,-101376,198656,-757760,-457728,218112,-350208,67584,-1065984,-571392,-177152,-492544,-348160,-289792,-583680,248832,-240640,-338944,-684032,721920,128000,-907264,84992,761856,-474112,-828416,70656,-518144,-2310144,-1585152,-149504,-800768,599040,747520,-850944,-712704,-50176,-1196032,-1328128,182272,0,-1026048,-1246208,-595968,-384000,-1495040,-259072,-915456,15360,-1077248,-854016,33792,-309248,-23552,-811008,-244736,-614400,-1385472,-333824,-1081344,-1474560,-505856,81920,-455680,-592896,-1073152,-650240,-333824,-291840,118784,-194560,-593920,67584,60416,-306176,-531456,-867328,-89088,325632,443392,366592,-368640,-1095680,40960,-197632,-175104,-1388544,-114688,799744,35840,-1646592,189440,-945152,-600064,-1094656,-1222656,-5120,386048,-796672,-144384,121856,-625664,-836608,-165888,-413696,-2385920,886784,-180224,701440,-86016,-935936,359424,-1015808,-1637376,-120832,-51200,-1495040,101376,-2787328,-140288,-807936,-157696,-155648,-373760,-545792,-223232,857088,-962560,-553984,-584704,-1546240,-695296,-236544,-1300480,-806912,485376,-1076224,-782336,-2591744,-478208,-825344,-849920,817152,817152,-1973248,-676864,-1392640,-1545216,-257024,-1899520,-257024,415744,-1575936,-1304576,608256,-1005568,-666624,-396288,-1127424,-1134592,-480256,-502784,-1545216,-850944,184320,-1211392,-871424,-1726464,-1514496,-943104,-960512,291840,30720,-1075200,-316416,51200,-1859584,-919552,738304,-232448,-354304,673792,-828416,-683008,-48128,-908288,-5120,-1577984,-1820672,-320512,-45056,-686080,-490496,-1041408,-471040,-401408,155648,441344,-193536,-658432,-1415168,-76800,-911360,-745472,-286720,-2822144,-1374208,-299008,-666624,-658432,-842752,-885760,-2284544,-64512,-472064,399360,-1596416,-474112,-987136,-1221632,-1189888,-372736,-764928,-1133568,-1224704,-403456,-775168,-153600,-363520,-623616,-753664,-1528832,-976896,-884736,590848,-998400,997376,-1034240,-1329152,-703488,-1329152,378880,-1107968,-1012736,-2088960,-1186816,-1843200,718848,-1710080,-373760,-1053696,-1131520,-1796096,-538624,186368,-1680384,818176,-1016832,-1282048,-958464,-1174528,-1688576,-878592,135168,-1245184,122880,-602112,-446464,-1083392,-1055744,-334848,-736256,-1364992,-173056,-155648,-57344,-2311168,17149952,-3085312,-440320,-1374208,-1705984,-684032,-1077248,-566272,-154624,-463872
-23543808,1925120,266240,224256,134144,-282624,90112,-1104896,-768000,1342464,733184,-726016,637952,140288,520192,985088,424960,-1024000,-314368,-678912,-695296,350208,-104448,-214016,-253952,-172032,338944,-666624,-188416,-106496,-323584,-95232,157696,1544192,367616,-202752,577536,45056,-2200576,-107520,828416,-952320,-132096,451584,188416,739328,-889856,-223232,82944,672768,272384,-496640,39936,588800,-349184,-1104896,404480,125952,1829888,-429056,-19456,914432,1316864,640000,-61440,141312,-70656,-650240,2048,9216,731136,1158144,-44032,-249856,627712,-95232,-1958912,-265216,4096,-384000,246784,950272,-1300480,-1148928,-891904,-1283072,934912,-40960,1198080,1371136,-707584,560128,1182720,437248,148480,-408576,-498688,-397312,965632,206848,279552,256000,196608,294912,-1036288,372736,528384,429056,819200,952320,854016,-378880,620544,453632,-620544,508928,92160,-447488,-132096,671744,-320512,366592,-467968,-1241088,-462848,-104448,428032,1140736,960512,102400,1504256,-376832,185344,-1144832,732160,-567296,-1067008,121856,1081344,-669696,740352,-405504,93184,-857088,-464896,449536,-201728,-574464,-160768,-1579008,-117760,-368640,-1175552,-766976,835584,522240,-245760,-571392,-300032,-1069056,1096704,735232,-844800,296960,687104,-1150976,-400384,385024,746496,702464,-532480,1013760,-867328,-189440,520192,-274432,-739328,-209920,-1100800,-924672,168960,397312,-813056,184320,380928,-221184,-2089984,555008,811008,-1241088,978944,-434176,39936,-754688,494592,-1463296,346112,-530432,-195584,21504,-889856,-1098752,-720896,-5120,135168,440320,599040,1782784,90112,-118784,-31744,-632832,1062912,212992,712704,-933888,1148928,614400,-917504,793600,-1050624,-78848,-658432,-927744,-544768,-165888,-133120,-561152,-345088,-386048,-579584,-614400,536576,198656,-1606656,317440,-1041408,513024,-1024000,-70656,1623040,717824,-775168,99328,159744,-1048576,-164864,-882688,56320,-1511424,52224,-1257472,41984,-1143808,-310272,596992,-370688,-381952,-1266688,150528,-481280,-1027072,-1351680,219136,4096,-65536,997376,749568,-1161216,-33792,937984,649216,168960,1385472,-1064960,510976,-164864,-973824,-646144,-214016,-894976,-586752,84992,-806912,-337920,380928,158720,-925696,343040,-18432,-542720,162816,-343040,107520,-208896,941056,351232,-503808,805888,-1396736,-1047552,412672,11264,-378880,729088,87040,-207872,-2061312,-836608,-376832,-1729536,-489472,-626688,751616,468992,786432,-459776,-707584,2089984,618496
1693696,563200,288768,-297984,-218112,-2527232,-307200,-642048,192512,-1097728,1063936,-748544,449536,-309248,-662528,292864,-934912,-171008,215040,159744,-57344,283648,-808960,-261120,-2214912,-575488,-1415168,-23552,292864,-537600,546816,-504832,960512,-844800,-770048,678912,-563200,-86016,284672,212992,-228352,264192,-2152448,-691200,-397312,126976,-413696,654336,-285696,-227328,-596992,-107520,-1435648,-754688,-1095680,899072,-742400,616448,-858112,236544,-590848,-1086464,-123904,176128,-436224,-343040,545792,642048,-706560,-460800,-448512,-1314816,-78848,-734208,-350208,50176,-513024,-199680,-807936,274432,-467968,-1240064,-2048,1351680,718848,-286720,-80896,-963584,594944,-572416,-921600,-277504,-87040,-159744,65536,642048,478208,-468992,39936,847872,-409600,-82944,436224,-473088,557056,113664,-1214464,-1441792,-434176,-1032192,-1347584,-432128,-673792,-838656,-1001472,708608,568320,-256000,417792,-261120,69632,-186368,-150528,207872,-111616,265216,546816,-900096,-117760,-228352,-492544,-916480,133120,1036288,-204800,918528,188416,-39936,-1819648,407552,-333824,-449536,994304,-292864,113664,-485376,385024,367616,-1042432,-54272,553984,-160768,-477184,1000448,-969728,-670720,-719872,346112,-347136,102400,-52224,-24576,-1099776,-1683456,-1034240,125952,-224256,1043456,-898048,-919552,-987136,-1069056,372736,38912,138240,-250880,-351232,-728064,-794624,-171008,-980992,424960,-1729536,-640000,403456,-53248,-60416,-446464,-178176,-474112,-1485824,-797696,182272,-510976,-74752,-1355776,101376,-388096,-20480,-453632,-446464,-2280448,319488,-557056,-2048,-535552,-737280,-795648,-243712,-250880,-1727488,-162816,-238592,-302080,718848,-1014784,-650240,212992,-1223680,-826368,70656,-460800,694272,1275904,64512,226304,-351232,32768,-92160,-290816,-361472,587776,-749568,-939008,-726016,-1847296,592896,-270336,-61440,45056,-744448,-745472,-256000,617472,-397312,-1193984,24576,-79872,-136192,-264192,-82944,245760,-431104,-964608,-168960,83968,-893952,-736256,-581632,800768,-198656,-456704,-627712,-166912,181248,-1868800,-339968,34816,-1954816,7168,-879616,-476160,1024,-251904,-489472,-755712,-489472,-1456128,-984064,77824,-218112,216064,-1986560,-17408,-820224,118784,-920576,-1527808,-1447936,106496,111616,211968,-920576,-701440,-834560,-971776,-581632,-1000448,220160,175104,-436224,141312,-744448,-265216,-198656,-315392,-736256,-737280,-299008,-1337344,1009664,-15360,495616,-240640,-105472,-1366016,1051648,-582656,-1484800,-1006592
-150528,-2348032,61440,1070080,681984,717824,-27648,-225280,495616,-47104,-257024,-1242112,-250880,-121856,-1247232,-799744,-295936,251904,262144,1376256,-821248,2512896,351232,-228352,927744,991232,197632,-182272,-712704,-706560,-1665024,50176,609280,612352,1390592,991232,64512,1001472,-1332224,-1004544,1541120,1076224,-635904,-38912,-800768,286720,69632,126976,-529408,766976,431104,-292864,-107520,808960,250880,-804864,-1614848,174080,-1475584,-2153472,71680,-1638400,-1105920,1078272,-240640,-204800,-1479680,-196608,-874496,-545792,-892928,-591872,317440,673792,12288,-937984,-1504256,-749568,-379904,640000,760832,1047552,548864,-57344,-314368,-287744,-1004544,793600,1085440,408576,-1226752,-1641472,-168960,1342464,745472,-686080,410624,539648,1061888,744448,-93184,-39936,-325632,1082368,251904,-611328,-959488,-758784,-139264,-661504,-887808,-688128,112640,-698368,-171008,-929792,-929792,-49152,-334848,-834560,-311296,860160,-225280,-256000,-317440,-1852416,340992,684032,-409600,524288,-1354752,-109568,424960,272384,72704,534528,-1168384,-687104,-580608,1206272,442368,-249856,343040,-436224,-2864128,392192,-254976,-438272,264192,367616,-180224,148480,-202752,-1364992,5120,-498688,-420864,-55296,-580608,-484352,-668672,-149504,144384,-576512,437248,-1123328,-819200,-452608,107520,51200,-915456,-137216,1256448,551936,711680,-719872,1967104,-173056,38912,-1077248,156672,-177152,1859584,-698368,17408,-74752,-1647616,-1996800,439296,-641024,-370688,-103424,247808,-197632,310272,-89088,-1285120,-1040384,-274432,-30720,-424960,-1317888,-408576,825344,617472,-648192,-1389568,-123904,-186368,1229824,582656,-1886208,-34816,282624,-606208,-856064,-1416192,-540672,246784,-781312,765952,-380928,-584704,-312320,-120832,-1048576,-678912,670720,-83968,1674240,136192,-320512,-13312,-36864,286720,-172032,-1220608,-294912,-1526784,-323584,228352,-57344,-794624,181248,-790528,1079296,86016,15360,56320,751616,-340992,-699392,580608,-1388544,-2462720,744448,-389120,765952,695296,-1208320,159744,-435200,-623616,-1308672,-1024000,47104,278528,-429056,-195584,-504832,343040,34816,-750592,-102400,-1158144,-1095680,710656,27648,616448,-101376,417792,331776,-165888,219136,-1318912,1211392,-232448,388096,560128,-489472,-1124352,532480,-2421760,-184320,-667648,-332800,-92160,-1221632,-507904,173056,20480,-105472,-110592,-466944,-604160,1119232,-308224,-436224,-836608,-65536,535552,-325632,-356352,-803840,-1388544,-603136,619520,563200,-200704,-163840
-353280,83968,-199680,-82944,1033216,1386496,196608,-652288,-633856,1488896,451584,962560,342016,1056768,459776,146432,-433152,-559104,387072,-384000,-2048,-929792,342016,1443840,-14336,-385024,495616,1367040,1128448,312320,-355328,1558528,-442368,353280,545792,-361472,812032,367616,1280000,-433152,707584,275456,1308672,794624,242688,-363520,-299008,190464,851968,1036288,824320,-338944,380928,1255424,17408,34816,-545792,86016,1005568,221184,176128,490496,1273856,-690176,452608,-159744,75776,501760,1325056,1632256,867328,-417792,1116160,220160,412672,-128000,1070080,1001472,1714176,-819200,600064,-29696,429056,-219136,1295360,-91136,590848,-153600,9216,154624,338944,-711680,-247808,107520,1037312,-305152,-335872,-1325056,-211968,249856,367616,660480,618496,242688,-662528,899072,159744,-448512,1193984,542720,183296,-14336,-125952,368640,561152,206848,1153024,946176,-579584,22528,-367616,-1887232,1024,-704512,-818176,1326080,224256,31744,142336,357376,-176128,-423936,1100800,1060864,-1056768,323584,2048,354304,-230400,954368,878592,-83968,257024,137216,-896000,759808,-313344,759808,7168,274432,485376,-663552,1457152,-68608,1367040,570368,336896,555008,-406528,1792000,1047552,360448,994304,1144832,-929792,1144832,200704,1119232,1345536,12288,-100352,-783360,380928,722944,589824,-297984,-206848,-211968,349184,402432,57344,-302080,470016,-267264,-1012736,-331776,-961536,-1131520,1330176,-51200,-97280,808960,-388096,-1107968,1210368,499712,-237568,-35840,304128,781312,-1053696,-600064,-1420288,-301056,744448,-355328,-1034240,-24576,-279552,777216,30720,-158720,334848,543744,2038784,757760,75776,783360,-471040,-78848,345088,655360,-147456,-390144,-5120,707584,592896,39936,1135616,1227776,633856,-523264,301056,21504,-654336,899072,-743424,207872,-165888,-622592,-203776,-1281024,1022976,-371712,-620544,389120,271360,-105472,480256,45056,-413696,1106944,-797696,746496,487424,576512,-274432,796672,-779264,-113664,-432128,-18432,969728,198656,686080,-364544,-719872,879616,1164288,-620544,-1639424,559104,591872,1045504,-72704,-388096,1807360,467968,24576,428032,640000,-275456,-347136,202752,458752,-128000,1482752,937984,-18432,980992,-669696,529408,289792,39936,-831488,1017856,-824320,812032,-1005568,-796672,673792,-756736,322560,744448,347136,-263168,742400,-637952,-141312,-1131520,-110592,1204224,-1011712,629760,48128,870400,-560128,803840,197632,277504
-291840,-631808,321536,797696,-768000,-44032,537600,-48128,-733184,261120,-718848,-1054720,267264,-212992,-164864,-387072,-123904,-433152,-1785856,300032,-549888,-1957888,-1934336,258048,445440,-295936,518144,1030144,248832,396288,-996352,135168,-396288,148480,-722944,-941056,-477184,233472,-806912,-183296,303104,7168,-327680,-345088,-867328,-176128,-167936,-768000,-880640,-521216,-333824,-610304,-163840,722944,-628736,183296,-361472,224256,-732160,-542720,-1143808,-717824,110592,1069056,-78848,-395264,-517120,-683008,97280,-2167808,-312320,-526336,-830464,-86016,-796672,-744448,-1128448,-283648,308224,-507904,667648,-1080320,-612352,-940032,-333824,368640,100352,-1385472,-540672,-575488,-280576,-927744,-1216512,-1078272,-541696,-441344,-989184,-952320,-1155072,-566272,-1183744,-410624,754688,-1174528,-362496,-1133568,-1033216,3072,-158720,-533504,-765952,-54272,-16384,-376832,-948224,787456,169984,-607232,-1017856,773120,-479232,-1394688,-187392,-226304,431104,-605184,-755712,-91136,-968704,1656832,-1697792,-1178624,-557056,-206848,-1534976,-555008,-1523712,56320,-679936,-765952,-76800,-846848,323584,154624,-658432,-471040,-785408,-236544,-1329152,-333824,-1099776,-482304,-536576,-1586176,-284672,-789504,-963584,-189440,-698368,-831488,-158720,-1185792,-547840,-1026048,-948224,1177600,96256,-674816,384000,-920576,-2422784,47104,1073152,-1303552,-612352,80896,-1376256,39936,-428032,-1075200,-210944,-40960,1125376,-587776,-540672,-448512,-467968,-555008,-294912,-1351680,313344,-661504,307200,-1058816,750592,107520,-795648,-425984,-649216,231424,-559104,-724992,-1357824,819200,-1069056,-768000,-1417216,-65536,-220160,-1020928,277504,-1239040,636928,-1769472,-906240,-1531904,25600,-1253376,-929792,-411648,-474112,-615424,-816128,-1047552,876544,86016,768000,2110464,1548288,742400,452608,413696,174080,-832512,-1329152,-1003520,-528384,-676864,-1198080,84992,-872448,818176,246784,92160,-581632,-1102848,-2763776,-575488,-587776,-1396736,-185344,-1234944,-204800,-765952,-526336,-1817600,-1367040,-475136,723968,505856,-158720,-1078272,-155648,-488448,-242688,-333824,-561152,-1342464,296960,-1108992,60416,1333248,-32768,-761856,1011712,-1160192,-825344,-500736,-870400,105472,23552,-619520,-549888,-75776,-457728,-394240,-1118208,-829440,-559104,-837632,-1135616,-985088,184320,-518144,-415744,-1126400,-839680,-76800,-535552,-1309696,668672,-1032192,-867328,-216064,-990208,75776,171008,-873472,-515072,-1374208,-218112,-1129472,-713728,-676864,-1382400,-765952,-1408000,-38912,-1292288,-184320
828416,577536,51200,828416,-480256,-38912,1581056,1267712,-388096,425984,629760,92160,693248,687104,861184,-166912,728064,-722944,722944,-281600,468992,-165888,-689152,-881664,-887808,531456,-1182720,-843776,591872,1212416,-72704,679936,252928,-123904,1259520,661504,1562624,1513472,-51200,459776,-264192,365568,-202752,1206272,958464,206848,-199680,-359424,274432,897024,804864,797696,797696,909312,-497664,-516096,422912,679936,33792,836608,403456,-5120,299008,-124928,558080,-321536,801792,-578560,1331200,65536,1053696,-106496,-970752,1315840,151552,-2062336,527360,-231424,-220160,967680,889856,1163264,921600,1216512,207872,67584,109568,484352,-370688,427008,-308224,39936,591872,588800,-74752,314368,647168,701440,1069056,119808,588800,-305152,165888,731136,271360,-834560,857088,681984,88064,28672,595968,-126976,-162816,-932864,-637952,518144,272384,132096,-575488,759808,1285120,336896,-245760,402432,574464,-165888,662528,330752,290816,688128,-64512,-415744,-14336,798720,-608256,102400,40960,134144,177152,-336896,164864,484352,619520,-319488,783360,22528,-90112,163840,512000,123904,610304,-1413120,221184,-56320,309248,-297984,328704,-293888,378880,-797696,989184,-145408,-240640,69632,-149504,-811008,-559104,-67584,-313344,245760,-121856,830464,400384,-27648,399360,-394240,375808,125952,13312,2530304,33792,246784,-208896,-164864,555008,-1818624,-525312,-893952,-192512,292864,-181248,-250880,489472,222208,-819200,221184,-598016,-76800,414720,456704,548864,-477184,79872,-432128,320512,-311296,-510976,482304,-102400,142336,-302080,-1433600,-806912,-281600,-1343488,871424,1102848,43008,710656,-235520,-283648,337920,-191488,308224,1672192,1893376,2504704,3553280,2405376,1544192,1027072,2160640,504832,-407552,1260544,898048,19456,-82944,-948224,-444416,22528,-270336,71680,1310720,755712,-119808,56320,442368,1003520,-317440,-394240,-730112,36864,-34816,-500736,-12288,146432,-1070080,-1226752,-53248,-661504,814080,424960,608256,435200,-382976,-595968,-41984,759808,-569344,-423936,-440320,1198080,-273408,377856,10240,-165888,-225280,-1153024,-330752,-758784,261120,-520192,-268288,-427008,897024,-711680,-590848,375808,206848,-691200,136192,226304,226304,1458176,-281600,142336,337920,-531456,-987136,669696,-441344,-56320,477184,-137216,435200,724992,-409600,-1281024,731136,416768,1020928,-607232,-99328,757760,-1004544,16507904,-8192,-1161216,2305024
852992,-706560,-302080,-1121280,-1084416,-516096,-558080,60416,143360,-44032,-152576,-1618944,-1072128,296960,-1168384,-179200,-388096,-362496,435200,713728,-410624,-323584,484352,-1759232,-294912,613376,-653312,359424,482304,-293888,-739328,-156672,579584,-1697792,-98304,-771072,222208,-801792,-141312,945152,-181248,150528,505856,773120,-685056,-25600,-71680,759808,-686080,269312,-285696,-805888,-215040,-251904,207872,-146432,-435200,-436224,308224,-1228800,-509952,-966656,-459776,742400,33792,31744,182272,-124928,-1046528,-719872,-520192,-9216,287744,-228352,-368640,-811008,800768,-208896,-125952,-579584,362496,-438272,-277504,4096,-116736,-333824,-215040,-862208,-809984,589824,-1284096,166912,-234496,-739328,-510976,-830464,-1108992,-173056,-587776,-799744,-927744,-618496,120832,-290816,-667648,323584,547840,-363520,-1557504,-886784,102400,-877568,-209920,278528,-1117184,-666624,-203776,-371712,-495616,-175104,533504,-264192,-1020928,307200,305152,-830464,-1175552,-1219584,-994304,-524288,138240,-631808,807936,108544,385024,761856,-59392,-518144,434176,-424960,-846848,-1078272,0,-685056,232448,-76800,-283648,-1260544,-957440,-39936,-211968,50176,247808,-329728,39936,-1079296,-26624,-380928,-334848,-891904,-1348608,-805888,-1335296,-1751040,-808960,460800,535552,108544,-696320,989184,182272,-1026048,-217088,1441792,-910336,1148928,225280,-831488,632832,-20480,-1684480,-712704,-904192,-585728,294912,-417792,322560,-65536,-530432,-382976,-1001472,-328704,-124928,-543744,-447488,-253952,-1112064,-1740800,-135168,-223232,-2544640,238592,-986112,-743424,-292864,-342016,375808,-863232,-408576,-889856,-60416,-300032,-23552,-150528,187392,919552,-797696,-622592,25600,-613376,-397312,-1278976,710656,285696,1344512,1610752,1563648,1499136,1105920,-236544,942080,509952,-605184,1470464,741376,-1117184,331776,-708608,-1969152,-712704,455680,-221184,997376,99328,-472064,-1683456,-153600,-1107968,-1211392,-772096,391168,-976896,-721920,-188416,-723968,-20480,517120,-1047552,-969728,-746496,722944,273408,-460800,-494592,49152,-694272,-939008,-1556480,78848,-413696,-336896,717824,-744448,-1208320,57344,-251904,-1658880,-390144,-214016,1286144,-635904,-1231872,-587776,-220160,-1346560,-1078272,-1162240,125952,-920576,-109568,-866304,-622592,-460800,-1149952,326656,-652288,167936,-718848,-453632,-492544,-606208,-202752,-653312,1329152,37888,-1686528,-758784,-172032,31744,319488,-675840,649216,-89088,-797696,-92160,-2324480,-2095104,-1243136,-316416,10791936
-2000896,-1119232,-502784,-742400,-19456,-603136,-16384,-354304,274432,-1358848,-1735680,-868352,-1269760,221184,-1775616,-354304,157696,-1626112,-760832,-1016832,-701440,-1174528,-475136,-808960,-1128448,-830464,-1404928,-1024000,-321536,-371712,-778240,-762880,-430080,-836608,178176,-688128,-2061312,-360448,-920576,-1290240,441344,-581632,-1265664,-107520,-727040,-529408,73728,-771072,369664,-441344,-1035264,-803840,-3072,-839680,-875520,1422336,144384,-1003520,-247808,-113664,-805888,-777216,-109568,-208896,-827392,-974848,-1687552,-1480704,-373760,-1015808,-553984,759808,-218112,-571392,-252928,-372736,-1286144,666624,-850944,-318464,-162816,535552,-349184,-979968,-129024,-397312,-1741824,-1320960,-882688,-424960,-242688,209920,-799744,650240,-754688,-762880,1059840,515072,-2048,-563200,-991232,-947200,-653312,266240,-103424,-3048448,-373760,-358400,-865280,-226304,109568,-835584,818176,-1228800,-1355776,21504,-9216,-1050624,110592,-1226752,278528,-913408,-1309696,-79872,-310272,-1642496,-314368,585728,495616,11264,-646144,-753664,12288,-527360,-411648,-840704,-1588224,-309248,422912,226304,130048,-228352,313344,-2249728,-1217536,79872,535552,608256,-619520,-1070080,-902144,-1040384,-1686528,-493568,-460800,324608,428032,613376,-1320960,-1371136,-828416,-772096,-647168,-487424,-135168,-647168,-1101824,-994304,-1771520,-177152,-246784,-1511424,908288,-948224,573440,-241664,-703488,-621568,-519168,-951296,-204800,-39936,439296,-87040,-679936,-577536,-228352,-277504,-212992,-90112,-541696,-650240,-699392,-431104,-313344,-943104,-34816,36864,854016,603136,-2317312,-754688,101376,-502784,-916480,-348160,-663552,-668672,-704512,-822272,-363520,-539648,-1175552,268288,-950272,-507904,-734208,-1188864,-1453056,-318464,-1979392,-963584,-1366016,-38912,-922624,-743424,-275456,1722368,546816,977920,586752,485376,267264,-550912,-973824,-80896,-976896,303104,191488,-212992,-215040,-1284096,-897024,-1003520,-1669120,342016,804864,-1602560,-84992,371712,-1104896,272384,-405504,-1105920,-1245184,-1133568,-952320,293888,156672,8192,-1240064,-141312,-1476608,-1088512,-882688,267264,-593920,-68608,486400,-588800,-1331200,-126976,-984064,-1047552,735232,-879616,-751616,-248832,-1517568,-84992,681984,25600,-2791424,-1222656,-242688,33792,304128,-606208,-236544,-1240064,-604160,-842752,-827392,-198656,-548864,-1290240,-21504,-1043456,-963584,-1500160,-1021952,-413696,-14336,-2518016,489472,-89088,-1121280,-543744,-1339392,-333824,-526336,488448,-603136,-1324032,-484352,-441344,-252928,-550912,-2685952,-1179648
1338368,683008,163840,462848,2560000,1620992,-468992,-300032,800768,1077248,700416,-168960,1152000,1232896,206848,-713728,100352,1214464,434176,1006592,718848,-235520,661504,186368,479232,131072,-385024,627712,615424,1861632,1435648,621568,876544,-108544,-78848,-58368,-293888,354304,835584,69632,-12288,309248,369664,265216,-979968,1485824,515072,1108992,-864256,153600,776192,175104,572416,680960,860160,130048,28672,465920,-55296,1523712,588800,505856,-663552,-411648,437248,750592,940032,1235968,1147904,898048,518144,308224,53248,-832512,80896,631808,1161216,-121856,865280,1040384,1969152,772096,-816128,921600,589824,-696320,850944,110592,1425408,1497088,763904,531456,1635328,212992,40960,679936,235520,211968,-545792,140288,634880,498688,-53248,547840,730112,1110016,181248,-14336,1196032,-638976,1187840,464896,869376,684032,855040,-16384,448512,613376,139264,481280,-1080320,-838656,521216,-414720,1860608,-276480,23552,73728,516096,-1068032,492544,1317888,319488,504832,246784,1007616,-1154048,611328,869376,-663552,484352,1055744,463872,349184,1379328,503808,409600,-615424,-801792,363520,416768,520192,510976,667648,1153024,1158144,-1309696,-29696,702464,113664,-103424,-1024,1065984,1313792,-24576,-494592,-225280,990208,33792,149504,687104,-56320,-974848,996352,884736,-155648,465920,487424,9216,-370688,1136640,1303552,239616,46080,294912,593920,15360,363520,977920,1862656,1273856,774144,500736,506880,676864,1148928,685056,388096,-384000,686080,-1043456,-943104,209920,999424,-152576,839680,1134592,904192,-22528,1135616,-724992,-55296,1501184,-239616,387072,1403904,753664,-141312,-371712,-1197056,-821248,941056,288768,1117184,120832,416768,1091584,594944,671744,-50176,-1125376,-150528,-598016,-843776,63488,119808,692224,824320,351232,909312,690176,424960,-215040,278528,268288,1128448,806912,735232,179200,174080,-484352,116736,235520,760832,774144,-740352,-64512,-1057792,287744,60416,-110592,1608704,999424,1912832,-609280,-35840,-66560,804864,-191488,-342016,-364544,262144,-222208,-508928,9216,-713728,-402432,154624,1215488,-273408,-174080,763904,1396736,931840,796672,219136,-797696,154624,-323584,-228352,696320,343040,1713152,1069056,248832,-144384,718848,-999424,610304,84992,1840128,-677888,437248,-569344,456704,-575488,-1772544,-388096,265216,405504,487424,91136,-9216,779264,588800,947200,-82944,-468992,244736,-8381440
-655360,442368,-1659904,-439296,-296960,-273408,-360448,-1168384,483328,-1603584,136192,-570368,-697344,46080,-414720,-586752,-118784,31744,-33792,-1002496,-144384,-1040384,-838656,-1387520,-1025024,-569344,448512,-52224,-188416,403456,-648192,-417792,91136,45056,-989184,-1543168,-323584,-1842176,-177152,-868352,-356352,-737280,-1271808,-947200,-309248,342016,-982016,-1355776,-1042432,-2003968,-1164288,-1326080,-744448,-304128,-129024,-659456,-1608704,141312,1051648,-1383424,13312,-2026496,-657408,-1125376,-1537024,-526336,-591872,-117760,-1354752,-2014208,-678912,-188416,19456,-1443840,-1932288,-35840,-524288,-908288,-338944,-529408,-1187840,491520,-279552,-800768,-1454080,-693248,-833536,-458752,37888,-1250304,-253952,-307200,-132096,-617472,-94208,-1087488,-1544192,-1478656,-39936,-319488,-831488,-908288,-1373184,-995328,-395264,-802816,-755712,-239616,428032,-1417216,-68608,-522240,-835584,-1601536,81920,-219136,-857088,-697344,-1176576,88064,-1255424,-647168,-1372160,118784,-965632,-744448,-527360,-1301504,-937984,-599040,-220160,-654336,-531456,11264,142336,-2793472,-1115136,-211968,175104,355328,-302080,-1757184,-887808,-264192,-2896896,-1503232,535552,-1090560,-1099776,-1035264,-3072,-947200,-509952,-1516544,-1564672,-111616,-1287168,456704,31744,-415744,-1000448,-640000,-1519616,-464896,-525312,-1004544,-156672,-792576,-638976,588800,-1345536,-534528,-872448,-240640,-406528,222208,-1094656,-1790976,-1068032,685056,-801792,-203776,-714752,-818176,-230400,-188416,72704,-1929216,118784,-318464,-86016,594944,-519168,-660480,-834560,-973824,-154624,-357376,-1698816,-233472,-1545216,-977920,-717824,-799744,387072,-1319936,-814080,-2428928,-1406976,-1309696,94208,-167936,-1131520,-184320,-195584,-1148928,-1757184,97280,-334848,-933888,-472064,-1448960,-1026048,-159744,-734208,-831488,-1705984,1107968,2048,-302080,-197632,-733184,-1214464,-1265664,-1682432,-892928,-1812480,-696320,-635904,-570368,25600,-663552,-621568,-527360,257024,-2288640,-1338368,-1337344,-312320,338944,-402432,-55296,-1179648,-1605632,-413696,69632,205824,-1664000,-681984,-245760,-868352,-1908736,-1310720,-449536,-11264,-1027072,-162816,-912384,-581632,207872,-368640,-481280,-265216,13312,-2498560,-900096,-1527808,-267264,-1925120,-1006592,-242688,8192,-1079296,-1732608,-590848,-751616,-963584,-332800,-724992,263168,-1485824,-220160,-946176,-1168384,-1268736,-1695744,165888,-809984,-662528,-1245184,-207872,-680960,-593920,-1293312,-828416,-410624,22528,-418816,-1310720,-1226752,-578560,-1566720,-1871872,-1494016,-2277376,-448512,1854464,-136192,-160768,-355328
-1771520,-526336,131072,199680,-1061888,-586752,191488,-1515520,262144,460800,-40960,773120,254976,-1127424,288768,-23552,1074176,-165888,38912,-316416,762880,-708608,-1520640,645120,-189440,-1204224,-2028544,656384,-836608,-20480,-208896,960512,-108544,106496,-986112,434176,-2035712,361472,-268288,77824,233472,-233472,-850944,-316416,1222656,-699392,-983040,-182272,157696,-60416,497664,141312,73728,628736,-510976,-1320960,-1492992,26624,-236544,-1651712,-1077248,-1096704,-95232,-698368,-617472,558080,491520,83968,-379904,-452608,-1286144,-746496,-88064,40960,-2011136,-419840,1022976,378880,812032,-281600,-2270208,-843776,-1257472,-1754112,650240,-914432,-491520,372736,-874496,-685056,-121856,754688,-432128,-595968,-263168,-329728,215040,-118784,-418816,-451584,-6144,-816128,-1266688,-756736,676864,-379904,-128000,1085440,638976,-829440,-283648,509952,-1647616,319488,92160,550912,-285696,-451584,1026048,-44032,1215488,-1441792,-1024,599040,-1113088,-342016,-1200128,-111616,-1017856,285696,-1170432,-673792,568320,-1097728,-188416,-694272,57344,-370688,-586752,-975872,-22528,750592,-570368,506880,-111616,-54272,-1067008,62464,95232,-659456,-1548288,-299008,-285696,49152,249856,-628736,-996352,366592,-583680,-305152,-181248,-576512,-1515520,-220160,-129024,-192512,-1059840,173056,160768,129024,-1107968,-458752,-398336,-1385472,-496640,-744448,913408,161792,-962560,-1001472,910336,-335872,-164864,-858112,-2538496,-1149952,33792,-1275904,-200704,-6144,-253952,-1210368,-598016,-1272832,20480,-1269760,-649216,512000,-560128,-104448,418816,523264,-133120,-567296,-313344,-633856,-643072,-299008,268288,-400384,747520,-1546240,528384,-2256896,-377856,-761856,-754688,-615424,-67584,-627712,-766976,337920,-253952,62464,10240,-1111040,290816,-378880,-577536,-867328,663552,-738304,-186368,-363520,651264,-1169408,-311296,196608,-1191936,-372736,486400,-259072,-1164288,-142336,139264,-1437696,361472,-599040,-1291264,-495616,-93184,-1516544,-937984,-423936,123904,705536,140288,-198656,-429056,62464,-1869824,-1552384,-59392,-1108992,452608,-6144,-208896,-152576,-68608,-206848,95232,81920,-283648,-594944,94208,-228352,-22528,-324608,-863232,-1115136,-782336,-308224,-41984,-141312,-1166336,-587776,-1136640,743424,-1486848,-430080,503808,152576,190464,-4096,-749568,-507904,64512,-1623040,-1626112,-684032,-721920,-17408,-180224,-1107968,-928768,-503808,-1239040,-921600,553984,-322560,-546816,893952,-308224,-1031168,16694272,-1156096,-1009664,-1018880,-304128,-186368
693248,-324608,823296,-311296,-2232320,-275456,588800,-378880,1399808,-447488,-168960,297984,56320,-958464,-2280448,-813056,-802816,1273856,343040,-723968,21504,-1624064,8192,-400384,-1301504,506880,-1229824,-568320,-436224,21504,498688,-137216,-1139712,-823296,-772096,1104896,-1940480,-35840,155648,-621568,-587776,151552,-701440,-361472,-240640,98304,943104,-284672,-162816,-88064,640000,-1278976,794624,542720,350208,1313792,-1044480,412672,-641024,771072,-1033216,-756736,1343488,-903168,-828416,1253376,-404480,-228352,-670720,-676864,720896,-553984,131072,359424,176128,-364544,-481280,211968,296960,-440320,-26624,-719872,60416,-25600,953344,-1165312,95232,-622592,503808,-1866752,-779264,-937984,556032,1024000,724992,-385024,492544,-610304,-1694720,-975872,-53248,-596992,1266688,-1034240,239616,417792,1133568,-1216512,-313344,-347136,-1162240,210944,-796672,-737280,-20480,-138240,-637952,-557056,470016,-282624,251904,931840,-1056768,676864,231424,408576,-1161216,-719872,268288,-65536,162816,343040,544768,579584,169984,-158720,-1561600,-1530880,-73728,-1461248,-550912,-229376,508928,-71680,204800,144384,-1100800,-337920,-245760,-451584,606208,-745472,-609280,14336,-429056,-1003520,-536576,-395264,125952,156672,-350208,-1211392,-2055168,-566272,-605184,-794624,210944,153600,-647168,2041856,-48128,-1372160,-265216,52224,587776,-807936,-857088,286720,-516096,-927744,-1084416,-1114112,-1039360,-735232,366592,-791552,-77824,387072,-1575936,-874496,-158720,-1001472,350208,642048,93184,-1129472,-807936,268288,-1040384,-1902592,-545792,-167936,-1242112,720896,-103424,-294912,-28672,-325632,-1262592,-19456,323584,-217088,564224,-816128,-472064,-1683456,-232448,46080,-846848,145408,287744,95232,254976,312320,663552,-475136,529408,120832,-670720,241664,-189440,-163840,724992,-43008,-212992,-62464,615424,-899072,-98304,-1152000,-569344,-971776,285696,518144,-437248,118784,58368,-827392,-403456,-798720,-1099776,398336,-1614848,-91136,-166912,340992,-7168,-518144,-1488896,-591872,-1406976,-522240,-83968,-297984,502784,-643072,-359424,-366592,-355328,-628736,-44032,-1306624,-1445888,-572416,331776,-1091584,-247808,-546816,-536576,546816,-410624,-287744,-773120,-1206272,-681984,-2003968,361472,-62464,-808960,1153024,-1165312,-1948672,650240,-1095680,-714752,-584704,-1110016,-1292288,-1131520,-698368,-815104,589824,-249856,-1233920,-1529856,7168,93184,-681984,22528,-179200,376832,-1212416,-896000,-1755136,-1713152,-452608,-1079296,263168,-2176000,-1173504
-612352,-780288,-299008,-1505280,14658560,-1637376,-3415040,-593920,-674816,-482304,-1688576,-1247232,441344,-1360896,1317888,-711680,-111616,-502784,774144,-98304,156672,-572416,-720896,1139712,-1673216,306176,-215040,-876544,-366592,265216,-778240,-356352,652288,-1515520,62464,-167936,-175104,-694272,-1823744,100352,-320512,629760,-105472,-608256,-95232,-703488,-442368,-1076224,1178624,59392,226304,67584,1080320,322560,247808,-1025024,1072128,300032,-146432,221184,-733184,1403904,-1041408,-1121280,478208,290816,-1879040,238592,347136,-1033216,139264,-148480,-2241536,1031168,-1512448,-267264,-21504,-137216,441344,118784,1929216,-155648,716800,-73728,-626688,-551936,313344,-294912,862208,-427008,-1108992,-1146880,470016,-537600,-9216,1001472,-799744,712704,-303104,-436224,-523264,109568,1320960,-303104,-1286144,40960,-867328,-844800,427008,121856,592896,-628736,-336896,-2656256,584704,-392192,-521216,974848,-512000,-739328,1388544,-83968,238592,514048,484352,-1320960,-108544,-708608,1303552,-406528,139264,-68608,1173504,80896,-33792,66560,1024,-102400,248832,337920,1214464,669696,-647168,-1414144,809984,118784,333824,427008,-664576,-786432,-70656,-648192,463872,289792,-655360,-812032,-1743872,75776,776192,-802816,240640,-147456,-541696,218112,-1105920,18432,325632,-905216,-709632,998400,-312320,1039360,184320,-18432,-12288,598016,-1847296,-69632,-559104,436224,496640,169984,514048,-610304,-699392,385024,-150528,-36864,175104,-434176,-2048,-340992,-65536,366592,544768,209920,-328704,438272,759808,-594944,-1287168,718848,-564224,-447488,-399360,-1014784,231424,482304,322560,-386048,-618496,959488,836608,556032,-1048576,-1098752,655360,-227328,-274432,619520,-1225728,-556032,-353280,-898048,-8192,243712,-585728,676864,-468992,1280000,-13312,185344,330752,1008640,205824,-221184,423936,-95232,405504,-1691648,-801792,80896,-465920,-569344,-731136,-455680,-470016,1033216,-994304,347136,-396288,-1487872,-676864,-519168,-435200,-466944,224256,-858112,215040,52224,-167936,-303104,-966656,-290816,-472064,-672768,-538624,-43008,1614848,1061888,-351232,-337920,-898048,-1733632,496640,-905216,387072,522240,-296960,-275456,-216064,-1901568,-120832,-1386496,-955392,1628160,-173056,-215040,-947200,288768,-2286592,-568320,71680,-316416,818176,-267264,196608,1233920,754688,-377856,235520,-54272,485376,-831488,273408,-235520,609280,676864,285696,-560128,342016,-26624,351232,-86016,796672,-199680,-49152,1024,318464,-815104
-15360,-1014784,-227328,-39936,-1165312,-1718272,43008,623616,758784,2137088,-175104,-300032,-902144,1089536,-918528,477184,-907264,1339392,807936,713728,-557056,165888,750592,898048,-561152,778240,-667648,99328,877568,-519168,481280,557056,456704,1136640,-315392,331776,-59392,195584,1553408,631808,-944128,-1134592,-896000,-640000,59392,73728,88064,558080,569344,1040384,434176,130048,867328,388096,-321536,-16384,10240,-1370112,316416,-866304,-318464,-256000,338944,1227776,119808,1394688,479232,1227776,1044480,702464,-645120,-997376,1850368,-115712,-173056,289792,1396736,393216,-662528,-604160,-1049600,428032,-225280,206848,671744,-90112,47104,624640,-106496,-270336,347136,210944,309248,1733632,1505280,-666624,381952,268288,266240,583680,1739776,288768,740352,335872,-408576,116736,11264,211968,360448,-161792,871424,-1483776,369664,-645120,475136,-664576,510976,-35840,246784,-1208320,-861184,1793024,1524736,231424,1429504,-422912,1115136,281600,-458752,-1116160,-43008,-117760,1117184,-317440,212992,501760,354304,329728,317440,-622592,846848,2049024,413696,370688,722944,1056768,-102400,384000,547840,328704,272384,-1118208,656384,90112,909312,686080,421888,-2055168,-264192,465920,-449536,605184,-9216,205824,1937408,-28672,-316416,-347136,801792,-40960,244736,727040,107520,1038336,-642048,1101824,478208,460800,263168,-564224,625664,565248,216064,272384,-37888,429056,1668096,850944,610304,-326656,1028096,-26624,1409024,-946176,-291840,-485376,-638976,-212992,262144,-148480,-10240,630784,812032,650240,126976,82944,265216,307200,1156096,-370688,-429056,-380928,-193536,121856,102400,792576,131072,260096,845824,-926720,1522688,-650240,-456704,1485824,163840,-148480,287744,-795648,382976,-435200,-868352,1169408,723968,1821696,-356352,-220160,591872,603136,319488,-114688,389120,849920,-1024,825344,106496,885760,-239616,405504,676864,-976896,-1024,-425984,-329728,498688,1188864,-565248,169984,558080,97280,1190912,395264,-395264,148480,-1043456,357376,59392,315392,-1046528,-452608,94208,1175552,309248,-786432,976896,-850944,52224,248832,-459776,-821248,-1159168,-374784,824320,-1257472,897024,1280000,-516096,40960,191488,-310272,302080,-434176,11264,646144,-272384,-851968,385024,55296,-128000,606208,-545792,1050624,782336,-139264,-248832,-41984,-210944,-131072,117760,416768,-76800,-26624,-1090560,353280,347136,-616448,-1201152,1599488,968704,1387520,922624
10127360,-623616,-1241088,-1295360,-408576,-1250304,-1740800,-71680,-777216,-1078272,-1337344,-8192,-2368512,-1107968,-363520,248832,-579584,394240,-106496,-1119232,-1885184,-655360,-543744,-1233920,-102400,-1193984,-46080,-569344,183296,-1970176,-1860608,126976,-1147904,-914432,-618496,-904192,-756736,182272,-635904,-2216960,-395264,-784384,-363520,-982016,204800,-160768,-834560,-1269760,499712,-1350656,-1872896,-368640,-815104,-1134592,-847872,-2001920,-1006592,70656,-2992128,-1668096,-1189888,-640000,400384,-637952,-1259520,-874496,-565248,-1670144,-1649664,1002496,54272,-136192,-191488,-666624,-1036288,-1197056,83968,-1564672,-1040384,-1383424,-1713152,360448,-356352,-534528,-608256,142336,-1375232,-470016,-2180096,-1958912,-629760,-2363392,319488,-125952,-196608,-13312,-1619968,94208,923648,-1409024,333824,-510976,-1177600,-893952,-2155520,-1259520,-743424,-595968,-1280000,-1349632,-1257472,-1372160,-946176,-246784,-1890304,-2069504,-798720,-1083392,-1251328,-106496,-653312,-297984,948224,-1072128,-569344,-641024,-953344,534528,1582080,66560,-856064,-958464,154624,-510976,-1904640,-1259520,-970752,-391168,66560,-197632,-542720,-1053696,-193536,-1260544,-543744,-1098752,-332800,447488,305152,-111616,233472,-178176,106496,-823296,-1275904,-1373184,-748544,-374784,-1735680,-1128448,168960,-1350656,-753664,-414720,-7168,-291840,-194560,-631808,-985088,-962560,-768000,-1050624,-1171456,34816,6144,-768000,-288768,-1406976,-690176,510976,-856064,-572416,-768000,-222208,-1386496,-1308672,-1463296,288768,-187392,-1069056,-82944,765952,-398336,-555008,114688,-1727488,-701440,-1299456,-634880,-1336320,-1236992,-501760,-850944,-1511424,1178624,-1219584,-2308096,-1308672,-1321984,-153600,96256,-2000896,-1428480,-1057792,-310272,-1076224,-40960,-692224,-1287168,-467968,-705536,-436224,28672,-1249280,-1034240,-913408,-2170880,161792,-1097728,66560,-621568,-1895424,848896,468992,-1035264,-854016,102400,-256000,-1495040,-763904,-1349632,-672768,-2004992,581632,-1874944,-979968,-741376,-879616,-714752,-818176,-1798144,28672,-258048,-864256,-1063936,-1100800,-200704,-150528,-595968,-1149952,-873472,-881664,-715776,-138240,-96256,-734208,-473088,-71680,889856,-282624,-1070080,-747520,-315392,-2227200,-898048,316416,-1486848,660480,-612352,640000,-1519616,657408,-1634304,-1572864,-2045952,-1536000,-733184,-1963008,-1351680,-321536,-558080,-1397760,-1529856,-178176,-1746944,-1234944,-1170432,-415744,-405504,-2048,-809984,-416768,-1162240,-899072,-793600,-658432,-505856,-1324032,-489472,-1085440,-663552,-1921024,-438272,-1546240,-1223680,-1754112,-429056,-1292288,-182272,-635904
-1683456,596992,-364544,-45056,-737280,-909312,-1496064,-1687552,484352,-69632,-613376,-826368,-1782784,-606208,-167936,-199680,-888832,345088,-1408000,-670720,66560,203776,481280,-153600,-1620992,64512,55296,-447488,386048,-1207296,-124928,201728,670720,-1084416,-309248,-3262464,-1659904,-662528,440320,74752,164864,-834560,121856,-256000,-670720,144384,965632,-181248,232448,-69632,-562176,-1367040,-550912,-663552,-1681408,-1030144,-221184,-930816,-40960,-233472,-985088,-471040,-892928,-6144,-1361920,354304,-768000,-1358848,326656,-1008640,-873472,-190464,-1802240,-2146304,-524288,-1252352,-887808,512000,-228352,-923648,-533504,-168960,-578560,-246784,-868352,-2296832,470016,-419840,-309248,-509952,88064,-141312,-224256,435200,-958464,1054720,-218112,-29696,-1049600,785408,-81920,-287744,-841728,-244736,-1253376,-1192960,13312,284672,-741376,-870400,-516096,-520192,-714752,-28672,-80896,376832,-410624,350208,-179200,-80896,-119808,-842752,892928,409600,559104,-1510400,108544,29696,168960,-254976,-229376,-579584,-440320,793600,-520192,12288,-925696,-584704,-277504,-334848,-862208,-960512,976896,-561152,877568,-54272,-615424,-910336,-415744,-931840,-64512,-270336,397312,78848,-73728,-621568,351232,-519168,-78848,-765952,-919552,219136,-523264,-1547264,-1030144,-697344,-47104,-328704,-516096,153600,-1085440,-684032,620544,315392,465920,313344,173056,-1134592,218112,-544768,982016,-142336,-312320,-1581056,571392,-1580032,-490496,-581632,-1312768,251904,237568,-406528,-1465344,-109568,-759808,-1199104,-936960,-214016,39936,140288,277504,-894976,279552,349184,-1574912,-1763328,-483328,-175104,-324608,-71680,-1747968,-1439744,-1755136,-1274880,175104,-379904,677888,-222208,-645120,-238592,-448512,-1396736,-651264,-20480,-270336,-31744,-457728,-401408,-541696,234496,-1559552,-489472,307200,-1079296,-844800,98304,-44032,-219136,584704,-847872,-500736,518144,-921600,-1185792,-79872,-300032,432128,548864,-417792,-609280,-1432576,250880,-180224,-95232,479232,-571392,-1927168,-363520,471040,-2086912,-1129472,-320512,412672,737280,-726016,131072,-808960,276480,-1163264,-971776,-322560,-1257472,294912,-508928,-781312,-679936,-1387520,-56320,240640,-905216,221184,169984,301056,283648,781312,-520192,-248832,-1203200,-603136,-1339392,-832512,-360448,-38912,-601088,-746496,-158720,-542720,-860160,-1018880,378880,-594944,510976,-553984,-1153024,-891904,-956416,-1060864,292864,-414720,-1477632,-41984,740352,-195584,-1336320,-1106944,-785408,464896,-631808,-105472,-1976320
-1116160,41984,-741376,-1241088,-1037312,-78848,-199680,805888,-481280,-397312,-1167360,-680960,-1082368,-367616,-612352,743424,787456,-539648,-302080,-1204224,-598016,-18432,-667648,-1027072,-2091008,-501760,-172032,-680960,-335872,67584,237568,-509952,131072,-623616,-1341440,-496640,-17408,-364544,607232,-1693696,-647168,-368640,-125952,-53248,-968704,246784,646144,357376,1049600,-266240,-1428480,-375808,-113664,-1506304,260096,-805888,-902144,201728,356352,-2059264,-522240,-1308672,1482752,125952,-836608,-1392640,-609280,-628736,278528,-765952,-415744,-512000,-1310720,-844800,145408,-381952,1217536,-1868800,-1606656,-250880,-571392,-752640,-847872,850944,-35840,113664,-402432,818176,-1964032,-673792,530432,-796672,104448,976896,-914432,-342016,-509952,-2102272,1175552,-855040,-738304,407552,-385024,-622592,-380928,-369664,-439296,-1634304,125952,-188416,-443392,64512,377856,282624,-1259520,-700416,-493568,-200704,-1421312,-713728,-730112,29696,-294912,-397312,-2009088,126976,-1414144,-1224704,407552,-353280,-261120,-395264,-210944,-11264,-601088,-1469440,444416,-108544,-325632,-197632,30720,1215488,36864,599040,-277504,-1272832,-164864,-777216,-404480,-418816,-1152000,-455680,-828416,-1700864,52224,-176128,-380928,41984,-54272,-1908736,-2743296,-1181696,84992,-172032,-477184,-1414144,-1027072,-125952,-3072,-1920000,677888,304128,-672768,-1026048,-485376,-79872,194560,545792,-870400,-94208,-207872,-485376,-889856,783360,1097728,-1188864,-675840,-344064,157696,-447488,-1284096,-139264,-548864,1317888,-836608,-877568,-1366016,-611328,-1170432,-346112,44032,-1568768,-792576,286720,-1345536,-532480,-214016,-620544,-399360,-965632,-385024,-107520,-52224,-466944,932864,-96256,-861184,-1062912,-747520,-807936,-508928,-1231872,-510976,-951296,558080,-665600,-121856,-752640,-330752,-1033216,-694272,1915904,-1006592,-80896,-741376,728064,-1633280,-91136,31744,352256,7168,-1215488,-398336,-23552,-2027520,-1176576,-394240,97280,-13312,-664576,-1214464,-563200,-239616,-136192,-513024,-418816,-461824,-189440,-433152,-633856,533504,661504,-1856512,-483328,218112,-2948096,-771072,763904,-855040,-91136,-427008,-1742848,-525312,454656,-1637376,-2245632,-1032192,-268288,-308224,-1452032,468992,-800768,-1446912,-1211392,-1176576,-302080,17408,1285120,-321536,-814080,160768,-944128,-287744,-1099776,-629760,-1049600,-1226752,-1031168,119808,95232,-582656,-306176,-605184,-946176,-1329152,-590848,-790528,-226304,-79872,-304128,-297984,-944128,-1387520,-185344,502784,116736,672768,700416,-1276928,-509952
-144384,-5608448,-49152,-314368,-345088,-20480,-856064,-969728,-750592,-94208,327680,-611328,-1083392,-252928,-822272,-1046528,-1097728,-450560,-904192,-790528,-481280,-458752,-1217536,-970752,-1209344,-730112,-2009088,-2351104,-769024,-22528,-1755136,-21504,-1608704,-228352,-756736,121856,-854016,-322560,-932864,-1175552,-244736,-1337344,-921600,-184320,-1348608,-967680,169984,-201728,-1001472,-317440,-474112,156672,-912384,-1567744,-1563648,-466944,-424960,-1165312,521216,-996352,-996352,-1291264,-1347584,-1216512,-402432,-3692544,-369664,-1042432,-600064,-348160,-668672,-2184192,-688128,-1017856,-1465344,-58368,-118784,-1031168,-220160,-1383424,-1294336,-11264,-303104,-1514496,-130048,-2397184,-351232,74752,-62464,-366592,-1713152,-706560,-1221632,65536,-2066432,-2132992,-102400,-784384,-771072,-894976,-1032192,-1166336,-570368,-793600,-700416,-108544,-736256,-583680,-455680,-2399232,-366592,913408,297984,-223232,-964608,-1079296,-757760,-1640448,-570368,105472,226304,-1346560,-890880,-1527808,-565248,-116736,-1173504,-483328,-539648,-1233920,-1057792,-495616,-713728,-177152,-1166336,-719872,976896,-648192,-529408,-522240,-19456,-1974272,-319488,-313344,-534528,-411648,-827392,-1526784,-1676288,-1623040,-2089984,-73728,-270336,-1638400,-1103872,-377856,-534528,-489472,-206848,-1485824,-342016,-621568,-1284096,-777216,-2094080,-680960,-453632,442368,-563200,64512,-1132544,-1642496,-1482752,376832,-1210368,-2468864,-1843200,-57344,-1758208,-525312,-665600,-454656,-492544,-723968,-1615872,-641024,-1356800,-122880,963584,525312,-1311744,66560,-501760,-622592,-1421312,-1276928,-1226752,-909312,-145408,-999424,-1506304,39936,-117760,-1504256,-1025024,-1617920,-149504,-1953792,545792,-1585152,-1075200,-1185792,-1979392,-1500160,-983040,438272,163840,-744448,-399360,-845824,-1808384,-348160,-979968,294912,-1090560,-771072,-346112,-468992,-1107968,-875520,-911360,-1131520,-1699840,-893952,-415744,-966656,-483328,451584,-1307648,-1780736,-1143808,58368,-2658304,-290816,-753664,-811008,-195584,-919552,-631808,-1065984,-1036288,-754688,-708608,-1067008,-1922048,-1099776,-566272,-2564096,205824,-379904,-577536,-25600,-1152000,-199680,-466944,-94208,-44032,-1248256,-1055744,-1439744,-933888,-480256,-832512,-26624,-267264,-296960,-1128448,-1420288,-1831936,-630784,-1362944,-1035264,-2032640,-903168,-684032,-959488,-1291264,-917504,-1774592,-2819072,148480,-1945600,-2282496,-513024,-1154048,-1050624,-799744,-631808,-1050624,-1734656,-438272,-411648,-820224,-445440,-711680,-1951744,-801792,-1026048,-704512,-1128448,-1053696,-624640,-930816,197632,-1430528,184320,-1526784,-2027520,-2342912,-238592
-286720,-369664,-791552,-176128,-980992,-317440,-1326080,-45056,1276928,-222208,116736,-879616,-229376,-1158144,342016,-809984,209920,-189440,-263168,101376,-1485824,-1135616,-1368064,182272,-666624,-34816,-931840,-350208,-1051648,-321536,-792576,149504,-143360,-993280,-594944,-994304,749568,128000,-345088,-2116608,-1057792,290816,-1697792,18432,174080,-988160,369664,-1642496,944128,-928768,-1016832,-1638400,-2185216,-297984,196608,-310272,-87040,-740352,-513024,738304,-925696,-961536,333824,-1086464,715776,-503808,549888,-1036288,1616896,-1347584,-504832,-220160,548864,-2313216,-1373184,-1357824,-1041408,-867328,222208,-411648,-638976,-103424,-163840,-180224,-218112,-926720,-531456,-526336,-550912,-1119232,-166912,-1088512,537600,540672,-490496,-152576,1191936,723968,-207872,226304,-173056,-106496,1259520,897024,1043456,-421888,780288,746496,-573440,55296,-411648,-363520,535552,113664,1369088,-1113088,-406528,474112,-730112,-1056768,907264,-1230848,279552,608256,-510976,-6144,854016,-1257472,584704,-991232,259072,331776,-1195008,253952,-920576,617472,-1240064,-187392,-133120,-368640,893952,-108544,-236544,157696,153600,160768,429056,-381952,187392,685056,-190464,547840,-854016,-533504,274432,-1455104,-1360896,646144,434176,-253952,768000,-329728,695296,645120,-550912,1383424,-498688,139264,13312,-129024,773120,31744,629760,-1158144,-575488,167936,86016,-292864,-697344,-93184,-151552,52224,-369664,-753664,-80896,-1247232,-472064,-4096,800768,-1628160,-2158592,-696320,-651264,-241664,452608,-225280,-954368,-1382400,-890880,-381952,-496640,506880,-112640,3072,752640,-380928,4096,582656,89088,596992,-366592,-36864,-857088,-58368,689152,-279552,228352,60416,-1386496,133120,-1168384,786432,-457728,-667648,-22528,1010688,680960,-946176,-411648,-503808,-1549312,729088,-812032,673792,530432,-320512,-959488,-754688,-1869824,-537600,-1836032,178176,649216,-476160,642048,-354304,-1991680,102400,-602112,58368,-498688,-712704,-425984,-817152,-854016,-662528,-776192,-1478656,-427008,403456,-271360,174080,601088,436224,-869376,-738304,-1693696,605184,1140736,-355328,237568,-1620992,-972800,-1126400,-846848,171008,244736,-520192,-64512,-453632,-526336,-542720,-566272,-626688,-549888,-769024,-490496,-377856,562176,-326656,-250880,-1304576,-952320,133120,-951296,-1030144,-692224,-1586176,-279552,738304,301056,-176128,-695296,-461824,-1835008,-934912,-227328,-652288,1391616,-456704,-1031168,-762880,-1658880,-971776,-442368,-760832,585728,520192,417792,-251904
-2493440,-716800,-1283072,-521216,-927744,-1169408,334848,-1183744,-1449984,389120,-1606656,-1162240,252928,-825344,-977920,-20480,-508928,-173056,-1000448,-1983488,-1344512,-1293312,-1056768,-809984,-1241088,-690176,-109568,-791552,-1417216,-1128448,-1113088,135168,-466944,691200,-149504,-695296,-937984,-1210368,-237568,80896,-335872,-1809408,31744,-225280,-1160192,-790528,-398336,-1038336,276480,-251904,-578560,-1705984,-428032,-737280,-324608,-198656,-502784,-581632,-656384,282624,-1212416,-331776,-1390592,847872,-547840,-1045504,-1239040,148480,-442368,-1651712,833536,-833536,54272,-681984,-667648,-750592,-171008,-1027072,-962560,-1623040,-1117184,-102400,-1505280,74752,-2170880,-1079296,373760,-277504,-726016,-1568768,-463872,-1401856,-398336,-816128,-92160,-2936832,-406528,-700416,-773120,978944,-1142784,-663552,501760,103424,-678912,-626688,-820224,-1737728,-1685504,-815104,-57344,-485376,-595968,-862208,-2185216,-1174528,552960,-762880,-1208320,-641024,618496,-654336,1244160,-1414144,-1009664,-78848,-355328,39936,-235520,-418816,-868352,-784384,-1120256,-2007040,-1180672,-914432,-577536,-73728,-1697792,-1133568,-912384,151552,-147456,-417792,-484352,-514048,-202752,411648,-675840,-1510400,-784384,-1294336,-250880,-604160,-1843200,-234496,-999424,-755712,-2019328,-190464,-1164288,-1935360,93184,-1421312,-497664,-1816576,470016,-1825792,573440,-1327104,-207872,-1105920,-465920,-356352,-1021952,-195584,-440320,-1353728,-1304576,46080,531456,982016,1062912,-2573312,-40960,-226304,-1107968,-513024,-679936,-12288,-174080,-472064,-1527808,-1111040,-939008,-1168384,-899072,-544768,-248832,-1267712,145408,-697344,-122880,-301056,-422912,-769024,-1402880,-412672,-492544,119808,-1606656,-724992,-1441792,361472,-266240,-839680,-1548288,-1506304,-785408,-776192,800768,-321536,-956416,-1231872,-1256448,-1215488,-876544,-403456,-1311744,-259072,190464,-500736,-319488,-475136,-1281024,-226304,-1057792,-1034240,608256,-1001472,-1563648,-1100800,-2075648,-2092032,-1654784,-1280000,-952320,-876544,-1905664,-1885184,-1062912,751616,-745472,-464896,372736,-722944,-72704,-1148928,-965632,-339968,-327680,-1383424,-465920,-1082368,-1490944,-29696,-338944,-839680,-581632,-1640448,-1645568,-111616,-1751040,-591872,886784,-852992,-508928,-592896,-492544,-1054720,-453632,-1581056,-288768,-676864,-1594368,-976896,-2176000,-908288,-307200,-1626112,-747520,-1368064,-1093632,-847872,-831488,-1379328,-846848,-1975296,-1145856,-1393664,-1444864,-367616,120832,352256,-742400,-425984,-940032,-886784,-987136,-1849344,-1988608,-1668096,-125952,-922624,-641024,-2763776,-726016,-148480,-10812416,-2852864
913408,-668672,-445440,-251904,-444416,-616448,-1223680,-1286144,-923648,59392,-51200,598016,-887808,950272,-357376,89088,476160,-239616,-40960,-1084416,1106944,-448512,-438272,-912384,1173504,819200,-87040,291840,506880,1209344,319488,201728,-349184,367616,-827392,327680,1292288,388096,492544,-32768,-593920,-257024,-308224,-844800,1714176,45056,100352,-916480,-1199104,700416,-347136,672768,663552,-1419264,169984,346112,1146880,61440,1115136,-189440,-548864,-766976,1110016,70656,1047552,280576,-446464,-294912,611328,195584,-655360,-254976,-299008,-149504,-135168,114688,884736,-578560,381952,-1081344,210944,-786432,860160,-89088,-789504,-857088,990208,321536,-1135616,-508928,80896,317440,-359424,518144,-387072,-118784,411648,532480,284672,-843776,117760,-739328,217088,-188416,-447488,-81920,-1619968,-700416,-226304,729088,-2309120,-83968,-253952,-67584,-266240,6144,865280,676864,-268288,-828416,-266240,-1160192,-273408,-1068032,-948224,649216,-180224,476160,-490496,-598016,-139264,787456,1165312,199680,1203200,743424,125952,-979968,-130048,481280,1006592,905216,-413696,475136,537600,-154624,-180224,1044480,-1436672,-397312,-66560,-1001472,540672,352256,-183296,-708608,3072,-179200,314368,1001472,30720,-425984,-521216,-146432,140288,342016,514048,-749568,-280576,556032,714752,-756736,189440,-1082368,4096,-522240,931840,-324608,-27648,321536,-494592,687104,-57344,-198656,270336,-215040,566272,-373760,-1040384,499712,-108544,136192,-564224,943104,-1032192,788480,-375808,-1352704,-242688,-618496,-291840,-216064,19456,-250880,-252928,108544,368640,202752,-243712,-537600,740352,161792,417792,-237568,315392,-337920,-520192,-162816,899072,-378880,-1136640,-245760,0,-914432,49152,805888,457728,-327680,346112,-155648,-397312,-272384,-248832,-267264,704512,659456,204800,581632,585728,-935936,-346112,-1030144,-275456,-991232,-173056,-509952,-427008,245760,-182272,-1746944,201728,312320,30720,-961536,-930816,339968,31744,-1060864,-1359872,675840,-225280,618496,627712,204800,-604160,-898048,-411648,-116736,-556032,-28672,1112064,-187392,-920576,1607680,548864,-300032,-6144,-2048,-286720,-686080,32768,397312,417792,-920576,1695744,-83968,-66560,-253952,-868352,305152,9216,138240,967680,-359424,-340992,138240,-912384,-1193984,-261120,-231424,173056,-321536,-894976,-504832,-837632,-494592,-1085440,-1581056,-1181696,19456,57344,-338944,57344,-661504,76800,-1056768,699392,363520,1750016,-1116160
621568,-1136640,388096,815104,-422912,-659456,136192,-1889280,-1140736,-525312,-1575936,-661504,-1745920,-1097728,-437248,-1230848,-2810880,-440320,-249856,-169984,-344064,-735232,-839680,-952320,307200,34816,-478208,-2450432,-1160192,-186368,-178176,-628736,-748544,-1446912,-308224,-645120,-290816,-825344,-1046528,-347136,-650240,-669696,-222208,-779264,-260096,-501760,-41984,-1090560,278528,-1062912,561152,-16384,95232,-352256,-1936384,-917504,990208,-504832,-1476608,-1225728,-637952,221184,-41984,-2105344,-1124352,-64512,-1665024,723968,-1282048,-1300480,-347136,5120,40960,192512,-310272,-535552,-1058816,-177152,-5120,-745472,-1245184,-607232,442368,581632,549888,-1287168,-78848,-1953792,-188416,1067008,-1417216,-491520,-482304,-892928,-604160,-750592,-199680,-1198080,-309248,-282624,-503808,-634880,-761856,-1216512,-112640,-81920,-1256448,-505856,-265216,-703488,-537600,281600,-212992,-626688,-722944,720896,94208,218112,-1175552,410624,441344,-915456,688128,-289792,-274432,-688128,-910336,-927744,-559104,-1043456,-530432,-1212416,-150528,93184,-345088,-646144,-346112,-558080,-78848,-760832,-302080,-141312,-1307648,380928,-333824,-471040,590848,-1363968,-590848,201728,-1474560,-653312,-1846272,-1120256,18432,-807936,-362496,-1401856,-471040,-1788928,-1557504,586752,-1453056,-1561600,-918528,457728,56320,-54272,-643072,-1082368,91136,-240640,337920,-1216512,-980992,-1317888,-84992,-110592,-533504,-457728,-934912,-622592,505856,599040,-690176,-1327104,-593920,-678912,-835584,280576,-1198080,44032,58368,-660480,-362496,14336,-1325056,-1882112,-1278976,133120,-1272832,1068032,-280576,-794624,-987136,-185344,-424960,437248,-494592,-356352,-750592,-228352,-177152,821248,-1209344,-114688,-303104,-558080,-1223680,-987136,-483328,-585728,-1168384,252928,-374784,126976,-2007040,-319488,-756736,-1248256,1253376,-534528,311296,-1093632,-698368,-2642944,157696,-237568,247808,-977920,-485376,132096,-431104,-1576960,-413696,-1705984,-556032,-65536,-1113088,988160,-477184,-717824,-779264,37888,-607232,-618496,-523264,-995328,-709632,-1229824,-102400,-275456,-335872,-771072,-1577984,-770048,-1728512,-364544,965632,-656384,134144,-299008,-228352,-2113536,-1374208,-957440,-573440,-457728,-1895424,-1685504,-573440,-87040,-491520,-535552,-386048,-1080320,987136,-1836032,-361472,-291840,-689152,-495616,-564224,-317440,-743424,-1444864,-394240,-620544,-703488,-898048,-1343488,-1513472,-2130944,-1117184,-754688,-1018880,-512000,94208,-1178624,-456704,-539648,-3091456,-772096,-1072128,-1372160,-936960,-1286144,-1431552,-453632,-295936
-1308672,-113664,-634880,-726016,-422912,749568,-1184768,-817152,-47104,106496,-1524736,-1528832,-1373184,-1393664,51200,-1055744,-1583104,61440,-329728,-1201152,-803840,-493568,-1183744,-539648,-276480,-1358848,-250880,-689152,-1429504,-1897472,-1300480,-633856,-751616,-190464,-1483776,-1232896,-933888,-1838080,-1480704,-67584,-1701888,-162816,-517120,551936,-651264,-1193984,-330752,-1257472,-797696,-1565696,420864,-118784,-149504,-756736,-313344,616448,-2028544,-1426432,-926720,-104448,-872448,-443392,-2033664,-514048,-2254848,-576512,-184320,-64512,-117760,-565248,-937984,-145408,-1974272,-2654208,385024,-403456,-1368064,-385024,-894976,421888,-705536,-1027072,-708608,-110592,-750592,-846848,-849920,-856064,451584,-1296384,-339968,-956416,-479232,-91136,117760,-1028096,-1609728,-168960,68608,-532480,-507904,-367616,-865280,-733184,-24576,-364544,-563200,-1414144,-164864,-834560,-843776,-944128,-1328128,-359424,-492544,514048,-1240064,-1721344,-286720,237568,-1471488,190464,-1849344,-791552,-1222656,-306176,-157696,-1406976,-943104,-1821696,-1638400,-239616,443392,-661504,-734208,-609280,-486400,-862208,228352,-240640,101376,-102400,-885760,-1182720,125952,-612352,-787456,207872,-121856,-1250304,125952,-179200,-1334272,-1091584,-556032,-1258496,-1095680,-1530880,-1018880,-1334272,-1481728,-473088,-1534976,-1483776,-241664,50176,-942080,-454656,-1239040,634880,666624,-686080,-544768,-985088,-1855488,-1270784,-200704,-161792,-251904,184320,-765952,-330752,-729088,-681984,-495616,-987136,-294912,-1103872,-1321984,-567296,890880,-269312,-1522688,-1111040,-592896,-930816,-234496,-1900544,-394240,-1359872,-1927168,-1421312,-1572864,-2125824,-1074176,-1007616,-733184,-69632,-47104,-1412096,-1394688,-1352704,-2532352,339968,-931840,-676864,-28672,-750592,-932864,-1058816,-773120,427008,-1105920,-193536,-111616,-880640,-157696,-172032,-696320,-1937408,-667648,-1335296,-91136,-596992,-906240,-1896448,-825344,-620544,-817152,-1802240,-705536,-1442816,-1531904,-1278976,-885760,-1976320,-583680,-1011712,-2347008,-983040,-151552,-1967104,-218112,-823296,-558080,-1301504,-959488,-1385472,-1012736,-604160,-422912,-353280,-1011712,194560,-2772992,-979968,-630784,-1093632,-1205248,-1176576,-887808,-628736,-291840,330752,-541696,-183296,-718848,-1843200,-1328128,-1753088,-1398784,-1304576,-265216,-418816,-1341440,-1609728,-1117184,-1453056,-1143808,-1823744,207872,-1442816,-1527808,-657408,-357376,-1048576,-364544,-2338816,-1048576,-1383424,219136,-975872,-109568,-352256,-392192,-1533952,-870400,-438272,-1689600,-1846272,-1224704,-1310720,-206848,-1895424,-498688,-1558528,-48128,-2075648,-1051648,-1286144
-275456,499712,398336,-1288192,311296,-1494016,-896000,-135168,-595968,-5551104,36864,463872,-114688,-103424,103424,241664,-480256,407552,-536576,52224,425984,-212992,-1603584,509952,-547840,-2048,-114688,-878592,599040,-537600,-1117184,-260096,-34816,-1359872,-1010688,-481280,-32768,58368,176128,-913408,1433600,-1592320,-1299456,713728,-925696,1207296,-124928,163840,368640,-616448,636928,-422912,-180224,149504,659456,-238592,414720,168960,32768,-339968,601088,421888,288768,-277504,-1154048,168960,-114688,776192,-1152000,-474112,96256,-946176,45056,-1321984,841728,305152,99328,-698368,-1375232,-1838080,-588800,-166912,503808,756736,-93184,267264,-25600,1017856,-908288,540672,-36864,175104,-415744,-312320,719872,77824,721920,625664,226304,-1413120,-653312,-697344,385024,3072,-440320,-41984,-609280,-579584,374784,-515072,224256,-82944,588800,-413696,-131072,1125376,-911360,-1208320,-551936,423936,-833536,-169984,220160,-541696,196608,257024,-1063936,-110592,-437248,669696,208896,-1514496,-424960,-346112,-1050624,380928,804864,82944,425984,-193536,-284672,-746496,-286720,-823296,586752,-77824,339968,166912,556032,1149952,472064,-508928,-888832,-10240,-750592,-743424,728064,-299008,-823296,-14336,-2070528,-1198080,-945152,-56320,-201728,13312,-1212416,-686080,-848896,466944,1256448,-322560,-252928,131072,-384000,1222656,270336,248832,-238592,109568,-654336,344064,-738304,-559104,1136640,491520,132096,-218112,616448,-539648,215040,1282048,-421888,1412096,675840,226304,-449536,-565248,633856,-508928,-129024,105472,-122880,-169984,1277952,279552,-20480,-1331200,-77824,-775168,391168,1220608,955392,907264,-1080320,-278528,431104,308224,-828416,-172032,-1219584,-947200,852992,1001472,9216,0,-528384,-1261568,4096,605184,-940032,844800,-1638400,-571392,229376,-560128,-673792,68608,190464,-36864,235520,-712704,-241664,-1175552,533504,-34816,-1428480,-53248,25600,-709632,-432128,-495616,143360,-394240,-798720,-1394688,211968,377856,732160,-183296,301056,-355328,484352,-54272,-81920,-1368064,-965632,-698368,-741376,246784,-141312,-444416,-586752,388096,-219136,216064,-1191936,205824,-750592,-1111040,-827392,-1276928,-1346560,-987136,-966656,-172032,-532480,-649216,-975872,-57344,760832,641024,-793600,-157696,-1080320,-157696,92160,-378880,-541696,559104,-301056,-1052672,58368,-1290240,692224,-208896,438272,-271360,-994304,-1252352,-606208,-443392,-1005568,876544,125952,-812032,-875520,-1353728,201728,-526336
-532480,-501760,-96256,-91136,-905216,-10240,-738304,-1195008,-1387520,-698368,443392,1057792,-287744,28672,-356352,849920,281600,-722944,-539648,-595968,60416,-261120,1269760,-539648,-175104,-862208,306176,-1110016,-606208,-533504,716800,-765952,146432,-486400,437248,-457728,-163840,-1165312,384000,-62464,-359424,-824320,164864,409600,-663552,199680,295936,-657408,166912,277504,-1102848,1068032,-832512,-190464,-160768,1228800,-1752064,505856,-1356800,-129024,462848,79872,223232,-1035264,-232448,-1348608,-458752,246784,-405504,517120,-932864,31744,-67584,-715776,-163840,110592,-515072,229376,-325632,-542720,-1172480,-586752,-814080,-1169408,-1172480,-711680,-583680,692224,210944,572416,-269312,-473088,220160,-1062912,-1763328,190464,1071104,-319488,-860160,-395264,505856,-513024,699392,-572416,382976,527360,-661504,1081344,-741376,105472,-472064,-177152,-441344,-1781760,-1265664,-924672,528384,-309248,242688,373760,-563200,69632,-543744,-1052672,314368,577536,512000,126976,776192,-661504,184320,65536,-514048,1024,-1112064,-377856,-225280,-1381376,-370688,-394240,-66560,-216064,-1308672,173056,-568320,-205824,-232448,-922624,-302080,-71680,-329728,-743424,-214016,391168,382976,734208,-495616,-149504,-536576,-1688576,125952,1034240,302080,-991232,223232,-738304,-1567744,-184320,-940032,1233920,-580608,-686080,-256000,166912,-832512,-583680,-45056,674816,-774144,-750592,600064,-456704,-57344,-116736,-44032,-587776,-149504,-1293312,-615424,181248,130048,-901120,-377856,-1429504,-1385472,-180224,-529408,-850944,-138240,686080,-653312,-1042432,-1045504,-67584,-1210368,-1253376,5120,-165888,721920,-1020928,-1638400,-2173952,505856,-467968,-1166336,688128,-204800,184320,374784,472064,-1056768,-785408,-137216,-479232,-1216512,-832512,105472,603136,-963584,333824,-397312,778240,-10240,-1605632,-105472,-238592,-422912,862208,172032,389120,214016,484352,-1094656,157696,-99328,-705536,363520,-844800,56320,-538624,-1045504,-1018880,-2272256,-1022976,-155648,172032,93184,163840,308224,143360,-832512,-818176,-850944,-401408,-607232,-425984,385024,-121856,-332800,-564224,-465920,-1688576,-1169408,89088,-630784,-1009664,-199680,382976,-574464,265216,-815104,-772096,-976896,-889856,101376,-1048576,-94208,-297984,-1459200,-1221632,-1871872,-845824,-1454080,-1052672,463872,-53248,575488,-1362944,1024,-1143808,3072,-749568,-1031168,-1546240,-120832,-968704,-308224,-986112,248832,-1252352,-600064,-839680,1311744,302080,-548864,-640000,-22528,188416,-2553856,-1783808
-506880,926720,587776,1421312,-672768,-13312,1574912,1410048,1186816,978944,-416768,598016,1076224,-1998848,-951296,-290816,-670720,-802816,291840,-173056,640000,1436672,117760,61440,824320,190464,120832,625664,1047552,926720,1073152,521216,680960,-1183744,148480,733184,80896,655360,39936,-485376,123904,499712,-373760,334848,-936960,1104896,710656,315392,-114688,664576,1246208,797696,-263168,141312,1046528,1320960,1441792,1202176,707584,89088,922624,478208,1593344,778240,330752,802816,1094656,878592,496640,293888,343040,130048,457728,-26624,418816,1286144,237568,378880,-102400,946176,-917504,-132096,711680,118784,988160,1389568,497664,346112,-1004544,-596992,910336,-176128,195584,816128,1276928,1042432,265216,1179648,48128,102400,726016,866304,-470016,-17408,-114688,453632,-467968,1649664,576512,-727040,747520,1793024,990208,428032,1210368,812032,1805312,1074176,1271808,-641024,-118784,1351680,567296,609280,488448,-376832,747520,942080,-407552,1082368,202752,509952,1067008,317440,1594368,604160,260096,160768,910336,-178176,-480256,439296,1268736,763904,1206272,636928,729088,-1097728,617472,1223680,-2048,909312,355328,888832,-95232,968704,1127424,-653312,-126976,53248,377856,-389120,-776192,876544,953344,513024,743424,1883136,196608,1018880,614400,620544,-442368,-240640,884736,569344,-266240,233472,-924672,410624,1387520,-1154048,235520,777216,405504,607232,-378880,928768,-297984,1444864,-623616,740352,187392,-980992,-707584,577536,326656,96256,171008,-718848,1281024,-10240,461824,1206272,315392,363520,-95232,131072,-748544,79872,195584,-624640,945152,-1093632,647168,1486848,1086464,525312,701440,-1306624,861184,719872,1165312,736256,280576,-98304,22528,806912,261120,539648,1487872,600064,374784,66560,-1148928,188416,348160,-60416,274432,-226304,618496,1635328,604160,-766976,-505856,178176,1093632,208896,-1782784,-385024,296960,-958464,50176,1052672,28672,-889856,821248,-1062912,189440,484352,532480,-135168,3072,-403456,252928,646144,804864,-636928,-650240,336896,-1280000,-7168,322560,543744,-201728,674816,495616,-1335296,-409600,972800,46080,946176,11264,1332224,153600,1903616,456704,-628736,248832,-210944,154624,-311296,560128,-951296,72704,220160,623616,59392,-428032,706560,-326656,704512,827392,978944,-4096,48128,493568,-711680,712704,346112,-569344,995328,-1030144,1291264,-262144,435200,825344,1575936,-163840,411648
1205248,-715776,-416768,957440,-586752,1451008,1454080,-1222656,-303104,429056,-932864,1110016,214016,-450560,274432,284672,545792,89088,370688,-1353728,739328,-199680,-394240,251904,991232,1208320,499712,605184,520192,-1854464,789504,453632,1598464,184320,1821696,-505856,784384,-854016,698368,-212992,-70656,-610304,-6144,-961536,45056,79872,-300032,-649216,691200,208896,347136,-59392,-382976,917504,1155072,978944,69632,-1163264,202752,390144,891904,1351680,-1082368,-691200,-541696,-497664,168960,-303104,150528,334848,207872,232448,388096,22528,-332800,691200,-250880,1024,429056,271360,760832,158720,6144,-733184,-130048,-653312,-2112512,-253952,-114688,606208,580608,-582656,264192,447488,605184,-150528,-555008,306176,35840,404480,115712,-101376,438272,32768,407552,-399360,-509952,-15360,1013760,18432,-448512,1399808,-220160,-123904,294912,790528,286720,424960,343040,-135168,932864,-1057792,-600064,858112,-1040384,-583680,315392,708608,320512,-228352,-167936,46080,553984,-931840,-870400,134144,916480,1310720,1405952,57344,-184320,1433600,-939008,935936,877568,289792,38912,381952,1031168,137216,-506880,632832,650240,-416768,248832,-587776,51200,-849920,229376,557056,275456,289792,1273856,1028096,180224,414720,-58368,-1454080,635904,275456,491520,423936,-388096,279552,1157120,275456,368640,-202752,-11264,540672,225280,-385024,748544,-202752,-585728,-838656,773120,-1485824,799744,261120,1285120,453632,261120,504832,749568,-193536,-577536,114688,-602112,761856,92160,504832,619520,322560,477184,-410624,-100352,-261120,391168,1014784,-913408,-25600,-411648,-714752,-932864,-142336,-378880,-739328,557056,-913408,240640,-335872,145408,-34816,-929792,-1031168,25600,184320,-1184768,486400,-573440,644096,-93184,-88064,-1153024,90112,-424960,-437248,697344,-129024,661504,78848,-87040,-796672,1452032,416768,-440320,-132096,-360448,732160,-1149952,687104,-924672,-649216,-17408,47104,407552,244736,638976,-649216,423936,-971776,245760,-1651712,563200,-44032,377856,-9216,607232,-1076224,-174080,351232,840704,-243712,93184,-491520,327680,-40960,4814848,-839680,-388096,-302080,-496640,-320512,-1465344,396288,-491520,794624,488448,-374784,191488,38912,-1382400,358400,502784,756736,176128,-1288192,-334848,529408,-1367040,-1571840,-957440,-806912,-174080,59392,8192,-375808,-59392,614400,437248,-82944,478208,322560,88064,-39936,275456,66560,907264,860160
-157696,-197632,-10240,-1647616,-645120,-1970176,-1648640,-520192,-336896,97280,-199680,-283648,-2254848,200704,-275456,-1056768,-718848,124928,-648192,305152,-1012736,81920,-283648,-568320,-944128,-2479104,-1005568,157696,-1829888,-63488,-463872,356352,637952,-898048,-2295808,107520,-1219584,-1253376,1924096,-1306624,-351232,-778240,604160,-309248,-104448,125952,-733184,-179200,-52224,-722944,-817152,-977920,-1203200,-567296,96256,-1304576,-961536,413696,179200,218112,663552,-1476608,89088,-1931264,46080,-158720,-685056,83968,-119808,400384,-952320,84992,-1380352,-3072,407552,-832512,-391168,-107520,-876544,-168960,184320,-1402880,-772096,215040,103424,95232,-290816,604160,4096,-732160,-339968,-1129472,-1844224,130048,-333824,-291840,819200,-722944,150528,-183296,-909312,-1948672,-918528,-663552,-789504,662528,-646144,-562176,-334848,243712,-1273856,-957440,-414720,360448,-472064,-381952,-576512,-533504,-151552,-878592,400384,-1313792,-1126400,-486400,309248,37888,-412672,844800,-1300480,185344,-911360,-1455104,434176,-196608,-95232,-126976,-1170432,-602112,-192512,-1341440,-498688,445440,-152576,171008,-128000,-738304,-414720,-356352,-1165312,140288,-180224,-1150976,-434176,137216,-739328,330752,-1441792,-1783808,-193536,-1020928,-495616,-366592,159744,-31744,-313344,-380928,-108544,-67584,-171008,-1014784,-357376,-148480,-417792,-1262592,-1015808,-417792,-1120256,640000,-1026048,-732160,844800,45056,-1632256,193536,244736,-998400,364544,-154624,-965632,-803840,312320,-798720,-520192,-338944,-1272832,-499712,387072,254976,158720,-521216,-155648,1125376,-1236992,-435200,-14336,-261120,657408,-106496,-1037312,-100352,-615424,-1406976,-929792,-886784,-1394688,-158720,-648192,-651264,-313344,845824,611328,-1827840,198656,493568,-540672,-61440,475136,-961536,-1605632,-869376,779264,-427008,-260096,-40960,825344,838656,26624,318464,-1638400,418816,-1277952,-141312,-1263616,-1321984,677888,-1382400,-1005568,983040,307200,-1571840,-954368,644096,-1297408,1289216,-594944,-995328,-164864,-344064,-951296,429056,-143360,44032,-482304,-380928,244736,-1060864,-1710080,-1357824,-823296,-677888,347136,-237568,305152,-812032,-460800,467968,-10240,-205824,-667648,-696320,-224256,9216,-686080,-569344,-605184,896000,-975872,-558080,-380928,787456,-302080,63488,-530432,576512,-148480,-826368,-1260544,-687104,-1957888,-1355776,201728,-1230848,-226304,-687104,-1152000,290816,-781312,-402432,-438272,-340992,-1122304,-43008,-458752,-65536,-2142208,-929792,-1232896,-1471488,-891904,-1111040
-79872,-306176,-624640,198656,62464,-194560,1026048,641024,-223232,793600,645120,-519168,-158720,-408576,432128,-73728,489472,-263168,-259072,570368,-27648,-532480,-425984,556032,-618496,16384,202752,299008,66560,-172032,-1343488,152576,-1049600,20480,263168,500736,611328,81920,179200,33792,-1051648,-133120,375808,901120,800768,966656,239616,-647168,-1212416,-756736,39936,84992,1311744,40960,-580608,706560,8192,-660480,212992,-265216,-712704,881664,124928,236544,139264,283648,813056,745472,-781312,1431552,-83968,637952,-875520,155648,48128,217088,-221184,-312320,-1741824,-122880,544768,405504,-910336,694272,-465920,-783360,220160,-557056,378880,630784,230400,504832,-152576,468992,1266688,-211968,-1154048,-184320,237568,820224,1468416,-45056,1405952,1307648,390144,-221184,101376,-1802240,-299008,870400,62464,152576,-269312,892928,-441344,50176,98304,-808960,-546816,1111040,752640,241664,300032,366592,1456128,-1057792,-226304,-1136640,-377856,384000,-357376,683008,-1253376,759808,-977920,-464896,114688,277504,-101376,233472,-195584,-566272,-1223680,-1129472,-175104,-410624,453632,384000,455680,-326656,1914880,1032192,572416,-91136,-208896,-600064,118784,523264,-356352,-1675264,585728,-685056,138240,187392,-272384,358400,-393216,606208,193536,-463872,777216,864256,-1804288,114688,-273408,1079296,674816,-202752,816128,-263168,260096,-572416,67584,728064,-114688,-648192,-930816,727040,-1970176,-182272,25600,-86016,136192,158720,455680,-103424,-675840,-852992,-263168,-400384,134144,718848,-784384,205824,-306176,158720,-751616,-748544,185344,1674240,-141312,415744,-1449984,-250880,-501760,88064,-238592,-2256896,-899072,435200,-318464,759808,-768000,-892928,-1255424,-1117184,-494592,266240,-791552,27648,-409600,-94208,1174528,-215040,-23552,-1429504,-558080,-334848,419840,176128,282624,-1080320,-125952,-753664,472064,-1030144,-43008,-1229824,-82944,-66560,751616,-238592,-720896,-48128,-446464,-260096,436224,601088,-37888,438272,450560,107520,-1457152,732160,-1704960,347136,1135616,-1617920,1400832,111616,-946176,713728,-370688,276480,-197632,-573440,517120,824320,1203200,364544,878592,-408576,-372736,-635904,-55296,997376,-448512,189440,340992,-836608,-854016,-693248,-1154048,-771072,-777216,-889856,-844800,-400384,-607232,926720,-387072,54272,-533504,-584704,-200704,182272,-689152,-971776,-517120,956416,-174080,-2444288,-716800,-559104,7028736,-1604608,3072,-873472,424960,33792
-863232,-133120,408576,-277504,-367616,-350208,-1518592,323584,-117760,415744,671744,35840,26624,617472,-294912,-317440,-1281024,-1362944,-72704,394240,164864,540672,866304,-876544,134144,-681984,-32768,83968,402432,-473088,471040,-1155072,-437248,1390592,-288768,-124928,-1164288,-98304,-252928,-188416,-1251328,-15360,167936,-533504,-1091584,-52224,-534528,53248,718848,-326656,-804864,-751616,-729088,307200,-645120,-753664,-716800,10240,-364544,887808,766976,-1377280,-882688,12288,27648,-166912,-220160,-1551360,387072,799744,-1557504,1352704,-1907712,-601088,-681984,-205824,-980992,19456,-273408,1006592,-204800,-957440,-496640,77824,253952,88064,103424,-132096,875520,-1020928,123904,183296,-49152,-1077248,716800,168960,223232,327680,-1226752,-1198080,-490496,-449536,-1411072,-1064960,-517120,-21504,-579584,172032,304128,-296960,503808,-392192,485376,-628736,-1442816,116736,-590848,-17408,-49152,-354304,-219136,-400384,-922624,512000,-521216,828416,892928,1005568,660480,231424,-66560,-1300480,-964608,409600,-565248,-612352,-775168,407552,-107520,70656,-954368,-980992,44032,-157696,-509952,35840,-442368,-336896,587776,-556032,-393216,-1113088,-267264,701440,790528,660480,-1032192,-351232,401408,-645120,-400384,-57344,-680960,301056,64512,-1377280,-1240064,135168,-308224,268288,282624,-600064,192512,145408,-1345536,856064,709632,-832512,-877568,535552,-523264,-115712,-143360,-321536,452608,-1098752,-1110016,166912,-625664,-928768,-489472,-249856,680960,-860160,-741376,-114688,-278528,-286720,-201728,-416768,-512000,-1129472,98304,-635904,-325632,197632,148480,1421312,159744,946176,200704,1000448,-303104,896000,796672,-23552,-468992,278528,-1094656,807936,-216064,84992,-103424,66560,245760,401408,-397312,-162816,58368,39936,-41984,10240,-559104,121856,-348160,-201728,434176,217088,-616448,-385024,509952,-702464,-271360,222208,145408,-97280,-266240,-96256,611328,-190464,-1215488,-673792,241664,329728,13312,-696320,-565248,-598016,-882688,-487424,145408,290816,-675840,-61440,97280,17408,-575488,194560,-1630208,-612352,-1413120,-1064960,-676864,-629760,636928,-175104,-64512,-238592,202752,-1899520,748544,34816,443392,1372160,532480,-155648,742400,-922624,1243136,-527360,-783360,-755712,165888,-756736,1728512,-1062912,-1007616,141312,-651264,-621568,-144384,-230400,-892928,-113664,-107520,-136192,-263168,-311296,-1502208,-501760,446464,-365568,337920,-67584,-507904,231424,458752,-1470464,-1049600,1079296
-566272,1070080,-905216,-856064,-1010688,-134144,450560,197632,1081344,-49152,-4098048,375808,264192,406528,526336,-809984,1191936,217088,191488,-264192,-1036288,-2123776,-934912,-432128,565248,1327104,1596416,-943104,967680,51200,315392,-882688,-655360,-47104,224256,-194560,-1343488,662528,-138240,-174080,271360,-1538048,-300032,-612352,115712,1648640,-898048,-448512,-826368,-500736,51200,26624,-102400,453632,71680,623616,84992,1488896,-684032,215040,-945152,194560,-498688,-1145856,472064,-285696,-1053696,-655360,323584,534528,-933888,80896,-1187840,-286720,-705536,342016,-244736,114688,-158720,-602112,-848896,1198080,-684032,-211968,-430080,676864,817152,380928,724992,-1155072,-454656,8192,347136,167936,189440,-273408,-121856,225280,413696,-345088,-989184,643072,-323584,272384,-872448,553984,-1170432,-316416,-1276928,-325632,81920,-1100800,415744,112640,-134144,209920,516096,-1167360,-770048,-11264,-633856,606208,-38912,821248,-518144,2048,-1548288,-789504,277504,-61440,499712,-1446912,175104,-1676288,-448512,-1208320,-561152,250880,86016,-319488,-632832,737280,-708608,81920,-500736,-190464,-610304,-1197056,408576,160768,1803264,-1414144,-231424,563200,519168,-755712,413696,446464,1264640,-184320,1217536,-65536,74752,-394240,-153600,152576,353280,-314368,-173056,-299008,683008,49152,-763904,265216,-181248,-339968,-97280,-896000,-474112,729088,-485376,116736,-1144832,-218112,118784,-339968,-187392,254976,466944,-1283072,458752,-689152,-740352,-160768,422912,424960,-436224,475136,-360448,-63488,-392192,-71680,-171008,-888832,488448,-1367040,-549888,103424,-30720,-678912,-480256,-284672,-353280,-63488,96256,-589824,-604160,-22528,-1372160,382976,-1558528,117760,548864,-702464,-94208,-162816,-497664,-370688,-783360,227328,-687104,223232,348160,591872,-276480,-651264,-813056,-293888,-139264,-126976,1441792,-385024,18432,211968,464896,-630784,1044480,-172032,-225280,-466944,27648,-94208,923648,499712,-652288,-839680,305152,-685056,-661504,-17408,136192,-1619968,-482304,-869376,-232448,-1021952,7168,-647168,746496,627712,726016,416768,-130048,-622592,349184,-721920,-282624,-150528,-45056,-35840,424960,-267264,-289792,756736,-473088,-762880,-577536,-1114112,850944,-3072,23552,236544,-1326080,1297408,51200,-334848,165888,-365568,-219136,-360448,-1309696,-1428480,643072,147456,-309248,-2048,-500736,273408,-290816,583680,-338944,-632832,832512,1937408,259072,409600,-425984,-572416,730112,-808960
-427008,-102400,-61440,1108992,1199104,923648,301056,-480256,7261184,-1281024,1503232,792576,-302080,92160,904192,-270336,1233920,715776,-966656,499712,717824,75776,1623040,-143360,856064,893952,-8283136,669696,-93184,765952,199680,1145856,1584128,354304,92160,-101376,24576,-991232,334848,882688,622592,775168,1239040,746496,881664,509952,614400,-475136,118784,440320,407552,980992,134144,763904,-1490944,1849344,-1027072,1331200,1122304,1441792,543744,427008,826368,1676288,96256,826368,27648,520192,278528,50176,1021952,-237568,2091008,-365568,-90112,1103872,-5120,1690624,630784,-345088,1319936,-197632,-8192,203776,956416,-822272,838656,88064,271360,1702912,646144,1342464,1641472,596992,-764928,354304,-17408,738304,735232,864256,289792,728064,-338944,-315392,34816,1011712,-1306624,643072,712704,655360,310272,-354304,1263616,578560,501760,241664,914432,645120,991232,1464320,247808,-565248,734208,-1137664,813056,-211968,116736,1044480,1009664,-531456,-638976,1165312,391168,448512,-340992,51200,67584,-39936,904192,719872,532480,224256,-148480,756736,465920,940032,1068032,876544,-137216,-72704,697344,-1616896,-743424,1229824,-433152,1092608,1059840,558080,1539072,1910784,770048,777216,-43008,542720,-244736,-181248,569344,-442368,625664,-125952,-120832,1193984,-751616,1512448,434176,420864,-777216,837632,397312,1736704,-84992,-335872,874496,131072,1970176,340992,-718848,-32768,652288,114688,216064,1508352,1048576,372736,-1296384,265216,824320,4096,490496,1601536,-22528,231424,-795648,-522240,349184,1119232,-261120,-891904,955392,755712,-894976,-973824,-397312,-29696,768000,60416,-278528,631808,992256,1269760,-45056,-425984,483328,-843776,-528384,-153600,458752,161792,-144384,1370112,-699392,1309696,586752,-379904,1378304,582656,9216,926720,650240,51200,252928,976896,534528,115712,354304,658432,1025024,1388544,631808,439296,-408576,-422912,-273408,-163840,233472,720896,577536,410624,224256,205824,522240,123904,-1942528,1463296,75776,601088,619520,285696,501760,57344,1071104,-516096,18432,-259072,904192,409600,5559296,-378880,-739328,864256,-576512,-158720,317440,125952,1003520,-125952,623616,785408,691200,719872,144384,714752,-386048,1691648,657408,1262592,318464,1387520,1323008,238592,193536,-237568,-303104,17408,-358400,513024,368640,229376,-335872,-645120,-312320,533504,2015232,-13264896,1608704,1031168,-956416,1867776,161792,-1256448
-2413568,-1348608,-1169408,-1548288,-1480704,-1637376,-1584128,-1275904,-2375680,-772096,-14336,-919552,-1234944,7943168,-1213440,-545792,-1238016,373760,-2398208,-619520,40960,143360,-1256448,229376,-1542144,-118784,-418816,-869376,1004544,-1691648,-1544192,-1139712,623616,-1438720,-936960,-1070080,-1449984,-696320,-928768,-116736,111616,-1131520,-41984,-780288,-200704,-234496,281600,-307200,-1280000,-1841152,-1152000,44032,-311296,-762880,-860160,-1029120,-1376256,-1022976,-954368,-1563648,619520,-1323008,-2373632,-843776,-858112,-1093632,-1212416,-675840,-479232,-612352,-264192,-1061888,-297984,-1045504,-1166336,-865280,-683008,241664,-926720,-87040,-980992,-479232,-166912,-852992,-432128,-1712128,-86016,1491968,-151552,-744448,-321536,-678912,900096,-207872,-447488,472064,-1505280,565248,-760832,-1445888,-2007040,-430080,-775168,-283648,63488,-680960,-869376,354304,-548864,-231424,-2742272,-794624,-2275328,102400,-787456,-1614848,97280,-1051648,-1422336,-1067008,-243712,-1788928,-1142784,-1785856,-1177600,-1369088,-187392,-1039360,-414720,-605184,-738304,-460800,-1751040,-696320,-717824,-1794048,-350208,-134144,-1965056,-753664,-1198080,-1862656,159744,-434176,-838656,-937984,-2068480,-1648640,-1152000,375808,-1113088,163840,-596992,460800,-1478656,-1532928,-1145856,329728,990208,-758784,-1619968,-1046528,-624640,-1839104,-1296384,-486400,-1253376,421888,-1047552,-626688,-1750016,-975872,-386048,-771072,-1939456,-176128,-774144,-2107392,-247808,-894976,-1029120,-1028096,-2621440,-1275904,-841728,-452608,-195584,-1328128,205824,479232,-1483776,-1218560,-1206272,-2447360,-771072,334848,-850944,-235520,263168,-1387520,-1001472,-2172928,-744448,-753664,-101376,458752,-1218560,-479232,-811008,-1333248,-1559552,-906240,-802816,153600,107520,-580608,-459776,-114688,-346112,-1177600,-1933312,-318464,110592,-695296,-901120,97280,-818176,-688128,374784,-457728,-1287168,-88064,-2491392,-543744,-588800,-1218560,-1286144,-153600,-367616,-1752064,-1990656,-739328,-647168,136192,-1199104,277504,-568320,-1455104,-952320,-827392,-591872,-1642496,-331776,-683008,-86016,-208896,-811008,219136,-927744,-720896,-1078272,-1305600,-1817600,-634880,-1409024,-2247680,-1923072,-1652736,-1378304,-1304576,-1484800,-625664,962560,-279552,1421312,-1372160,-2704384,-1825792,-680960,-744448,-409600,163840,-492544,218112,304128,-563200,-1206272,-2553856,68608,-238592,-1650688,-1162240,-456704,-813056,-924672,-1087488,-1353728,-789504,-620544,342016,-644096,-758784,-867328,346112,-662528,701440,-1316864,-541696,-386048,-1512448,-1516544,-983040,-1937408,266240,-2489344,-1494016,-345088,-1688576,-334848,-733184
1311744,-2045952,-550912,-905216,35840,1426432,-138240,-870400,-278528,229376,-621568,-116736,-489472,-1554432,-300032,-779264,432128,387072,-68608,449536,278528,-940032,181248,-342016,-308224,1245184,778240,1084416,-1098752,-12288,-378880,-1190912,-59392,543744,724992,400384,437248,335872,-65536,-1833984,198656,-165888,615424,-392192,-310272,-736256,-595968,1179648,-1137664,210944,-753664,-58368,27648,-575488,57344,-81920,-997376,-655360,226304,-1495040,3072,893952,-338944,689152,19456,790528,316416,885760,-1226752,1139712,-748544,348160,508928,-382976,422912,-201728,-94208,-2557952,282624,1297408,-335872,343040,220160,72704,14336,-768000,-315392,848896,-838656,121856,-484352,-744448,-615424,-1098752,-159744,297984,-1267712,336896,-1045504,754688,1135616,136192,-224256,463872,-661504,1025024,-1007616,-543744,135168,175104,1319936,-210944,-999424,-201728,-348160,-1824768,-591872,-102400,-375808,562176,445440,-73728,33792,908288,379904,166912,-794624,-845824,23552,-340992,-761856,178176,-854016,928768,429056,-303104,203776,136192,-871424,-156672,-550912,-959488,-412672,-479232,-728064,-444416,190464,-1483776,23552,-684032,102400,367616,300032,366592,-262144,1159168,454656,1207296,-636928,471040,516096,-210944,667648,495616,165888,949248,-41984,66560,-1218560,-88064,-1145856,-610304,379904,595968,-649216,-135168,-44032,-162816,-1222656,-58368,610304,-608256,1072128,-347136,1031168,-625664,-504832,-2869248,-318464,-107520,1082368,9216,168960,-998400,-261120,385024,504832,-390144,-19456,174080,-462848,645120,-124928,-178176,-783360,1512448,-1473536,103424,91136,388096,1119232,-6144,994304,-1139712,-742400,-76800,-634880,-434176,-460800,-116736,1145856,157696,-695296,196608,501760,-443392,328704,433152,269312,344064,253952,185344,735232,-90112,59392,258048,-643072,-625664,235520,-37888,398336,337920,-242688,-425984,735232,1386496,-612352,-9216,-1006592,233472,-840704,-637952,-81920,-48128,-8115200,262144,-33792,619520,-815104,325632,46080,-627712,-396288,-698368,835584,14336,-620544,247808,-104448,235520,-941056,686080,-524288,-70656,-428032,-54272,150528,390144,-839680,409600,-899072,209920,244736,-513024,502784,-1336320,-235520,1495040,204800,168960,239616,-214016,-1027072,447488,-1141760,491520,608256,-843776,394240,-653312,-589824,-1262592,316416,-805888,1537024,-40960,1064960,1282048,-56320,982016,-211968,-782336,318464,1391616,-507904,490496,-222208,-1565696,680960,159744
