742400,-908288,-818176,-306176,259072,-304128,-65536,76800,1114112,217088,79872,-903168,465920,-203776,-2387968,-765952,-132096,-891904,-1946624,-349184,-95232,-752640,-939008,-158720,-1249280,-324608,-838656,-771072,-534528,-2004992,-1759232,-1964032,-505856,-1613824,-1758208,606208,-1251328,235520,-202752,-442368,-527360,-942080,-1124352,-738304,-332800,-1340416,-959488,-735232,-477184,-862208,-670720,-1088512,-693248,-1178624,-905216,141312,-940032,-1243136,-497664,-1386496,-516096,-1708032,-1461248,123904,572416,-1153024,-259072,-598016,-873472,-1640448,-1743872,-2207744,-2102272,-1085440,1044480,-133120,-861184,289792,-1563648,-919552,-882688,-864256,-227328,-390144,-68608,-1703936,-53248,-122880,-408576,-275456,-887808,-1211392,-1164288,-236544,-1793024,-218112,-129024,-1831936,-1687552,49152,-1026048,-932864,-1104896,-807936,-720896,-730112,-967680,-395264,-2459648,-1495040,-1156096,-688128,-574464,-306176,-1162240,-350208,-1350656,-1642496,-660480,-123904,-968704,-214016,-920576,-637952,-802816,-699392,-875520,-1036288,-2058240,-715776,-1745920,-812032,-1173504,-903168,-105472,-604160,-1629184,-638976,-432128,-761856,-911360,-403456,189440,-567296,-1231872,-309248,119808,-2538496,-1312768,-1125376,-2194432,-125952,-1070080,-1951744,-663552,-645120,-1843200,-1158144,145408,-922624,-2344960,-19456,-957440,-702464,-160768,-601088,-755712,-161792,-625664,-989184,-1610752,-1648640,-3069952,-920576,-1011712,293888,-417792,-1397760,-1210368,-1147904,122880,-1504256,-806912,-547840,-1923072,-780288,-594944,-367616,211968,-124928,-403456,-583680,-184320,-1581056,-927744,-1379328,-333824,-1083392,-598016,-1426432,-1616896,-1398784,-1446912,-1623040,-1440768,58368,406528,-1480704,-677888,-562176,-3409920,-1127424,-1353728,-1356800,-1441792,-466944,-1491968,-983040,-1628160,-1718272,-886784,162816,-1695744,-1214464,-317440,-286720,-1120256,-800768,-958464,-2215936,340992,-2619392,-172032,-1888256,-370688,-2360320,-613376,-1187840,-1431552,226304,-754688,-536576,-160768,-2077696,-864256,-1930240,-1634304,-2828288,-1096704,-542720,-418816,-400384,-1349632,6144,-1472512,-144384,261120,-1607680,-400384,-374784,-431104,-1861632,-1777664,142336,-751616,-672768,-1430528,-66560,-319488,-343040,249856,-114688,-1853440,-1078272,136192,-1399808,-814080,-868352,-776192,-1625088,-777216,-1629184,-1616896,-49152,69632,-1137664,-1190912,-1403904,-1028096,-44032,-313344,-1321984,-963584,236544,-1778688,-2057216,75776,-575488,-613376,-308224,-1197056,-797696,-1129472,-738304,-1490944,-611328,-579584,-36864,9216,156672,-1512448,-1847296,-1723392,135168,-462848,-417792,-1002496,58368,-1466368,-37888
-1316864,-787456,596992,189440,189440,109568,-253952,-265216,-257024,-62464,-2843648,-69632,28672,788480,-463872,437248,-869376,629760,-1046528,-63488,-496640,-385024,-902144,140288,-402432,-370688,-709632,-379904,-529408,414720,-1683456,-435200,1125376,-984064,-744448,302080,661504,939008,461824,12288,-188416,-1341440,350208,744448,392192,-925696,-687104,-1073152,-865280,-992256,-518144,-757760,-175104,-232448,-353280,-425984,-527360,-1951744,-344064,-261120,-568320,-331776,-627712,-477184,-246784,65536,-947200,-1234944,134144,432128,-111616,-1030144,-411648,-333824,-878592,-1076224,53248,-1198080,-798720,-753664,-760832,86016,129024,-21504,1217536,6144,-663552,-528384,994304,-724992,1072128,-166912,-529408,486400,-645120,-459776,-835584,-888832,392192,-95232,784384,101376,-43008,-696320,502784,-31744,181248,-285696,319488,-4096,273408,-1037312,-528384,-69632,-500736,-2123776,619520,122880,706560,-63488,-782336,887808,-495616,-93184,-2754560,247808,312320,-320512,-217088,-789504,-572416,-745472,4096,-1093632,-823296,398336,-253952,-302080,-543744,69632,-1911808,-116736,224256,150528,77824,587776,-1242112,53248,1100800,-1101824,841728,-305152,-718848,-333824,-113664,-1817600,-331776,536576,-1637376,477184,365568,-1356800,-369664,-164864,-56320,99328,-163840,-735232,-582656,-769024,-891904,84992,-692224,247808,-210944,-17408,-233472,-187392,-1673216,-1036288,41984,-780288,-58368,-92160,72704,-397312,-149504,-1387520,-506880,-62464,887808,-282624,-618496,-1572864,-1201152,-452608,-517120,-650240,-248832,-282624,547840,-1065984,-620544,-76800,0,-283648,-347136,1029120,-1205248,-183296,-549888,-411648,-951296,247808,792576,182272,606208,-23552,-277504,-304128,-1380352,-1000448,-724992,-1610752,646144,-2668544,-1233920,-67584,-1528832,371712,-1840128,-1358848,-550912,-380928,-543744,-601088,-477184,-1107968,-27648,-262144,1072128,-439296,-432128,-798720,15360,-478208,-677888,195584,-178176,-143360,-962560,193536,-680960,-517120,436224,-339968,-1186816,-960512,611328,-314368,-697344,-1096704,-572416,-1253376,-544768,199680,-399360,-475136,-82944,-481280,-992256,-179200,-59392,-266240,-202752,-307200,-354304,531456,515072,-275456,120832,-1717248,-412672,-1000448,-352256,719872,108544,848896,-1040384,-757760,-885760,-570368,-863232,-335872,187392,-43008,386048,-214016,-244736,-590848,-705536,-2008064,1049600,229376,1202176,-99328,-596992,-155648,-471040,-1014784,-700416,-1068032,-1598464,-715776,-361472,-805888,616448,-1392640,168960,-381952
-467968,-755712,-526336,-1112064,-384000,-1019904,-527360,-446464,-892928,86016,-427008,-1441792,-1539072,-534528,-376832,-998400,-112640,-646144,-308224,-394240,421888,-756736,-715776,816128,661504,-3358720,-1464320,-90112,480256,-582656,-219136,-523264,-98304,-531456,-1934336,228352,-617472,-976896,-502784,-199680,-602112,-1078272,-253952,-1257472,-848896,-418816,36864,-265216,-1566720,25600,-121856,-1372160,-1297408,-737280,-1112064,-1059840,-1687552,-1911808,578560,-930816,-1273856,33792,-747520,-1331200,-2588672,-136192,-636928,-1714176,175104,-730112,-237568,-199680,-747520,-405504,278528,-811008,-608256,-771072,-59392,-1128448,-1264640,-1880064,-1071104,-897024,731136,346112,-1045504,-488448,-779264,246784,-1419264,693248,73728,789504,-834560,-604160,326656,-987136,-584704,-1217536,-1426432,-2027520,-104448,-468992,-508928,-1184768,-504832,121856,-1239040,-1824768,-270336,193536,-2234368,-2190336,447488,-638976,-909312,-323584,-141312,-378880,-996352,1034240,-968704,-713728,-281600,-498688,-953344,861184,-231424,541696,-1623040,-468992,-114688,-765952,-165888,969728,-1784832,-1489920,-145408,-1208320,-52224,-537600,-1376256,-1321984,1436672,-876544,-269312,-142336,-230400,-432128,-1856512,-76800,168960,-574464,-532480,-1515520,-1471488,-711680,-679936,474112,-930816,-611328,-1729536,-1370112,-1197056,32768,-1067008,-139264,-774144,38912,-1455104,289792,-284672,-926720,-1755136,-325632,-802816,-1050624,396288,-949248,-1148928,-603136,-1189888,-698368,386048,-926720,-447488,-337920,336896,-1325056,-1661952,-524288,-387072,-1341440,-933888,166912,-238592,79872,-1677312,412672,-821248,-446464,-1433600,-131072,-366592,-119808,334848,-652288,38912,-749568,-1274880,-1140736,-1355776,-1776640,215040,-516096,-1374208,-1052672,-1901568,80896,-1075200,-1530880,-350208,-1193984,-1202176,-593920,-1992704,-216064,-158720,-759808,-562176,-573440,-326656,-595968,-955392,-952320,-626688,-784384,-104448,-300032,-2512896,-1140736,82944,-1948672,685056,-952320,-35840,-182272,-466944,-1988608,149504,-683008,-1247232,201728,-553984,-1142784,-1057792,-6144,-452608,-801792,-776192,82944,-799744,-1933312,1679360,-1173504,-903168,-1347584,-1455104,83968,-1401856,77824,-392192,-114688,-471040,-1254400,-1198080,136192,-2928640,117760,-25600,-1314816,-931840,-1025024,-1018880,-1449984,-934912,-1018880,-593920,-669696,-1250304,417792,-877568,-248832,-1034240,-728064,-1201152,-279552,-1305600,-776192,-189440,32768,-658432,-1644544,-368640,-473088,-1043456,15360,-439296,-347136,866304,-380928,-684032,-859136,-195584,-1908736,-1420288,26624,193536,-1952768
-262144,178176,-1511424,-901120,-195584,272384,209920,-519168,120832,-1283072,-1078272,-1465344,-231424,24576,-163840,1496064,-795648,263168,-601088,-667648,-813056,-1507328,-199680,-288768,398336,-86016,-217088,-983040,-470016,-1393664,164864,-231424,-806912,-1563648,-1893376,762880,-729088,-544768,-1072128,-488448,-798720,-924672,-1751040,-578560,-181248,-799744,-1485824,-286720,-728064,-390144,-1134592,416768,-912384,-443392,-878592,-718848,-227328,-1412096,-1420288,-401408,-385024,-1083392,513024,-1605632,-267264,121856,-1673216,-363520,-1312768,-1091584,-101376,-319488,-898048,-311296,-766976,-1160192,-240640,-479232,-987136,-622592,-430080,-578560,245760,-865280,-729088,-1157120,-650240,-904192,-540672,872448,-322560,-1079296,-1280000,712704,477184,557056,-688128,-1501184,1246208,563200,-45056,79872,302080,-761856,-718848,-1984512,867328,-1440768,309248,-1737728,-564224,-135168,112640,-997376,-397312,-1625088,-694272,-532480,-2214912,-801792,186368,-266240,-1142784,-1047552,-594944,-645120,-1226752,-960512,-187392,3072,-24576,-265216,-22528,-238592,-1302528,464896,280576,484352,-229376,-1368064,-913408,-138240,-52224,-2339840,-782336,-2044928,-985088,630784,-381952,-659456,-540672,-1257472,724992,-390144,-1420288,189440,307200,-517120,520192,-756736,-220160,419840,-1229824,920576,-1867776,-28672,245760,-459776,189440,-721920,-1391616,-1116160,-1314816,-470016,470016,-633856,-1714176,-1733632,-66560,-2860032,397312,-930816,-1403904,518144,-246784,291840,-583680,-17408,-475136,-1051648,-1229824,-684032,-552960,-1142784,-2447360,-600064,355328,-740352,-765952,-563200,-948224,-978944,875520,-899072,-759808,-1004544,-94208,-965632,206848,-741376,-50176,-1805312,-38912,-2279424,-998400,683008,-607232,-1337344,280576,-1015808,40960,131072,-839680,-543744,-104448,-125952,-1138688,-1093632,-123904,-356352,-457728,-530432,-207872,-135168,-808960,5120,-1227776,-1611776,-1482752,483328,869376,-268288,-775168,-729088,-214016,342016,-781312,-1444864,556032,-1298432,-561152,-404480,-812032,-482304,-425984,-2542592,-1203200,1099776,-1308672,-1271808,-376832,-312320,-1211392,-880640,-525312,328704,-480256,658432,-533504,-360448,-234496,593920,-1248256,-601088,-649216,-19456,-1313792,-966656,-737280,739328,-1204224,-1236992,-325632,159744,411648,-890880,-867328,-1398784,758784,-602112,581632,-208896,-769024,-2498560,-1582080,608256,-823296,-685056,47104,-623616,-195584,-126976,-768000,-884736,-1295360,-590848,-134144,-212992,-666624,-1592320,-35840,-1546240,-220160,-703488,-317440,870400,111616,620544,784384,-477184
447488,-27648,-461824,2065408,-487424,-377856,-584704,-311296,-159744,-284672,288768,2078720,348160,360448,854016,-65536,164864,-887808,935936,21504,545792,-547840,559104,838656,849920,457728,98304,-467968,150528,-181248,29696,-658432,-410624,497664,-180224,-218112,-1575936,744448,787456,-414720,277504,995328,-1210368,18432,1252352,337920,-400384,527360,1116160,-262144,278528,-835584,1201152,-155648,-340992,-994304,123904,-1131520,-919552,1388544,384000,-499712,137216,331776,338944,301056,1673216,272384,373760,1006592,-262144,-879616,-796672,-688128,-308224,1063936,99328,242688,-225280,740352,401408,-102400,-910336,948224,-751616,824320,624640,1062912,1445888,450560,412672,593920,754688,-1710080,539648,-700416,-825344,1041408,-29696,399360,-107520,-439296,-392192,708608,917504,-637952,-650240,-98304,124928,304128,-884736,271360,-662528,591872,-336896,-252928,360448,932864,-97280,-134144,-140288,-468992,-818176,-384000,-34816,135168,668672,55296,-449536,-121856,1126400,-1035264,1024000,-54272,283648,1112064,166912,-741376,-8192,203776,408576,-530432,966656,129024,250880,-314368,191488,1479680,-413696,-6144,-1238016,293888,28672,612352,-181248,825344,-176128,-295936,-753664,-40960,-1093632,365568,757760,1835008,568320,108544,144384,-339968,267264,-1564672,140288,595968,825344,-950272,-401408,-197632,187392,130048,432128,-198656,144384,-1085440,-837632,-217088,-329728,240640,466944,1655808,-633856,175104,1150976,-1082368,459776,1239040,-1080320,324608,1024,568320,606208,-118784,315392,89088,152576,-1635328,1219584,-919552,109568,677888,487424,-656384,-923648,-659456,916480,-1094656,197632,816128,1377280,637952,150528,-877568,-585728,-643072,-813056,-181248,1425408,81920,-183296,-279552,2102272,-809984,-1239040,462848,-968704,13312,486400,-505856,359424,-688128,-561152,763904,-1326080,349184,22528,1047552,-1178624,-517120,-400384,-431104,137216,17408,-80896,-81920,195584,530432,817152,175104,1886208,-362496,685056,-289792,41984,491520,1166336,223232,-234496,-709632,-483328,1254400,429056,3072,-687104,-771072,230400,249856,1281024,236544,-60416,621568,-91136,-506880,-391168,-888832,-279552,417792,-724992,323584,873472,226304,-162816,458752,1401856,117760,1216512,-472064,-27648,-793600,438272,661504,297984,389120,294912,8192,-1130496,427008,362496,218112,345088,314368,-1801216,-545792,820224,561152,519168,874496,91136,-245760,436224,-57344,203776,449536
-262144,-961536,-176128,-1529856,-1210368,1004544,264192,460800,-950272,-943104,-1373184,-637952,-709632,-401408,-1031168,-662528,119808,13312,398336,-215040,-216064,-452608,-531456,395264,-299008,-603136,-1439744,1615872,-1650688,-765952,-370688,-986112,-1158144,-301056,-46080,-280576,382976,-308224,1454080,-420864,-653312,116736,-1298432,360448,509952,-402432,-402432,-574464,-385024,75776,-660480,-632832,335872,-21504,1584128,-1463296,605184,928768,-145408,-1108992,-879616,-121856,974848,-325632,-1204224,114688,182272,-689152,-37888,-421888,-684032,-550912,199680,-409600,-494592,203776,600064,-320512,-2048,-570368,-822272,-599040,-721920,405504,-1085440,-1226752,-50176,-1041408,-371712,276480,-664576,-535552,-350208,-82944,86016,967680,-984064,-1561600,-253952,-1115136,-1225728,97280,-1020928,-5120,-2057216,-915456,542720,-102400,-1691648,74752,-1666048,-380928,-162816,189440,-131072,-927744,516096,-1005568,668672,-466944,-602112,-405504,-79872,-624640,-522240,-40960,-686080,-2059264,-312320,-1725440,-111616,-459776,985088,125952,361472,700416,-923648,-1136640,-40960,-353280,191488,-320512,412672,512000,-737280,-485376,-1855488,-284672,34816,-1071104,-68608,463872,-561152,-444416,37888,-566272,-1313792,484352,-1264640,910336,-303104,445440,-153600,-777216,245760,-56320,529408,-370688,-421888,-44032,-49152,-2087936,286720,-320512,43008,234496,-576512,-703488,-891904,277504,-1172480,62464,-77824,-286720,315392,-1335296,-31744,-301056,-742400,-935936,-1123328,459776,49152,-430080,1058816,-1907712,-998400,-277504,-1145856,-1244160,-814080,-946176,-1724416,-985088,10240,-305152,-1017856,-806912,-671744,-2154496,-1319936,32768,237568,-301056,-522240,433152,314368,-1290240,-1415168,595968,-952320,-143360,299008,-540672,-456704,183296,-106496,-261120,344064,-526336,-763904,-369664,-517120,824320,-1676288,-1212416,-643072,-368640,-1577984,-49152,-371712,-976896,-40960,-890880,-977920,-1704960,501760,-1163264,-622592,-1686528,-1346560,-345088,-514048,-499712,-282624,-1425408,-1549312,-608256,438272,-641024,-187392,181248,-2274304,192512,-244736,-1159168,-1611776,-312320,431104,337920,-553984,-885760,642048,-471040,65536,-264192,-946176,-633856,-206848,-164864,200704,-432128,-636928,-43008,-158720,-1698816,-40960,-1326080,-966656,-600064,-274432,110592,342016,778240,-1110016,-382976,-1142784,331776,-679936,-333824,-424960,253952,-189440,-706560,-69632,-1075200,875520,-525312,-123904,-629760,-1563648,14336,-720896,-1057792,-384000,293888,-314368,432128,630784,-473088
1118208,-901120,-828416,1004544,967680,-354304,-173056,-1553408,5120,-1793024,551936,775168,-1111040,396288,75776,-522240,207872,851968,-288768,357376,-142336,-593920,331776,-45056,619520,-929792,-122880,-233472,-1406976,-605184,528384,-423936,-147456,569344,-738304,-432128,-427008,765952,-1179648,-819200,-239616,-1017856,-362496,-12288,358400,571392,-1089536,-1682432,-45056,1211392,-791552,-736256,-801792,391168,-770048,-503808,-542720,-604160,-1187840,-25600,-600064,437248,-55296,-701440,-1049600,-732160,-478208,-533504,-1311744,9216,331776,73728,-125952,-89088,-300032,-786432,-1611776,-736256,2033664,-238592,-687104,-687104,-1349632,-244736,225280,-1352704,358400,-539648,-1136640,303104,-965632,-452608,-601088,-238592,-842752,-249856,-178176,104448,-195584,-834560,1105920,-437248,206848,-675840,-59392,615424,-1317888,-1078272,854016,249856,63488,68608,313344,-93184,-1861632,-36864,75776,-175104,547840,1050624,-912384,-1106944,-823296,-1872896,-960512,-658432,-718848,-1260544,-904192,-450560,-1152000,-194560,-332800,652288,-373760,7168,97280,-711680,-343040,256000,-827392,-425984,285696,356352,281600,-813056,-424960,1351680,-926720,-92160,-418816,-920576,-1113088,260096,-558080,-1081344,447488,-293888,-1003520,263168,-743424,-472064,-793600,76800,-1018880,368640,-212992,-1123328,-353280,232448,-131072,-929792,-645120,-25600,-516096,769024,-307200,-878592,-1200128,-420864,-622592,287744,274432,169984,861184,-347136,-1954816,-1127424,-26624,311296,1494016,-1345536,-1374208,-155648,-1030144,-433152,-926720,-38912,260096,1602560,873472,-580608,97280,-823296,-183296,-875520,-1600512,3072,555008,-63488,-588800,-17408,243712,-2025472,-1734656,-910336,-1462272,444416,-1125376,-369664,-349184,-268288,-838656,-989184,-3125248,53248,336896,23552,492544,-247808,-877568,-1246208,282624,-482304,36864,-1388544,-1818624,-665600,564224,-783360,183296,-782336,-190464,-82944,-1332224,-1234944,-90112,-1720320,455680,596992,-1719296,477184,-1383424,-505856,-1123328,1001472,-819200,677888,-1472512,114688,-1128448,-1367040,-1878016,-340992,-1258496,72704,344064,-974848,-632832,-395264,-78848,-401408,-949248,490496,-817152,-631808,-486400,-364544,-109568,-154624,-688128,-581632,-3072,-1521664,-1232896,-747520,308224,-2215936,-477184,-1040384,-343040,-112640,-1379328,-642048,-632832,363520,-12288,-919552,-456704,41984,-1747968,-568320,-1298432,465920,320512,-951296,-893952,222208,-1700864,-1355776,1196032,141312,-745472,-788480,93184,-296960,149504,-1176576,217088,-2117632
-749568,-481280,-438272,-570368,-747520,-660480,-451584,-1135616,-1925120,-245760,-1565696,-1281024,-1092608,-326656,5120,-863232,-410624,-440320,307200,-669696,-1859584,-1257472,-1525760,-112640,-1626112,-119808,-490496,966656,-342016,-978944,-463872,-119808,-1503232,-1786880,-940032,-282624,-377856,-731136,-1012736,-1410048,-1093632,-421888,-604160,-1040384,-398336,-345088,202752,-1447936,-300032,-1431552,-1491968,-390144,453632,-1057792,321536,-829440,4096,-629760,-932864,-1429504,-558080,633856,-2297856,-1219584,-10240,41984,-77824,-878592,-362496,-166912,-1400832,-1933312,-1261568,-138240,-216064,-1440768,-1013760,600064,-1176576,-1098752,409600,-1039360,-1269760,655360,-1095680,-1800192,91136,-590848,-416768,-1261568,-761856,-1873920,-850944,45056,-811008,-415744,-1219584,-101376,-613376,-56320,-1695744,-779264,251904,-651264,965632,-731136,-462848,-1026048,-1008640,-663552,-736256,-832512,-696320,-1518592,-169984,-1263616,-316416,-1733632,-860160,-1582080,130048,27648,62464,291840,-769024,-1186816,-67584,-489472,-1435648,-1345536,-1259520,-950272,-665600,1497088,-720896,1453056,-1596416,-169984,-751616,-967680,433152,-1364992,-1997824,-1084416,-685056,-555008,613376,-421888,-702464,-955392,-926720,-46080,277504,-157696,-742400,-54272,-1902592,112640,-108544,-1015808,35840,-884736,-625664,-637952,-553984,-1344512,802816,762880,-790528,745472,86016,-965632,-487424,-635904,-1012736,-925696,-35840,356352,348160,-317440,-704512,-74752,-1185792,-892928,-552960,-565248,-1697792,-493568,-1373184,-889856,-956416,-113664,-1415168,-1062912,-103424,-399360,258048,-1431552,58368,-319488,-1015808,-1016832,-897024,-62464,-1604608,-258048,293888,-883712,-747520,-1046528,-978944,-1532928,-688128,-407552,-311296,-36864,-39936,-709632,-49152,-333824,-1244160,-877568,-1272832,-720896,-1373184,-1044480,-1487872,-90112,-304128,-1149952,-1830912,-727040,-509952,-1309696,-131072,-495616,-688128,-879616,-1821696,-1431552,-1776640,-467968,-644096,-284672,-1992704,-678912,120832,-516096,-2187264,-833536,-802816,-271360,905216,-468992,-568320,-417792,-2021376,-1410048,-1207296,-1453056,-788480,827392,-1251328,-670720,401408,-930816,-2111488,-2579456,-117760,128000,-402432,-1119232,-286720,-908288,-2087936,-235520,-1874944,-1945600,315392,305152,961536,-149504,-697344,-530432,-416768,412672,-1102848,41984,-907264,-137216,-1912832,-1112064,-413696,-1828864,-603136,-1560576,-345088,377856,-588800,-1372160,-1125376,-48128,-261120,-229376,-1444864,-1058816,-1180672,-199680,-603136,-714752,-443392,-460800,-1058816,-943104,-1527808,-2099200,-635904,-840704,126976,-1582080
277504,-451584,-803840,914432,-110592,-651264,423936,-147456,-1102848,561152,-1519616,287744,790528,-630784,950272,-140288,677888,440320,452608,-110592,348160,-410624,-939008,-220160,-654336,-195584,-905216,1181696,-434176,259072,-1369088,-195584,-69632,-81920,514048,-496640,-471040,-594944,-172032,-1082368,-1638400,132096,-529408,18432,-608256,480256,-949248,-490496,-534528,502784,-568320,-434176,-1555456,415744,-674816,-576512,-1031168,-202752,-584704,-804864,543744,-156672,-366592,331776,-583680,-408576,-227328,-355328,-600064,-38912,-854016,-373760,-148480,199680,-625664,-1554432,-487424,-23552,5120,742400,-640000,609280,120832,-1718272,119808,-605184,-979968,485376,-808960,304128,690176,-48128,201728,-286720,-112640,-157696,958464,-560128,-497664,-1487872,1058816,563200,-16384,-43008,937984,-527360,-138240,-461824,618496,473088,-1300480,253952,-1079296,-580608,-726016,-1049600,-129024,57344,598016,1250304,-709632,-832512,-64512,-950272,-391168,136192,106496,-507904,1116160,-808960,-1293312,313344,-718848,-632832,-1083392,-430080,-571392,1201152,-649216,447488,-451584,955392,-173056,-333824,-1436672,-274432,-390144,-411648,-471040,-544768,166912,-680960,275456,-1587200,212992,-324608,-507904,629760,-150528,-168960,139264,-1315840,159744,482304,-224256,483328,-848896,-1126400,262144,-60416,376832,931840,-667648,57344,729088,-745472,-591872,608256,-139264,527360,-546816,-103424,79872,237568,-21504,-687104,-436224,-368640,-186368,-900096,-303104,934912,-735232,236544,116736,-334848,-1496064,578560,-1363968,-631808,201728,-551936,875520,-23552,225280,-1511424,-140288,650240,419840,1121280,-1269760,-65536,-232448,1656832,-370688,138240,-1423360,-412672,612352,-7168,95232,-239616,-1118208,-279552,-685056,-668672,-267264,600064,-459776,628736,-1949696,-410624,843776,-4096,32768,-891904,672768,-5120,317440,68608,509952,-1073152,704512,568320,-323584,-264192,1006592,473088,-77824,-57344,-344064,681984,-618496,-244736,-1833984,-1178624,412672,-1052672,-856064,242688,-307200,-1283072,419840,462848,-1203200,391168,1339392,435200,-1167360,-77824,118784,-598016,-364544,-716800,-1041408,244736,-27648,236544,628736,140288,-428032,-903168,-498688,-1186816,92160,1040384,841728,11264,783360,-225280,-199680,-989184,720896,-165888,-265216,-771072,-10240,49152,44032,667648,-1138688,-846848,239616,-153600,-185344,-560128,267264,311296,106496,-1196032,-499712,-656384,941056,463872,245760,263168,-402432,-877568,144384,159744
1315840,947200,404480,885760,-15360,145408,458752,-412672,-1078272,796672,1046528,90112,332800,116736,5120,701440,-148480,-577536,889856,-234496,24576,221184,-524288,-461824,542720,-1571840,734208,137216,-465920,362496,1025024,189440,154624,486400,502784,486400,647168,-1097728,665600,-362496,321536,494592,-1519616,617472,-776192,-223232,-47104,-12288,90112,1267712,747520,-86016,-852992,-850944,-1339392,142336,-472064,74752,369664,271360,496640,893952,113664,-226304,329728,-49152,866304,566272,655360,953344,291840,829440,226304,-229376,1600512,-357376,617472,433152,-423936,-408576,1076224,466944,403456,-418816,-730112,-199680,-319488,620544,868352,-15360,220160,-502784,-1119232,1149952,-109568,-443392,-35840,117760,-813056,649216,-826368,-791552,-397312,91136,-673792,418816,-1308672,758784,-20480,-1378304,98304,530432,-367616,806912,793600,-498688,1761280,217088,-385024,-679936,-657408,-890880,-395264,-63488,1501184,1051648,649216,28672,491520,-175104,-2252800,-1029120,247808,390144,435200,-222208,440320,-581632,690176,-244736,-656384,908288,-132096,1981440,205824,-222208,684032,534528,144384,591872,-105472,37888,278528,-1008640,1483776,-93184,-46080,-344064,915456,1410048,354304,-396288,264192,1402880,-1282048,367616,-539648,-1013760,519168,-183296,-858112,-1024,108544,1247232,-653312,-992256,-757760,768000,308224,-100352,112640,-335872,-52224,-188416,-353280,-138240,220160,-1049600,-80896,342016,-455680,1116160,330752,-1910784,-701440,-184320,892928,1245184,-182272,-111616,-538624,-1154048,-1415168,-3072,432128,-999424,862208,-704512,121856,-864256,177152,-339968,492544,-356352,224256,663552,109568,-228352,461824,-808960,225280,-23552,-654336,-113664,-834560,901120,856064,-622592,-905216,745472,20480,-240640,709632,-476160,-1233920,754688,-612352,713728,-150528,-698368,-1028096,940032,-14336,192512,50176,1297408,-392192,-423936,-558080,-631808,-23552,940032,1266688,-1384448,607232,-393216,388096,-834560,-579584,-159744,-154624,-637952,661504,-630784,1000448,-345088,-386048,390144,474112,-1289216,589824,198656,-59392,1130496,384000,-225280,-172032,-775168,-679936,-800768,529408,-1157120,31744,450560,385024,742400,268288,876544,326656,176128,-359424,192512,311296,1748992,-545792,14336,37888,464896,-433152,916480,-1090560,-208896,-683008,-251904,-672768,-990208,28672,-1271808,-706560,-441344,-439296,1306624,716800,-894976,702464,717824,-1103872,111616,598016,-126976
-589824,-278528,-2073600,-371712,-326656,-1595392,-1040384,-611328,-167936,-1106944,-1746944,50176,537600,-1136640,-387072,901120,-162816,329728,-636928,-475136,-1274880,-1145856,-1374208,-1110016,-105472,-165888,40960,-778240,-752640,-1265664,-585728,-284672,-578560,-1708032,-736256,268288,-598016,-1586176,-163840,-329728,-1555456,-726016,-33792,-1648640,99328,-57344,-658432,-1018880,-1768448,-1231872,-574464,140288,-723968,-719872,-646144,-173056,307200,-855040,-746496,-77824,-1793024,512000,-473088,-529408,520192,636928,160768,-302080,-1226752,-1699840,-1424384,464896,414720,-287744,-564224,323584,122880,-219136,-413696,-117760,-573440,-1221632,151552,-2050048,417792,-917504,-1274880,-1415168,-354304,-1192960,-574464,-1037312,-264192,-1031168,-1175552,-455680,-1164288,-988160,-1474560,-912384,-1409024,-123904,119808,-1241088,68608,-2343936,-532480,-2689024,-1079296,-650240,-959488,-92160,-167936,-1185792,429056,-492544,-1160192,-236544,-1080320,-21504,-570368,-548864,-1667072,-1255424,-1153024,-1011712,-670720,-1294336,-827392,-805888,-519168,251904,-649216,208896,224256,-734208,-1499136,-1209344,-722944,826368,514048,-424960,-135168,-1624064,-563200,-1331200,-857088,-448512,-689152,-630784,515072,-812032,-198656,-1643520,-387072,-1074176,-212992,-1257472,-678912,-284672,-1383424,1403904,151552,288768,-941056,-1182720,-378880,-1175552,-855040,-1223680,-1960960,-70656,-674816,-1565696,-461824,-229376,60416,-1096704,-928768,-1738752,-2342912,-443392,-662528,-632832,-142336,147456,-1071104,282624,-1304576,-1290240,-1345536,-1323008,-813056,-940032,-366592,-1231872,-1164288,-893952,-343040,653312,375808,167936,-47104,-664576,-94208,-236544,-1447936,-293888,-2817024,-592896,-209920,-381952,15360,-392192,-1378304,-361472,621568,-2871296,30720,-368640,-929792,-384000,-600064,-984064,880640,198656,-527360,286720,-669696,-115712,-515072,-1327104,-1417216,-91136,-273408,869376,-1230848,-600064,-747520,-464896,-348160,222208,-618496,-1290240,-1344512,-429056,-1557504,-819200,-474112,-1226752,-306176,-481280,-1702912,-764928,-1818624,-509952,-2020352,-280576,-815104,-369664,-381952,-489472,197632,-1094656,-1230848,-669696,-195584,-778240,-189440,-290816,-195584,-1208320,-527360,-720896,-1077248,-1241088,-153600,-641024,-808960,-308224,-1127424,-644096,-1281024,-1825792,-1125376,-99328,-1210368,-415744,113664,-1120256,-1255424,-615424,-1804288,-975872,-888832,1034240,-605184,-296960,630784,-555008,-663552,-821248,-553984,446464,-544768,-1625088,-1557504,202752,-594944,-357376,-1739776,-916480,-1727488,-618496,-527360,-334848,-112640,1290240,1355776,-640000
-1359872,20480,-961536,-50176,-1375232,-5120,-248832,-67584,-696320,-664576,-280576,877568,976896,-449536,1265664,-64512,-32768,-1245184,-738304,-368640,-652288,195584,4096,380928,-470016,-297984,-1719296,-862208,-760832,-2036736,-574464,-202752,408576,-320512,-553984,-919552,144384,-2526208,62464,-1776640,-580608,576512,1276928,-87040,350208,-555008,-802816,-125952,-410624,-17408,424960,-429056,-89088,677888,-1254400,-352256,-1111040,32768,-72704,43008,-333824,199680,754688,-441344,-496640,-644096,940032,1131520,345088,-2048,-202752,-836608,454656,-562176,-454656,-975872,-507904,240640,-305152,657408,958464,-1385472,228352,365568,-1016832,358400,905216,-892928,-339968,-1171456,-884736,974848,-230400,-1489920,314368,145408,607232,195584,-517120,-136192,-338944,-107520,-980992,133120,502784,-1192960,342016,-2156544,508928,-985088,44032,-1081344,136192,-1932288,-245760,390144,-484352,413696,-591872,-256000,471040,-1043456,-1397760,-749568,474112,-998400,-681984,-581632,-221184,-1025024,515072,-997376,740352,465920,110592,197632,623616,20480,1112064,45056,-415744,432128,-815104,173056,101376,-1622016,-135168,194560,-652288,-566272,-123904,-755712,796672,145408,25600,911360,-243712,-83968,78848,-869376,-130048,117760,-805888,-759808,-631808,-536576,-966656,90112,217088,-121856,60416,-544768,-261120,-625664,-1141760,678912,-65536,-1135616,852992,-1028096,964608,69632,485376,-279552,834560,-1533952,-1178624,573440,4096,691200,402432,1132544,-520192,-1751040,126976,-123904,-811008,-694272,-894976,-1558528,289792,1539072,-662528,-707584,-502784,-723968,-420864,229376,14336,-586752,-499712,-381952,-804864,-169984,-107520,-766976,-1001472,-402432,-409600,-1327104,510976,418816,59392,-2407424,-865280,188416,425984,-92160,-1277952,-1955840,-397312,-370688,-817152,24576,1265664,-529408,348160,-1358848,-1099776,-519168,-21504,-608256,-1384448,-1438720,21504,477184,-669696,90112,210944,-920576,-338944,355328,-468992,1618944,709632,1685504,256000,-674816,4096,-396288,-1955840,-2383872,522240,276480,81920,466944,-249856,-1133568,-1313792,-638976,-275456,1494016,95232,-756736,-230400,-197632,369664,-385024,-651264,-661504,-419840,31744,-812032,-290816,-1530880,444416,182272,-22528,-918528,-765952,-1351680,-694272,56320,640000,775168,-676864,-1487872,96256,-888832,-1703936,534528,606208,577536,400384,476160,-888832,-134144,-239616,76800,1013760,649216,503808,197632,48128,-17408,-314368,-423936,-1095680,-2369536,536576
-1464320,490496,-504832,-81920,-909312,-305152,1105920,25600,589824,-441344,-416768,-909312,-787456,-1198080,-1105920,17408,-1347584,-924672,-44032,-441344,-1246208,-30720,-948224,-1681408,-400384,231424,-1403904,325632,-229376,-120832,-2114560,-561152,-231424,-669696,-1659904,280576,-240640,324608,-436224,-500736,440320,-674816,11264,308224,-1785856,-333824,-777216,109568,-1211392,-2111488,317440,-1091584,-1534976,-96256,860160,-64512,462848,-1036288,-286720,-398336,657408,-89088,-742400,12288,818176,-2028544,-1000448,-996352,-727040,330752,-1080320,-278528,-1104896,-1618944,504832,-1340416,339968,268288,286720,-257024,-464896,169984,-388096,-1231872,-359424,-207872,-704512,365568,-1244160,-283648,-47104,534528,-928768,58368,19456,-510976,-226304,-161792,380928,-3010560,-837632,-1266688,27648,-552960,-1013760,-709632,-817152,136192,186368,-590848,-647168,-1076224,507904,-444416,288768,-1268736,-868352,-1116160,-711680,-637952,887808,-292864,-782336,707584,-1360896,-849920,-66560,-3072,-1070080,-764928,-567296,954368,-1305600,86016,-23552,-493568,-112640,-1466368,-351232,-622592,749568,-184320,2048,-398336,-1249280,-747520,-1395712,-714752,-791552,-1568768,327680,-804864,1041408,-670720,-486400,-136192,-332800,-802816,212992,-1266688,289792,884736,-373760,-715776,-227328,-1357824,-19456,-961536,-1368064,-569344,-1282048,-640000,-1485824,151552,-912384,-109568,-233472,-63488,-730112,-117760,151552,-722944,592896,-872448,-1614848,287744,-449536,-672768,521216,222208,-306176,-239616,-593920,-197632,-344064,-503808,-171008,-381952,-51200,-432128,-473088,337920,-165888,466944,-317440,-102400,-290816,-1051648,245760,-1566720,-1847296,-177152,-1243136,-249856,-982016,-455680,-1275904,-177152,99328,-1469440,-927744,-724992,66560,81920,-1019904,-1075200,-1364992,147456,143360,-784384,-71680,-1175552,571392,508928,-488448,-2334720,884736,-365568,-1719296,-1192960,-1035264,-726016,77824,-807936,-1315840,-1069056,-1606656,-601088,-1423360,-427008,-1416192,-118784,-1043456,-474112,-600064,401408,-22528,239616,243712,-1136640,373760,-1368064,720896,447488,-259072,-226304,-652288,-409600,-475136,13312,-424960,-1457152,-826368,81920,107520,-284672,-2210816,563200,-1660928,-281600,204800,103424,-658432,-197632,-738304,-806912,344064,-208896,-273408,-281600,-832512,-349184,-413696,-273408,-361472,-775168,-1373184,-400384,-402432,518144,-55296,-364544,21504,-265216,-1034240,77824,-189440,796672,499712,998400,-12288,489472,537600,186368,-516096,-1102848,738304,328704,-1509376,-20480
-974848,-693248,-885760,-1045504,-594944,984064,-716800,-946176,120832,-994304,-1292288,-1196032,-882688,-942080,-232448,-18432,-991232,-774144,-1431552,-1652736,89088,-508928,-165888,-101376,314368,-830464,-1472512,-1137664,708608,-385024,1263616,-452608,-513024,1468416,-1138688,-1894400,-1292288,-1634304,-1463296,-1471488,-903168,-1408000,360448,-305152,-1061888,-1204224,-662528,-1908736,-1101824,-1031168,-316416,-1522688,-126976,-33792,-1505280,-585728,-1294336,-612352,287744,218112,230400,-904192,-545792,-171008,771072,-342016,-379904,-2564096,-201728,490496,222208,-1139712,232448,-625664,-891904,-210944,-827392,-151552,-940032,-120832,-1580032,-381952,-1006592,-156672,-1159168,-159744,708608,125952,216064,1369088,-1406976,-499712,-634880,-921600,-488448,1210368,-204800,344064,-338944,-665600,-289792,-778240,-1245184,-92160,-500736,-2578432,-632832,-816128,734208,-495616,-1154048,-778240,-560128,-628736,-1206272,-1390592,-816128,-1300480,-63488,-44032,-559104,376832,-928768,-561152,-820224,371712,-310272,823296,264192,-120832,-218112,1020928,28672,332800,-479232,195584,-50176,-779264,93184,-233472,-807936,-1243136,489472,-1883136,35840,-375808,283648,569344,-1047552,-481280,-139264,-168960,-1005568,-624640,-1519616,451584,-23552,-1532928,434176,-1614848,-1186816,-18432,-524288,-90112,-1132544,-1960960,-685056,-120832,336896,-103424,-727040,-872448,-130048,17408,-546816,359424,-316416,-828416,-855040,-1121280,-1408000,-351232,-191488,502784,-591872,-1542144,-904192,-364544,-1071104,-1474560,8192,-55296,774144,-315392,263168,-381952,-1041408,-2062336,-1078272,-1369088,324608,-1218560,-205824,432128,-415744,-33792,4096,-176128,-896000,-267264,-664576,-198656,-1162240,-799744,-1432576,-728064,69632,1699840,-1273856,-1949696,568320,-373760,329728,498688,-1331200,-1320960,-2048,-1676288,-23552,-708608,-566272,-430080,-378880,-1150976,-457728,-305152,-467968,-414720,-487424,735232,-1874944,-522240,-1068032,-178176,-1016832,-301056,-1271808,-1667072,430080,-529408,-114688,-65536,-287744,-2221056,-711680,-1095680,486400,846848,-571392,-1297408,267264,22528,-667648,-721920,-1412096,576512,1093632,4096,-285696,217088,-504832,-543744,-940032,-338944,-241664,-1454080,-1531904,967680,-31744,-2039808,-1426432,-12288,-1339392,-675840,-686080,-858112,-928768,-1080320,-1019904,-423936,-1219584,-1323008,-481280,-459776,-1293312,-579584,30720,-890880,-1169408,-858112,-1127424,-1214464,-332800,-316416,140288,273408,131072,171008,-803840,816128,-1093632,359424,-535552,596992,468992,933888,-727040,139264,-307200,-358400
-1231872,1436672,1188864,-239616,-922624,208896,-1262592,1656832,-282624,-1327104,789504,-501760,-661504,540672,-547840,-592896,115712,27648,218112,-427008,470016,-915456,290816,122880,-1001472,-811008,248832,100352,-1137664,648192,367616,-276480,-364544,-789504,-968704,463872,315392,627712,-19456,1419264,-827392,661504,-403456,1482752,-289792,-133120,977920,-1061888,-162816,94208,-856064,-758784,-306176,-2019328,558080,976896,-788480,65536,-547840,860160,143360,-285696,-62464,-535552,-1764352,-436224,1249280,574464,1389568,-87040,-531456,-24576,-689152,834560,72704,-656384,-1344512,-264192,5120,-153600,-636928,699392,-1238016,344064,-339968,-568320,51200,323584,-638976,-315392,-288768,54272,430080,148480,-784384,608256,-179200,69632,338944,47104,297984,377856,-1198080,-729088,-406528,-1359872,423936,-556032,-279552,617472,-223232,-1246208,-126976,336896,-196608,911360,-1155072,-318464,268288,501760,-1666048,-879616,62464,889856,-562176,-630784,939008,-657408,-563200,-2183168,-33792,1517568,-524288,-479232,-15360,-520192,-868352,-504832,-724992,-803840,-553984,-482304,453632,547840,-609280,11264,-20480,-967680,-198656,-428032,786432,207872,734208,409600,-774144,3072,-517120,-837632,-63488,-1418240,-1446912,-259072,-980992,-1581056,1613824,561152,470016,-367616,-1273856,516096,101376,628736,-650240,-33792,-354304,-267264,27648,-1400832,-586752,-633856,-1399808,221184,-642048,-49152,-397312,804864,-335872,-152576,-903168,-1449984,-630784,-1244160,-1530880,-755712,65536,-102400,121856,-742400,-1388544,-1060864,-672768,-1612800,-152576,342016,-1026048,-472064,124928,-1405952,-1240064,-1618944,-517120,189440,-474112,-716800,-321536,1172480,537600,644096,40960,-277504,-59392,-1038336,-416768,-107520,969728,-336896,-1196032,272384,-654336,-1175552,-1306624,90112,374784,-937984,-779264,677888,-615424,-1088512,-1070080,248832,-1118208,-232448,-630784,-1027072,-892928,-700416,-462848,-833536,-1316864,-849920,837632,-764928,-809984,303104,-601088,-746496,317440,-619520,19456,66560,-918528,-282624,-867328,297984,442368,-926720,-337920,-130048,-1086464,471040,309248,766976,-701440,-400384,675840,145408,271360,-1250304,-932864,207872,83968,-502784,-388096,-647168,-643072,-486400,-54272,-385024,-1552384,-885760,423936,-815104,-1359872,-482304,-933888,-630784,-779264,-958464,328704,423936,-771072,1078272,-512000,64512,327680,-269312,-238592,746496,1402880,-45056,-284672,546816,-870400,-350208,-37888,-303104,625664,388096,-762880,82944
-825344,-602112,-1389568,-1647616,-1902592,-746496,256000,-821248,-1270784,-918528,-1788928,-1265664,-509952,-373760,-390144,668672,361472,-1553408,-1213440,-1861632,-680960,-1585152,-142336,-403456,-1636352,1142784,-615424,-1570816,-591872,-1374208,-1183744,-2028544,-231424,-1135616,-294912,-1367040,-1369088,-493568,-898048,-659456,-584704,15360,-1435648,-496640,-1552384,-493568,-1798144,-357376,379904,-926720,-1283072,-407552,-1025024,219136,267264,-1600512,576512,-736256,-201728,-1904640,-1498112,-584704,-833536,-515072,-359424,-647168,-891904,-192512,-1754112,-674816,-1576960,-2029568,-593920,-1074176,-841728,-264192,-120832,-842752,-71680,399360,-1478656,-1026048,-948224,-311296,-171008,-1378304,-908288,-1270784,-1999872,-302080,-1065984,-192512,494592,-1509376,-168960,-108544,-935936,-698368,-1427456,-322560,-1128448,-489472,303104,-1546240,-2039808,-863232,-1313792,-1824768,-705536,-1463296,-1098752,-1134592,-77824,-729088,-1410048,-1011712,-891904,-1715200,-969728,62464,603136,-617472,635904,-412672,-1061888,-1044480,-600064,-583680,-24576,-784384,556032,-473088,-1675264,-1552384,-919552,-417792,-805888,-881664,-830464,-1005568,-632832,-1046528,-1638400,-1789952,-1105920,-1168384,53248,211968,-173056,-1062912,-726016,-1031168,-1207296,13312,-310272,-66560,-76800,-1014784,-1330176,-1112064,-623616,-608256,-231424,-821248,800768,-644096,-886784,-1330176,-937984,-1245184,-847872,-368640,3072,-54272,-726016,-237568,-465920,-645120,-2220032,-1198080,-2097152,-684032,-1719296,-1313792,-817152,-184320,-645120,-878592,-954368,-1305600,-573440,353280,-1251328,-750592,-715776,-282624,-1220608,334848,-1410048,-1531904,-1605632,-644096,177152,-599040,-1883136,-293888,-76800,-159744,-1051648,-1270784,266240,-304128,-793600,-1332224,-1515520,-1467392,218112,-2312192,-440320,-1389568,-1650688,-1169408,-1926144,-75776,-1292288,-1610752,-1214464,-650240,-1248256,677888,-303104,53248,-569344,-827392,-2402304,-835584,-1810432,-1229824,67584,-1437696,73728,-380928,-848896,-1490944,-1737728,-1570816,397312,-665600,-745472,-1220608,-563200,-448512,-1944576,-1302528,-1742848,-712704,-256000,-483328,-1476608,-1742848,-251904,-1495040,-455680,-508928,-825344,-1566720,-2073600,-1248256,-1768448,796672,-711680,-1278976,-901120,-1028096,805888,-527360,-1169408,-272384,-942080,-846848,-362496,-1478656,-446464,-2039808,-1615872,-1068032,-1513472,-163840,-1350656,-772096,-2026496,-1432576,-1359872,-1460224,-1825792,-1271808,-758784,-1486848,-371712,-378880,-528384,-2519040,-2018304,-828416,-620544,102400,-273408,63488,-1447936,-2039808,-438272,-1303552,-1731584,-651264,-190464,-1128448,-678912,-1369088,-906240,-148480
-1489920,-941056,892928,943104,-244736,768000,90112,241664,-982016,-330752,89088,-98304,-883712,629760,-665600,296960,365568,-940032,1046528,1736704,626688,-241664,733184,-936960,-1024,-1716224,604160,205824,104448,673792,745472,-16384,388096,-1548288,53248,-754688,-252928,439296,2157568,90112,887808,107520,-804864,-179200,-795648,-1349632,263168,249856,-1391616,769024,-1394688,1350656,-678912,-354304,215040,891904,-327680,8192,-459776,801792,-453632,-540672,-312320,-471040,-215040,-504832,-183296,294912,503808,-325632,-689152,-141312,-196608,14336,-479232,76800,-501760,212992,809984,1331200,424960,585728,282624,-942080,-602112,-244736,315392,71680,-790528,294912,-568320,-1221632,581632,-245760,-1688576,-509952,-7168,-1294336,124928,-390144,-451584,-3072,-355328,-960512,-497664,625664,-256000,136192,-1692672,-1042432,-249856,-359424,-318464,-1221632,-634880,-336896,-393216,-318464,350208,-321536,-499712,791552,990208,-269312,-312320,442368,-315392,271360,191488,384000,123904,-945152,430080,-307200,-165888,-622592,-572416,-173056,235520,-1417216,-191488,-343040,-1003520,-1193984,-326656,738304,-320512,-1172480,-223232,457728,-2441216,485376,-516096,-413696,218112,949248,313344,-457728,-888832,-325632,-830464,134144,-961536,-721920,-928768,-765952,-93184,-781312,761856,-1218560,-133120,-596992,-416768,-1017856,-257024,1048576,713728,177152,489472,416768,-210944,-105472,1122304,266240,-2855936,-753664,-1090560,75776,-73728,-1284096,-1167360,-104448,-362496,-1182720,-886784,-1201152,-761856,896000,27648,679936,-571392,1230848,-1442816,798720,-113664,-1312768,130048,24576,-293888,-832512,117760,-831488,37888,-194560,69632,753664,-748544,-674816,-1216512,-779264,-218112,695296,-1612800,-822272,-1200128,272384,-224256,-1348608,560128,105472,598016,-184320,-429056,232448,870400,850944,-2073600,-183296,-1085440,168960,-171008,-932864,181248,-401408,1474560,-1178624,536576,-1350656,-1212416,-1671168,-614400,-1195008,-1597440,1330176,-306176,-265216,-1334272,-953344,90112,-601088,-1082368,-2205696,721920,306176,-840704,-872448,-966656,891904,216064,-486400,15360,-1448960,-316416,-171008,-1369088,-335872,-494592,-864256,41984,-299008,-328704,91136,946176,1314816,-55296,-322560,880640,-447488,151552,331776,-1258496,230400,-964608,327680,-1531904,854016,-702464,-459776,-1856512,-546816,-461824,-586752,-1011712,-961536,-843776,-101376,-20480,-946176,577536,-859136,-1138688,-168960,-1072128,-855040,414720,-366592,-1080320,1208320,-711680,-571392
907264,285696,-12288,-1967104,-643072,-179200,829440,-1067008,-788480,-747520,-238592,90112,-997376,-1090560,-692224,-1403904,-357376,-62464,-1148928,-239616,-826368,64512,-1564672,4096,-182272,211968,211968,733184,-1460224,-913408,-1532928,-204800,-464896,-464896,-624640,-363520,-453632,915456,-877568,430080,549888,-74752,-615424,-1038336,-476160,-801792,-95232,-1366016,-838656,-803840,245760,-1428480,-1080320,118784,-278528,-323584,672768,-650240,36864,-337920,-877568,666624,166912,-385024,242688,-18432,-1291264,606208,-1638400,-1448960,-53248,257024,-27648,-455680,-846848,-1084416,-1442816,-702464,590848,-216064,-1456128,183296,-1191936,-179200,416768,-791552,-384000,-817152,-1266688,-509952,82944,-628736,-593920,-835584,51200,-486400,-848896,-1437696,-449536,-732160,-897024,-572416,1366016,10240,-536576,-709632,1305600,-503808,-198656,-117760,-1235968,-746496,-267264,-1193984,-893952,-13312,528384,-515072,998400,1053696,-264192,43008,-252928,-399360,-701440,-88064,-1369088,-629760,420864,-152576,4096,624640,-78848,-77824,364544,-65536,-636928,141312,-577536,-1155072,-237568,-1893376,-841728,785408,-862208,-590848,-527360,-798720,-230400,-212992,-462848,17408,-95232,317440,216064,-887808,-502784,-140288,-801792,-320512,-29696,-2762752,-712704,-583680,86016,-157696,-344064,641024,-240640,-731136,-841728,155648,-1561600,-924672,2048,-1647616,-422912,-360448,628736,-1195008,-822272,118784,-671744,952320,-968704,105472,226304,115712,-79872,-191488,-573440,-1004544,494592,-7168,-1118208,-661504,-936960,-120832,-954368,-2279424,-522240,-913408,1204224,392192,-694272,-264192,-1085440,50176,-413696,-935936,-419840,718848,-745472,-621568,503808,406528,215040,-906240,332800,-1777664,-805888,-598016,-599040,288768,283648,-166912,-733184,-1404928,-598016,-503808,-454656,-761856,-1347584,-835584,-748544,-781312,-74752,-490496,-356352,-269312,-569344,416768,-32768,656384,-884736,-20480,-2234368,-537600,-561152,-1155072,-1061888,-1033216,-488448,-1030144,-611328,-158720,140288,240640,-918528,773120,-626688,1468416,-1218560,-216064,-1508352,-2330624,-1548288,-1161216,-928768,456704,1312768,-125952,-514048,-1914880,735232,-2076672,-427008,-259072,-599040,-443392,596992,332800,-232448,188416,-539648,282624,351232,1238016,154624,326656,-190464,-318464,-701440,210944,-1074176,-391168,-384000,-293888,-166912,104448,-270336,-206848,-393216,-634880,-433152,-815104,-1174528,-745472,-478208,-363520,-389120,-1374208,-555008,-2024448,-865280,-283648,-382976,-288768,-64512,-926720
-1044480,-1479680,-1501184,-1629184,-1191936,-411648,-890880,99328,-1298432,-680960,-1016832,-360448,-1349632,-105472,-886784,-2148352,-151552,-670720,-2298880,-21504,-318464,-595968,47104,-1012736,288768,243712,-1335296,-1122304,-1918976,-462848,-1598464,-555008,-431104,-628736,-1327104,-450560,-319488,-1865728,-563200,-1192960,-1056768,-872448,-1412096,-1087488,-962560,-2076672,-466944,-48128,-1560576,-1239040,-632832,-2058240,783360,-1112064,-1426432,-1238016,-737280,-1247232,-221184,-305152,-777216,122880,-1269760,-635904,-1523712,-327680,-1734656,-374784,-1223680,-495616,24576,-1603584,-1273856,-68608,-1295360,-899072,-1551360,-489472,-1716224,-504832,265216,-176128,-508928,-611328,-1591296,-1669120,-782336,-1799168,13312,-1022976,9216,-1271808,-1646592,-6144,-1121280,-825344,-1388544,-291840,315392,-1057792,-920576,521216,-1539072,-1610752,-1984512,-193536,-985088,-656384,-365568,-412672,-1716224,-115712,-1231872,-2396160,-1359872,622592,-342016,-236544,-1169408,-1386496,-482304,96256,-1306624,-1940480,-1423360,-611328,-88064,-1988608,133120,-1160192,-1207296,-708608,-1486848,-171008,-1439744,-1148928,-1491968,-1127424,-428032,-433152,-1086464,-570368,-2671616,-1317888,-687104,-56320,-663552,-892928,-1157120,-683008,-2162688,-2118656,-446464,-1193984,-1320960,58368,-959488,-1518592,-998400,-815104,-765952,-796672,-1190912,-1383424,-943104,-334848,-514048,56320,-681984,-1076224,-1081344,-243712,-279552,-646144,-668672,-752640,-1271808,-1416192,-1036288,-1125376,-796672,-738304,-589824,-2077696,-382976,-1964032,-1498112,-491520,-779264,-289792,-1286144,-1671168,-715776,-1385472,-1815552,-414720,320512,-1708032,-516096,-461824,-733184,-1849344,-905216,-745472,-1262592,-56320,-621568,-1457152,-1252352,222208,-704512,-965632,-361472,-336896,-2861056,-521216,-764928,-1219584,-577536,-57344,1026048,-552960,-1074176,-1479680,-1053696,-1110016,-1139712,-660480,-768000,-1265664,-1335296,-1325056,-1129472,-2619392,-934912,-1581056,-399360,-435200,-943104,-635904,-1014784,-1329152,-1285120,-2317312,-1129472,-1116160,-1281024,-93184,-391168,-1231872,50176,-148480,-2172928,-1380352,-1102848,-807936,1021952,-620544,-1506304,-1804288,-1762304,-1266688,-880640,-872448,-844800,-281600,-1323008,-1129472,-861184,-212992,-999424,-1557504,-1107968,125952,70656,384000,-110592,7168,-596992,-1528832,-1043456,-721920,-925696,139264,-147456,-1504256,-350208,-1888256,-667648,-1127424,-2053120,-1121280,-238592,-1751040,-875520,-504832,-129024,-221184,-1461248,-1970176,-1127424,-1734656,-432128,163840,-514048,311296,-1324032,-1235968,-559104,-1528832,-185344,-1579008,-1496064,-1576960,-112640,-1263616,-1802240,-328704,-1340416,-887808
243712,117760,-188416,-485376,303104,761856,90112,52224,179200,1010688,-195584,611328,-617472,-590848,-1594368,-43008,357376,-632832,-156672,607232,-474112,304128,-349184,108544,-315392,452608,-372736,548864,-705536,909312,-395264,-425984,124928,-587776,449536,-534528,26624,431104,463872,-813056,-7168,375808,524288,-1676288,752640,-864256,148480,-296960,-9216,-264192,140288,479232,-1964032,-412672,1425408,-718848,897024,-361472,25600,-389120,-1283072,-1889280,159744,-534528,-328704,711680,-1145856,-1579008,-276480,-1341440,740352,-1095680,-728064,419840,-1139712,-834560,1002496,398336,-1234944,-672768,-422912,-1352704,-750592,-15360,-33792,635904,481280,245760,-1672192,-186368,-1180672,-63488,-744448,-628736,-101376,-107520,403456,-439296,1034240,-269312,-468992,-84992,54272,-199680,662528,-587776,-394240,39936,-680960,618496,-40960,-308224,-116736,82944,-424960,723968,-859136,187392,-870400,-1474560,-631808,-1074176,-262144,353280,415744,349184,149504,-1476608,-700416,571392,-290816,-955392,-456704,-450560,34816,-329728,940032,628736,160768,-1375232,586752,561152,440320,-88064,-530432,-794624,-861184,-14336,1593344,49152,117760,642048,830464,-142336,-1387520,-295936,-276480,-2149376,-818176,-67584,133120,-544768,571392,242688,-198656,4096,363520,-540672,-252928,-572416,-231424,141312,-1042432,-222208,-1931264,1408000,-220160,-745472,-1178624,-495616,-1068032,145408,-456704,-1082368,678912,838656,355328,-1480704,-144384,1297408,-227328,-649216,15360,-169984,693248,879616,-367616,-382976,-371712,-583680,-365568,804864,-862208,-963584,305152,-380928,89088,242688,118784,-514048,-491520,354304,225280,72704,483328,121856,-211968,225280,-1427456,-294912,5120,594944,263168,-138240,-396288,-236544,-302080,-728064,-1246208,-433152,-571392,-287744,-110592,86016,-104448,92160,37888,178176,-661504,308224,502784,-435200,-834560,-161792,-361472,-664576,14336,456704,-1300480,-1246208,-177152,305152,598016,-635904,-333824,-817152,17408,-947200,-763904,-54272,-549888,185344,715776,1655808,99328,9216,-1276928,-1659904,-840704,-790528,-277504,698368,-292864,-65536,-1479680,264192,-630784,-354304,418816,-379904,570368,-518144,-235520,-688128,762880,-571392,733184,-473088,544768,488448,-199680,-142336,-598016,-582656,-46080,-1026048,-677888,459776,345088,-418816,821248,718848,476160,-1271808,404480,-482304,-551936,693248,493568,1629184,129024,-505856,-933888,524288,482304,-654336,616448,188416,411648,691200
-1473536,1251328,-1289216,-745472,205824,-734208,907264,-151552,-881664,-152576,-84992,319488,-445440,41984,-1358848,-781312,-1742848,-454656,-1441792,-1084416,-1846272,-1002496,-696320,-603136,820224,-320512,-696320,-640000,-385024,-984064,-47104,-1082368,602112,500736,-1111040,-430080,-617472,-1718272,-1838080,-526336,-257024,-2124800,891904,-299008,-842752,758784,-560128,439296,-723968,-501760,-150528,-242688,392192,-270336,27648,-187392,-259072,-1300480,-318464,-2182144,-83968,-496640,-1572864,-1198080,-413696,-1014784,-687104,-946176,-1030144,-1411072,45056,444416,-209920,-265216,131072,290816,-670720,-208896,-217088,-942080,-1132544,-1123328,-909312,-48128,998400,-1120256,26624,-489472,268288,1026048,55296,-1002496,-1408000,-258048,-345088,-850944,-468992,-562176,-1516544,-406528,-105472,64512,-741376,172032,-435200,-861184,-174080,526336,457728,-621568,-1387520,-415744,-1073152,139264,358400,-1417216,-1400832,190464,76800,-986112,-660480,251904,779264,-1227776,-339968,421888,82944,536576,-258048,227328,334848,-643072,-959488,232448,-1864704,-1642496,657408,322560,-1879040,-535552,-235520,-1555456,-832512,-1126400,-1580032,698368,-809984,754688,-868352,-152576,739328,-79872,-715776,431104,-803840,-766976,-110592,-393216,-710656,-1193984,-273408,-447488,-344064,-211968,-345088,80896,-733184,836608,-2744320,675840,-282624,-731136,-387072,-728064,1378304,-553984,-70656,39936,-507904,423936,-584704,-1245184,-947200,-101376,-415744,19456,-1574912,-1273856,-336896,-224256,113664,966656,-317440,-821248,-623616,-1553408,120832,-1211392,-693248,-1028096,10240,-790528,152576,-542720,-183296,104448,-1383424,-446464,-1309696,-373760,330752,-1822720,76800,-1241088,-378880,-1281024,-918528,-1552384,171008,681984,-1153024,58368,192512,-1141760,-11264,-831488,-780288,-1054720,-564224,-136192,465920,-825344,-374784,-1447936,-2028544,8192,263168,-589824,-647168,110592,-1687552,251904,-1465344,-1136640,-2423808,-538624,-943104,-840704,-252928,-936960,-926720,-961536,-1223680,-1418240,-795648,-337920,69632,-265216,-968704,118784,27648,-400384,-1072128,-566272,-1220608,-208896,-732160,-1701888,-371712,-979968,794624,-897024,-637952,-692224,253952,364544,-830464,34816,-54272,458752,-447488,-155648,-2676736,-458752,-617472,-1018880,-647168,391168,-1138688,-253952,-156672,-951296,-1513472,-861184,-285696,-440320,-823296,-746496,-1790976,-1526784,-1968128,400384,-635904,-948224,-46080,-1087488,-958464,-782336,-247808,-859136,-763904,-1760256,197632,-398336,-637952,247808,169984,-332800,-1309696,-1539072
-35840,357376,22528,-190464,357376,806912,-1054720,-553984,23552,209920,368640,-370688,-1114112,-108544,-535552,-1796096,-21504,-703488,265216,896000,-621568,-1283072,123904,-37888,122880,-662528,-285696,-67584,-537600,1124352,-11264,-347136,-716800,490496,-199680,-157696,1020928,1452032,-1183744,270336,-4096,-1022976,-225280,177152,-1025024,-562176,-413696,-210944,0,-1055744,-160768,-832512,-771072,-1068032,1034240,-4096,-980992,201728,-41984,1247232,-761856,-961536,-609280,-61440,-500736,-847872,-477184,93184,1185792,-402432,-407552,374784,-31744,-1458176,-559104,-923648,155648,-242688,385024,488448,-699392,-1180672,-16384,-1000448,-156672,264192,-12288,368640,1002496,605184,-316416,-736256,-486400,-504832,-871424,1032192,-1736704,670720,599040,984064,-171008,-1261568,-1522688,479232,1344512,566272,450560,-197632,-1427456,141312,-564224,-2044928,169984,-710656,284672,183296,-1601536,-1398784,-265216,-176128,-1348608,-1483776,-72704,813056,-697344,149504,-88064,-513024,-852992,-181248,3072,717824,-242688,328704,-9216,994304,-487424,-373760,-254976,-754688,-334848,-776192,254976,-523264,329728,-344064,-133120,-759808,-881664,-104448,-839680,-157696,-910336,-457728,472064,-307200,474112,-646144,186368,-354304,-146432,-191488,-1079296,-1772544,196608,-976896,-451584,-342016,-540672,-659456,-436224,-407552,-1115136,-808960,-968704,34816,950272,-655360,10240,70656,-51200,608256,-113664,-1253376,-792576,581632,-1445888,1079296,516096,204800,505856,453632,-315392,-727040,-1910784,862208,-728064,-304128,-541696,-454656,717824,-1370112,-81920,320512,-247808,220160,1161216,51200,-1750016,-989184,-1449984,117760,-80896,-1465344,998400,-360448,-86016,-90112,693248,-666624,346112,-2154496,-966656,-1183744,-351232,316416,-24576,-1859584,-1177600,-1632256,-1259520,-1435648,-386048,-198656,1162240,95232,629760,-905216,659456,-775168,-780288,-1038336,-216064,-592896,-882688,-1081344,-1410048,-1293312,891904,-961536,-814080,-196608,-1038336,256000,-1024000,-1228800,-309248,-184320,663552,-1145856,-449536,-868352,-976896,237568,36864,-231424,-348160,562176,-873472,-1146880,-898048,-1142784,1301504,-2202624,-1486848,-1184768,-1408000,-409600,119808,-413696,-143360,47104,-520192,799744,-256000,-952320,-87040,-672768,-1026048,-100352,-937984,81920,404480,124928,-456704,-288768,-1118208,-746496,-1338368,-57344,868352,-390144,628736,-513024,-296960,-524288,-1014784,-492544,175104,-449536,551936,681984,-687104,305152,1263616,-1958912,-712704,-405504,332800,147456
450560,-551936,-372736,406528,1221632,569344,660480,-4096,-23552,-287744,-723968,365568,-1704960,-495616,-175104,-1015808,115712,350208,-538624,-556032,417792,-2062336,133120,806912,-1408000,-3072,100352,84992,226304,-781312,12288,-1291264,786432,721920,-751616,-301056,103424,805888,-353280,405504,-190464,386048,-434176,149504,476160,-128000,-685056,294912,-332800,-594944,-875520,-393216,621568,-144384,65536,-249856,-311296,440320,-783360,-155648,-421888,-801792,-342016,1461248,757760,-120832,-263168,-323584,-1047552,942080,-1141760,75776,1173504,9216,731136,-892928,92160,1000448,171008,446464,330752,-495616,-499712,-11264,-289792,-672768,-227328,-516096,-1993728,-215040,-78848,-587776,-17408,-182272,-130048,-887808,-1681408,-1031168,-580608,-194560,-385024,-939008,-805888,315392,616448,759808,-1064960,1256448,454656,-486400,230400,31744,-100352,76800,155648,269312,-916480,125952,-253952,-331776,-246784,1055744,-629760,-340992,-248832,-753664,-1799168,39936,65536,-368640,452608,-109568,-909312,130048,-111616,-1166336,-246784,489472,-307200,1101824,-289792,930816,-421888,661504,-1100800,-621568,646144,-2048,861184,-98304,240640,-679936,456704,0,-634880,-500736,-614400,65536,-95232,948224,-1745920,7168,126976,-412672,1467392,167936,-533504,-248832,588800,-616448,-658432,-598016,52224,-319488,609280,658432,521216,-794624,-333824,-271360,229376,-260096,-453632,-742400,685056,521216,123904,-1044480,268288,-57344,1866752,-392192,-562176,356352,150528,-1184768,1112064,-335872,-2403328,-1163264,-410624,578560,89088,197632,-320512,-1186816,-59392,-1569792,430080,-283648,-617472,103424,-302080,610304,-797696,-1024,-266240,-1374208,-216064,-68608,970752,-1248256,680960,-801792,-98304,-106496,141312,-379904,445440,-1018880,525312,-118784,268288,678912,200704,-63488,-1949696,-519168,-228352,622592,154624,-467968,-449536,-211968,-525312,-1405952,-34816,-22528,519168,-173056,-301056,-347136,-1895424,-1276928,-609280,-238592,-544768,-230400,-768000,461824,-342016,-605184,-1024,392192,-917504,-492544,-24576,-311296,918528,1085440,-1143808,-81920,-614400,83968,-786432,-1354752,431104,-1619968,-307200,-509952,-519168,-754688,111616,-210944,144384,820224,-387072,1106944,-550912,-312320,7168,-887808,-162816,133120,-529408,-789504,-219136,-1184768,928768,540672,659456,-1449984,-881664,-876544,991232,-462848,-940032,183296,-495616,-80896,-214016,-1191936,-1584128,-225280,-526336,387072,314368,-112640,896000,774144
-1755136,-990208,-367616,-2259968,-721920,-1344512,-1019904,-856064,-300032,-334848,-971776,-709632,-1252352,-818176,-1582080,-1857536,-606208,-1952768,-58368,-1718272,-552960,-527360,-616448,-1518592,-317440,-1192960,-422912,-2069504,-1813504,-154624,-1091584,-1002496,-958464,-1433600,-392192,-472064,-1748992,-1210368,-740352,-1545216,-319488,-1953792,83968,-996352,-1347584,-1592320,-1730560,-1268736,-962560,-1845248,-1284096,-200704,-1350656,-1745920,-159744,-2208768,-301056,-936960,-253952,-2079744,-662528,-692224,-1012736,-87040,-401408,-2003968,-1416192,-1728512,-1165312,405504,-598016,708608,-1196032,-947200,-2912256,-51200,-1103872,-119808,-1033216,-2290688,-1267712,-2161664,-1137664,-1677312,-1153024,-1267712,-1060864,-418816,-413696,-1597440,-737280,-1425408,-710656,-1686528,-181248,-811008,-617472,-398336,-390144,-2048000,-1594368,-1271808,-178176,-1747968,-1753088,-2015232,-264192,-30720,-171008,-922624,-997376,-1076224,-1469440,428032,-1111040,-291840,-1521664,-1521664,-838656,-753664,-958464,-1574912,-358400,-491520,-110592,-2273280,-1301504,-1008640,-1429504,-2136064,-1209344,-1715200,-936960,-774144,-296960,-1945600,-794624,-1934336,-827392,-1792000,-1092608,-2414592,-1126400,-823296,-955392,-1712128,-191488,-889856,-2168832,-714752,-430080,-1197056,-1551360,-273408,220160,-489472,-769024,-1155072,-699392,-814080,-1078272,-446464,-1347584,-936960,-1955840,-1391616,-785408,-131072,-1546240,-1256448,-838656,-538624,-1165312,-923648,-1277952,-2374656,-1129472,-966656,-1408000,-605184,-1555456,-1422336,-873472,-328704,-1878016,-1975296,-1543168,-1383424,-1024000,-1272832,-1039360,-198656,-2238464,-1354752,-224256,-716800,-620544,-719872,-829440,-195584,-115712,-2109440,-1272832,-1029120,-1363968,-1028096,-583680,-921600,-348160,-264192,-1176576,-823296,-1819648,-3045376,-152576,8192,-596992,-1681408,-1797120,-1672192,-699392,-1105920,-2618368,-729088,-869376,-1540096,-1093632,-1534976,-1100800,-2416640,-1533952,-2335744,-1734656,-2311168,303104,-823296,-744448,-1521664,-1427456,-2045952,-1189888,-1014784,-1311744,-868352,-545792,-1944576,-1290240,-1202176,-2254848,-2187264,-1785856,-1178624,-804864,-1112064,-1229824,-1249280,-489472,-1969152,-909312,-931840,73728,-1986560,-996352,-564224,-1410048,-1084416,-668672,-311296,-668672,-676864,-793600,-1351680,-2275328,-273408,-1761280,-1637376,-762880,-1673216,-1609728,-436224,-2287616,-1424384,-996352,-889856,-1479680,-1757184,-1550336,-1547264,-2608128,-3334144,-1794048,-133120,-1830912,-63488,50176,-823296,-1031168,-1397760,-1531904,-664576,-1269760,-2081792,-788480,-757760,-1843200,-1420288,-843776,-1522688,-1222656,-1027072,-980992,-1560576,-2492416,-803840,-1562624,-1368064,-1858560,-1301504,-1133568,-1596416
-88064,-1994752,-515072,908288,-755712,220160,846848,-1363968,-235520,-301056,-289792,550912,-1082368,-1897472,-565248,777216,356352,508928,-557056,354304,236544,354304,-1082368,-346112,-523264,-1557504,657408,106496,1858560,-771072,-912384,44032,-1014784,-923648,337920,131072,-429056,210944,-475136,640000,-1314816,200704,-1945600,-161792,1010688,-181248,782336,-919552,427008,-510976,-425984,-247808,-230400,-675840,926720,-816128,-611328,331776,-265216,262144,312320,-1138688,-888832,-823296,885760,-457728,-519168,-290816,-7168,-848896,-654336,-377856,314368,177152,276480,133120,-865280,840704,368640,-624640,-883712,-286720,145408,18432,-1221632,-432128,-674816,-634880,185344,-55296,192512,-325632,22528,347136,-405504,323584,-219136,1277952,-546816,-927744,-29696,-497664,843776,-765952,795648,446464,-251904,-65536,-58368,-911360,-45056,809984,-367616,-168960,-413696,-40960,-325632,630784,-2140160,163840,399360,743424,637952,-173056,72704,-441344,-1999872,-1773568,-471040,-408576,-141312,1478656,-419840,-551936,-73728,-166912,-1688576,294912,824320,-131072,1126400,-1610752,172032,-336896,-310272,-872448,333824,107520,-12288,-64512,21504,1291264,-427008,759808,-278528,-152576,-1474560,-115712,1083392,-393216,1309696,-381952,780288,-1205248,55296,898048,-295936,-482304,-392192,-819200,-1216512,-644096,-891904,-187392,563200,668672,338944,723968,-799744,-932864,-363520,158720,-395264,301056,977920,611328,-423936,-498688,-882688,-176128,-1960960,-491520,-632832,-1832960,452608,-40960,158720,-601088,-1720320,-828416,-308224,95232,753664,11264,-1049600,108544,-180224,-264192,749568,680960,428032,360448,275456,480256,-577536,271360,-71680,-1039360,407552,-235520,-1011712,-14336,-967680,-285696,-313344,-24576,365568,495616,-1098752,-64512,-691200,-529408,182272,-906240,103424,43008,-903168,-1330176,163840,-421888,741376,735232,-929792,765952,1273856,-489472,41984,-560128,98304,-356352,-306176,738304,-520192,81920,-2227200,-350208,-700416,411648,-961536,246784,331776,-137216,-415744,381952,-311296,-1945600,-1147904,-1482752,1257472,1269760,-997376,-231424,-962560,-267264,1163264,794624,-1217536,-440320,-1244160,904192,-1103872,-495616,681984,-268288,-1149952,-497664,-189440,-1071104,296960,-658432,1003520,-816128,-660480,616448,-150528,-616448,-1177600,7168,-900096,47104,-8192,-495616,761856,-243712,-374784,858112,171008,1380352,846848,778240,1302528,506880,733184,-33792,-492544,157696,423936,496640,858112,90112
-1017856,-55296,-176128,73728,-446464,-448512,-939008,-650240,-47104,-882688,-551936,-518144,-369664,-351232,24576,-1091584,640000,195584,-242688,-1541120,-357376,-250880,148480,586752,199680,290816,435200,-1729536,-816128,-278528,577536,-1086464,-111616,-184320,166912,31744,-1358848,-1499136,-225280,250880,-175104,-222208,956416,1347584,101376,-404480,-954368,-862208,-1356800,1429504,-13312,-392192,815104,100352,126976,-120832,-670720,-178176,448512,-1006592,12288,714752,-157696,-923648,-189440,-722944,-1854464,-1649664,480256,846848,463872,45056,-237568,-270336,643072,-953344,-1224704,128000,625664,401408,-418816,-627712,-1325056,-544768,422912,-1204224,-1269760,-192512,-1024,-243712,610304,-541696,194560,-303104,-242688,-1094656,-1177600,-742400,-1202176,1020928,169984,263168,-648192,-868352,-897024,-491520,-2048,305152,-623616,49152,-484352,181248,531456,-503808,135168,-276480,-747520,-1071104,-264192,-1272832,-850944,-691200,769024,-1072128,-295936,867328,-263168,-30720,210944,322560,-66560,105472,-572416,-1317888,-650240,486400,-1410048,350208,-1192960,-153600,216064,-711680,-347136,-1358848,-926720,503808,-381952,-1070080,-1460224,462848,-1185792,-663552,-446464,-272384,-855040,194560,-176128,221184,95232,-899072,-325632,63488,-211968,-1306624,-1645568,-222208,-332800,1157120,-697344,-571392,-778240,-549888,-614400,603136,-1125376,472064,-1370112,-552960,-560128,-418816,-187392,-52224,-1048576,-1227776,155648,-555008,-1379328,-901120,-1741824,432128,-1286144,-217088,-890880,-613376,-69632,-1676288,-456704,-1841152,-401408,-573440,612352,-988160,-629760,-185344,-838656,-1648640,537600,1013760,-14336,1276928,708608,-421888,-796672,-1355776,-1520640,-1738752,-648192,-271360,-1536000,-1173504,464896,116736,-916480,-87040,-781312,-1345536,-416768,-1170432,465920,-147456,-948224,-1098752,-388096,-1415168,-953344,-1405952,-138240,-583680,-423936,-1033216,-833536,-1347584,-442368,-1727488,-756736,-976896,-599040,234496,494592,-963584,-348160,-743424,141312,-480256,-291840,-735232,-498688,-982016,-732160,-93184,-1120256,-1230848,-43008,-539648,-420864,-745472,-688128,-254976,-1061888,-155648,-404480,-1556480,-591872,-852992,-402432,240640,-932864,690176,-450560,-345088,41984,-408576,-1410048,-523264,321536,-459776,-784384,55296,-4096,86016,-1206272,-977920,-522240,-1410048,-225280,9216,-37888,414720,-344064,-1888256,-1542144,-1122304,-248832,-624640,-7168,-849920,-1098752,-398336,-167936,-553984,-1712128,-205824,-955392,-365568,1101824,-485376,-156672,34816,-276480,-1264640
-540672,-872448,406528,-1244160,133120,-1176576,664576,465920,-17408,510976,-363520,-1686528,-145408,-749568,193536,803840,-18432,-135168,-740352,-986112,97280,-1312768,-1737728,-498688,-263168,25600,-915456,-346112,433152,-136192,-177152,-187392,-1152000,-766976,-858112,-809984,295936,391168,-672768,-859136,-200704,-730112,-49152,-1694720,-243712,-673792,-539648,1156096,-1048576,329728,-603136,-695296,-1226752,-167936,46080,-672768,-274432,-565248,-1156096,797696,-1200128,801792,537600,-716800,884736,-186368,-203776,-583680,-1056768,-558080,-645120,-608256,-1473536,-661504,-927744,97280,340992,-1068032,-768000,-917504,1184768,-727040,-855040,577536,-467968,-822272,595968,-726016,-620544,103424,-877568,-765952,-946176,-677888,-445440,-607232,787456,-293888,267264,-665600,70656,-678912,-215040,-97280,997376,-851968,-624640,44032,-361472,925696,-1168384,-409600,529408,604160,1167360,169984,-532480,-275456,-131072,-876544,-906240,-482304,-260096,396288,-337920,-675840,-299008,199680,427008,-219136,-299008,-51200,-247808,1026048,-262144,-1581056,-367616,-1354752,146432,-1318912,150528,-540672,16384,988160,-163840,9216,-11264,202752,-634880,102400,386048,334848,567296,-674816,705536,160768,-912384,-836608,-1074176,521216,-318464,-934912,179200,-110592,-701440,41984,408576,-98304,-624640,297984,394240,-151552,-665600,-287744,376832,-2277376,788480,-475136,118784,-668672,-307200,-288768,-1857536,-325632,589824,1067008,287744,8192,-683008,-864256,-158720,-688128,1458176,-748544,-108544,-447488,-47104,-750592,-1230848,667648,126976,-849920,-955392,470016,-590848,1221632,457728,-1052672,-175104,-791552,-1235968,-1876992,242688,-314368,-24576,-193536,-407552,-178176,299008,-1085440,-45056,-925696,48128,-1002496,68608,-1127424,-1369088,180224,-1983488,-1232896,152576,-841728,-1072128,546816,-925696,-753664,1210368,-734208,-175104,95232,-1216512,181248,378880,-1089536,-209920,-593920,-48128,-533504,-1009664,-1001472,-303104,-422912,-208896,-227328,-410624,382976,763904,-404480,-2099200,-961536,536576,-536576,527360,174080,753664,-1204224,925696,-357376,-662528,-1248256,-390144,-540672,-947200,415744,-243712,-1600512,-1439744,-1045504,-1141760,-509952,450560,779264,-61440,-1108992,-1043456,-523264,-1047552,-483328,-1298432,858112,-485376,951296,718848,-690176,-1147904,1196032,-1502208,-1009664,-186368,297984,-1112064,977920,427008,-14336,-515072,-1005568,-541696,-1115136,-97280,-449536,-1145856,35840,-301056,-245760,-662528,19456,-388096,-869376,-31744,-263168
-1369088,-835584,-596992,-668672,601088,644096,-76800,6144,-674816,-269312,-62464,-1094656,490496,-333824,733184,-730112,28672,-295936,238592,-609280,-2529280,-816128,-576512,-677888,1200128,233472,735232,730112,-164864,-1034240,196608,634880,-57344,-448512,-1323008,1107968,492544,217088,73728,-113664,727040,121856,416768,377856,1364992,187392,1163264,-646144,812032,-865280,265216,-620544,18432,612352,340992,976896,107520,-70656,167936,-430080,975872,272384,253952,1139712,-637952,-1334272,-110592,947200,-6144,-406528,-596992,1216512,923648,-45056,-517120,821248,-831488,-232448,238592,-1555456,776192,-727040,601088,442368,-183296,-737280,763904,-618496,-256000,-49152,-534528,1304576,-434176,-1069056,84992,-63488,-1048576,660480,-809984,-131072,1082368,-239616,-275456,390144,866304,-420864,-541696,81920,-1370112,1174528,-474112,238592,315392,278528,487424,811008,-160768,-955392,-405504,913408,452608,1095680,-410624,-700416,194560,-806912,-279552,1678336,480256,-777216,47104,54272,-585728,-47104,-1536000,-232448,57344,-411648,1087488,-273408,291840,628736,450560,329728,-182272,-460800,-522240,626688,-107520,409600,-38912,-355328,-131072,573440,864256,495616,-985088,-349184,-475136,-1703936,-694272,73728,-331776,916480,1134592,410624,-346112,215040,-168960,32768,-856064,-884736,1440768,-214016,553984,1342464,-817152,-690176,-595968,-931840,-1575936,-501760,-86016,-345088,-321536,917504,-1415168,-39936,-294912,199680,18432,-40960,684032,755712,-174080,-683008,-926720,-1192960,-555008,821248,-525312,516096,-1291264,-7168,-854016,-100352,-885760,-249856,1398784,145408,-509952,-434176,1122304,-609280,-709632,-112640,-67584,569344,-204800,829440,-212992,-234496,-1044480,-361472,-289792,684032,-626688,92160,260096,-77824,-33792,754688,228352,-776192,-1433600,-1320960,152576,-122880,-963584,405504,-1134592,-177152,275456,741376,-343040,364544,472064,1518592,399360,555008,-231424,744448,-321536,-1050624,-763904,-116736,-115712,220160,-1137664,-161792,-165888,59392,-975872,-1281024,-550912,517120,-729088,160768,-24576,-349184,455680,-1552384,-16384,-923648,-1073152,310272,-270336,1308672,137216,-178176,-288768,-196608,-1448960,-519168,-386048,-73728,484352,960512,457728,-516096,-425984,-1087488,-281600,105472,444416,885760,-1210368,-257024,139264,-39936,306176,674816,-1257472,624640,1024000,-701440,889856,373760,-444416,-101376,-809984,-2245632,854016,-462848,66560,693248,843776,-285696,905216,212992
-1484800,-365568,-338944,-743424,-500736,-1900544,-820224,-751616,-643072,435200,-176128,-876544,-91136,-19456,-1002496,-776192,-1333248,-1490944,723968,-986112,-1191936,-415744,-986112,-107520,-1586176,-292864,-1614848,232448,-844800,-779264,-421888,-350208,-523264,-919552,-275456,-661504,-1297408,-232448,-256000,-1252352,-1442816,-1041408,132096,-1039360,-868352,-238592,-890880,-1156096,-216064,-295936,-377856,-647168,-1582080,-594944,-905216,-1478656,-811008,133120,-462848,321536,-1150976,-1149952,-452608,-1022976,-1137664,-288768,291840,-415744,464896,-357376,-350208,-111616,-292864,-445440,-1024000,-442368,-150528,-1052672,-430080,-347136,-1281024,-587776,-309248,-1394688,-1083392,-612352,-146432,209920,-154624,-71680,-429056,-1474560,-1234944,-53248,-664576,-841728,-382976,-278528,-792576,-2118656,-266240,-573440,-2481152,-626688,-169984,386048,1097728,-1256448,-1288192,-1539072,-1454080,-2135040,-1146880,-932864,-1134592,0,-482304,-528384,-335872,-1001472,-144384,-665600,-580608,-145408,-491520,-863232,311296,-310272,-752640,-2566144,-1682432,-1065984,-1012736,-359424,-350208,-372736,-1177600,-499712,-523264,-1491968,-1753088,-233472,-429056,-397312,-751616,-656384,-1467392,-409600,-161792,-2457600,-23552,-1387520,-1377280,-735232,-1654784,-635904,-321536,-323584,-779264,-1653760,-689152,55296,-1050624,-1094656,-588800,-1070080,-1166336,-1523712,-717824,955392,-629760,69632,-1200128,62464,-1932288,-1597440,-1356800,-458752,550912,-710656,536576,-701440,-1865728,256000,-1454080,245760,-2258944,-1339392,-1642496,-330752,-817152,-672768,-60416,-329728,-1412096,-522240,-1157120,428032,-1537024,-746496,6144,-452608,-1376256,-553984,110592,-48128,-2805760,-90112,-927744,-846848,-1913856,-475136,-2271232,-873472,-678912,-818176,453632,-1702912,-351232,-758784,-285696,-624640,-764928,-770048,229376,747520,-803840,-251904,-216064,-643072,-1243136,-46080,-1672192,-107520,-74752,-869376,-452608,-1608704,-596992,-1144832,-278528,-1758208,-912384,-1033216,-668672,-1156096,-439296,-514048,-868352,-450560,-1104896,-102400,-596992,-305152,124928,-1463296,-1426432,-200704,32768,-579584,-1331200,-615424,-758784,-90112,44032,-711680,-779264,-1384448,-157696,-1010688,-1169408,-631808,-628736,-1169408,-1443840,-750592,-302080,113664,-776192,-1209344,-397312,-1771520,-1123328,-620544,-1017856,-636928,-534528,-309248,-1905664,-1101824,-1542144,395264,-125952,-431104,-1002496,-1691648,-1199104,-1153024,-1677312,-124928,-764928,-459776,458752,10240,755712,249856,-296960,-136192,-794624,-1359872,-861184,-621568,-177152,-967680,-691200,-544768,-279552,-1842176,-57344,626688
-624640,-390144,-894976,-1461248,-1667072,-112640,125952,-333824,-1172480,546816,123904,-655360,-2027520,109568,-136192,-802816,33792,-48128,271360,171008,-21504,-540672,-520192,1142784,-331776,683008,-230400,2192384,1547264,-722944,-1835008,563200,-875520,-134144,-13312,153600,-168960,654336,332800,-1470464,-777216,-1357824,-1444864,546816,-380928,-568320,124928,-386048,1169408,867328,400384,-384000,-146432,-321536,279552,-262144,-783360,-690176,-224256,-1061888,-1031168,-1061888,-1025024,439296,614400,857088,-493568,766976,-398336,-936960,-26624,133120,-6144,410624,72704,-20480,-162816,1010688,-1043456,-896000,4096,-460800,1098752,-1323008,-345088,-76800,171008,-1019904,-267264,655360,351232,575488,663552,-727040,-381952,-643072,-1418240,-698368,-1157120,-560128,-21504,965632,625664,369664,76800,114688,54272,1038336,-191488,-401408,-436224,-244736,-34816,-163840,-453632,-547840,-614400,-1116160,-906240,-1024,-219136,1153024,512000,72704,222208,-223232,-329728,165888,-131072,-1227776,-412672,-230400,619520,-413696,50176,-1136640,-150528,202752,109568,-307200,530432,195584,-1197056,-313344,329728,692224,-172032,-146432,-855040,-943104,316416,264192,-798720,-1030144,452608,224256,-450560,-119808,-629760,167936,-643072,-68608,-677888,55296,-1809408,-236544,-356352,-300032,-288768,-741376,180224,324608,263168,284672,-243712,217088,716800,-312320,-627712,-1019904,-185344,-473088,-958464,558080,1121280,166912,-2020352,-1017856,-785408,-18432,-875520,-258048,-545792,-242688,778240,-773120,-451584,290816,-533504,-445440,60416,417792,-1225728,-218112,1213440,-1081344,841728,-205824,-1404928,97280,-850944,419840,332800,1047552,-1754112,-723968,-701440,442368,-1448960,-309248,-911360,-258048,-154624,61440,-1271808,-428032,57344,-963584,-74752,122880,-932864,259072,-64512,163840,-271360,-312320,333824,-999424,856064,-384000,297984,-328704,1817600,411648,-932864,-818176,-478208,-574464,-536576,-910336,664576,281600,-658432,-309248,84992,-745472,-1436672,198656,-224256,-337920,-105472,-804864,-761856,-872448,-417792,-732160,-1143808,-103424,-181248,-425984,405504,-1045504,91136,1240064,-516096,-705536,-694272,-325632,248832,1043456,98304,229376,-983040,63488,219136,-427008,45056,163840,-124928,130048,-229376,-910336,377856,-162816,-544768,-254976,-566272,111616,1267712,573440,-806912,-1117184,190464,11264,-817152,-607232,-588800,449536,-718848,-422912,661504,-651264,301056,-635904,512000,768000,-586752,458752,1061888,-63488
-1223680,-1238016,-48128,-394240,-570368,-1005568,270336,-658432,137216,-28672,-824320,-1235968,23552,596992,-350208,-860160,-1067008,-1324032,-1047552,-646144,-944128,409600,-183296,-677888,-724992,-1267712,827392,-527360,-1297408,180224,102400,508928,490496,-390144,164864,236544,-726016,-1135616,-1031168,-486400,239616,-689152,-1890304,129024,276480,-516096,80896,-359424,-743424,-40960,-996352,-121856,36864,227328,-561152,-603136,-2145280,-593920,-179200,285696,223232,-1452032,-1504256,-1167360,-360448,212992,530432,-141312,129024,-357376,-274432,-713728,-567296,-1025024,-982016,-300032,-343040,207872,405504,193536,-539648,144384,-455680,-879616,734208,706560,-1063936,-186368,133120,-523264,-198656,-37888,-607232,-1223680,-369664,-627712,-640000,3072,562176,-1122304,-263168,13312,-1501184,-893952,98304,-466944,125952,-775168,251904,-408576,209920,-908288,-695296,-12288,-380928,-612352,-827392,-990208,-596992,-396288,-1330176,-968704,369664,-425984,-2188288,89088,-306176,152576,118784,-560128,-1806336,249856,-1973248,-1061888,-63488,-153600,211968,498688,-840704,-248832,-995328,-1583104,-1046528,-607232,241664,-395264,-364544,-503808,816128,-1350656,-12288,-1085440,607232,-856064,-738304,-317440,-363520,200704,-731136,-916480,-542720,-323584,-289792,-924672,116736,-168960,-1855488,-242688,-553984,-175104,-614400,305152,-134144,-1128448,-415744,-1152000,-2034688,-887808,-80896,-805888,97280,-366592,-1704960,-753664,248832,-791552,-357376,-165888,407552,-64512,546816,-802816,-905216,-898048,-643072,-232448,-388096,-864256,-718848,557056,-606208,274432,-542720,-733184,-1252352,-1182720,933888,-253952,1182720,-527360,75776,253952,-630784,-1217536,-482304,8192,-722944,611328,-779264,-579584,103424,-1590272,-974848,-1471488,-989184,549888,-291840,-703488,-1724416,-452608,-1132544,-1055744,-443392,-1403904,-2014208,-1508352,24576,-182272,-746496,-1201152,-71680,-1366016,-1946624,-814080,-393216,-1630208,-701440,216064,-404480,-2037760,-1140736,-1170432,-10240,-615424,-378880,225280,-848896,-245760,-794624,-975872,-1160192,-802816,-491520,-788480,-953344,-802816,-1171456,-562176,-792576,393216,-416768,-1230848,-1183744,-998400,-716800,15360,-1158144,-1488896,-1189888,-607232,-609280,-656384,-692224,-819200,-532480,-785408,-871424,-932864,-1282048,-1038336,8192,-684032,348160,-457728,566272,-764928,-206848,-158720,-84992,-508928,-10240,-252928,-815104,-291840,-672768,-816128,-862208,-722944,-2072576,-916480,35840,1369088,-292864,74752,-1106944,-754688,650240,48128,-1207296,1104896
-868352,-1022976,-283648,-1244160,-889856,233472,-1069056,-317440,901120,-987136,4096,-718848,-1249280,-1250304,-304128,-1000448,-905216,480256,-738304,635904,-930816,-722944,-180224,-998400,-414720,-987136,-1221632,-560128,-186368,-2003968,-874496,-1326080,-128000,-1283072,-852992,367616,681984,-277504,-27648,207872,427008,138240,-972800,-972800,-129024,-384000,-384000,1298432,-1848320,-695296,-862208,-2316288,-424960,-689152,-909312,-137216,-1330176,-801792,47104,-1419264,-408576,-428032,-335872,495616,837632,-1586176,-202752,-644096,-1466368,-530432,-1006592,-1518592,-606208,-708608,-390144,-804864,-250880,-96256,-1014784,-1448960,-1743872,35840,-1100800,-776192,-184320,-879616,-223232,-238592,-951296,-31744,-528384,58368,-848896,-1136640,153600,36864,-368640,-1406976,-1082368,-1030144,-1092608,-851968,-129024,-1356800,-369664,-1686528,-1020928,-1267712,-247808,-1544192,-3072,-1282048,-264192,695296,776192,-556032,-433152,-1072128,-15360,-438272,-595968,-351232,-296960,-605184,-708608,-133120,-1150976,-710656,-366592,362496,14336,-1467392,-1509376,-1022976,28672,-322560,-1637376,-190464,-621568,-1154048,-294912,-1138688,-449536,-539648,9216,232448,-388096,-1343488,-244736,124928,294912,-392192,-1305600,-916480,-813056,-838656,-1525760,-499712,-205824,-1555456,-1004544,-2174976,-685056,316416,10240,-648192,-1189888,-83968,-512000,-440320,-771072,-55296,-996352,-561152,-340992,-270336,567296,1060864,-134144,632832,-1555456,-1871872,273408,-755712,-1666048,-775168,-1167360,33792,360448,-1695744,-46080,-603136,864256,-297984,-515072,264192,712704,-527360,-404480,-224256,-110592,-1180672,-1329152,-104448,-50176,-414720,-1717248,202752,-1369088,-2115584,-722944,-411648,-850944,-735232,-60416,-891904,351232,-2001920,-344064,-1366016,251904,-529408,-498688,-695296,357376,-1379328,-960512,-560128,-102400,-1097728,-344064,39936,-914432,-836608,-418816,-445440,-1336320,-132096,-1052672,-1869824,-551936,430080,-1461248,-512000,862208,-1265664,240640,-420864,-1004544,-1741824,-1654784,-257024,-749568,-923648,1024,-1102848,-212992,-1671168,-765952,-1210368,0,196608,-197632,-313344,-322560,-387072,-801792,-1888256,79872,-507904,-233472,190464,-210944,-489472,-944128,-1615872,169984,-1488896,562176,-1444864,-1967104,-818176,-1283072,-1220608,-723968,-910336,-2402304,180224,-131072,-1362944,103424,-1361920,-1212416,-1708032,-971776,-1871872,-52224,-825344,564224,-324608,-1027072,-31744,-817152,-724992,-2098176,-1129472,-905216,-1483776,-636928,-611328,-1631232,-295936,1474560,-1431552,-1593344,-883712,-624640,-619520,-260096,-1952768
-604160,-635904,-826368,204800,31744,973824,-1177600,-218112,62464,-489472,-2478080,-580608,608256,-300032,-824320,352256,-480256,-517120,-28672,-920576,420864,402432,978944,25600,-1424384,154624,-699392,23552,-556032,-1360896,-909312,-264192,-1204224,-125952,247808,-36864,-542720,-335872,-947200,203776,6144,498688,-510976,269312,-858112,-772096,-236544,293888,-479232,146432,-485376,-892928,811008,-182272,513024,-633856,-624640,-701440,-353280,-1011712,-461824,495616,616448,275456,488448,477184,-181248,205824,899072,-358400,-266240,36864,766976,-215040,-1068032,-541696,607232,-46080,-1442816,527360,-820224,-102400,-370688,-804864,254976,727040,-1231872,160768,-396288,-206848,-401408,-212992,-934912,-152576,-804864,-694272,-306176,-620544,525312,1091584,-101376,949248,-43008,43008,-943104,-1216512,-877568,-518144,-412672,-211968,-241664,-464896,10240,-444416,259072,-962560,-141312,739328,324608,-120832,-461824,-1012736,-1038336,225280,-854016,-1250304,-619520,-935936,797696,-385024,-477184,310272,-1005568,-1742848,271360,1071104,-766976,-368640,-670720,-1592320,-349184,111616,-906240,-675840,-319488,-137216,-805888,212992,-573440,-156672,211968,-1114112,-1549312,-389120,-319488,-304128,620544,188416,-317440,-576512,-188416,-309248,284672,135168,-628736,128000,411648,-793600,-495616,527360,486400,97280,-1121280,481280,-612352,-1207296,-690176,-408576,310272,911360,-1370112,-151552,-680960,-671744,-831488,-2057216,-1018880,-361472,-1405952,1110016,-836608,-651264,-690176,-491520,-803840,215040,-989184,-493568,168960,548864,-649216,591872,155648,-380928,-763904,-956416,-804864,-1241088,-830464,342016,-595968,-448512,-202752,-1814528,-487424,-1008640,-798720,1011712,447488,423936,700416,-473088,-1453056,-1024,-55296,-276480,-1184768,-674816,31744,-201728,-195584,-702464,-200704,-1825792,-1909760,-326656,1219584,31744,-64512,-17408,165888,570368,448512,-101376,-607232,-167936,-1223680,-593920,366592,-55296,283648,-1189888,225280,-1335296,4096,-304128,464896,-223232,954368,-1047552,126976,862208,-376832,-820224,-688128,-1045504,-739328,557056,-466944,-95232,-1038336,-965632,-1575936,-584704,252928,-477184,-179200,-787456,-33792,-336896,190464,-856064,-1165312,-388096,-1025024,-31744,86016,-688128,-776192,-354304,-686080,1129472,496640,-785408,344064,26624,-395264,-108544,-1850368,250880,-1140736,-1921024,559104,-361472,-1231872,1332224,799744,-268288,-998400,-628736,-611328,286720,-572416,-941056,326656,45056,-709632,773120,-786432,-71680
566272,-1751040,-612352,927744,183296,425984,180224,-843776,-1828864,273408,1024,-1457152,-1099776,-2325504,-942080,-290816,-2185216,-118784,-123904,-848896,657408,-819200,-1304576,92160,-1234944,-2309120,-321536,203776,-105472,628736,-252928,440320,-968704,-969728,-1143808,-173056,-721920,-454656,-473088,-851968,-313344,-1562624,-156672,-222208,87040,-1431552,-951296,73728,370688,-1123328,-415744,-453632,-805888,-935936,-1077248,187392,465920,-1157120,313344,156672,-1281024,-677888,-182272,-2180096,-879616,-450560,-1098752,167936,-346112,-1358848,-327680,-784384,-958464,-418816,-10240,-1441792,-665600,-549888,-161792,-153600,-1420288,-196608,-753664,-1981440,-1130496,-173056,-458752,-555008,-475136,-1079296,-846848,-527360,-1415168,-1812480,-590848,-1634304,121856,429056,-1227776,-839680,-844800,303104,-1557504,-423936,-200704,748544,-359424,-645120,-188416,-1034240,-637952,-439296,-1353728,-1044480,-113664,-834560,305152,-623616,19456,-1213440,387072,-549888,28672,60416,-1520640,-468992,-1136640,-1232896,-1406976,-1287168,-1770496,-1584128,-2044928,-1223680,-492544,-775168,-245760,-1698816,244736,-2119680,-119808,-953344,-110592,-342016,-757760,-290816,-922624,-347136,-1294336,331776,-446464,222208,830464,-898048,-1211392,-388096,-260096,-658432,-477184,238592,59392,244736,-633856,-1214464,-1495040,-1785856,209920,-1105920,-484352,-1489920,-578560,105472,-1690624,-2160640,229376,-123904,-745472,307200,-969728,-99328,-192512,-2112512,-1265664,-432128,-346112,-219136,484352,-911360,-441344,-305152,-1494016,-1262592,-1264640,-1497088,-268288,-760832,-652288,-334848,-1338368,-1306624,-2024448,36864,-2073600,-1160192,-1343488,-1134592,97280,-372736,685056,-1016832,-402432,-1250304,-1129472,782336,-1153024,-1688576,-561152,-1007616,-2831360,-1599488,150528,-1293312,-711680,-1344512,1334272,-1249280,-262144,-1102848,-465920,-612352,-1804288,-1902592,-863232,-468992,-544768,-1307648,-1074176,-1049600,-683008,-891904,-2268160,-652288,-1596416,-1252352,-890880,-559104,-22528,-937984,-220160,-606208,-1211392,-73728,-693248,-434176,-871424,-870400,-1626112,-236544,-1454080,-76800,-118784,-541696,-748544,232448,-531456,-765952,1104896,-2212864,-906240,-1020928,-365568,-851968,-345088,-114688,-109568,-945152,-687104,584704,-1192960,-635904,-991232,-1403904,-902144,499712,-997376,-55296,-880640,-1628160,-1145856,-601088,693248,109568,-969728,-1528832,-983040,-878592,-1588224,-1042432,-304128,-370688,-768000,-660480,-934912,-586752,-797696,-1404928,-570368,-1985536,-1041408,-1542144,-68608,422912,-1645568,-131072,-492544,-267264,-1252352,-457728,-1211392,-1851392
-44032,-284672,177152,-131072,691200,-153600,872448,362496,417792,-819200,872448,-986112,-15360,-602112,278528,1653760,-463872,1087488,-762880,-751616,-814080,-182272,268288,-138240,218112,-791552,1474560,1004544,-674816,-1029120,1692672,-594944,14336,1127424,652288,785408,-70656,442368,331776,544768,-1831936,750592,168960,674816,1134592,548864,-320512,-441344,-1101824,-1455104,-151552,1043456,-225280,467968,811008,-1226752,-462848,-231424,906240,-549888,-220160,752640,-176128,-490496,342016,594944,-20480,299008,353280,22528,-560128,-599040,-698368,277504,125952,-322560,785408,145408,-1304576,887808,386048,-456704,126976,477184,-254976,-592896,-899072,-1101824,-1153024,81920,204800,1252352,-352256,355328,-114688,1188864,-252928,-960512,-660480,665600,159744,-333824,284672,362496,-616448,198656,-1044480,381952,1184768,23552,456704,558080,462848,-313344,993280,598016,-1399808,673792,473088,-588800,189440,-78848,-702464,-787456,-992256,-699392,-998400,-331776,-400384,753664,21504,151552,384000,284672,-118784,926720,51200,-829440,256000,-487424,-396288,-190464,-174080,529408,525312,-453632,30720,468992,-92160,129024,-349184,-262144,-674816,-679936,-1479680,779264,74752,-513024,329728,-237568,-183296,-821248,-177152,-336896,-914432,-997376,-766976,-3072,122880,-653312,-82944,-337920,850944,550912,234496,34816,-110592,-717824,122880,131072,154624,823296,-166912,-165888,21504,896000,104448,10240,-702464,-274432,865280,-693248,-782336,-930816,319488,348160,-488448,-664576,108544,9216,-275456,-49152,371712,1191936,-653312,92160,660480,-880640,-559104,-424960,922624,862208,367616,-1070080,724992,1049600,-1541120,1242112,339968,96256,229376,-307200,588800,-130048,-418816,-706560,544768,-145408,-945152,-419840,1386496,-277504,-122880,-348160,-506880,-671744,38912,950272,-714752,972800,433152,254976,-399360,-694272,-1348608,-301056,933888,-588800,-339968,-116736,848896,-1009664,318464,-866304,-633856,-781312,-694272,-117760,107520,626688,62464,13312,-373760,-323584,-497664,1006592,670720,632832,-526336,-122880,-123904,22528,-649216,-1079296,957440,-94208,-226304,591872,512000,445440,-351232,-728064,-125952,-238592,-1459200,-1394688,-1659904,-244736,96256,969728,-877568,171008,111616,46080,-1252352,372736,-689152,-33792,818176,-936960,50176,-964608,-1160192,-49152,245760,-252928,1411072,259072,-773120,118784,-342016,1283072,-123904,318464,946176,567296,645120,35840,-484352,-790528
611328,-263168,-647168,270336,423936,-345088,-646144,-620544,87040,-165888,707584,93184,-36864,111616,-144384,79872,353280,146432,-886784,-857088,497664,304128,1062912,-291840,-251904,310272,-924672,555008,-912384,1364992,526336,453632,-214016,550912,431104,-153600,-58368,1143808,271360,138240,859136,393216,-563200,1100800,-616448,-385024,-862208,630784,-988160,-303104,971776,-1654784,271360,-314368,-716800,-1057792,254976,486400,-247808,418816,-638976,653312,-781312,239616,-1327104,-737280,-248832,1462272,1004544,625664,-467968,-1750016,45056,-704512,758784,17408,-365568,-275456,-157696,-444416,462848,311296,-464896,809984,937984,384000,802816,267264,261120,759808,-253952,90112,269312,-1926144,-496640,-238592,-1132544,-206848,-348160,-1401856,973824,-799744,-1247232,53248,-122880,555008,195584,-348160,-1014784,268288,134144,656384,-864256,548864,-492544,100352,946176,567296,66560,-294912,-1203200,513024,1010688,271360,-172032,-1169408,1208320,-440320,357376,-318464,1077248,-2219008,581632,-685056,-361472,1427456,780288,-220160,253952,364544,-889856,287744,-427008,-410624,1152000,-273408,212992,135168,637952,-485376,-1016832,-1469440,-247808,887808,592896,-999424,-492544,-290816,526336,655360,653312,-60416,-67584,569344,886784,-1126400,-1431552,-592896,683008,665600,-527360,-849920,-375808,615424,-1321984,-782336,-205824,-1098752,-946176,-490496,195584,93184,-397312,-414720,-675840,-253952,-343040,-79872,-373760,1631232,414720,-350208,-460800,-520192,-661504,-666624,-906240,-106496,-145408,-325632,-738304,-10240,-431104,-976896,-68608,-623616,-301056,-842752,337920,174080,648192,683008,-835584,-315392,179200,-1574912,149504,-288768,-566272,-252928,-1337344,-748544,-927744,-1627136,-1024,-229376,1232896,845824,1159168,396288,-430080,-114688,-711680,142336,-569344,-229376,6144,-117760,-559104,582656,-168960,-1864704,-845824,-1478656,-83968,-526336,-337920,-31744,-923648,-563200,-963584,-911360,105472,-1271808,704512,-386048,-593920,-481280,2048,-1336320,-208896,377856,-1294336,15360,-957440,947200,-843776,-74752,-1713152,-86016,-630784,-453632,-183296,-363520,1079296,-20480,-165888,-1350656,-197632,-1815552,365568,-270336,-755712,-495616,-557056,-251904,-11264,-200704,-395264,-455680,276480,83968,351232,175104,-206848,403456,226304,-1616896,-273408,1723392,-700416,450560,-528384,-1007616,514048,646144,-505856,-134144,-86016,-689152,344064,163840,-179200,460800,-47104,-242688,444416,-1809408,382976,595968
-733184,-322560,-1448960,-2167808,138240,-1592320,-764928,71680,-1159168,-540672,124928,-1143808,-928768,-670720,-616448,-991232,144384,-1898496,-1121280,-1506304,-1084416,-1195008,-1448960,-528384,-933888,-216064,-1864704,-2048,-2590720,71680,-1487872,-1743872,-2919424,-923648,-1034240,-1149952,-539648,-1405952,-946176,-1191936,-956416,-378880,-2073600,-516096,-1430528,-186368,30720,-1463296,-1313792,-1815552,-1002496,-1079296,-1476608,-2551808,-780288,-1614848,-1521664,-342016,-1657856,-324608,-265216,-1892352,-975872,217088,-160768,-1147904,-2097152,-652288,-702464,-567296,-2178048,-137216,-931840,-778240,-171008,437248,-1460224,-930816,-726016,-2242560,-195584,-827392,-542720,-1116160,-1300480,-1758208,-710656,-1815552,-281600,-605184,-160768,-1191936,-340992,-940032,-584704,634880,-796672,-2399232,178176,-434176,-1853440,-132096,-168960,-2048,-1610752,-758784,76800,-176128,-2919424,-1634304,248832,-2478080,-88064,-1930240,-1038336,-780288,-1247232,-1459200,-757760,-207872,-1617920,-749568,-1136640,-681984,-525312,1796096,59392,-1009664,-1103872,-210944,-1803264,-502784,-441344,-1256448,-1366016,-2135040,-1405952,-28672,-1504256,-546816,-547840,-709632,-822272,-891904,-119808,-2311168,-1785856,-1113088,-816128,-1680384,-398336,-446464,-1456128,-605184,-951296,-1518592,7168,-887808,822272,-382976,-1895424,-780288,-1700864,-1042432,-739328,-313344,-1139712,-24576,-594944,-1161216,-1674240,-1232896,-848896,-248832,-348160,216064,-1038336,-927744,-1849344,-926720,-1940480,-602112,-1726464,-1429504,-1050624,-1072128,-1072128,68608,-732160,-1656832,-482304,-611328,-297984,594944,-1412096,-945152,-1020928,-541696,-1863680,-816128,-1479680,324608,-1113088,-1055744,907264,-274432,-622592,-654336,-688128,-757760,-820224,-437248,172032,-1411072,-710656,-1045504,-750592,91136,-2332672,-2170880,-553984,-714752,-567296,-1050624,-326656,-387072,-1166336,-1829888,-209920,-716800,-1044480,-1363968,-1259520,-1674240,-1301504,-1119232,-201728,-1667072,-522240,-861184,-839680,-640000,-926720,-1168384,-1004544,-1004544,-284672,-768000,-1292288,-1569792,-832512,-542720,-1917952,424960,-1042432,-457728,-2779136,-1525760,-1561600,-12288,-1092608,-274432,-1602560,-1213440,-120832,-2081792,-353280,-1560576,-808960,-683008,-410624,-566272,228352,-1524736,-1454080,-1954816,46080,-1428480,493568,-707584,397312,-452608,-526336,-1757184,-1266688,-1922048,354304,-1647616,-618496,-1096704,-1723392,-2324480,-566272,-1742848,-1480704,-142336,-1187840,-463872,-549888,365568,-777216,-1451008,-2092032,-1398784,-679936,-1646592,-1405952,-49152,-345088,-1975296,-1809408,-1983488,-1030144,-1619968,-370688,84992,-537600,-1056768,-743424,-1125376
547840,-4096,1049600,539648,292864,-1533952,-735232,-1095680,-1007616,-1296384,-225280,-811008,-458752,-447488,509952,74752,329728,-250880,366592,-210944,-707584,329728,-908288,-251904,-873472,-583680,-285696,-379904,-515072,-1945600,-1002496,244736,-551936,-405504,-201728,-330752,-650240,-375808,-445440,-76800,106496,537600,-623616,-916480,-816128,-707584,-277504,-822272,-206848,-1344512,-22528,1263616,374784,265216,-845824,145408,-1143808,-1703936,-537600,676864,553984,944128,-648192,-928768,677888,-730112,-443392,84992,749568,838656,218112,-6144,-135168,-490496,-802816,-718848,-580608,-417792,46080,-475136,755712,-544768,-1385472,-1235968,-915456,-2150400,-1022976,-553984,12288,547840,-704512,31744,-431104,-1269760,-518144,553984,-699392,155648,460800,411648,-205824,-277504,-1317888,-90112,-54272,-917504,109568,-346112,-453632,221184,-748544,-967680,-794624,-361472,102400,-1218560,-452608,-512000,271360,-537600,-887808,-368640,-1825792,-1942528,-372736,293888,-699392,-410624,-839680,350208,-366592,-32768,-1083392,-49152,-1002496,29696,-486400,-722944,-781312,-581632,-82944,-1848320,-232448,-352256,-421888,-611328,-177152,438272,-441344,-122880,-798720,-2057216,-188416,-1848320,-38912,-316416,-72704,-265216,345088,216064,437248,-223232,146432,25600,-680960,512000,-1457152,215040,-273408,-327680,7168,-739328,77824,-499712,-757760,817152,-1210368,-1544192,-30720,540672,-523264,551936,-475136,-121856,34816,-1067008,-873472,-257024,-488448,693248,195584,-1081344,-960512,-138240,-546816,-1384448,-876544,-786432,-356352,283648,-350208,-676864,-796672,117760,-228352,-56320,-211968,-348160,679936,-996352,-49152,-63488,-877568,33792,201728,-1405952,-266240,-113664,-850944,-328704,302080,-1191936,-289792,-235520,-343040,-781312,381952,-109568,-224256,-416768,-7168,-805888,-1373184,-1754112,-808960,-108544,-666624,-743424,-917504,-772096,-1870848,-613376,-706560,-225280,163840,-484352,-1839104,292864,-1111040,318464,-936960,402432,-180224,-777216,-411648,-840704,-944128,200704,25600,-1198080,-228352,-239616,-2113536,-195584,332800,-1089536,1271808,-110592,-1017856,-55296,-46080,-2147328,-1058816,-419840,371712,-483328,-473088,149504,412672,-638976,-482304,197632,-759808,-854016,-635904,-262144,436224,-1052672,-19456,-790528,-567296,-1209344,-546816,-489472,1054720,2048,-1204224,325632,-933888,-1729536,-1748992,-436224,258048,-265216,88064,-1254400,-198656,-290816,-667648,-2123776,-1213440,-353280,-113664,438272,-1445888,-657408,-555008,-288768,77824,-573440
-1262592,-395264,-633856,-562176,-772096,-1603584,43008,-862208,575488,-1676288,-409600,0,-228352,-823296,-1313792,-943104,-523264,1250304,-399360,-364544,240640,-1167360,-458752,-1050624,-1917952,-395264,-728064,-478208,1070080,76800,-25600,1166336,564224,-1281024,-222208,-171008,499712,1141760,-309248,-569344,-453632,-338944,-604160,-1780736,-9216,-1152000,231424,-103424,-140288,-1072128,-327680,-750592,-210944,217088,-76800,-226304,-1036288,-228352,-1014784,-1101824,-1118208,-1416192,-709632,-486400,-2020352,-145408,-1064960,-672768,-1221632,-960512,-483328,-1002496,-604160,26624,-15360,268288,116736,-405504,185344,-961536,-353280,-807936,-114688,-1054720,602112,-950272,-1100800,12288,74752,-1158144,-1141760,-1375232,-931840,-489472,-282624,598016,387072,-1114112,-199680,-482304,-1141760,-50176,585728,621568,977920,-1206272,-203776,-641024,-1424384,-632832,-1443840,-522240,-1273856,-786432,-300032,-493568,452608,-846848,-196608,-322560,346112,-758784,-1334272,-1826816,-752640,-38912,-727040,-509952,-1128448,-443392,236544,-1030144,-1283072,-640000,-237568,-1115136,-950272,217088,-1160192,-323584,324608,-18432,-114688,-789504,133120,-450560,-542720,-863232,-386048,79872,-801792,564224,11264,406528,301056,364544,-955392,1004544,-890880,89088,-399360,-1413120,-508928,-2201600,-553984,-642048,-488448,-1157120,-470016,137216,-918528,-1409024,-2925568,-1300480,-375808,-802816,74752,207872,-1073152,-921600,-882688,-1157120,-610304,579584,321536,392192,-1173504,-445440,-229376,-25600,-209920,-1099776,-2242560,545792,-191488,1104896,-475136,-1451008,-424960,214016,179200,-393216,-1024,-1715200,-212992,-459776,-210944,-898048,-44032,-243712,-227328,-906240,167936,-836608,-319488,-15360,-776192,-448512,-1104896,-803840,-784384,-1007616,-1375232,-490496,51200,-840704,-475136,750592,-468992,-634880,-272384,-71680,598016,714752,-394240,-1242112,-310272,-1731584,-339968,-1528832,-1065984,-291840,-1778688,-1011712,-1321984,-67584,-2501632,-1055744,-379904,-146432,-366592,234496,-228352,-1643520,-812032,-627712,-1809408,-629760,-868352,-405504,391168,1024,-211968,375808,-116736,-284672,730112,137216,-510976,-181248,829440,-918528,90112,181248,-768000,-1064960,-299008,-529408,-1019904,257024,320512,-272384,-1078272,-154624,-750592,240640,-1176576,742400,10240,-611328,198656,-517120,-446464,-855040,-940032,-246784,-294912,-763904,-192512,-1457152,-860160,248832,-1233920,-929792,-1184768,-821248,-912384,-751616,-215040,403456,-610304,-47104,-904192,-75776,-518144,-1229824,-337920,1056768,80896,66560
97280,-480256,-328704,-215040,-143360,762880,742400,-691200,-712704,-369664,-164864,-1190912,1464320,-688128,-720896,699392,-1604608,-907264,-1179648,-990208,-1310720,68608,-105472,-332800,46080,323584,1666048,-220160,299008,481280,-235520,41984,203776,-1313792,317440,-785408,1068032,-977920,-616448,-1542144,46080,-530432,39936,906240,-202752,995328,868352,-745472,-477184,-816128,1420288,270336,302080,1423360,90112,244736,-980992,-1577984,-525312,467968,189440,337920,-117760,-260096,-8192,212992,-984064,268288,-192512,-308224,732160,-492544,729088,148480,-563200,-385024,1156096,-2242560,545792,521216,295936,905216,-430080,-166912,-727040,417792,-945152,-463872,211968,873472,144384,47104,617472,-80896,-74752,-300032,-202752,-242688,370688,672768,-90112,72704,-1316864,-117760,-1110016,674816,-111616,71680,-528384,-430080,244736,107520,1174528,-514048,191488,-645120,1118208,296960,148480,561152,-256000,-54272,744448,-509952,-148480,-558080,813056,-45056,1143808,-1225728,-900096,267264,67584,-1126400,-994304,225280,-318464,270336,734208,-662528,739328,-830464,586752,697344,754688,-55296,-1531904,167936,713728,176128,-102400,4096,-450560,-1619968,-160768,75776,-98304,1480704,-818176,1718272,1068032,-107520,468992,-397312,618496,-324608,-947200,-492544,231424,-245760,8192,257024,-280576,-1242112,-796672,618496,555008,1013760,-558080,-930816,182272,71680,1813504,1454080,714752,678912,-340992,-903168,-138240,529408,-1138688,-560128,-909312,-538624,-800768,-477184,-817152,446464,94208,-367616,52224,5120,177152,-673792,-141312,-816128,390144,-334848,-417792,902144,471040,914432,-368640,-477184,-1826816,-530432,141312,671744,973824,1317888,-2048,211968,-942080,-1012736,498688,-484352,-477184,-245760,234496,-982016,-742400,-407552,-467968,-121856,-872448,-343040,-653312,-1290240,764928,-114688,-1321984,23552,1453056,-71680,-1079296,-731136,-593920,50176,616448,41984,528384,-1474560,254976,-1032192,214016,-1329152,-886784,-32768,1065984,564224,539648,-50176,-635904,-1699840,-222208,289792,427008,1857536,143360,-379904,60416,184320,-759808,-1263616,644096,-1186816,371712,-210944,265216,-536576,-592896,-1113088,-1052672,-903168,-991232,435200,-1220608,-128000,-814080,-288768,-1846272,603136,-566272,939008,414720,513024,548864,-352256,-365568,-864256,507904,-1975296,422912,-1283072,-161792,1286144,528384,-1442816,207872,-321536,709632,304128,-707584,-692224,627712,-202752,406528,632832,1110016,-702464
335872,461824,237568,-24576,-885760,100352,-184320,-257024,44032,468992,-847872,-377856,-1286144,120832,-268288,-1843200,-690176,-872448,-444416,-564224,-72704,-1024000,821248,-136192,-13312,-558080,-1068032,271360,-9216,86016,-47104,-1618944,-1733632,-95232,-844800,105472,84992,-777216,-424960,906240,924672,1006592,-504832,-667648,537600,-152576,-427008,406528,-1276928,687104,110592,-667648,-625664,-260096,-1624064,9216,64512,96256,301056,214016,74752,-555008,72704,-1529856,185344,351232,-1713152,164864,278528,634880,-172032,-1339392,-149504,116736,243712,-1316864,-670720,1012736,-1367040,-493568,1338368,-433152,491520,-656384,543744,381952,37888,150528,993280,745472,442368,-730112,-1045504,-136192,185344,98304,685056,107520,786432,-1158144,-293888,-1175552,-687104,-232448,-105472,1080320,-230400,4096,-62464,44032,1012736,972800,-410624,1106944,-498688,565248,-210944,323584,-1019904,211968,573440,-400384,-610304,130048,921600,624640,434176,-433152,-1212416,-1703936,-1307648,888832,307200,-222208,20480,720896,737280,-678912,-308224,-316416,-1225728,-612352,-392192,-464896,1364992,-433152,-465920,-48128,-13312,-648192,68608,257024,-317440,-1043456,685056,794624,-1058816,-749568,-529408,-683008,-158720,-157696,-245760,-70656,-602112,-504832,813056,-120832,-363520,25600,470016,-322560,-406528,-1073152,-208896,-1356800,-450560,-422912,-1098752,-1307648,-49152,-826368,-1345536,-1489920,54272,382976,172032,-241664,-147456,-63488,17408,-172032,-310272,751616,-1082368,305152,70656,191488,-958464,15360,-225280,-256000,-1362944,147456,72704,309248,52224,111616,-1648640,105472,262144,-1314816,-834560,-569344,84992,-481280,-1116160,89088,9216,-448512,-230400,398336,-449536,56320,-388096,351232,1349632,-331776,-441344,-820224,-756736,-199680,-305152,-1329152,-178176,-847872,-543744,-168960,-609280,-1300480,-582656,279552,-367616,1115136,-215040,-763904,508928,-1200128,615424,-415744,-648192,-21504,-766976,2048,371712,79872,-416768,396288,248832,-128000,-1071104,445440,621568,-293888,700416,-331776,374784,-812032,-1162240,-1115136,-228352,-31744,-852992,963584,790528,-1025024,29696,-210944,-1816576,-1134592,-391168,-940032,1443840,-232448,565248,-589824,69632,-728064,-212992,-81920,-20480,-833536,964608,-549888,-854016,35840,-1178624,-1025024,382976,461824,335872,-833536,-27648,261120,-220160,-930816,-996352,114688,-1274880,-8192,501760,467968,-621568,-1149952,-187392,-910336,-354304,275456,80896,-1048576
-2230272,-2037760,-1751040,-1180672,-326656,-1030144,-613376,-1955840,-1420288,-1389568,-495616,-780288,-857088,-1400832,-1264640,924672,-754688,-829440,-1312768,-917504,-937984,-103424,-2435072,-838656,-839680,-945152,-688128,58368,-1678336,-808960,-1434624,-1983488,-1287168,-482304,-2075648,532480,-312320,-344064,-276480,-2957312,-161792,-860160,-1360896,-367616,-1165312,-1094656,-215040,227328,-385024,-1079296,-705536,-1007616,-1029120,-1980416,-825344,-15360,-908288,-1076224,-76800,-946176,-2139136,-1755136,306176,-670720,-723968,-1308672,-1658880,-664576,-2008064,-1829888,-1638400,-964608,-1590272,1006592,-465920,-876544,987136,-2150400,-1847296,-1251328,-359424,-587776,-839680,-783360,-1036288,-1139712,-1398784,-1174528,-756736,-41984,-215040,587776,-740352,-314368,-200704,-40960,-1300480,-1335296,-312320,69632,-1064960,-1212416,-292864,-893952,-591872,-1180672,-1485824,-1309696,-1067008,-1511424,-1190912,-455680,25600,-54272,-662528,-482304,-1657856,-165888,-1497088,-723968,371712,-931840,-1759232,-1524736,-233472,-968704,326656,-358400,-1308672,-802816,-817152,-962560,-1190912,-1296384,-1541120,-505856,-14336,-1184768,290816,-880640,893952,-1410048,-1362944,-1959936,-898048,-2164736,-1080320,-957440,-2162688,-541696,-44032,-986112,-685056,-1695744,-1659904,250880,-610304,0,-1192960,-772096,-917504,-269312,-1307648,755712,305152,41984,-391168,-564224,-603136,-1356800,-1618944,-1012736,-81920,-804864,-617472,-492544,-1045504,-723968,-1150976,-1740800,-1380352,-2252800,101376,129024,228352,-1658880,-2324480,-816128,-602112,-389120,-652288,-1083392,-1755136,-141312,-791552,-396288,-1738752,-429056,-493568,-1403904,-261120,-288768,-150528,-228352,-1588224,-164864,-2436096,-1885184,-1234944,-476160,-1022976,-867328,-746496,-1548288,-1226752,-886784,96256,-2105344,-1100800,-534528,-1208320,-681984,-1596416,-434176,-101376,-534528,-1152000,-1418240,-728064,-1923072,-1175552,-380928,-2636800,-2070528,-572416,-553984,-1391616,-1397760,-672768,-1662976,-1923072,-243712,-1552384,-1346560,-263168,-1827840,-2016256,-1346560,-252928,-1339392,-326656,-162816,-740352,-460800,-2262016,-2435072,-1542144,-1598464,-1727488,-273408,-1045504,-1072128,-1471488,-2094080,-833536,-1861632,-1288192,-1207296,-1318912,181248,-1182720,-1110016,-588800,-864256,-602112,-1121280,-2729984,-155648,-764928,81920,-109568,-772096,-1299456,-1221632,-2677760,-1055744,417792,-1518592,-164864,-15360,-430080,-962560,-907264,-2938880,-873472,348160,-1345536,-342016,-912384,-1672192,-1583104,-1599488,-1249280,-1348608,-1347584,-624640,-397312,-778240,-28672,-606208,-1323008,-342016,-1211392,1081344,-1752064,-1894400,-1198080,-2231296,-1931264,-1768448
-99328,-263168,-334848,1311744,-376832,-509952,-862208,-1219584,-1210368,-438272,311296,53248,297984,-621568,-823296,-321536,400384,-398336,-158720,758784,673792,147456,1286144,464896,495616,-596992,181248,-561152,-125952,-605184,285696,-1286144,-1420288,-11264,-529408,-966656,159744,-1955840,-393216,394240,560128,-382976,516096,-1576960,254976,294912,-711680,-455680,-781312,-300032,1604608,434176,-1467392,-283648,1127424,-397312,703488,-878592,-674816,1772544,-892928,-273408,-807936,-1139712,-762880,30720,-654336,-245760,636928,963584,858112,91136,-970752,125952,-206848,24576,-373760,-533504,-598016,640000,-864256,-1218560,-412672,274432,-1005568,102400,-261120,-1073152,1039360,-423936,-1050624,-1062912,364544,78848,128000,-472064,-567296,79872,361472,-521216,-1391616,-1160192,-15360,-499712,594944,-140288,146432,-338944,-432128,-343040,-562176,-722944,190464,-687104,-265216,-335872,-601088,335872,117760,-215040,329728,-402432,-1656832,397312,-103424,-446464,153600,9216,256000,482304,-1119232,-677888,-1859584,-192512,52224,-486400,29696,-722944,125952,19456,-957440,-638976,-120832,-613376,26624,-610304,263168,499712,-144384,-847872,-684032,48128,857088,-77824,41984,-399360,-1078272,-287744,-118784,232448,908288,-1069056,-774144,736256,310272,56320,95232,-424960,-546816,-446464,458752,-245760,-607232,-874496,-1501184,-236544,-881664,-898048,261120,667648,594944,3072,629760,-361472,-638976,-1484800,706560,-67584,409600,-507904,-822272,-333824,-531456,154624,-412672,-543744,-697344,-678912,-572416,-686080,-1283072,-823296,-299008,-1285120,-873472,735232,664576,-242688,-338944,-851968,-756736,-924672,-920576,-609280,-446464,-357376,236544,-156672,-247808,-1104896,-54272,-869376,-348160,198656,-155648,239616,166912,1773568,-1015808,74752,499712,-190464,-945152,-1176576,-765952,522240,-588800,-96256,101376,-401408,-707584,-51200,-349184,-397312,-925696,1062912,44032,931840,-22528,434176,-1552384,313344,-921600,-342016,1783808,-79872,607232,313344,-707584,-247808,1078272,-2026496,-969728,643072,-300032,-117760,-521216,-340992,-167936,-235520,-1172480,-130048,-446464,152576,-513024,-553984,244736,267264,-849920,-75776,-1033216,-1110016,194560,651264,466944,-123904,-475136,338944,-1273856,-285696,-420864,-1268736,-815104,518144,-193536,600064,-233472,-1597440,916480,-1774592,-353280,-681984,-898048,89088,-99328,-6144,-1277952,238592,-969728,311296,-769024,-1126400,1309696,-358400,-162816,190464,-264192,-410624,621568,12288
136192,79872,202752,-997376,-416768,105472,-376832,-199680,-282624,-163840,-282624,-1440768,-745472,-1032192,453632,-118784,-11264,-744448,836608,-188416,-1547264,-567296,-750592,-2441216,-261120,-496640,-458752,-264192,-1045504,-490496,-667648,-1405952,-1243136,-201728,288768,220160,102400,-559104,-1149952,-1210368,-324608,-1061888,-1309696,-2324480,-154624,363520,-640000,-333824,-798720,-670720,27648,-904192,-1293312,-651264,-949248,-143360,-291840,457728,-1500160,-763904,-817152,-2200576,-498688,-70656,-549888,-480256,-934912,-962560,-841728,-894976,-324608,-366592,-898048,-784384,-155648,649216,302080,73728,269312,-948224,-785408,-93184,5120,-156672,-546816,706560,-702464,-20480,-177152,-724992,-1431552,-851968,-263168,386048,-105472,-644096,-32768,-947200,148480,-1137664,-823296,-441344,-1116160,98304,-1312768,-233472,-1195008,-296960,-392192,-657408,-1085440,-2821120,-866304,-243712,-817152,104448,-789504,-880640,-1241088,-1419264,-722944,707584,-585728,-1145856,-36864,-715776,-2457600,-1382400,226304,-667648,-811008,-518144,284672,-583680,-1292288,-757760,-1294336,-2702336,-370688,55296,-207872,1362944,-1935360,-462848,-633856,-413696,-1559552,-1580032,-294912,-489472,-724992,-1959936,-413696,-1647616,-449536,-1139712,-918528,-1133568,-1255424,369664,-1117184,-1181696,-830464,1266688,287744,1420288,201728,-1180672,-1230848,-1198080,-1592320,-711680,-1354752,60416,46080,-349184,-55296,-982016,-1189888,409600,-1439744,516096,-464896,-587776,312320,-936960,-640000,-141312,-532480,-1861632,453632,-845824,-702464,-559104,-303104,-457728,-1004544,-539648,-1592320,-553984,-919552,-154624,-1895424,-500736,378880,-1879040,-1390592,-1451008,-1344512,-1910784,-9216,-299008,-619520,316416,-857088,124928,-1857536,296960,-400384,-773120,275456,-1316864,-145408,-99328,-1434624,-371712,-1624064,-2436096,-967680,-827392,-154624,-365568,-941056,-449536,-1058816,-295936,-660480,-1822720,-1890304,-952320,-1511424,-977920,1030144,-1105920,-1568768,-1850368,-118784,-3150848,374784,-1657856,201728,-344064,-126976,804864,-870400,-1800192,-192512,-1954816,251904,-666624,-223232,260096,-551936,-729088,-764928,-1825792,-1052672,-1263616,-726016,-1251328,-943104,-1378304,-980992,-240640,-1615872,-704512,-207872,-970752,-450560,-594944,-140288,-208896,-149504,14336,-510976,-1338368,-638976,-730112,-308224,-285696,-1367040,271360,890880,204800,-1070080,-143360,238592,-551936,664576,-1402880,-297984,-930816,-920576,-1183744,-1069056,-961536,-819200,-1043456,270336,-1658880,-1071104,-1108992,-1258496,-1133568,-1336320,-797696,-433152,-773120,-297984,-260096
-2683904,-575488,136192,-335872,-394240,-834560,-417792,-1380352,373760,-1437696,-729088,-247808,-640000,22528,-266240,-1254400,-594944,-612352,-1021952,-726016,-321536,-897024,-61440,-427008,-555008,-1048576,-1278976,-826368,-214016,-204800,-487424,178176,-409600,594944,-332800,31744,-168960,-28672,-2607104,-806912,512000,-99328,330752,-124928,-926720,-132096,-971776,-1742848,-1224704,-10240,642048,0,567296,-556032,-243712,-93184,-1402880,-978944,-1574912,-223232,-655360,-464896,1058816,-654336,-483328,335872,-681984,346112,-475136,-172032,88064,-264192,-1108992,1312768,-228352,-668672,-1868800,-619520,-1038336,-462848,-633856,-681984,-1287168,-278528,458752,-1572864,-1397760,-258048,371712,-1054720,-1082368,-552960,202752,140288,-1525760,-307200,-616448,-686080,22528,-826368,355328,-530432,134144,-1339392,74752,-2266112,-564224,-729088,-1760256,-681984,-224256,-1246208,-389120,-1510400,-1678336,-162816,164864,-789504,1003520,378880,261120,-494592,-517120,-1534976,-1597440,324608,-186368,-108544,-50176,297984,-788480,-362496,-855040,-415744,-510976,-662528,-1495040,-304128,375808,-1069056,-458752,-1904640,-157696,-381952,-328704,-1029120,-825344,122880,11264,-1119232,-1310720,-671744,-1719296,-22528,703488,-48128,373760,-1227776,-106496,-1088512,-173056,1022976,482304,-779264,-346112,90112,-1149952,-886784,-1207296,-393216,-439296,-856064,-347136,-922624,-1011712,346112,-1540096,1227776,-544768,-644096,-230400,465920,-1517568,-313344,-249856,-1024,-1377280,-712704,-1077248,265216,246784,529408,-104448,-1224704,-330752,-988160,21504,-250880,-47104,751616,-1729536,43008,-1512448,-478208,-957440,-1287168,-658432,-1045504,-453632,-186368,764928,-948224,-850944,-296960,-688128,-1456128,569344,-634880,-589824,1893376,-897024,-813056,-473088,-533504,-489472,-142336,-560128,174080,-348160,49152,-1131520,-2173952,-909312,-1333248,-1125376,-1212416,-1185792,778240,476160,-1423360,319488,-1541120,-889856,-1172480,314368,-355328,-937984,-1494016,121856,660480,-1461248,-798720,-1423360,-2097152,-533504,1030144,-652288,603136,-683008,-1233920,-237568,218112,-1946624,382976,-563200,-1281024,-500736,-566272,130048,-358400,-198656,-1342464,-525312,-1478656,-945152,-269312,-303104,246784,-1317888,-515072,71680,-606208,-1573888,-740352,-1402880,-840704,-936960,-1098752,-1102848,-1348608,-665600,-1438720,-233472,517120,-839680,-260096,-162816,-846848,-956416,373760,-1323008,-784384,-214016,-1026048,-447488,-235520,-290816,-442368,-1298432,-1084416,-1862656,-456704,-196608,244736,-398336,-674816,-806912,-773120,-325632,-679936
-756736,-134144,-410624,390144,-204800,173056,123904,84992,930816,507904,695296,275456,363520,707584,-276480,-1440768,-95232,-132096,197632,1253376,-700416,698368,413696,-569344,-641024,-1421312,-702464,568320,-72704,379904,-624640,-710656,616448,256000,-280576,-30720,-541696,733184,472064,189440,-302080,404480,-1007616,-206848,824320,-1594368,-196608,475136,453632,-670720,519168,-351232,-23552,-983040,-342016,454656,-183296,764928,-23552,-1005568,-385024,-702464,-1164288,-294912,1506304,-404480,917504,174080,353280,-1563648,521216,41984,-330752,658432,113664,-102400,412672,1305600,189440,-406528,-673792,-395264,372736,100352,-610304,996352,877568,-696320,294912,-704512,336896,-2002944,-155648,-234496,366592,435200,-575488,-757760,237568,385024,-1260544,-260096,413696,321536,350208,210944,-206848,-643072,-728064,-1000448,-567296,191488,333824,57344,330752,-384000,-490496,678912,-1439744,1588224,-98304,-1297408,315392,-425984,381952,-86016,-538624,-607232,-120832,-1607680,-636928,-229376,-907264,262144,563200,-590848,31744,-559104,-2292736,-48128,-572416,753664,587776,95232,-446464,73728,-78848,784384,48128,944128,719872,-835584,-678912,566272,-950272,-60416,71680,-903168,-562176,-211968,5120,-105472,-415744,-1445888,-779264,826368,-36864,214016,1520640,-492544,410624,-798720,786432,-412672,539648,672768,-741376,107520,433152,473088,-1181696,29696,-991232,240640,669696,-819200,423936,393216,-700416,-746496,197632,119808,1004544,-355328,234496,-344064,1132544,-419840,648192,91136,-154624,-2015232,-814080,515072,-604160,307200,-369664,244736,-327680,-56320,-95232,-1139712,454656,-207872,664576,829440,-222208,-112640,791552,-412672,-1015808,466944,338944,1024,124928,398336,-585728,-403456,-947200,-879616,-563200,921600,459776,-657408,764928,-321536,368640,-1243136,237568,-1209344,332800,-1150976,-399360,691200,-968704,781312,-680960,171008,532480,-1016832,-808960,1063936,745472,-1015808,-394240,184320,-141312,-1268736,75776,-808960,-507904,-421888,64512,94208,186368,159744,-733184,-377856,-1207296,-47104,695296,206848,250880,434176,-26624,240640,334848,-649216,-422912,-528384,-181248,315392,-871424,-160768,50176,51200,-796672,-260096,-24576,867328,70656,-217088,-1043456,792576,-281600,-731136,497664,-626688,29696,596992,-339968,98304,-1553408,436224,-1265664,-63488,-781312,-556032,-297984,-50176,637952,-975872,-1055744,-1367040,-1632256,-2134016,-1098752,58368,727040,59392
-659456,-1449984,-1336320,927744,-171008,596992,-289792,-1014784,-1129472,-930816,-1681408,776192,625664,-593920,-349184,-1263616,1448960,-588800,-875520,-1117184,-638976,-1737728,-788480,421888,-776192,-932864,-205824,-931840,-625664,-441344,-1838080,389120,-103424,430080,-274432,-348160,-829440,-114688,-1159168,-1079296,-1931264,524288,466944,1163264,-1503232,-620544,-616448,-1166336,583680,-1438720,-316416,-1391616,-128000,-738304,-734208,-178176,-1007616,-1255424,-1169408,-954368,-786432,261120,552960,-601088,-348160,-1701888,822272,0,-687104,-715776,-1104896,116736,-833536,-1143808,-136192,-1883136,265216,-1223680,-382976,-126976,-25600,-912384,-230400,-359424,-1403904,-2122752,-1024000,-281600,-1300480,-860160,-1239040,259072,346112,210944,-385024,-1080320,-776192,-7168,-704512,-711680,32768,710656,-557056,449536,-813056,-148480,-1829888,-846848,-566272,-375808,-520192,-733184,-1359872,-930816,-266240,-2064384,-1115136,38912,-1698816,-178176,-813056,177152,-1552384,-714752,-1141760,-995328,-854016,-1976320,-1150976,-214016,-1045504,-485376,-743424,-1784832,-685056,-397312,-1097728,-295936,-1230848,67584,-490496,186368,320512,-1271808,-2129920,-625664,-263168,-1051648,259072,236544,-635904,349184,-555008,-1195008,-1157120,-800768,218112,177152,-57344,461824,-1898496,269312,-486400,-1515520,-790528,-459776,-960512,25600,-556032,-220160,-36864,-1767424,460800,-711680,-729088,-212992,-1318912,-334848,214016,-946176,-968704,-340992,-1352704,-414720,-413696,-673792,-1627136,-2246656,-715776,-628736,-658432,582656,-1101824,-208896,-846848,-295936,-241664,-245760,-132096,513024,-410624,-585728,-1000448,325632,-163840,65536,-1331200,-456704,-1573888,-804864,-117760,-1134592,227328,-197632,-1548288,-1238016,-1421312,-921600,-1766400,240640,-163840,-766976,-1170432,-1425408,550912,-1714176,-354304,-768000,-384000,-109568,-1487872,-1342464,-328704,-585728,-1411072,-116736,-624640,-1313792,-164864,-474112,-1097728,-190464,-349184,-1850368,-804864,-1559552,-723968,479232,-2682880,1191936,7168,-1054720,-1757184,-661504,-1540096,-132096,590848,-1669120,-45056,-347136,153600,277504,-1063936,-296960,-1141760,-1132544,-536576,-418816,-527360,-630784,128000,-113664,-1497088,-123904,-1689600,-217088,-1529856,64512,-921600,-1119232,-523264,-1839104,-396288,-1174528,-1776640,-366592,388096,479232,-904192,-2176000,-2159616,58368,-320512,569344,-157696,-1231872,-612352,-1235968,-1452032,-550912,-510976,-595968,-362496,-947200,-461824,17408,-1555456,31744,-910336,74752,-1224704,-353280,694272,32768,1132544,-1508352,533504,690176,-1052672,-1386496
-25600,1004544,837632,1543168,119808,102400,762880,-360448,74752,-944128,-730112,840704,-805888,55296,-317440,60416,-1174528,285696,-460800,608256,-81920,754688,877568,-925696,-1386496,-935936,-296960,1138688,-77824,11264,307200,636928,-396288,-131072,-951296,-598016,-37888,-212992,-530432,219136,64512,186368,641024,-661504,413696,-1101824,1128448,759808,265216,408576,-633856,293888,40960,742400,482304,-187392,916480,-1127424,7168,764928,683008,86016,192512,-782336,215040,-95232,115712,885760,130048,128000,136192,1355776,-412672,-25600,-685056,257024,-265216,65536,182272,697344,762880,202752,-175104,-904192,-112640,401408,1029120,460800,-20480,453632,802816,208896,-340992,-526336,765952,-1218560,331776,-126976,1061888,-71680,-449536,91136,-287744,171008,62464,707584,-10240,-772096,391168,52224,-99328,547840,338944,46080,-115712,-942080,23552,441344,-43008,325632,-544768,-417792,-735232,437248,-106496,-70656,-150528,-333824,-103424,-334848,-1057792,-1029120,137216,561152,1096704,80896,355328,549888,1054720,406528,107520,-583680,-137216,-610304,-632832,991232,109568,-58368,-404480,-704512,-376832,-283648,-897024,-24576,247808,239616,186368,-814080,-484352,602112,-665600,-321536,410624,-150528,-253952,50176,-733184,-461824,1482752,-228352,415744,204800,710656,-1217536,1429504,-417792,865280,458752,-1564672,628736,141312,632832,91136,-520192,399360,-771072,-356352,978944,1270784,-475136,-605184,444416,-391168,-889856,-1017856,-715776,787456,207872,377856,109568,-224256,839680,-675840,603136,531456,-467968,-685056,73728,-667648,-875520,593920,-414720,897024,695296,-1880064,470016,32768,209920,-35840,-117760,-722944,495616,-1492992,-183296,669696,-164864,1373184,-326656,854016,1191936,-277504,-1022976,332800,-5120,-89088,677888,-1341440,-492544,40960,925696,152576,-482304,-164864,228352,492544,-353280,206848,-875520,626688,-316416,-507904,-474112,-7168,1021952,364544,299008,529408,912384,-775168,238592,-1723392,-1319936,570368,263168,1681408,599040,807936,179200,-12288,-299008,126976,417792,-348160,1263616,-279552,-993280,-365568,-789504,-385024,-187392,309248,186368,498688,-58368,138240,680960,-1341440,-1446912,433152,985088,394240,900096,1497088,-317440,-141312,605184,-2048,59392,-958464,-97280,301056,122880,396288,290816,-586752,-259072,103424,-932864,-703488,447488,-547840,1168384,-243712,615424,598016,502784,-5120,178176,-641024,-1164288
-660480,-69632,-354304,-1409024,-632832,-1161216,-490496,441344,-387072,356352,-490496,54272,-1026048,159744,-408576,-479232,-356352,-81920,173056,-860160,-386048,-466944,-2176000,-683008,-1545216,-1519616,-399360,-750592,-697344,-276480,-1532928,-301056,-1097728,-1087488,-465920,100352,-390144,1046528,-1248256,486400,-393216,-518144,-1040384,652288,1155072,-1285120,756736,43008,73728,-1512448,-959488,-972800,-842752,407552,107520,694272,505856,-323584,1222656,-272384,-1941504,-155648,454656,-26624,-540672,-301056,-93184,-449536,-1420288,-1569792,28672,-909312,-826368,-957440,-148480,-738304,-1812480,-183296,-506880,-68608,-1359872,-931840,-190464,968704,681984,-735232,808960,-1078272,-974848,-1179648,-240640,-262144,-189440,207872,29696,-389120,-1491968,-1436672,-2075648,-1115136,-465920,-350208,-948224,-1208320,-1121280,-515072,-899072,-1164288,-61440,-239616,-1679360,954368,195584,-178176,-189440,-1563648,-925696,-338944,-540672,-133120,-299008,-435200,-459776,-432128,-474112,-1259520,-133120,-160768,-627712,-535552,-924672,590848,-619520,-82944,-710656,-1175552,-292864,-1343488,-545792,-188416,-372736,-234496,-1015808,-1309696,-653312,-1371136,1642496,242688,46080,164864,-1579008,-558080,-879616,-1196032,-604160,-886784,-1163264,263168,-22528,-224256,-70656,339968,-147456,-350208,-293888,-250880,-1157120,-1057792,-802816,-462848,-1463296,-833536,285696,-531456,-24576,-121856,-621568,-1020928,-1281024,-1325056,-1165312,-785408,201728,1024,71680,-860160,-116736,-1289216,-702464,-1286144,-1429504,-196608,1411072,-861184,-406528,-1029120,-1316864,-505856,-374784,-2357248,-119808,-1827840,428032,-508928,249856,-913408,162816,397312,481280,-64512,-664576,329728,-433152,-257024,-231424,-1875968,-644096,-1261568,-124928,-1622016,-866304,-790528,-1811456,-1037312,-2116608,-260096,-1162240,-579584,737280,-1916928,-917504,-1148928,-517120,-838656,-2433024,-1452032,-618496,-882688,-347136,-267264,-819200,-894976,-1719296,-1489920,252928,-792576,-1597440,-215040,-197632,-1239040,238592,-2055168,-563200,-468992,-566272,-1275904,-886784,-1949696,-575488,-1276928,-69632,708608,-589824,28672,-937984,-821248,-675840,1047552,-1162240,-1414144,-702464,-711680,-1134592,-451584,559104,-2788352,-307200,-705536,-1227776,-465920,-79872,253952,-1268736,-2007040,-1265664,-943104,-628736,-40960,-956416,-1368064,-395264,-595968,478208,-694272,-1392640,-2030592,-856064,-138240,521216,87040,-814080,-1178624,-970752,-451584,-1489920,309248,-296960,262144,-1240064,-332800,-582656,-561152,-1386496,-2143232,-343040,-1003520,74752,364544,-1116160,-317440
-260096,-781312,-740352,-622592,-971776,-937984,-45056,-834560,-982016,-99328,-890880,-569344,-230400,-440320,-719872,-1612800,-583680,-1292288,-974848,-609280,-92160,-1925120,-1331200,-809984,-829440,-947200,-1986560,-486400,371712,-1048576,-690176,314368,-5120,-738304,-1119232,-699392,-594944,-1971200,-191488,-333824,-1039360,418816,82944,31744,-93184,-684032,-918528,-176128,23552,-1563648,706560,-71680,6144,-660480,-1822720,146432,-1015808,-779264,-586752,228352,460800,396288,-787456,-197632,-1397760,718848,21504,-209920,479232,-747520,-310272,-908288,-401408,-972800,-1010688,-1439744,414720,-434176,-608256,675840,183296,-893952,-700416,-2028544,-955392,-764928,-711680,-1482752,-863232,121856,-695296,-1001472,-673792,-197632,-1024000,-762880,-2077696,-112640,-2118656,-805888,-230400,-1188864,-1591296,-1498112,-1677312,-577536,40960,-1059840,-101376,-1245184,-1229824,-755712,51200,-1704960,183296,-482304,-1190912,-843776,-1689600,-81920,-1152000,-393216,114688,-1302528,-241664,-761856,1084416,-1229824,-395264,-869376,-1868800,-1794048,-1019904,-1218560,-876544,-37888,-606208,-2041856,-1430528,-915456,-823296,-232448,-670720,183296,-124928,-15360,-146432,302080,-306176,-473088,-172032,-2221056,-1619968,-691200,-1242112,-1149952,211968,-838656,661504,-201728,-73728,-1197056,290816,-1036288,-66560,-1943552,-219136,-867328,-409600,-91136,-17408,368640,-12288,-1542144,-685056,-38912,-1805312,-1222656,47104,-81920,-1409024,-537600,-243712,-601088,-1256448,-1974272,-1153024,-389120,-96256,59392,-1251328,-934912,-1287168,1178624,-171008,-228352,-902144,-641024,-1812480,-915456,-233472,-581632,-860160,-689152,-1120256,-890880,-611328,-690176,-1236992,-101376,-1551360,-1551360,-366592,-904192,-2272256,-61440,-208896,658432,528384,-456704,-260096,362496,676864,-1692672,-588800,-884736,-264192,59392,-952320,249856,-623616,112640,-467968,-670720,-731136,-1491968,-1483776,-579584,393216,-1224704,-291840,-1534976,-762880,-584704,25600,-1345536,-1219584,83968,28672,397312,-939008,-328704,-500736,-1260544,157696,-737280,-83968,-1443840,-1186816,-437248,-960512,-2675712,-1275904,160768,-343040,70656,-1156096,165888,-732160,-815104,-1340416,-587776,-252928,-158720,262144,-1387520,548864,-479232,-501760,-777216,-564224,101376,-522240,-457728,-544768,-270336,-1145856,-1410048,-1467392,-10240,-1155072,-962560,-694272,-1501184,-799744,214016,-1946624,-256000,-1050624,-1819648,-728064,-878592,-610304,-925696,-542720,-708608,-482304,-454656,-109568,-827392,-342016,-550912,-862208,-1009664,703488,-273408,-1474560,-453632,-373760,-963584
1037312,-301056,-55296,451584,-512000,-98304,643072,-538624,-411648,-263168,-1633280,-165888,-441344,1818624,-1220608,456704,222208,-1025024,1133568,952320,-470016,-1434624,-1410048,-1162240,659456,396288,-179200,951296,-302080,-474112,-620544,416768,-720896,-707584,-886784,-1055744,804864,-493568,16384,363520,-713728,419840,-46080,365568,428032,536576,12288,1334272,499712,-373760,386048,-199680,-738304,-253952,-51200,14336,1168384,1439744,-1808384,340992,-67584,-254976,60416,-774144,33792,839680,586752,419840,-398336,96256,-1078272,79872,-1240064,1423360,566272,518144,1162240,346112,-139264,-959488,1350656,84992,166912,-613376,-559104,-394240,687104,-181248,-1561600,-613376,1046528,-65536,-365568,663552,-336896,-343040,904192,117760,-1306624,536576,-1427456,917504,140288,488448,605184,989184,817152,699392,280576,-279552,489472,-1024,-290816,-251904,317440,305152,11264,204800,-471040,-35840,-327680,246784,-16384,1832960,-248832,334848,575488,-233472,-950272,12288,318464,1947648,1465344,-106496,-245760,523264,-34816,-602112,-274432,-359424,-253952,-647168,-284672,152576,301056,425984,970752,-235520,827392,577536,124928,-1213440,-776192,317440,381952,-1238016,-368640,997376,792576,221184,-361472,-452608,-736256,105472,-87040,-531456,773120,190464,446464,-1429504,-295936,-1895424,307200,-648192,-1156096,-252928,98304,815104,536576,405504,-1349632,-499712,-1175552,-123904,-235520,57344,-1292288,681984,419840,494592,-811008,-914432,289792,-1487872,-370688,689152,232448,913408,-211968,-22528,-124928,355328,415744,-494592,-657408,6144,-37888,-43008,850944,-1160192,-27648,-167936,783360,-188416,389120,37888,-263168,-530432,89088,-582656,-775168,-988160,1228800,-1288192,970752,-233472,-588800,1221632,1549312,-1584128,271360,192512,-368640,567296,217088,-948224,-632832,-11264,-1733632,-66560,-699392,-820224,1295360,431104,-537600,-1056768,-437248,-694272,-223232,-242688,-681984,-852992,401408,13312,-497664,-105472,444416,-768000,29696,-1464320,-1898496,64512,739328,-12288,-329728,-429056,-485376,37888,817152,-105472,-1364992,370688,-907264,476160,-188416,228352,-796672,103424,-566272,210944,1735680,-80896,27648,79872,24576,138240,409600,179200,531456,-316416,-1043456,362496,-302080,598016,-776192,1110016,102400,-491520,353280,256000,174080,-328704,15360,561152,-363520,-558080,-873472,-782336,-421888,543744,161792,557056,-307200,-355328,919552,587776,-724992,184320,-384000,360448
-2058240,264192,-1586176,-906240,171008,-1893376,-549888,-323584,-768000,-701440,-75776,-277504,-1888256,-1651712,-577536,-1281024,-215040,-1144832,-1611776,-1053696,169984,-1005568,577536,-641024,-646144,-608256,-265216,-74752,-590848,-2190336,607232,-35840,-473088,480256,-828416,-1105920,-1546240,-1302528,-2168832,-1684480,-671744,88064,142336,-1244160,24576,-1897472,-719872,-1147904,-1026048,-1140736,-427008,83968,29696,-724992,71680,-1030144,-468992,396288,-869376,-152576,271360,-942080,88064,332800,-217088,-427008,-164864,-1259520,-1606656,-2356224,-1078272,961536,-974848,-840704,-86016,-404480,-529408,-1145856,322560,-120832,917504,-244736,-199680,-1569792,-1318912,-1258496,-1616896,-904192,-1789952,-713728,-1090560,-634880,-674816,-760832,-2247680,674816,-722944,-1900544,-1773568,456704,-835584,-1090560,-1183744,-758784,-137216,-1290240,-1102848,517120,-1275904,-763904,102400,-1395712,-140288,-498688,-2020352,-566272,-952320,-763904,-412672,-160768,-1228800,-1025024,18432,-1518592,-935936,-1500160,-823296,253952,-795648,31744,477184,200704,82944,-502784,-2235392,-1498112,-1533952,-982016,-1770496,-913408,-713728,-1209344,-446464,-1519616,-1461248,-697344,-969728,355328,-1113088,-1266688,-1125376,-615424,-1958912,-274432,-388096,-95232,884736,1034240,-135168,-626688,-622592,-222208,-697344,382976,-991232,-2094080,-710656,-578560,-423936,-199680,-1370112,389120,97280,-1451008,-720896,-1082368,-513024,-1679360,-177152,254976,-753664,-883712,-272384,63488,-275456,-1056768,-2113536,-225280,-226304,-2087936,-1260544,94208,-1840128,-323584,532480,-1038336,-758784,-993280,-1055744,-296960,-590848,645120,709632,-395264,-1655808,-829440,-1062912,-955392,-700416,-478208,-47104,-1005568,-1147904,-1052672,-1355776,-315392,-105472,2048,-4096,-63488,-520192,-957440,-28672,-1581056,-816128,-372736,-8192,-1507328,-297984,-712704,247808,113664,-894976,-191488,-793600,-1347584,-1392640,84992,-831488,-174080,-1802240,-496640,-1442816,-302080,-1605632,-1226752,-1385472,-842752,-1043456,-582656,-1074176,-934912,-769024,-1150976,-1576960,-279552,-558080,-473088,-347136,-1961984,326656,-110592,-1044480,-265216,-466944,-1439744,561152,-2013184,-855040,-420864,-896000,-1170432,-305152,351232,539648,-816128,-274432,781312,-1093632,-603136,-1280000,-329728,-1130496,92160,-595968,-655360,-737280,-562176,-1416192,-1252352,-966656,-1177600,-1296384,-663552,-1821696,-479232,-766976,-1498112,-1430528,-467968,-1323008,150528,-1072128,-139264,-600064,-556032,75776,2106368,-1529856,-1886208,-333824,-712704,-75776,-1562624,60416,-186368,-100352,-949248,-607232,-1781760
133120,575488,643072,-826368,568320,-393216,-1408000,-826368,-632832,1224704,638976,253952,-1192960,-473088,-309248,-499712,-182272,-236544,-1131520,454656,753664,608256,-346112,-910336,769024,-644096,-532480,-619520,-663552,1175552,-35840,708608,166912,-1173504,529408,-765952,-432128,-131072,64512,-836608,-1223680,1224704,-920576,1125376,-848896,139264,665600,1125376,897024,-1293312,60416,-58368,-527360,480256,-241664,-533504,463872,848896,-868352,839680,917504,416768,192512,-624640,153600,-547840,162816,-20480,-584704,1057792,89088,-14336,-754688,-418816,-155648,-635904,234496,569344,516096,60416,685056,-753664,-960512,-167936,-1275904,329728,1127424,-598016,1158144,-178176,1012736,-733184,815104,-106496,-569344,288768,-132096,-517120,-946176,-1054720,351232,-1647616,111616,921600,-550912,-319488,-405504,-771072,-613376,911360,-915456,-877568,-1362944,691200,110592,-191488,-826368,363520,-185344,-1100800,-2630656,67584,829440,175104,462848,662528,906240,111616,-1186816,-324608,1040384,702464,197632,428032,-505856,-694272,1272832,-149504,1052672,112640,-901120,123904,-508928,-287744,591872,-1177600,-745472,-976896,-827392,-1490944,1091584,-484352,-1070080,-540672,-555008,136192,-499712,-590848,-183296,641024,-1064960,-297984,-244736,311296,444416,-468992,147456,329728,79872,-719872,-452608,96256,-245760,-1211392,-115712,140288,153600,777216,-102400,-1200128,-1609728,-1304576,-339968,-267264,916480,-558080,72704,76800,-1201152,-930816,-481280,-520192,-1235968,-351232,-343040,258048,-1607680,738304,-1271808,-221184,-657408,504832,-797696,1056768,-1042432,-442368,-705536,62464,732160,610304,-327680,-1243136,-513024,162816,663552,-419840,1262592,-129024,-801792,-20480,318464,-1488896,-405504,194560,-286720,419840,-1170432,-190464,-175104,-1002496,-1040384,248832,-1334272,-427008,-110592,1206272,279552,18432,-79872,-550912,-187392,-1266688,100352,-389120,-117760,762880,-699392,-356352,-25600,-1784832,-330752,288768,359424,-586752,-614400,-100352,-232448,-403456,184320,-1871872,-829440,83968,486400,-564224,277504,423936,215040,-551936,-960512,-572416,686080,603136,868352,-936960,-374784,-501760,8192,-1120256,-432128,-1037312,-325632,-302080,-386048,-531456,-508928,-865280,-1097728,-816128,117760,1494016,-47104,586752,143360,-1037312,-215040,-281600,-1245184,-1309696,-486400,436224,588800,325632,-628736,-556032,-59392,-702464,-2855936,455680,517120,35840,177152,104448,276480,-70656,-917504,-332800,-873472,-601088,12288,323584
-989184,229376,454656,-1256448,-1043456,-131072,57344,-420864,-1204224,-619520,-892928,-983040,-648192,-888832,547840,-269312,242688,567296,-625664,-228352,-1222656,-2009088,-405504,1534976,539648,-1427456,-472064,-128000,-1921024,-476160,-2337792,-1462272,841728,88064,174080,-1281024,729088,73728,-78848,-157696,-864256,217088,-317440,-54272,-570368,-193536,-974848,-1179648,-1429504,-1631232,-1338368,-1024,-974848,-19456,260096,195584,-905216,-210944,843776,-2255872,-630784,-828416,-17408,199680,-374784,473088,162816,249856,-1259520,-897024,-612352,-527360,-812032,-919552,326656,492544,-847872,-455680,-354304,-871424,-356352,-174080,143360,-599040,-884736,-964608,-1073152,-689152,618496,-547840,624640,-1051648,-818176,399360,-358400,-1185792,191488,-2450432,-658432,-1615872,-1121280,-811008,504832,-409600,-558080,-2550784,-2056192,-281600,312320,-939008,-933888,-1157120,-953344,-749568,-410624,-739328,-131072,-1193984,-674816,-83968,-400384,-130048,-1193984,378880,-435200,82944,-768000,-57344,-2110464,-423936,125952,-997376,996352,112640,-471040,-1246208,-721920,-1034240,-1086464,-188416,3072,123904,33792,-648192,-882688,-839680,-244736,-317440,-858112,-211968,-1198080,1088512,-701440,-1456128,579584,-1704960,-270336,-453632,-951296,-583680,-2356224,-287744,-885760,9216,-76800,86016,-558080,-1175552,75776,-1936384,-1567744,-605184,-1386496,-26624,-151552,-1444864,-1633280,-408576,-1678336,392192,-191488,-1627136,-104448,834560,-1181696,-270336,-1132544,-497664,-187392,100352,-400384,291840,265216,-154624,-1294336,-215040,-643072,-110592,-470016,882688,-36864,-1061888,-208896,-645120,-1164288,-208896,-299008,-1471488,-501760,-836608,-876544,-566272,-1629184,-77824,-2215936,-1310720,-540672,-900096,-1327104,-292864,-571392,-869376,53248,-466944,-529408,60416,-542720,-808960,-381952,-262144,-128000,-217088,-1372160,-503808,-2415616,-109568,-1456128,-1306624,-259072,186368,-2866176,197632,77824,-1141760,-1361920,-2269184,-1214464,-569344,239616,-102400,-2353152,-1011712,-542720,-777216,-2611200,-829440,-225280,-1542144,147456,-1141760,-468992,-1110016,-736256,-861184,-1738752,12288,-87040,459776,-935936,-253952,-1561600,-815104,-274432,-638976,-1283072,-842752,-902144,-679936,-507904,-140288,-1346560,-1193984,-1238016,-920576,-1440768,-564224,-692224,-154624,291840,-445440,-912384,-716800,201728,-1046528,-1011712,136192,381952,-287744,-473088,-385024,-749568,272384,-434176,26624,-1166336,-60416,-569344,281600,-969728,-706560,-669696,-994304,-1694720,-415744,-495616,942080,941056,-620544,-503808,-412672
-1958912,97280,-1688576,-343040,-464896,-1351680,-1019904,-902144,-174080,197632,-594944,238592,742400,-471040,-633856,-694272,-535552,564224,-832512,-1420288,-497664,-199680,513024,-1588224,-333824,-687104,-1445888,564224,-576512,-1059840,-698368,198656,-498688,-1170432,-1487872,-574464,-3694592,-1689600,-735232,-1921024,1104896,-282624,-1627136,-189440,-703488,-1385472,-964608,-529408,-1229824,-491520,-747520,-112640,-1741824,-1435648,-1044480,-1274880,-1480704,-966656,-527360,-606208,-84992,890880,-1099776,625664,-1177600,-2654208,-771072,-13312,-1951744,-208896,-1289216,-1293312,-496640,-808960,-432128,-1143808,-568320,-812032,-628736,251904,-1827840,-475136,-627712,-1207296,-1409024,-1255424,-248832,-942080,-2405376,-1222656,-674816,-1134592,-467968,-1666048,-1692672,-1045504,354304,607232,-1343488,-1529856,-854016,-980992,-499712,-681984,-525312,-19456,-1399808,161792,-909312,-1076224,-740352,-103424,-1854464,-999424,175104,-508928,183296,281600,-1689600,-713728,-1837056,-123904,474112,-465920,-380928,96256,-710656,-121856,-365568,-709632,-522240,606208,-813056,-20480,-650240,-1039360,-604160,-663552,-533504,-1412096,-1285120,-551936,-1668096,-609280,-1068032,-1726464,-1444864,-466944,-1275904,-373760,-222208,-179200,-320512,-249856,235520,-455680,-60416,122880,-694272,585728,-582656,-1856512,9216,210944,-1787904,-452608,-507904,-148480,434176,-779264,-70656,-967680,-1178624,-763904,231424,-1848320,-1311744,347136,-1254400,272384,-1156096,-1282048,-759808,156672,-1112064,-1332224,-15360,803840,306176,-1302528,-98304,-604160,-355328,-723968,262144,-645120,-934912,-79872,78848,-332800,-406528,-1310720,-1049600,-548864,-164864,-267264,-850944,-885760,-1259520,-1319936,-1191936,-1024000,-1938432,-655360,-555008,-783360,-898048,-275456,-626688,-927744,-454656,-1254400,-1423360,234496,-1547264,302080,-1486848,-184320,-949248,-1307648,-932864,-1278976,-299008,370688,-765952,-1135616,117760,-1210368,-844800,-1099776,-23552,-1916928,-1388544,-562176,-176128,-1142784,-251904,-876544,-494592,-1257472,-1059840,-218112,-727040,-819200,436224,36864,-1049600,-192512,400384,-259072,-1607680,-333824,-1865728,-1123328,-331776,-1213440,-1000448,-845824,-751616,-999424,-2531328,-867328,-1027072,-301056,519168,-109568,-730112,-875520,-1594368,22528,-1201152,393216,-346112,321536,-788480,-978944,-1579008,165888,-694272,-1921024,-922624,-1099776,-373760,-142336,-631808,-534528,-23552,-763904,-210944,-804864,-570368,-622592,-72704,-1443840,-1520640,-771072,-415744,-799744,-654336,-1166336,-531456,-605184,-739328,-765952,-1334272,-347136,-2266112,-820224,-888832,-1473536
-299008,256000,-517120,-862208,1230848,56320,615424,284672,-451584,-163840,283648,228352,531456,-144384,-546816,360448,105472,-76800,-110592,-467968,-589824,-1483776,-765952,512000,328704,-340992,-180224,555008,-493568,758784,-577536,136192,53248,-113664,261120,404480,-695296,785408,-76800,-244736,-176128,1229824,74752,517120,-156672,522240,1094656,-424960,-530432,930816,-106496,-983040,599040,283648,-240640,744448,-111616,-256000,351232,-460800,-851968,896000,-50176,294912,1017856,319488,706560,159744,330752,-8192,1068032,-455680,-416768,932864,142336,504832,719872,268288,-45056,-215040,475136,-1221632,611328,526336,847872,153600,301056,-299008,321536,-641024,-294912,1047552,-409600,1100800,-755712,41984,-308224,-1782784,-1158144,688128,149504,-449536,-23552,-851968,434176,1097728,-416768,-139264,-585728,-432128,442368,292864,-1284096,308224,260096,-208896,91136,-1116160,297984,-300032,-134144,-197632,-164864,-16384,1101824,-326656,876544,-146432,432128,1034240,-176128,-49152,-1367040,-234496,792576,534528,-1231872,49152,49152,10240,-13312,-772096,-125952,-129024,158720,470016,-260096,-19456,-203776,352256,670720,615424,-448512,-1772544,311296,-721920,-735232,-31744,622592,131072,378880,-1494016,-240640,-467968,1432576,354304,-546816,534528,-259072,-552960,719872,-766976,420864,-518144,-226304,-881664,-145408,-1027072,-1128448,-954368,-475136,-950272,-1336320,956416,51200,1405952,-274432,961536,-323584,-99328,-1896448,-1568768,174080,9216,603136,836608,1167360,131072,278528,-1002496,754688,800768,-81920,1290240,-1038336,-702464,-353280,-1197056,-1303552,145408,236544,-974848,478208,-502784,-649216,343040,-2048,672768,369664,-655360,14336,-184320,-696320,-1318912,74752,-232448,-648192,99328,592896,93184,-862208,-465920,-186368,-275456,24576,241664,196608,-784384,367616,-266240,26624,1199104,45056,-1231872,105472,438272,-612352,-423936,-266240,775168,-268288,-866304,-207872,-826368,-224256,-1043456,-543744,726016,703488,-186368,104448,704512,118784,-46080,1076224,446464,-1004544,-444416,-246784,995328,1604608,123904,-1019904,-575488,-1021952,-2042880,-926720,-1544192,-326656,-256000,713728,-570368,21504,284672,-833536,-1059840,752640,857088,194560,297984,1452032,855040,587776,-991232,-122880,-449536,-56320,119808,443392,419840,441344,379904,-686080,-75776,-1085440,-647168,109568,749568,-789504,-1273856,-896000,415744,-675840,-223232,1050624,-617472,400384,-929792,502784,-393216
-40960,-701440,-240640,-663552,-1053696,273408,-575488,-392192,-325632,-2425856,796672,-1302528,-615424,-1503232,209920,-1472512,-1277952,-976896,-1143808,-561152,-602112,-375808,-1512448,-290816,-491520,-799744,-670720,-1185792,-1264640,-1198080,-138240,-486400,455680,-686080,-665600,372736,-914432,-1837056,-695296,687104,-442368,-108544,-913408,-1363968,-141312,141312,-803840,-22528,304128,-25600,-90112,-305152,-315392,-562176,-1098752,294912,-538624,-156672,-386048,-100352,-1121280,296960,-382976,-503808,77824,-18432,-1580032,-804864,301056,54272,326656,-1312768,-1438720,-863232,-841728,-1176576,-93184,-613376,-1732608,-712704,-734208,296960,-51200,-507904,-169984,-504832,-301056,-165888,-37888,-820224,-659456,-590848,75776,-1339392,-936960,-1040384,-1207296,-145408,-1246208,-824320,-1582080,-13312,-252928,-246784,-956416,-882688,-917504,-183296,129024,353280,-972800,-473088,-526336,-1060864,-848896,549888,-574464,-212992,-718848,-1483776,-277504,-152576,-1084416,-2281472,-501760,-241664,-924672,-1149952,-585728,-815104,71680,1013760,367616,-573440,-273408,-1207296,566272,-117760,-955392,-1044480,-1644544,-316416,-2145280,-1123328,-1231872,-1600512,-880640,-722944,-96256,2048,-324608,-1733632,-1412096,-450560,-1842176,-150528,-698368,-1397760,-537600,-874496,-141312,-1410048,-361472,1024,-683008,-359424,136192,-174080,-1125376,-59392,-323584,517120,-646144,-2134016,105472,-1445888,-1631232,-858112,-1823744,-493568,226304,-1273856,-991232,-1395712,-1516544,-601088,-616448,-1268736,-747520,-20480,-197632,146432,-920576,-918528,-1187840,-1409024,-1012736,-462848,-976896,-884736,-381952,-631808,-930816,-1371136,-258048,-1487872,-1029120,317440,11264,-368640,-666624,180224,736256,-753664,-1231872,-1509376,-1882112,-1518592,-517120,381952,392192,-3072,-496640,-1867776,-982016,-43008,-2099200,-438272,-1379328,-349184,-454656,-670720,-331776,-1443840,-22528,-172032,-430080,92160,-476160,-316416,-1061888,-579584,-1580032,-602112,-851968,-521216,-547840,-253952,-1502208,-706560,-1324032,-754688,-1963008,157696,-135168,-468992,-437248,-777216,-732160,-1513472,-588800,-1698816,-813056,-1695744,-186368,-261120,-989184,-833536,3072,-1155072,-918528,187392,-210944,-33792,-1258496,-1824768,-499712,-1375232,-790528,-1208320,-1387520,-1789952,-638976,-243712,43008,1209344,-1426432,618496,-818176,-1157120,-1719296,226304,-266240,-533504,-185344,-339968,-826368,-2415616,-1405952,-121856,-1691648,-138240,-171008,-1009664,144384,-474112,-934912,-843776,-772096,-1024,-400384,-46080,-683008,-566272,446464,-62464,-546816,-769024,-1209344,-1026048
399360,-590848,-351232,15360,-839680,-1206272,-999424,1062912,-387072,-699392,321536,1321984,-1105920,-169984,-973824,305152,26624,-429056,-489472,80896,-1714176,-306176,-179200,318464,583680,-935936,591872,-775168,-379904,860160,-308224,535552,-753664,61440,-418816,-231424,-454656,-266240,215040,-358400,-859136,-183296,-278528,-986112,-848896,-140288,17408,645120,12288,346112,-596992,229376,-840704,458752,939008,80896,-622592,389120,-901120,-386048,-634880,-235520,-134144,167936,452608,783360,243712,32768,593920,542720,394240,-310272,-689152,-69632,-672768,-1007616,443392,-1087488,-235520,219136,-438272,-1267712,14336,468992,-71680,284672,-940032,-396288,5120,-1420288,-188416,506880,-157696,-619520,336896,-770048,-33792,-797696,-374784,215040,-22528,425984,-106496,-527360,-244736,591872,399360,-1278976,423936,-38912,-889856,-926720,285696,-91136,1142784,1000448,645120,-96256,178176,-316416,312320,230400,-841728,1391616,-531456,-543744,-1436672,-993280,-528384,-1682432,-705536,-361472,433152,-144384,51200,962560,-602112,476160,-1133568,-1264640,-18432,-274432,29696,486400,83968,-623616,21504,603136,-757760,-591872,-48128,27648,89088,-256000,535552,14336,-1266688,-925696,-83968,-1426432,-684032,-800768,799744,-432128,723968,-167936,-422912,726016,-1845248,-38912,353280,-338944,-335872,172032,-141312,-317440,556032,66560,-260096,-640000,-1020928,-677888,-1863680,-212992,-492544,-344064,628736,-1761280,-393216,-21504,-734208,-2860032,-136192,-1337344,-71680,697344,-592896,748544,35840,-371712,-112640,-179200,-1006592,838656,872448,3072,296960,-570368,-449536,369664,-939008,-564224,-1013760,-188416,1829888,492544,217088,-1003520,-196608,557056,-77824,235520,372736,-811008,296960,-435200,-742400,-1657856,-264192,-611328,-1399808,-1077248,-570368,414720,-409600,545792,993280,-357376,-1147904,-957440,404480,-428032,-1636352,-642048,93184,99328,-1095680,454656,428032,39936,1314816,739328,733184,295936,-642048,444416,-342016,-897024,-908288,-2082816,244736,-104448,654336,-163840,199680,-397312,-609280,-1063936,-557056,-592896,1024,-901120,-267264,-803840,-325632,-617472,-135168,53248,-959488,161792,411648,-867328,-598016,-701440,-1610752,-710656,-1033216,-368640,-1416192,-489472,-179200,1071104,-1469440,-1563648,-401408,1381376,-1100800,9216,-70656,679936,293888,1070080,499712,-592896,122880,-1625088,-700416,-970752,1160192,-946176,360448,269312,-1068032,514048,198656,37888,-292864,-1000448,-949248,-14336
-577536,-1398784,-2691072,-388096,-282624,-287744,-164864,-1754112,-436224,-835584,-539648,-578560,-1351680,885760,-601088,439296,-690176,-615424,-602112,-1096704,-1658880,179200,-470016,-517120,-421888,-679936,-465920,-121856,-671744,134144,-1065984,640000,-211968,-921600,-20480,-608256,412672,-400384,-1050624,-257024,39936,-436224,-59392,-710656,413696,-851968,-1292288,-1071104,-677888,-238592,-484352,-334848,-1401856,-817152,-1192960,-478208,-710656,-992256,-1010688,-60416,-517120,-408576,733184,3072,-705536,584704,-1072128,-1817600,-154624,-1007616,-445440,485376,-261120,-355328,-275456,-872448,-1085440,-714752,-126976,-1287168,-652288,-364544,441344,-122880,190464,710656,111616,-973824,-1387520,-884736,-1174528,-381952,-363520,-963584,-1036288,-985088,-661504,-2014208,-349184,-510976,-126976,32768,-1767424,-915456,125952,-1195008,-833536,-669696,-602112,-230400,28672,-1516544,1387520,-481280,-822272,-93184,483328,-888832,-56320,108544,-336896,-175104,-1596416,-1760256,-1426432,-419840,-758784,-77824,-362496,677888,59392,-250880,-966656,-826368,-1479680,-490496,16384,-850944,-1251328,-486400,-920576,-1727488,-996352,-1250304,-1501184,-173056,-1027072,-4096,548864,-485376,-215040,-430080,-1059840,-1196032,-825344,-329728,-351232,-517120,-8192,-882688,-1724416,70656,-784384,809984,-948224,-522240,-238592,-1144832,-1128448,313344,-728064,-435200,708608,-1077248,-485376,-289792,-1119232,-1439744,-1392640,-884736,-636928,-353280,-33792,-1700864,-405504,-769024,-704512,-55296,-1428480,-1274880,-1326080,-768000,-335872,-731136,-950272,-556032,-159744,-734208,-1171456,-117760,-731136,-320512,-645120,-195584,-1061888,-476160,-1916928,-1345536,-786432,-824320,112640,-678912,-749568,-280576,-1936384,111616,-727040,-27648,-371712,-633856,-123904,-352256,-684032,-259072,-459776,891904,-536576,-769024,-1530880,422912,346112,-1256448,-689152,-1398784,-848896,-1805312,-977920,-1205248,205824,-76800,-576512,-2025472,-2273280,-590848,-1352704,-648192,-75776,-36864,-629760,-478208,-2472960,839680,-1177600,-1043456,258048,-1409024,-773120,-120832,-335872,-343040,-561152,-1140736,-434176,-1108992,-1112064,635904,542720,-198656,111616,-879616,-274432,-934912,45056,-1502208,43008,-1032192,-702464,435200,-1002496,-258048,-517120,-779264,-337920,-1289216,-411648,-1017856,-1079296,-720896,-201728,-1614848,-1165312,-1771520,-392192,832512,-88064,225280,-1008640,-691200,-1782784,-331776,-1143808,-777216,97280,-447488,-29696,-921600,471040,163840,105472,-299008,-898048,-1654784,-1497088,-640000,-72704,51200,-746496,-1570816,386048,-931840
62464,-571392,-73728,-716800,236544,-373760,-1100800,-770048,-328704,-564224,-1135616,-770048,-898048,339968,-122880,-2484224,-681984,-1044480,231424,-1122304,-558080,747520,-1337344,-88064,50176,-157696,-1405952,150528,-22528,211968,-1134592,-801792,-1300480,-650240,649216,954368,-286720,-1074176,-344064,-287744,-1795072,-379904,-1641472,-1377280,-917504,-1552384,-34816,51200,-528384,-657408,-401408,-296960,-190464,-420864,-1771520,-722944,-782336,-992256,1378304,-508928,-886784,-225280,-765952,-1208320,-367616,-813056,-657408,-946176,-302080,-998400,-472064,-1611776,-226304,-880640,-1099776,-20480,-803840,1418240,-717824,-528384,-415744,-1006592,-964608,-1092608,156672,73728,-572416,-822272,-1195008,-62464,-1382400,-1502208,-230400,-926720,217088,60416,-1458176,351232,-514048,-1648640,-147456,-549888,-879616,-312320,329728,-920576,-1413120,-949248,265216,-243712,748544,-2596864,-636928,15360,-760832,-1128448,-131072,-676864,-1456128,-289792,-1399808,-675840,83968,-695296,-158720,25600,-1037312,-252928,-548864,-1639424,933888,-1598464,-1325056,-221184,-776192,-158720,-325632,-733184,-946176,-1351680,-2319360,305152,-723968,-1065984,-911360,-831488,540672,49152,-1050624,-1046528,-497664,-1129472,-347136,-227328,-1571840,129024,-99328,-433152,-1210368,-758784,-243712,-943104,-1423360,-1363968,-768000,-1182720,-1813504,-752640,-1246208,-459776,-184320,87040,-1433600,-1103872,-739328,-830464,686080,-630784,478208,-872448,-1241088,-887808,-863232,-1447936,-433152,-1496064,-1497088,-566272,-783360,-307200,-1055744,-1119232,-770048,-896000,-969728,-988160,592896,-543744,-1580032,-982016,-679936,-1626112,-1163264,-437248,-153600,-348160,-473088,-266240,-1472512,-202752,-1897472,-713728,-813056,-1052672,44032,-677888,-1102848,-662528,-697344,-1016832,89088,-2660352,-269312,-339968,-777216,-498688,-1280000,-492544,-888832,-553984,-743424,-741376,-38912,-1041408,-268288,-1132544,581632,-582656,-805888,15360,-1000448,-1313792,484352,662528,-620544,46080,-917504,-1684480,-1592320,-1302528,-2040832,-1117184,-75776,-801792,-852992,-741376,-230400,-278528,-785408,-445440,-824320,801792,191488,-1666048,-309248,-877568,-70656,-1447936,-1335296,-590848,-1546240,18432,-494592,-1124352,-1168384,-1159168,-1059840,-1519616,-555008,-782336,-2316288,-244736,-375808,1291264,31744,-743424,-584704,-1384448,-2975744,-1805312,-290816,-873472,-34816,-1356800,512000,33792,-2054144,-1865728,-474112,-1051648,-946176,-441344,-638976,769024,-463872,-261120,-199680,-1531904,-1195008,-140288,-43008,-472064,-1383424,-78848,-1551360,-808960,-1027072,-266240,-1258496,-402432
-770048,-88064,-466944,2048,212992,79872,-1290240,2010112,-95232,-84992,-134144,-270336,-2837504,-494592,896000,-860160,625664,1085440,477184,-799744,-428032,-1498112,-350208,-444416,531456,536576,-395264,297984,910336,762880,-1206272,-264192,-82944,-316416,-7168,443392,-376832,-112640,-733184,-1206272,277504,-1009664,-465920,-189440,137216,-2125824,-490496,-44032,88064,784384,-1983488,453632,-321536,-455680,1148928,-689152,-441344,-113664,-948224,-102400,911360,1091584,-822272,-36864,3072,117760,18432,-362496,-1552384,-785408,-512000,-457728,-549888,-399360,-780288,-402432,-21504,-690176,-1150976,749568,-543744,234496,-872448,601088,538624,1497088,659456,117760,-1125376,311296,591872,-316416,-335872,186368,-1585152,-225280,-1331200,-336896,146432,-696320,177152,807936,-167936,-681984,-121856,-696320,-628736,-121856,-1243136,1459200,-373760,184320,197632,-1446912,354304,280576,-324608,5120,-406528,227328,-889856,866304,-619520,1204224,291840,-25600,-2049024,-991232,-1167360,-296960,223232,168960,-521216,161792,-140288,-878592,-1885184,-377856,691200,78848,855040,477184,678912,236544,-1248256,-1220608,-272384,870400,392192,-837632,-1132544,-197632,518144,-723968,-685056,-249856,-1125376,-650240,62464,-39936,-855040,-1383424,-434176,660480,74752,-1011712,-162816,-376832,367616,-315392,-702464,785408,-499712,-922624,653312,229376,-905216,-487424,-984064,-1325056,-175104,-466944,802816,102400,-63488,675840,-416768,-846848,-1404928,-1940480,-268288,-138240,-247808,-581632,250880,-1090560,-386048,332800,-1669120,-10240,482304,-1049600,225280,-746496,2048,-822272,-523264,-30720,750592,-723968,-397312,1338368,-319488,60416,364544,273408,715776,32768,-484352,-690176,-225280,27648,-1133568,247808,1351680,644096,265216,-2579456,-976896,261120,-989184,168960,-589824,-121856,153600,156672,-2298880,-841728,-327680,-189440,444416,-487424,-1341440,30720,-22528,83968,-701440,-729088,-1249280,-79872,-322560,-572416,894976,-375808,-1871872,104448,-447488,-30720,-169984,-90112,-733184,-764928,-395264,118784,-1051648,497664,-677888,-528384,277504,883712,350208,-80896,-914432,-18432,-860160,-850944,-40960,-1046528,-695296,386048,1307648,-434176,283648,675840,209920,-257024,-965632,-437248,593920,-350208,-238592,-79872,1090560,248832,-171008,326656,-354304,-568320,1332224,-106496,-833536,-519168,-46080,-1606656,830464,-963584,-1290240,1102848,160768,234496,-386048,32768,-814080,-340992,-747520,707584,571392,-786432,346112,-939008
70656,-681984,-616448,-564224,0,-91136,-1717248,-1384448,-1189888,-271360,650240,885760,328704,644096,-465920,-595968,-411648,-1855488,347136,6144,207872,-167936,-1003520,-175104,-448512,1027072,-482304,-1132544,-457728,-15360,-379904,-157696,221184,-859136,-131072,-913408,526336,-900096,568320,-657408,399360,-344064,-152576,-228352,-706560,436224,-641024,-591872,-962560,-488448,91136,-386048,541696,-245760,-1505280,-1684480,-166912,-120832,1351680,-449536,1546240,-1086464,-418816,261120,480256,-1763328,-482304,-589824,-1601536,43008,-142336,60416,321536,-667648,-1270784,-297984,-1633280,-646144,1072128,-1400832,417792,216064,1263616,-603136,-629760,-283648,-51200,-632832,-8192,1665024,-458752,-564224,-714752,32768,-526336,-352256,-799744,-240640,-1587200,-390144,-508928,-955392,313344,-1848320,-1811456,244736,-103424,68608,-497664,-399360,299008,287744,-828416,-472064,-290816,221184,500736,710656,-832512,-531456,-889856,-475136,146432,416768,-1016832,1118208,-932864,-136192,350208,-726016,9216,158720,-706560,506880,-692224,-595968,292864,720896,-1048576,-570368,180224,-1531904,-868352,340992,-472064,-585728,-265216,320512,-570368,-141312,-1476608,-1485824,-787456,-596992,1120256,-912384,-1188864,-1048576,-633856,-242688,-1183744,-740352,329728,80896,-207872,1086464,-349184,343040,867328,73728,1542144,-503808,-1173504,-677888,-472064,-2520064,961536,-751616,26624,-155648,-1192960,609280,-257024,261120,-134144,-1522688,-913408,-239616,-522240,-1070080,-463872,-1634304,-1398784,-1241088,-491520,-1056768,-680960,202752,-198656,-505856,-1709056,-760832,-998400,-433152,-2689024,-2053120,757760,379904,-203776,365568,133120,-774144,-153600,-586752,-268288,-816128,155648,-777216,-806912,-135168,-473088,388096,-1557504,-715776,-407552,-769024,-838656,-763904,-503808,294912,252928,-108544,-385024,-507904,-293888,-675840,-268288,1282048,-150528,-668672,-1004544,-974848,-1216512,-190464,-90112,-496640,-26624,47104,-316416,612352,548864,-1669120,-1079296,375808,-423936,-970752,676864,-824320,-955392,-109568,-1230848,-571392,563200,-777216,142336,769024,-840704,317440,-19456,-750592,-1245184,-1243136,-262144,1007616,169984,286720,-328704,1072128,-887808,249856,-1914880,-601088,-756736,-1093632,243712,158720,311296,-79872,-441344,-1908736,-499712,173056,150528,-453632,-647168,-676864,-785408,-594944,40960,-743424,333824,-926720,-817152,-1226752,1100800,-1079296,-1025024,-1502208,-147456,-1952768,-564224,-1272832,-302080,-758784,-16384,-522240,407552,-713728,-1771520,-73728
267264,849920,-125952,-181248,-513024,-849920,-28672,186368,-33792,-358400,-1083392,-533504,-903168,-492544,19456,1117184,-831488,100352,148480,1640448,-948224,-206848,-106496,-196608,712704,-441344,399360,270336,-911360,-429056,-582656,-287744,1486848,1058816,459776,1141760,-279552,440320,931840,194560,-557056,0,-1465344,-474112,217088,1307648,1270784,581632,-634880,912384,-12288,459776,-897024,-953344,174080,-83968,-2068480,-21504,-102400,-144384,32768,-207872,312320,-856064,-257024,1975296,378880,-1381376,384000,107520,524288,-582656,-89088,-1033216,-1062912,-81920,-266240,-483328,-862208,-408576,-2023424,1122304,800768,482304,-1134592,539648,811008,827392,932864,-1574912,-790528,378880,220160,1038336,344064,-309248,599040,-926720,-1635328,198656,619520,537600,-742400,-1364992,183296,831488,-1175552,-675840,-319488,-462848,-486400,-1150976,-63488,340992,-184320,-662528,28672,-1673216,-1304576,-400384,466944,-1003520,212992,-135168,494592,-21504,-101376,-556032,292864,177152,-1114112,744448,210944,-1389568,337920,-276480,-449536,741376,-365568,151552,-475136,1258496,-513024,-582656,-829440,1465344,579584,-1056768,-773120,187392,-1445888,272384,-756736,-64512,-907264,1002496,-1570816,13312,687104,-262144,-866304,-502784,-490496,-642048,-708608,-231424,1003520,50176,-465920,-684032,-940032,14336,-17408,-435200,-338944,-1290240,-1060864,-221184,-1120256,-36864,346112,-1185792,-435200,-349184,22528,-312320,701440,-923648,179200,-196608,-1262592,1082368,-327680,245760,1291264,133120,516096,932864,878592,-592896,-291840,-696320,83968,434176,-207872,219136,-492544,-71680,146432,-907264,-1524736,-724992,-1178624,-89088,676864,-422912,-607232,111616,-548864,-1681408,-40960,222208,-8192,-979968,627712,828416,-472064,-804864,-1374208,-941056,110592,-568320,96256,33792,17408,825344,-268288,-550912,-250880,-348160,-35840,799744,-1820672,-628736,496640,-61440,-1139712,131072,-332800,-531456,330752,-1176576,192512,-638976,846848,-787456,-1531904,-1669120,-947200,418816,-195584,-449536,-620544,294912,1199104,-352256,-1790976,-530432,312320,472064,-596992,-199680,150528,-271360,247808,-1083392,216064,363520,131072,774144,1024,441344,-390144,523264,-482304,780288,-166912,-386048,1028096,-241664,212992,-1195008,-1094656,-565248,88064,-630784,-620544,103424,-132096,893952,230400,153600,153600,1165312,-1564672,-3072,498688,-448512,262144,-1121280,-168960,-652288,-271360,854016,-133120,661504,-340992,-333824,-1442816,-596992
-606208,-827392,57344,-509952,-613376,-121856,-105472,-482304,-247808,-752640,-825344,645120,-1178624,105472,-11264,-610304,-363520,-989184,278528,-593920,-1030144,-618496,769024,36864,982016,14336,-206848,146432,-286720,-855040,-239616,-69632,-121856,1575936,-105472,-1583104,-946176,-747520,-1483776,-190464,-98304,-19456,654336,479232,-760832,12288,53248,759808,-911360,-909312,-697344,-571392,421888,-32768,258048,-60416,-256000,-1828864,-2523136,1610752,-1741824,-74752,-517120,-1390592,113664,-40960,-1756160,-1367040,389120,-632832,293888,559104,394240,-497664,-576512,-182272,-720896,-1393664,363520,190464,-1173504,1312768,160768,212992,-552960,852992,891904,-178176,-631808,-668672,-191488,-407552,-662528,139264,647168,-1824768,900096,-377856,677888,611328,-771072,-60416,390144,-815104,-1147904,-1491968,165888,327680,-553984,148480,-73728,160768,-1106944,-1562624,-609280,-364544,-30720,662528,512000,900096,311296,-59392,23552,-1233920,-752640,-250880,1909760,-371712,7168,220160,-132096,646144,573440,-646144,-1075200,151552,-338944,459776,683008,-921600,-207872,-368640,-79872,249856,1038336,-1022976,-618496,-78848,-463872,545792,-1014784,-787456,485376,86016,-1439744,759808,-464896,993280,-472064,-294912,349184,-513024,1252352,-1443840,-914432,818176,-1136640,-616448,27648,962560,-734208,-303104,-509952,-200704,628736,-402432,-356352,-179200,168960,-809984,-77824,-923648,1039360,-1125376,-439296,-1292288,-1246208,-1088512,-245760,-790528,394240,365568,-363520,337920,45056,57344,175104,-371712,-867328,271360,652288,140288,-1384448,106496,-168960,-1820672,-530432,-658432,-883712,180224,-509952,-1952768,-1241088,359424,-877568,-235520,-1474560,-644096,205824,-166912,-386048,-1772544,-1698816,-861184,-785408,-411648,-35840,-784384,-584704,408576,-336896,-582656,-517120,-1157120,-796672,-1025024,-720896,-984064,450560,-580608,-716800,-917504,-112640,-462848,-429056,364544,25600,667648,515072,91136,-420864,-622592,-1311744,453632,-1502208,-836608,596992,-208896,-508928,87040,-518144,-190464,-240640,72704,-66560,-1038336,1277952,903168,-311296,-102400,400384,-187392,-694272,-680960,-711680,344064,391168,-238592,-778240,-631808,-14336,34816,380928,-445440,312320,883712,-306176,987136,-526336,-1155072,-109568,68608,-641024,-265216,-541696,-1021952,-141312,-775168,-369664,-1205248,-1867776,668672,819200,-485376,-912384,871424,-332800,-762880,-539648,-140288,-2250752,-863232,-990208,906240,184320,-385024,-309248,862208,204800,-1184768
-94208,-1314816,-339968,-980992,-248832,-519168,-995328,284672,670720,991232,94208,-274432,-722944,-1611776,-1594368,-538624,-883712,-1265664,-1427456,-614400,904192,-912384,-172032,323584,155648,-1537024,-174080,530432,-871424,-205824,821248,-1418240,-1275904,-548864,-412672,-1076224,-324608,-422912,-540672,-739328,-1049600,-836608,-97280,-316416,-352256,788480,-123904,-1245184,-1061888,-1616896,-971776,-668672,-586752,-928768,1400832,-1024,-41984,-87040,-580608,-901120,24576,26624,-1110016,-551936,-514048,-215040,-303104,-1716224,-23552,-59392,-307200,-218112,-1906688,1024,66560,-423936,16384,454656,-381952,-44032,-758784,-1184768,-321536,-131072,-184320,798720,-741376,-935936,-1426432,-670720,-675840,-261120,-1224704,-256000,366592,-1573888,-1233920,21504,-1229824,121856,-801792,-212992,283648,310272,600064,777216,-1083392,-330752,-930816,41984,-1803264,-621568,-919552,-1575936,-675840,-487424,-529408,-1205248,-297984,-1393664,-249856,-512000,-653312,41984,-969728,-68608,-676864,-339968,-1539072,-1065984,-709632,438272,-748544,-126976,417792,15360,-2331648,-1226752,-188416,-1465344,-21504,-133120,-977920,1217536,634880,-1252352,124928,-852992,-1684480,-633856,-850944,-355328,-263168,-1085440,342016,-840704,-158720,-880640,-1154048,-832512,31744,543744,-291840,-743424,-288768,-366592,-159744,-318464,-701440,-1089536,-880640,-1327104,-986112,-1336320,-841728,328704,-1114112,-1398784,586752,-237568,-627712,-707584,-912384,187392,3072,-198656,433152,-558080,146432,-20480,-132096,-1588224,-751616,-271360,-616448,-138240,-555008,-454656,-479232,-1009664,-1038336,-403456,-160768,-578560,150528,365568,-699392,-1484800,-787456,-912384,-542720,-1677312,-663552,-112640,-749568,605184,390144,240640,-747520,-241664,-2623488,-1396736,-972800,-683008,-34816,-1090560,-1094656,-1078272,-1204224,-2031616,166912,334848,-1033216,-193536,282624,-31744,-1242112,-962560,-1245184,-693248,-406528,369664,-1356800,-193536,-783360,-1106944,-608256,-1217536,-2155520,-1321984,-398336,-209920,148480,-66560,-1338368,-1008640,-1363968,-863232,-878592,671744,144384,-1344512,-700416,598016,-447488,-1074176,-328704,-1425408,-688128,175104,-1042432,-933888,-243712,113664,-427008,-196608,-1776640,312320,-1792000,-152576,-1667072,-501760,-277504,-788480,776192,-891904,-636928,-532480,-1669120,-865280,183296,-81920,-1324032,-1827840,-1389568,-1513472,-1098752,-599040,592896,-437248,-509952,-51200,-1281024,-749568,-721920,500736,-360448,-609280,-333824,796672,303104,-1005568,-179200,-148480,-1099776,-1307648,-1062912,-1179648,-287744,403456
-512000,-247808,381952,83968,848896,652288,-4096,-800768,-424960,-197632,365568,-1369088,13312,-696320,345088,1179648,-211968,142336,-596992,-911360,159744,-1044480,-233472,532480,634880,-364544,7168,1180672,-1336320,-208896,-797696,367616,-441344,1265664,242688,986112,-613376,533504,567296,-807936,-47104,762880,-403456,-245760,-1024000,-815104,292864,-670720,-307200,-1566720,-450560,-105472,378880,282624,-174080,-135168,-454656,212992,-928768,454656,641024,210944,-505856,822272,381952,-440320,-612352,-423936,360448,-1433600,-1076224,-934912,69632,-201728,129024,-541696,285696,-811008,106496,-404480,304128,251904,-787456,324608,-680960,447488,-245760,-851968,-730112,732160,-691200,1330176,-56320,-1492992,-270336,-1244160,-275456,-30720,68608,942080,1104896,-780288,-373760,263168,-145408,-335872,-67584,-396288,656384,-419840,197632,1490944,-228352,291840,1386496,-893952,82944,-660480,769024,-754688,321536,-130048,125952,-633856,1171456,-1948672,-191488,-1934336,371712,-74752,-323584,-328704,-35840,-123904,-755712,790528,484352,-435200,521216,796672,681984,-1216512,703488,-271360,564224,-914432,-1523712,327680,-656384,-999424,31744,-593920,-797696,-275456,-215040,-624640,420864,-1097728,-1200128,-633856,-408576,473088,624640,370688,172032,-1599488,137216,452608,179200,-51200,900096,-1172480,-629760,-1177600,270336,-120832,190464,-1372160,402432,377856,-379904,-10240,225280,-1174528,-585728,825344,-58368,-354304,-601088,-575488,328704,-13312,-393216,-1142784,39936,260096,-663552,-611328,-221184,841728,-1287168,896000,-175104,-291840,-368640,-1159168,-451584,-615424,-79872,-663552,-551936,180224,-129024,135168,561152,444416,-947200,-209920,911360,101376,-337920,-186368,-414720,-1079296,-463872,-473088,-310272,-166912,2048,222208,257024,513024,-388096,-322560,-1031168,-80896,-253952,-519168,-968704,-686080,-532480,-527360,-795648,547840,-109568,-466944,-11264,-312320,-894976,212992,-989184,80896,492544,-619520,353280,-945152,-764928,499712,-969728,565248,-190464,528384,-400384,16384,-729088,101376,-50176,815104,1790976,-616448,755712,-355328,-1001472,-1188864,-1100800,-232448,570368,-916480,-1046528,349184,-220160,-507904,-1223680,-144384,-585728,-675840,-556032,96256,-1188864,-517120,-1380352,-911360,-276480,-227328,-109568,-659456,-47104,22528,-78848,1487872,10240,-257024,-1547264,-325632,235520,-876544,1077248,-336896,143360,-394240,-270336,-1336320,-409600,396288,-1113088,-353280,461824,-881664,392192,-220160
-766976,-212992,1349632,55296,534528,-197632,-496640,-917504,-1144832,-315392,165888,-319488,16384,-1442816,-847872,-351232,471040,246784,1114112,-163840,-362496,-988160,-792576,505856,-448512,-1769472,-2789376,-32768,-268288,26624,-4096,0,-723968,-375808,-888832,-1474560,-89088,-68608,-1937408,-367616,1055744,-58368,-483328,-1728512,-262144,-176128,-963584,285696,1068032,-1218560,-624640,270336,271360,-1841152,543744,-1375232,-487424,-97280,-292864,821248,448512,-909312,-1155072,11264,-1354752,435200,-241664,-31744,970752,818176,-297984,166912,-833536,-189440,-338944,-2466816,-866304,-473088,-215040,-1350656,-79872,-922624,-183296,-1323008,-1199104,-698368,-5120,-1156096,232448,-567296,-483328,488448,-403456,-831488,355328,-70656,-193536,486400,500736,-215040,258048,-967680,-1095680,-200704,-287744,-694272,294912,-1415168,-1570816,-151552,-1218560,-2086912,-882688,7168,-439296,-226304,499712,-1515520,430080,-369664,-674816,-1148928,-456704,-544768,993280,547840,555008,435200,-1820672,-577536,-1364992,-314368,-444416,165888,-1683456,-555008,633856,-588800,-446464,-496640,-2546688,-803840,-955392,-310272,1333248,-634880,321536,-1114112,-1200128,-99328,-411648,-126976,-960512,-837632,-966656,347136,1008640,104448,420864,-39936,-110592,-51200,-1443840,-809984,148480,-1409024,-887808,670720,-685056,941056,-310272,-1123328,-1490944,483328,-2988032,522240,-519168,-584704,848896,-1179648,-649216,-922624,-1177600,864256,-947200,125952,506880,-489472,35840,884736,28672,-1441792,-966656,-640000,276480,-675840,49152,-517120,509952,-179200,49152,-1787904,-238592,-2215936,-471040,558080,-133120,-1607680,160768,-257024,-144384,-804864,-1787904,-884736,-933888,308224,97280,-778240,-803840,252928,245760,-1016832,-904192,-968704,-660480,-820224,-952320,399360,-453632,-395264,-833536,-263168,-735232,-609280,-919552,-275456,-1093632,-329728,-111616,-631808,-336896,-1557504,-1083392,-326656,-398336,-283648,259072,679936,-159744,-772096,-1371136,-360448,-412672,-1200128,374784,-1063936,-831488,215040,326656,-1750016,-1143808,-1366016,-1469440,302080,-564224,-93184,-172032,-380928,-518144,-104448,-579584,342016,-126976,-468992,811008,-380928,313344,-490496,-1006592,-1196032,-381952,-110592,-806912,501760,-501760,-438272,-1540096,-864256,-988160,-1144832,540672,-671744,-15360,817152,802816,408576,-272384,-748544,-1285120,-845824,-964608,-1233920,-894976,-485376,357376,72704,-1577984,-496640,-749568,-1360896,-1181696,842752,-245760,-239616,-948224,-387072,-1696768,-1691648,-1380352,-1062912
44032,-772096,-1577984,-1163264,70656,-1262592,886784,495616,-1145856,-114688,-551936,253952,-940032,-440320,-573440,-225280,-1053696,-689152,14336,-412672,-342016,-726016,649216,1128448,34816,1059840,-849920,-299008,93184,190464,-588800,612352,948224,41984,708608,-61440,274432,207872,-74752,-382976,-311296,-1619968,-1294336,-274432,-852992,106496,-532480,-926720,588800,116736,107520,1304576,-721920,908288,95232,-885760,-68608,-214016,358400,-1117184,-924672,-828416,135168,174080,-8192,791552,-615424,-323584,-618496,90112,179200,-832512,-123904,-1662976,489472,-666624,-103424,-204800,-415744,380928,-1534976,462848,-141312,-370688,353280,-532480,320512,-433152,-1001472,296960,-1435648,-295936,279552,471040,473088,-467968,-899072,-243712,-657408,209920,-414720,-759808,-928768,-404480,478208,-458752,103424,-1299456,660480,-1140736,-262144,-574464,1346560,-1063936,-675840,-1584128,-1278976,-1053696,-588800,-1287168,-529408,1057792,-192512,363520,-1293312,448512,-837632,343040,-133120,-473088,-196608,334848,-751616,-248832,-380928,-1635328,-212992,-1677312,61440,98304,140288,-135168,-975872,413696,-559104,614400,-1391616,409600,-144384,-137216,408576,-401408,1005568,395264,-261120,-1580032,100352,-877568,-165888,-322560,-823296,-627712,629760,665600,539648,-1054720,793600,-40960,62464,647168,-567296,468992,-222208,209920,411648,977920,-841728,-262144,44032,1053696,-1174528,-887808,-579584,448512,378880,57344,-1900544,1216512,384000,126976,-221184,-1026048,-666624,-140288,-364544,-391168,365568,-119808,-560128,-407552,-303104,-408576,1037312,-83968,1017856,14336,444416,-444416,40960,-904192,-503808,13312,392192,538624,-244736,102400,139264,-1265664,-1631232,317440,-210944,-697344,-653312,36864,-317440,-246784,-394240,-1164288,604160,185344,-1076224,-97280,-154624,-1031168,-323584,-1170432,-1487872,-272384,816128,-1824768,-54272,-243712,-595968,-262144,-303104,-660480,267264,-929792,343040,-867328,-873472,1127424,-424960,-78848,948224,-1153024,-1205248,136192,629760,235520,435200,-822272,-646144,-250880,-184320,-1127424,-2002944,-300032,-1053696,92160,-1348608,670720,311296,630784,656384,-609280,43008,123904,375808,-485376,-408576,-96256,-43008,-813056,-776192,-299008,-779264,334848,-77824,1158144,378880,-93184,587776,13312,-1185792,-102400,-699392,-378880,322560,81920,-881664,-766976,-379904,217088,-654336,106496,-203776,-1243136,-1325056,-892928,-192512,487424,455680,-590848,-1086464,819200,300032,586752,504832,35840
-187392,210944,1019904,768000,937984,198656,-855040,-670720,-866304,-950272,1178624,71680,-709632,982016,-745472,-435200,-652288,-124928,-1380352,125952,-425984,-180224,1184768,74752,-104448,-34816,376832,-531456,863232,-488448,-228352,246784,371712,-131072,-443392,297984,-590848,-94208,-402432,481280,438272,279552,649216,1435648,-315392,96256,705536,97280,736256,308224,584704,-269312,171008,-399360,-737280,787456,-2676736,144384,628736,528384,1256448,1064960,-190464,2048,610304,-214016,-498688,-158720,1129472,675840,558080,337920,555008,-100352,-1983488,-376832,22528,531456,-598016,-206848,101376,292864,-904192,17408,-1940480,375808,-307200,4096,-410624,471040,52224,508928,196608,-1844224,-944128,-108544,-169984,-1313792,1178624,342016,164864,-73728,-433152,-598016,-887808,-1767424,284672,322560,582656,-636928,-991232,-44032,-705536,439296,837632,-553984,519168,1199104,-338944,-462848,-1250304,-299008,591872,-693248,89088,-259072,-531456,1140736,-267264,-193536,651264,607232,-534528,117760,-363520,696320,690176,180224,1146880,89088,330752,-285696,702464,-379904,-6144,594944,551936,46080,-91136,-525312,-1061888,-5120,599040,560128,408576,-855040,884736,966656,431104,365568,-36864,161792,1026048,1068032,735232,657408,-843776,-693248,-248832,-886784,679936,-863232,122880,-260096,225280,-1167360,479232,-508928,318464,658432,354304,-203776,-674816,662528,1020928,302080,398336,1910784,-183296,-1693696,-165888,-410624,-957440,18432,-259072,-175104,28672,-379904,-6144,-303104,-265216,-548864,-434176,1250304,297984,1891328,1339392,11264,-1309696,314368,480256,-1303552,-387072,-749568,-26624,581632,-414720,-712704,-646144,-482304,52224,-182272,-356352,147456,-199680,-971776,125952,-759808,947200,-100352,-1024000,364544,461824,-369664,392192,220160,-531456,956416,680960,695296,-1090560,-351232,616448,211968,988160,-487424,-953344,-63488,-303104,381952,-285696,-152576,-1138688,103424,-77824,-324608,-112640,421888,1124352,-601088,-205824,187392,144384,228352,251904,-395264,229376,1448960,-722944,-1360896,637952,-1437696,-532480,380928,67584,1078272,-475136,-632832,184320,272384,-1592320,1110016,1130496,222208,76800,435200,850944,-227328,-1245184,665600,570368,324608,123904,260096,-1089536,-447488,-44032,-1252352,-224256,-131072,-971776,377856,-126976,177152,556032,628736,-178176,-252928,-423936,-601088,-2017280,543744,636928,-22528,-382976,-1458176,329728,306176,398336,-598016
-303104,-204800,390144,-374784,-2008064,-524288,525312,-48128,690176,-644096,-656384,-745472,-32768,-399360,-1665024,-83968,718848,181248,1068032,-1312768,219136,-953344,-530432,-556032,-1228800,-1053696,512000,51200,66560,257024,-939008,188416,-760832,-359424,-667648,-166912,-20480,1022976,-712704,-1656832,-503808,-423936,-1155072,313344,301056,-548864,385024,-193536,-1442816,-760832,-1876992,-967680,-1230848,990208,70656,-221184,-1329152,354304,-406528,208896,-95232,-142336,-144384,-1539072,-250880,206848,-859136,-662528,510976,-485376,-586752,-1180672,-1263616,36864,-116736,-1051648,93184,-443392,-1086464,-1187840,-2095104,417792,86016,-508928,-308224,124928,348160,791552,-1382400,-1692672,-1473536,-55296,-206848,-338944,-527360,19456,-1036288,-846848,-1145856,-487424,160768,-768000,-523264,-480256,-850944,-748544,83968,-388096,-932864,-830464,293888,-463872,132096,1205248,613376,-283648,-899072,-838656,-38912,-307200,75776,-909312,-31744,-326656,-1259520,-230400,858112,-1802240,-518144,-507904,-756736,645120,1036288,100352,0,-1296384,-273408,-556032,-497664,-355328,-582656,-542720,50176,-287744,-147456,-1199104,-246784,-750592,-1159168,-898048,-1091584,-353280,128000,561152,-705536,-1498112,-1715200,-70656,-24576,-930816,-906240,-935936,752640,677888,190464,-319488,-202752,-754688,-1141760,-465920,-347136,-946176,-1160192,-1046528,-327680,-317440,-442368,-474112,430080,-830464,482304,-1263616,-1211392,121856,-222208,587776,-512000,-1172480,-424960,-1063936,-528384,-1148928,-1298432,-726016,914432,-617472,-182272,-145408,-540672,-607232,-1316864,-780288,-1077248,24576,-315392,-1249280,-145408,-263168,-1779712,-347136,-629760,-695296,-919552,-315392,74752,-354304,206848,-978944,-1417216,-1588224,-1542144,443392,-1620992,1170432,-744448,-1422336,-66560,-990208,-289792,-1461248,-782336,-792576,405504,132096,623616,202752,-493568,-71680,-586752,1024,-206848,-67584,-117760,-794624,-799744,-2256896,-389120,-766976,-1666048,-1303552,-153600,-758784,-513024,-852992,-777216,-718848,-1062912,-929792,-1316864,447488,99328,-1155072,-369664,392192,-724992,-758784,36864,-1214464,-29696,-625664,-283648,1021952,615424,-1310720,-56320,-869376,-1361920,56320,-197632,-675840,-738304,-239616,-227328,-1142784,-549888,-552960,-1446912,-1167360,754688,-1061888,-481280,-76800,-484352,-1196032,-1116160,-709632,-583680,-1585152,-630784,-763904,-2340864,-375808,-878592,287744,-199680,-17408,-574464,-881664,-227328,-354304,-54272,-378880,-1274880,-1249280,-649216,-311296,-89088,-700416,-457728,-342016
361472,-509952,403456,731136,1050624,232448,501760,331776,445440,-258048,-439296,565248,1479680,-281600,115712,218112,405504,-855040,617472,-631808,-30720,427008,-214016,491520,1069056,-222208,-74752,-1414144,-1280000,-1094656,1313792,-157696,375808,580608,782336,408576,-267264,-525312,-167936,832512,711680,665600,-151552,918528,-304128,-83968,421888,-234496,-861184,-897024,206848,178176,397312,463872,190464,396288,-102400,-124928,527360,-86016,702464,1048576,-460800,1889280,-347136,184320,-455680,1097728,376832,688128,-478208,-323584,634880,-1069056,352256,-716800,-825344,932864,662528,1170432,466944,376832,589824,-1039360,-164864,772096,-1085440,-1030144,504832,427008,1537024,1580032,1280000,-572416,-446464,-783360,-692224,-872448,-649216,58368,-171008,-68608,-297984,-743424,105472,215040,190464,269312,289792,717824,930816,1291264,472064,-139264,105472,588800,357376,1133568,-464896,1686528,276480,1015808,-5120,103424,-1585152,253952,1011712,2048,555008,178176,-173056,-315392,97280,78848,-884736,-658432,569344,1464320,508928,-670720,-648192,1127424,136192,290816,549888,-924672,369664,1422336,449536,-1451008,-498688,45056,238592,-490496,-19456,-451584,-106496,834560,-780288,258048,-1241088,1092608,1403904,10240,1124352,714752,-1606656,-734208,826368,52224,1319936,-351232,-1104896,-599040,528384,-1203200,1159168,-1020928,423936,627712,-700416,-464896,906240,207872,294912,-734208,-691200,-1801216,-901120,1437696,-84992,503808,90112,131072,15360,455680,-1870848,-90112,-209920,-277504,-802816,-820224,-602112,4096,192512,786432,-131072,-1199104,-1065984,-1105920,-539648,-2048000,1537024,-177152,-529408,1323008,-339968,749568,75776,-1012736,759808,-256000,581632,-583680,-50176,-1666048,186368,-381952,-446464,-193536,765952,152576,437248,44032,-561152,197632,-845824,-204800,566272,141312,-775168,-397312,307200,-483328,-687104,197632,-817152,756736,20480,-551936,-1032192,-6144,-311296,180224,-1457152,238592,212992,279552,821248,33792,14336,-174080,172032,-1069056,476160,-691200,1156096,986112,-1785856,-125952,-199680,-92160,-815104,-904192,-781312,-227328,1321984,46080,-208896,93184,-457728,371712,1152000,-645120,520192,-1148928,-803840,34816,248832,386048,-332800,540672,521216,189440,877568,-1135616,-158720,-572416,-367616,-705536,-614400,-604160,304128,838656,675840,713728,180224,-362496,-721920,658432,-1261568,-1321984,69632,1017856,-28672,1112064,324608,16384,1050624,130048
-288768,334848,863232,26624,-1175552,-1330176,23552,-182272,-1189888,343040,980992,-41984,777216,365568,431104,385024,-604160,-385024,814080,-155648,-116736,1503232,-570368,307200,-290816,-1661952,-880640,345088,-973824,1161216,-13312,-716800,14336,-193536,-1841152,267264,-97280,542720,31744,48128,188416,-699392,204800,194560,-993280,-437248,-71680,76800,1492992,387072,-929792,687104,-58368,799744,-552960,-982016,-924672,-1309696,-485376,-776192,-146432,-1002496,-903168,-1222656,186368,535552,-1091584,649216,121856,130048,-586752,-250880,-571392,198656,-1030144,-1123328,595968,-657408,231424,-577536,107520,129024,57344,-256000,-1982464,783360,203776,150528,150528,-1069056,-569344,70656,-1126400,512000,-369664,-1070080,1172480,-374784,663552,-672768,-887808,-2447360,-636928,-1034240,-111616,-267264,137216,26624,-883712,-343040,-1091584,-185344,-420864,-740352,-169984,180224,-768000,2048,276480,-1349632,77824,818176,-1040384,770048,-275456,-89088,92160,442368,-665600,-254976,117760,316416,1610752,-474112,87040,-280576,-777216,-600064,-2048,-2102272,123904,321536,-936960,671744,-633856,-602112,-679936,-849920,-589824,-864256,549888,1140736,-135168,263168,133120,415744,180224,-531456,-694272,-253952,-391168,-238592,814080,270336,-1360896,1200128,-29696,-102400,-147456,720896,-827392,-657408,218112,176128,764928,520192,429056,585728,-2050048,-162816,1275904,-150528,-370688,-976896,163840,285696,233472,-777216,-2447360,824320,-665600,-57344,40960,143360,-617472,291840,672768,1115136,-163840,-1710080,-53248,-256000,-2466816,-1230848,-224256,-295936,-462848,-439296,-677888,-1512448,-1114112,-1334272,-312320,-967680,-693248,-25600,-94208,-1207296,-75776,278528,-902144,-473088,-1270784,124928,249856,479232,161792,209920,-862208,-1124352,-143360,-235520,-438272,-263168,-1969152,613376,192512,-407552,-561152,-856064,-1657856,-72704,-251904,-291840,-384000,653312,-635904,-326656,-220160,-1629184,-324608,88064,28672,-157696,-201728,-200704,81920,-280576,-1471488,-604160,-1227776,556032,-293888,204800,219136,567296,-1622016,-641024,-1210368,-735232,899072,-138240,-755712,392192,25600,-1231872,101376,159744,-1594368,-306176,203776,291840,-77824,-446464,-786432,-839680,-1154048,-914432,472064,-1433600,-1622016,585728,62464,1342464,288768,-278528,-813056,-1819648,458752,-363520,775168,236544,-361472,-260096,-211968,-705536,-432128,499712,-630784,26624,-1100800,1368064,-841728,-892928,445440,65536,-1903616,265216,-559104,269312
-220160,-690176,-1496064,637952,-631808,-38912,-173056,311296,-300032,-1029120,-14336,-476160,-922624,257024,-1996800,630784,-17408,-10240,188416,144384,-880640,-955392,-410624,-1174528,-139264,1243136,154624,1743872,-790528,-1506304,160768,-324608,476160,-157696,-195584,647168,-371712,362496,-152576,603136,-1226752,315392,167936,-692224,144384,68608,-587776,-632832,-988160,-858112,1805312,-1134592,-297984,888832,249856,-966656,576512,-1283072,-1660928,-674816,-305152,114688,551936,1137664,-504832,-398336,-1475584,-495616,-2029568,221184,-360448,-277504,167936,241664,237568,316416,-1281024,503808,-1496064,92160,169984,15360,-289792,1290240,-1130496,-314368,-37888,165888,732160,-484352,-739328,422912,-473088,-277504,-120832,591872,-358400,-107520,-239616,-755712,657408,-891904,205824,1683456,-483328,-378880,-82944,-701440,-18432,-672768,-683008,812032,-909312,-352256,-422912,-1832960,41984,-555008,-192512,904192,99328,-153600,137216,-1376256,-997376,441344,-9216,-927744,-714752,-757760,-267264,109568,-200704,-386048,-684032,186368,-103424,-913408,350208,570368,-175104,-1402880,634880,-555008,-1669120,-406528,456704,418816,-151552,200704,515072,-654336,160768,-94208,-1137664,397312,89088,-550912,-860160,-575488,-840704,-1065984,-556032,329728,676864,-489472,-743424,477184,-408576,-1539072,70656,34816,589824,117760,-1078272,94208,-289792,-829440,-863232,-1606656,-625664,534528,-190464,189440,-115712,-153600,-1823744,-408576,-1410048,-753664,796672,-806912,560128,89088,-1656832,905216,-62464,660480,-522240,-190464,-974848,215040,-269312,-523264,146432,-528384,-224256,-438272,292864,-729088,-334848,226304,824320,-146432,-354304,280576,-166912,-2374656,-362496,-747520,601088,250880,236544,-512000,-1985536,-793600,-715776,-771072,285696,-848896,924672,1288192,-1842176,-1436672,-848896,-1607680,160768,403456,-1491968,-24576,-1457152,-118784,-291840,-90112,-532480,44032,977920,-1634304,559104,-1275904,151552,-423936,-399360,-864256,254976,-1398784,-827392,-494592,-57344,957440,-500736,-1670144,-1570816,-171008,-1412096,-187392,-592896,-248832,933888,-675840,211968,-687104,-295936,-37888,-359424,-280576,-685056,-1018880,231424,-331776,-346112,-680960,122880,-533504,-1638400,163840,-463872,622592,-335872,-606208,-1061888,-155648,-100352,-2056192,405504,-409600,648192,14336,384000,-959488,1573888,-521216,-210944,-523264,-174080,-654336,66560,-598016,-841728,-602112,-491520,218112,282624,-219136,-651264,-965632,302080,-1356800,-230400,0
897024,416768,308224,-1029120,-48128,-16384,407552,715776,-265216,388096,745472,541696,-402432,94208,190464,177152,320512,-977920,353280,-427008,-11264,1007616,239616,-817152,-621568,-315392,836608,1220608,395264,65536,807936,116736,1954816,608256,-404480,579584,-449536,49152,689152,537600,-150528,1558528,81920,-107520,-1758208,90112,-257024,672768,-151552,516096,-100352,150528,766976,866304,200704,-1754112,-1161216,120832,32768,547840,1733632,285696,401408,-830464,-1650688,-92160,57344,108544,995328,-228352,622592,58368,-1148928,-288768,1202176,-438272,793600,723968,-1203200,375808,27648,-129024,121856,-108544,568320,1039360,-31744,276480,-40960,-238592,-437248,537600,722944,-817152,579584,732160,713728,296960,21504,-93184,-446464,-1173504,521216,1009664,360448,395264,-122880,1328128,531456,249856,172032,-409600,-1102848,-286720,29696,-224256,116736,-145408,1140736,-519168,1254400,87040,470016,-29696,410624,-804864,604160,-217088,-979968,618496,-171008,-466944,77824,491520,159744,678912,-809984,-585728,143360,222208,556032,-478208,567296,52224,229376,365568,516096,142336,375808,443392,352256,186368,148480,-178176,-617472,710656,-399360,-495616,417792,-1000448,-249856,-1179648,1471488,361472,315392,-2151424,1016832,18432,-318464,620544,555008,774144,-202752,39936,-475136,119808,-211968,277504,191488,-361472,318464,-897024,71680,-433152,-218112,-514048,273408,931840,-239616,1273856,-1177600,239616,-482304,844800,108544,196608,-296960,-1494016,1333248,354304,601088,77824,-48128,-66560,-485376,403456,630784,737280,1007616,681984,612352,540672,-1469440,-380928,229376,-1558528,1391616,-756736,-227328,-751616,-1112064,113664,-802816,428032,-911360,-337920,-369664,179200,-99328,174080,103424,716800,-65536,-1714176,-611328,-809984,993280,-75776,780288,-421888,-214016,-1063936,452608,1748992,337920,73728,128000,478208,1024,-28672,-522240,-857088,1597440,-578560,1004544,-435200,1032192,189440,-517120,-126976,168960,-869376,1289216,813056,651264,959488,154624,33792,-399360,-159744,-408576,-104448,-630784,35840,739328,-551936,269312,-567296,-373760,-1540096,34816,437248,267264,451584,-777216,-946176,193536,-399360,318464,-751616,2182144,645120,-43008,1110016,1112064,81920,-70656,-1056768,-273408,-519168,393216,-33792,-77824,-88064,1510400,4096,-573440,-595968,-688128,166912,-173056,-610304,-277504,-595968,344064,603136,-12288,-74752,-496640,566272
-1388544,-595968,575488,-377856,308224,-628736,582656,537600,-1018880,251904,-4096,-216064,-893952,181248,-712704,484352,1201152,-819200,277504,-641024,-689152,-566272,-162816,-478208,-507904,-119808,177152,965632,316416,-174080,-831488,-222208,-939008,-291840,318464,64512,1263616,-1179648,166912,212992,328704,-676864,-507904,-420864,-643072,671744,-40960,1057792,31744,-757760,-983040,577536,-1576960,-224256,456704,-1185792,-837632,-465920,-707584,239616,301056,56320,778240,1676288,-409600,784384,-710656,-632832,-1463296,-476160,-169984,-352256,121856,8192,15360,-782336,-355328,114688,374784,-583680,-66560,-881664,-967680,901120,175104,-173056,-198656,-848896,-371712,83968,65536,-289792,357376,-732160,262144,264192,-564224,41984,-135168,-968704,-452608,716800,-653312,-120832,-387072,-442368,21504,-2080768,-838656,-289792,-1482752,-1177600,842752,-301056,5120,-557056,-1447936,-603136,-1718272,-105472,-142336,-59392,-474112,-482304,-1280000,-796672,-1465344,56320,487424,-649216,-34816,36864,647168,573440,-1088512,-409600,-1080320,-1093632,-803840,46080,-407552,375808,784384,-1619968,-1075200,-1289216,-1175552,-562176,-117760,-267264,-437248,-686080,-231424,1319936,-197632,-661504,-62464,-1014784,860160,124928,-185344,-61440,637952,776192,-103424,-364544,1673216,-1577984,-68608,244736,-740352,-319488,-868352,-556032,-249856,-362496,-70656,111616,-380928,-605184,-869376,-1897472,-1309696,23552,230400,424960,-100352,-747520,-117760,-1835008,53248,-52224,-130048,995328,11264,716800,92160,-264192,-346112,-44032,-190464,272384,-116736,495616,-591872,529408,619520,-920576,358400,-1015808,-10240,-1021952,308224,1141760,205824,-1354752,-825344,-1002496,61440,-434176,-204800,-335872,-350208,254976,-726016,-675840,-419840,951296,-2282496,403456,165888,-632832,-1133568,-964608,-291840,1267712,-940032,437248,-154624,-1100800,-285696,-526336,786432,-820224,-1217536,-124928,601088,-2570240,1181696,-510976,880640,1660928,-290816,-783360,-534528,129024,-2194432,-644096,-325632,11264,-96256,404480,-494592,1300480,-364544,-727040,-521216,756736,-713728,-1248256,-24576,610304,-281600,-512000,-722944,-75776,-945152,-769024,-595968,-1035264,-69632,1221632,-1748992,-928768,-915456,-1166336,-358400,-600064,-362496,-921600,-935936,13312,-439296,432128,-997376,1046528,-454656,3072,-69632,-427008,-571392,-606208,-284672,-567296,378880,-753664,-179200,-274432,163840,-260096,685056,-202752,-315392,-473088,-794624,728064,475136,-1996800,338944,-62464
650240,400384,210944,70656,-263168,-798720,512000,1292288,-116736,-1308672,670720,1357824,752640,347136,700416,354304,480256,-153600,-262144,1083392,622592,89088,215040,120832,443392,-964608,-156672,80896,326656,-145408,-259072,570368,749568,524288,-212992,474112,172032,-657408,-67584,-304128,377856,98304,223232,476160,851968,-580608,1169408,444416,437248,1042432,-306176,409600,228352,125952,-983040,1039360,-1170432,-676864,-692224,396288,408576,738304,-245760,5120,-807936,-536576,357376,181248,414720,1141760,476160,1858560,800768,509952,609280,-153600,-26624,544768,-402432,855040,356352,-856064,503808,-8192,-450560,-505856,-31744,316416,-559104,1200128,-411648,335872,917504,-46080,-136192,23552,1878016,429056,1661952,1622016,647168,290816,933888,-252928,536576,912384,776192,375808,544768,1203200,491520,793600,-470016,-167936,-1311744,-1235968,-7168,531456,1145856,1059840,373760,-374784,701440,-655360,904192,596992,779264,-69632,697344,700416,400384,-1276928,594944,905216,112640,1276928,-403456,734208,1154048,22528,971776,843776,-657408,-691200,789504,5120,748544,1059840,-1017856,1071104,698368,886784,-926720,259072,625664,-766976,202752,-245760,73728,1105920,-650240,536576,-212992,394240,80896,-431104,-548864,760832,-507904,8192,1506304,-115712,1592320,-382976,110592,541696,-111616,488448,465920,984064,-388096,-53248,126976,-919552,-28672,-1074176,-831488,952320,-494592,154624,844800,-1054720,1350656,-119808,-585728,-1012736,62464,1052672,930816,-8192,546816,760832,-133120,1577984,72704,-1404928,-224256,-135168,1363968,836608,492544,1000448,-23552,370688,-204800,-391168,224256,135168,144384,729088,-92160,177152,-392192,-530432,-772096,-23552,180224,362496,-338944,323584,1247232,-1259520,699392,-802816,-935936,294912,-306176,-271360,-740352,696320,-51200,489472,-738304,-55296,944128,424960,-698368,434176,162816,733184,-789504,163840,-247808,-278528,-587776,996352,699392,1091584,260096,500736,-616448,-636928,-440320,133120,1596416,-685056,891904,537600,-161792,408576,1020928,-1123328,498688,637952,268288,-277504,521216,-439296,1102848,304128,-125952,-1344512,420864,-635904,1142784,22528,-1271808,460800,-594944,-323584,537600,185344,-91136,433152,889856,428032,-561152,1495040,1449984,-444416,-1491968,191488,95232,546816,794624,1419264,200704,382976,285696,-550912,-186368,-1402880,-860160,312320,263168,204800,-269312,494592,-787456,361472
-1096704,51200,-573440,-278528,-1490944,-1175552,571392,-78848,-1317888,-349184,-569344,175104,-414720,-169984,-803840,69632,-525312,-855040,182272,-1364992,543744,-217088,-761856,-52224,-145408,-869376,677888,-166912,445440,-666624,-474112,379904,-678912,-989184,68608,-724992,-361472,-113664,726016,305152,150528,692224,-599040,106496,-485376,314368,1893376,-1463296,0,-307200,789504,228352,-931840,-584704,-208896,-1689600,-112640,1254400,-190464,-167936,-372736,243712,-1853440,-45056,-47104,-69632,-88064,-446464,-136192,-494592,-224256,-954368,-753664,-254976,-442368,325632,617472,-249856,256000,92160,-1042432,-941056,959488,-1060864,928768,-458752,-19456,-47104,-205824,477184,216064,-37888,-58368,352256,148480,366592,-562176,215040,-153600,280576,-1045504,781312,64512,434176,1018880,-188416,-34816,-586752,599040,-1049600,-244736,-318464,238592,710656,740352,-704512,-789504,-999424,-858112,-1249280,1207296,-493568,185344,288768,488448,26624,-224256,-733184,353280,-1478656,-778240,679936,467968,-504832,458752,13312,-328704,-91136,-731136,269312,-280576,-1029120,-726016,235520,928768,-733184,-275456,-1174528,735232,-1055744,630784,-100352,78848,1500160,651264,-542720,-1303552,-440320,492544,-16384,334848,226304,166912,-1370112,-209920,-31744,-1088512,-717824,1077248,-83968,-1219584,1421312,-605184,739328,612352,-84992,606208,-1308672,580608,964608,207872,-803840,1124352,93184,128000,198656,-300032,-636928,-367616,-561152,164864,-831488,147456,132096,82944,627712,172032,-817152,-785408,22528,-386048,-579584,695296,-185344,79872,752640,-391168,-869376,250880,-494592,-843776,-156672,-136192,-261120,45056,-1320960,22528,-46080,-286720,-950272,-965632,-478208,-701440,1123328,889856,571392,-414720,-113664,-1332224,491520,513024,342016,-508928,413696,1095680,-1126400,131072,-227328,-626688,-1278976,109568,-385024,979968,381952,-602112,-399360,-468992,-1095680,-793600,-848896,425984,-154624,-1545216,444416,-421888,1864704,603136,-86016,-563200,319488,-369664,183296,-119808,-137216,-1361920,537600,-217088,644096,-842752,-720896,483328,-836608,787456,917504,-156672,610304,-743424,-823296,-241664,-135168,812032,1317888,-157696,451584,671744,-862208,-712704,398336,646144,446464,414720,934912,172032,91136,-1307648,-479232,-950272,565248,-1291264,-386048,-2104320,132096,-1226752,-50176,-734208,-1135616,208896,734208,-179200,1423360,-8192,-603136,-129024,58368,263168,-765952,230400,-326656,478208,527360
-39936,-3232768,137216,-324608,297984,1165312,-398336,-555008,750592,-847872,-362496,-626688,-555008,-756736,-210944,-468992,958464,-954368,-391168,308224,-296960,-1007616,-192512,290816,318464,-422912,-2162688,-200704,737280,163840,-390144,-52224,-159744,635904,-1529856,-640000,-1374208,-844800,-40960,-873472,-1174528,-535552,-861184,79872,-177152,-795648,-1217536,-286720,-836608,416768,546816,-201728,100352,-485376,-1352704,134144,-316416,-751616,377856,40960,-684032,-311296,-1013760,1542144,902144,-229376,-796672,-755712,-399360,-1130496,-770048,-1285120,233472,1604608,-406528,-254976,480256,-699392,40960,647168,683008,1261568,562176,621568,48128,-392192,-499712,-313344,-730112,-262144,-129024,-1550336,27648,499712,575488,-1249280,-88064,303104,-754688,1086464,799744,362496,-1081344,61440,719872,-993280,-542720,-1005568,487424,-115712,654336,-1436672,807936,-801792,-636928,-1132544,-150528,242688,-801792,1018880,345088,-926720,-817152,-354304,-599040,-1019904,-184320,122880,-759808,656384,1289216,699392,-1664000,-1744896,-516096,-82944,-113664,-501760,548864,-873472,-340992,-828416,852992,-516096,275456,1802240,-735232,-1006592,1117184,218112,134144,-379904,-692224,-2674688,-451584,674816,-1050624,2055168,-197632,-919552,-1019904,-680960,313344,-205824,70656,-548864,-1695744,-305152,-1835008,-1107968,-392192,91136,-1950720,878592,-479232,0,-160768,-423936,-1973248,128000,367616,180224,512000,680960,-1059840,-665600,-1436672,-593920,-254976,-710656,618496,260096,-440320,412672,-117760,-921600,-184320,-855040,109568,-899072,-592896,-1051648,-615424,-797696,356352,-293888,-889856,372736,-53248,208896,221184,753664,-1402880,-451584,-1440768,302080,-2194432,-152576,-827392,-1003520,821248,-34816,-606208,-1271808,989184,-1980416,-1422336,-1244160,-1067008,-191488,-574464,-501760,-835584,-1357824,-705536,494592,-695296,-1076224,-590848,-812032,-417792,-519168,466944,-670720,-813056,-1428480,-1372160,-178176,-869376,-1420288,-1357824,-125952,-182272,-872448,38912,115712,-782336,-845824,-232448,417792,591872,187392,-1942528,-1349632,244736,271360,198656,-1043456,-787456,-1271808,-627712,324608,18432,498688,-1745920,-482304,652288,-642048,-737280,-1331200,-345088,575488,-827392,-1050624,-936960,356352,656384,776192,-590848,811008,-870400,-176128,-1776640,-1207296,-1100800,-612352,-216064,-301056,-518144,-207872,-593920,-2000896,-82944,-613376,81920,-40960,-376832,-305152,4096,640000,-526336,-699392,-527360,-187392,-1168384,-437248,-794624,-1011712,214016,-105472
527360,16384,150528,30720,-345088,-900096,1176576,462848,313344,474112,77824,443392,1333248,992256,985088,-1153024,-1989632,247808,-951296,-780288,1563648,200704,-310272,-959488,-507904,-1080320,382976,1149952,147456,548864,84992,1561600,296960,-523264,86016,-214016,754688,560128,115712,707584,-717824,-1319936,393216,-1332224,641024,1022976,887808,-112640,354304,482304,432128,-362496,33792,310272,99328,562176,985088,734208,598016,-56320,699392,752640,744448,-69632,-489472,1413120,-47104,911360,-1026048,897024,-1087488,-786432,-399360,-145408,303104,-521216,303104,630784,865280,40960,1507328,-374784,68608,-1115136,651264,748544,-31744,420864,915456,929792,-986112,-121856,-569344,348160,439296,480256,949248,-741376,119808,705536,-709632,550912,-186368,262144,172032,1046528,497664,-289792,1419264,530432,475136,-24576,1645568,-654336,1782784,-162816,1103872,-88064,110592,723968,-84992,-864256,-189440,434176,929792,1170432,417792,-371712,583680,896000,-764928,105472,65536,746496,1804288,513024,-115712,598016,91136,477184,-243712,230400,208896,299008,450560,1040384,391168,-154624,632832,-675840,-119808,-1315840,161792,431104,-720896,-319488,256000,-1678336,324608,1391616,1010688,-675840,305152,1191936,-1339392,-362496,700416,-320512,1230848,444416,-1112064,952320,-536576,433152,918528,1606656,-755712,441344,-389120,908288,535552,150528,-327680,271360,488448,851968,1061888,887808,1404928,33792,1337344,-76800,-1571840,-733184,-922624,732160,-841728,245760,1893376,-141312,915456,-313344,-743424,-61440,1147904,-108544,1045504,167936,-871424,-166912,399360,442368,156672,194560,-322560,1790976,53248,744448,-453632,-140288,-587776,569344,94208,-1215488,-857088,-145408,916480,-624640,-627712,-239616,-622592,-1069056,268288,41984,-142336,1212416,-24576,297984,-71680,-706560,-823296,-815104,1508352,450560,799744,-172032,-188416,-1377280,-891904,-748544,462848,-21504,-30720,435200,26624,-136192,626688,-377856,250880,427008,362496,-32768,349184,-123904,868352,399360,-259072,-526336,801792,-590848,759808,272384,-104448,683008,357376,436224,-890880,-747520,-550912,699392,609280,-356352,457728,-733184,-249856,663552,-588800,267264,1018880,-67584,-516096,633856,359424,1735680,-242688,-1616896,-808960,-560128,-804864,977920,-508928,-227328,527360,664576,489472,-843776,1057792,-2168832,-837632,807936,287744,-666624,61440,-678912,-122880,-811008,-386048,901120,444416,715776
-167936,-40960,-703488,-633856,-1293312,-1008640,1235968,64512,-917504,-1412096,508928,-1460224,-723968,-732160,82944,-251904,62464,-241664,86016,21504,583680,-564224,-396288,12288,367616,-275456,486400,183296,324608,57344,1174528,-224256,-296960,967680,663552,-13312,970752,-868352,915456,-457728,-637952,98304,-449536,-1046528,-33792,-420864,-320512,-304128,-985088,-1054720,-268288,-773120,-726016,68608,214016,265216,397312,-74752,-898048,-488448,-778240,-689152,-527360,66560,258048,-672768,520192,-668672,-1076224,-577536,-441344,388096,-43008,-89088,-367616,-855040,-1601536,-449536,-1040384,-692224,924672,-756736,-344064,1219584,821248,-905216,-229376,-1309696,100352,-638976,292864,436224,-240640,114688,-531456,-756736,530432,-742400,-1643520,-565248,-342016,0,-43008,1397760,-22528,-246784,-1241088,-136192,-78848,-1060864,53248,376832,-1118208,228352,-1089536,-1059840,-453632,-197632,1037312,-648192,337920,-816128,-623616,-211968,-1041408,-1644544,-1187840,-729088,-510976,332800,-686080,771072,-283648,76800,-883712,-1055744,-548864,-327680,309248,-228352,429056,-303104,41984,-529408,-620544,-998400,-481280,-199680,-355328,196608,-1145856,-942080,761856,-7168,-253952,672768,-933888,-1025024,-897024,-495616,-751616,536576,-920576,196608,-545792,1293312,-539648,577536,-740352,-919552,-624640,294912,-906240,290816,793600,-398336,-336896,-904192,-677888,-1221632,-2176000,-1433600,-631808,-292864,231424,-1202176,353280,-136192,-646144,-350208,-114688,300032,883712,-868352,845824,90112,86016,-584704,4096,-543744,-988160,-66560,-989184,-36864,482304,-698368,-750592,-925696,-1300480,-702464,-663552,-808960,414720,-6144,35840,-998400,-844800,-875520,-646144,231424,-513024,-88064,235520,110592,-355328,-1024000,-34816,-98304,-721920,100352,-486400,-184320,44032,116736,-878592,-291840,-1278976,51200,1199104,423936,-1795072,1067008,-1050624,-541696,-565248,-882688,-1233920,-379904,-257024,1523712,307200,-1065984,-239616,-1384448,-1448960,-560128,-1193984,39936,-238592,-902144,266240,45056,-877568,-957440,566272,-715776,-1337344,-931840,-284672,768000,-1221632,-1007616,-1014784,-1133568,-684032,594944,-1987584,134144,1067008,130048,-872448,-1740800,-605184,973824,-2049024,-675840,-280576,-1355776,-646144,-392192,-1303552,-124928,975872,-1118208,121856,-252928,-257024,316416,-750592,-25600,-393216,-692224,-891904,-1449984,163840,-214016,-31744,-911360,-970752,-4096,-509952,30720,-997376,-441344,-769024,-963584,-685056,625664,-800768,-185344
245760,-621568,-446464,207872,296960,56320,-531456,117760,-675840,856064,885760,1118208,1900544,730112,59392,740352,-133120,-542720,1249280,840704,257024,16384,302080,1126400,1040384,-52224,-513024,-1116160,512000,228352,412672,707584,872448,-811008,1212416,-423936,935936,-516096,487424,-236544,1927168,674816,720896,1260544,-1484800,1117184,-357376,5120,135168,572416,345088,-1125376,-39936,56320,1420288,117760,-539648,-439296,-30720,584704,560128,-225280,731136,234496,703488,-759808,470016,-814080,1460224,477184,479232,250880,141312,815104,474112,468992,1258496,-295936,288768,799744,94208,722944,-590848,593920,-402432,493568,1027072,1010688,92160,-565248,223232,-888832,612352,247808,956416,664576,954368,745472,479232,-45056,272384,707584,-330752,429056,-288768,-855040,954368,728064,-1035264,198656,211968,-907264,474112,-1172480,1050624,441344,-751616,-55296,-280576,-394240,-12288,200704,-994304,-161792,317440,312320,1018880,-143360,1326080,-768000,-677888,-234496,691200,-80896,972800,220160,734208,410624,-286720,1430528,-381952,176128,-183296,411648,26624,589824,1163264,256000,1120256,-489472,1299456,-572416,-1015808,697344,583680,621568,497664,-138240,-264192,-619520,188416,645120,217088,451584,-361472,-211968,338944,-508928,-656384,420864,-309248,141312,-640000,297984,-179200,169984,-430080,-400384,-573440,-865280,540672,-912384,-514048,91136,189440,-831488,100352,792576,364544,622592,1136640,1085440,185344,-571392,-2185216,165888,530432,-94208,-19456,68608,92160,707584,-357376,111616,51200,178176,-1618944,1316864,188416,-241664,254976,-10240,-351232,-604160,330752,360448,1016832,-472064,294912,619520,-215040,-276480,389120,-1363968,877568,142336,438272,832512,-143360,-268288,188416,-684032,-227328,-721920,-319488,92160,-290816,-602112,117760,548864,996352,-830464,-275456,-707584,39936,630784,-9216,-130048,-113664,132096,-1000448,651264,295936,368640,-1215488,-380928,1009664,178176,-1024000,251904,-418816,-1863680,757760,-293888,-210944,873472,676864,28672,-546816,713728,136192,160768,-652288,-376832,-73728,194560,-309248,389120,-534528,-882688,-403456,236544,-966656,-467968,-593920,674816,73728,727040,-1301504,-661504,-961536,-318464,-233472,-1505280,287744,-201728,939008,-914432,1291264,-701440,-292864,-318464,-885760,832512,641024,588800,257024,-288768,-568320,1130496,462848,-449536,168960,-438272,868352,-54272,1107968,-920576,518144,1025024
708608,1074176,-142336,718848,-59392,-545792,503808,684032,-782336,1233920,-758784,-702464,263168,115712,7168,778240,592896,718848,-263168,276480,-462848,-224256,437248,-563200,-1554432,1115136,645120,603136,1167360,-856064,-331776,-830464,-126976,1460224,1336320,-960512,-621568,62464,-590848,1844224,948224,-212992,-59392,140288,893952,661504,865280,1904640,28672,-577536,433152,-873472,153600,-352256,462848,81920,658432,-163840,-156672,-97280,107520,-1538048,-940032,976896,1704960,259072,-920576,1026048,-179200,-90112,-987136,-744448,611328,1206272,-300032,675840,167936,408576,1145856,388096,701440,235520,394240,967680,739328,9216,952320,378880,78848,1495040,-388096,-578560,-846848,-1043456,651264,-568320,-874496,1143808,563200,-377856,-628736,94208,-132096,656384,439296,870400,596992,286720,-1480704,63488,-830464,527360,-311296,574464,-132096,317440,-503808,-534528,912384,312320,-371712,-116736,1302528,1583104,-755712,-962560,462848,319488,-207872,-402432,628736,463872,1609728,720896,563200,441344,401408,-175104,-795648,524288,-406528,565248,-95232,-342016,975872,-979968,-206848,220160,777216,-788480,642048,766976,-272384,104448,1122304,-248832,1436672,739328,39936,510976,311296,744448,795648,74752,91136,673792,-415744,-982016,-318464,535552,641024,-435200,-283648,1001472,680960,-1038336,937984,-510976,351232,-651264,79872,-31744,-209920,784384,-29696,1094656,497664,223232,-437248,-602112,721920,-17408,80896,318464,1213440,-194560,399360,-641024,-978944,549888,-698368,285696,417792,691200,699392,738304,417792,269312,123904,-874496,-141312,822272,108544,769024,-899072,-358400,-585728,-1415168,-783360,-719872,-1482752,452608,26624,-154624,100352,-694272,225280,-212992,-663552,952320,-748544,-200704,-1063936,195584,-346112,-248832,905216,737280,-2422784,1537024,82944,193536,381952,-681984,-450560,-833536,-930816,-930816,543744,993280,747520,376832,874496,-802816,644096,-496640,-138240,1497088,-1053696,535552,188416,-480256,437248,322560,-1475584,-337920,-596992,23552,293888,364544,818176,-8192,777216,-224256,-484352,460800,94208,-2023424,-1192960,-137216,277504,520192,-984064,-463872,-331776,-563200,-331776,252928,-138240,370688,613376,-345088,299008,-689152,-542720,-161792,-1259520,-950272,278528,-941056,-10240,-942080,-359424,-615424,263168,-617472,-861184,-607232,116736,1030144,990208,147456,353280,-415744,-1777664,-671744,-58368,-19456,584704,1044480
-1772544,-576512,1141760,616448,-20480,-1278976,-1682432,-728064,-293888,-1856512,-1075200,-311296,-82944,-331776,-363520,-281600,-809984,-1059840,-720896,-483328,-1024000,-707584,-766976,-1184768,-1059840,-1122304,-250880,-1247232,-939008,-1390592,-1152000,425984,-416768,-204800,271360,-660480,-330752,-1818624,-875520,-971776,-262144,-363520,415744,131072,192512,-1017856,-1314816,-274432,-1691648,-44032,-611328,-1097728,454656,-768000,-809984,-223232,-502784,-367616,-529408,-1011712,543744,-165888,-475136,-351232,-459776,225280,-965632,-1816576,-453632,-850944,-1003520,-457728,93184,-565248,-831488,-87040,-2128896,-29696,-1222656,396288,70656,230400,180224,-710656,-9216,-614400,-45056,-1522688,-794624,-389120,-31744,-887808,-876544,-455680,-176128,-491520,-1157120,-842752,813056,243712,-263168,-711680,-343040,-242688,-1189888,-2142208,121856,-399360,-915456,598016,-696320,-1634304,-238592,-313344,-2077696,-125952,80896,-1777664,117760,-1130496,-538624,24576,-933888,-1514496,-989184,-735232,-1247232,17408,-273408,-59392,-491520,-1845248,-521216,-789504,-196608,296960,-482304,-896000,744448,-908288,-1620992,-430080,-2220032,-2101248,-2037760,-1144832,-388096,-250880,-197632,-185344,-96256,529408,-643072,-1566720,-1015808,-1346560,-212992,652288,1036288,35840,-1220608,-1091584,-590848,-735232,-285696,-287744,-1341440,-1864704,-2054144,-388096,-824320,-1483776,-277504,-1596416,-788480,-435200,-1694720,-1758208,513024,-1843200,-376832,118784,-360448,63488,612352,-716800,-768000,-592896,-828416,-1326080,-936960,-1076224,-555008,-14336,-1313792,-1491968,-878592,-1162240,-1775616,175104,-226304,-960512,-242688,-251904,-498688,-199680,-1490944,-1936384,-637952,-625664,509952,-231424,-673792,-1393664,100352,-962560,-1328128,-269312,35840,704512,-637952,-430080,-914432,-1108992,-1918976,-788480,-304128,-1100800,-327680,-800768,-1236992,-764928,-789504,-1313792,-1878016,-941056,-1329152,-336896,-728064,-621568,-348160,-47104,-1807360,-248832,-788480,-1477632,-395264,-587776,-109568,-599040,-2050048,-672768,-621568,-2342912,-575488,489472,-1092608,168960,-335872,-470016,-944128,-671744,-1377280,-475136,-471040,-378880,387072,-1156096,-678912,-1081344,-237568,-459776,-729088,-357376,-840704,39936,-497664,-33792,-871424,-496640,-931840,-1759232,-1472512,-805888,146432,-650240,-280576,-301056,-311296,-156672,-337920,-1800192,-477184,-144384,-714752,12288,-108544,-677888,-1103872,-908288,-2070528,-275456,-207872,-171008,-1538048,-643072,-193536,-772096,-1453056,-1426432,-913408,-128000,-561152,-574464,-179200,-715776,-1127424,-635904,316416,365568
136192,-159744,-592896,1089536,-288768,-508928,-550912,494592,196608,540672,861184,207872,360448,-136192,-547840,-1051648,-237568,489472,-558080,237568,684032,-964608,-323584,687104,-1598464,678912,311296,-1227776,27648,-183296,1603584,-110592,-256000,-1072128,1335296,-998400,32768,614400,-674816,1016832,26624,224256,260096,-377856,-956416,1139712,-210944,-264192,1602560,515072,381952,-282624,547840,-611328,97280,433152,15360,-37888,1389568,21504,31744,1171456,-177152,-517120,971776,-168960,-772096,833536,137216,912384,1213440,-113664,181248,532480,-992256,1389568,-2270208,449536,599040,-252928,-395264,-188416,-1712128,212992,-200704,105472,1099776,222208,-28672,342016,1024,-241664,19456,1735680,684032,954368,277504,-1326080,142336,-420864,-202752,-347136,1015808,-1271808,146432,68608,-82944,-247808,1103872,259072,921600,128000,-336896,-306176,920576,1227776,471040,385024,335872,535552,166912,-738304,1154048,442368,1572864,-584704,-428032,139264,291840,-965632,-721920,21504,-71680,139264,10240,893952,-47104,467968,-299008,619520,-603136,-614400,1355776,588800,1222656,475136,-508928,-1387520,663552,-409600,696320,-26624,-173056,1376256,1333248,137216,-714752,-1129472,-205824,736256,509952,-185344,818176,-727040,217088,96256,70656,676864,977920,-72704,-168960,-316416,-826368,-104448,-746496,-343040,70656,56320,217088,471040,277504,1257472,440320,-710656,311296,551936,-577536,962560,-557056,-688128,-676864,627712,-400384,209920,1201152,306176,1145856,-416768,237568,651264,17408,-254976,746496,-309248,-819200,1165312,-169984,-177152,1059840,308224,1138688,-488448,-815104,-683008,478208,677888,-462848,1210368,1108992,-464896,652288,393216,-20480,-620544,788480,1948672,-69632,204800,-752640,-442368,-1850368,-794624,-839680,933888,678912,763904,447488,-108544,-423936,-1648640,1246208,-26624,433152,857088,-360448,-78848,934912,-371712,-1253376,1837056,204800,-631808,883712,-21504,238592,180224,-826368,-234496,-283648,-281600,-497664,-510976,160768,730112,-268288,-80896,425984,155648,-838656,-686080,155648,302080,1302528,-91136,234496,-768000,-822272,-254976,-1076224,355328,-178176,220160,566272,-431104,-1260544,-324608,941056,-792576,-11264,-483328,-319488,-16384,-253952,-647168,-146432,572416,263168,-1470464,8192,2061312,1132544,-624640,410624,-5120,112640,517120,-63488,-610304,-872448,-346112,693248,-1144832,-652288,-78848,659456,-646144,1889280,55296,-282624,755712
-107520,-1765376,-410624,-1250304,-842752,542720,-1086464,-1396736,619520,-986112,-1416192,317440,-1938432,-262144,-53248,736256,-125952,-1199104,-659456,948224,-704512,29696,179200,-229376,654336,-208896,-1559552,-506880,20480,-438272,-2819072,-836608,820224,-738304,-701440,670720,-1387520,-143360,66560,-1000448,-916480,100352,-949248,659456,-1056768,16384,906240,718848,-365568,-3072,-881664,284672,220160,-18432,744448,-780288,-252928,-978944,-849920,-1063936,297984,117760,-1045504,545792,46080,-1190912,-1021952,-417792,668672,-877568,-590848,-532480,-704512,-99328,1213440,-194560,-62464,312320,1371136,-425984,-1028096,-434176,-142336,310272,-546816,-60416,782336,-24576,454656,-736256,-172032,445440,92160,-321536,116736,-467968,1370112,-456704,-688128,1521664,-563200,1113088,-91136,-607232,-615424,-859136,-2793472,-208896,101376,-387072,658432,-697344,-527360,-205824,-1426432,-959488,-1364992,-902144,-154624,-189440,-491520,287744,-1080320,145408,-267264,957440,-197632,1000448,-80896,-335872,-908288,-333824,-852992,130048,318464,-1631232,-356352,-64512,256000,-372736,-317440,201728,-1200128,-676864,-1858560,-398336,970752,-384000,1255424,438272,-297984,-858112,-408576,-693248,234496,-434176,-655360,403456,-560128,160768,-435200,-729088,-1377280,-143360,852992,320512,198656,-1843200,-874496,-2268160,-59392,52224,259072,310272,94208,-579584,-577536,-125952,-222208,309248,-585728,-724992,-778240,-87040,-642048,-831488,-1666048,-47104,-1072128,-1432576,-611328,-221184,-355328,-105472,-10240,-195584,-530432,-510976,-760832,-348160,-196608,-1307648,-147456,783360,-188416,-665600,-898048,-1946624,-1360896,-1241088,-386048,109568,-1983488,100352,-882688,-568320,-1583104,434176,-816128,-751616,859136,-219136,624640,125952,-740352,-151552,-465920,-826368,-624640,-726016,-1100800,-153600,-1927168,-797696,190464,-249856,-834560,-514048,-397312,-281600,1046528,-847872,92160,-1092608,274432,-1415168,-145408,-1275904,425984,1248256,-183296,-357376,-1183744,-522240,-358400,33792,-691200,-1348608,-627712,-939008,-1639424,-459776,-161792,-1286144,-707584,-96256,52224,-251904,-736256,1159168,334848,-842752,-165888,-435200,-571392,764928,297984,-823296,407552,63488,-1010688,-659456,-1703936,-1018880,-262144,172032,-773120,-512000,7168,-925696,-216064,-248832,595968,188416,190464,-171008,307200,-503808,-1361920,-1901568,-687104,-580608,-110592,-1286144,-348160,-581632,-1140736,307200,-1003520,-1013760,-1853440,-408576,-883712,-1009664,-241664,-778240,622592,419840,-545792,494592
-737280,2127872,64512,-982016,791552,-984064,284672,-758784,-81920,249856,-439296,544768,-80896,129024,143360,195584,-41984,409600,-684032,-537600,508928,-421888,-283648,719872,1076224,-1550336,-406528,-70656,485376,-976896,-403456,480256,-648192,22528,-191488,-552960,113664,-373760,178176,757760,376832,-1336320,1192960,173056,-1313792,-1249280,410624,1543168,417792,261120,-444416,1225728,1477632,357376,-169984,314368,93184,594944,908288,517120,787456,-362496,1274880,-446464,385024,-237568,995328,894976,-358400,279552,54272,564224,820224,1133568,986112,627712,58368,-661504,535552,1250304,208896,133120,596992,242688,169984,202752,149504,1049600,416768,181248,46080,-331776,-867328,-241664,-870400,264192,-879616,104448,937984,-418816,1092608,-591872,488448,388096,349184,710656,88064,1382400,-1043456,96256,-436224,-246784,-1529856,267264,263168,-116736,1592320,-632832,-118784,1058816,778240,-451584,814080,450560,478208,1022976,751616,-308224,809984,276480,994304,644096,11264,309248,-436224,-621568,429056,-214016,-670720,-115712,-10240,945152,65536,82944,56320,-109568,203776,292864,-528384,894976,-791552,-620544,156672,760832,-281600,-1346560,755712,9216,35840,-411648,-800768,-125952,266240,756736,-319488,-335872,-375808,400384,310272,358400,-693248,-685056,-263168,-801792,388096,-221184,-369664,-84992,-216064,57344,333824,1178624,-68608,-157696,394240,-366592,-1537024,-157696,-648192,12288,300032,149504,-326656,-542720,795648,-353280,235520,415744,198656,669696,-62464,-19456,-507904,-1101824,404480,834560,-503808,-11264,-54272,-287744,923648,-948224,-915456,-1702912,104448,229376,-13312,-859136,300032,932864,185344,-72704,-343040,-741376,-861184,1172480,285696,-858112,-186368,552960,-18432,-1218560,-60416,-319488,315392,117760,-157696,494592,-641024,47104,-7168,19456,-304128,-54272,-173056,79872,-107520,-952320,896000,-284672,32768,543744,-1227776,-517120,393216,794624,319488,71680,305152,-1517568,-1077248,319488,1025024,47104,286720,-256000,-741376,-1117184,-390144,-1458176,-832512,-354304,-395264,301056,502784,-1309696,1516544,-230400,-518144,847872,-521216,168960,1767424,-121856,595968,-27648,-562176,-762880,797696,-552960,-380928,-1104896,97280,515072,-194560,40960,275456,-557056,498688,594944,-551936,-108544,32768,571392,26624,-582656,272384,-267264,776192,-548864,264192,-1158144,-202752,-461824,372736,-947200,-572416,-66560,266240,-356352
550912,1235968,-797696,443392,-109568,774144,1054720,-325632,1274880,643072,116736,866304,369664,-885760,1647616,-53248,412672,-52224,-135168,-365568,-867328,-417792,-814080,858112,-69632,-538624,1250304,-397312,179200,771072,580608,19456,583680,115712,503808,1033216,82944,217088,752640,800768,-334848,137216,856064,-523264,254976,-316416,595968,563200,747520,208896,1165312,-1220608,-668672,463872,842752,1277952,339968,793600,1954816,671744,-1676288,908288,1051648,1097728,818176,-198656,71680,890880,1259520,-125952,309248,706560,212992,363520,1224704,354304,454656,1534976,867328,-599040,-366592,-234496,1024,40960,-151552,-368640,-379904,-901120,439296,-451584,-686080,401408,296960,1008640,130048,-1862656,115712,-137216,-1781760,-274432,1207296,-656384,1053696,612352,166912,1093632,606208,-624640,-410624,-536576,555008,1628160,-268288,1426432,263168,-349184,-436224,-243712,-965632,-86016,564224,405504,566272,-748544,884736,1100800,615424,-6144,-200704,1222656,741376,946176,944128,378880,324608,-10240,-669696,246784,15360,1562624,282624,677888,240640,-631808,395264,740352,308224,698368,-73728,1174528,1161216,1425408,488448,741376,-144384,990208,418816,-369664,-582656,574464,467968,-33792,-491520,22528,1189888,132096,-812032,-439296,1627136,-501760,-787456,267264,608256,283648,-889856,-306176,-153600,358400,1361920,587776,-151552,-1526784,-22528,-313344,-590848,99328,649216,-35840,-530432,-1375232,-1055744,-646144,-276480,70656,-132096,-473088,-306176,316416,374784,260096,-163840,-750592,241664,457728,760832,271360,1004544,385024,-318464,346112,407552,1404928,-964608,102400,663552,299008,305152,598016,1619968,-166912,147456,14336,226304,719872,-73728,313344,-863232,-535552,-1274880,778240,667648,1338368,514048,451584,1853440,2048,-111616,-466944,647168,999424,1521664,1619968,34816,71680,274432,-1179648,-861184,-374784,5120,1078272,414720,-784384,151552,806912,-313344,891904,183296,379904,296960,327680,29696,151552,937984,-80896,-889856,1139712,976896,608256,792576,81920,842752,133120,-100352,367616,-1373184,-2286592,-1117184,360448,265216,1337344,33792,157696,-18432,785408,-740352,122880,-457728,-330752,589824,102400,304128,345088,661504,-387072,440320,886784,-929792,1256448,665600,839680,-462848,-1058816,-813056,-424960,-771072,-628736,1519616,-425984,97280,2126848,450560,771072,-95232,611328,-473088,378880,334848,-65536,448512,-662528
-1625088,227328,410624,108544,-455680,49152,-1551360,-514048,-226304,-121856,-222208,-1137664,-507904,-78848,266240,-1150976,-862208,-1204224,-1306624,-2381824,-939008,109568,-643072,1052672,-260096,-987136,-1010688,-112640,-1661952,0,-497664,-337920,-134144,302080,-1243136,-485376,-551936,-891904,-269312,-658432,-769024,36864,-843776,-582656,-69632,-1315840,-871424,-1147904,-223232,-1121280,275456,-1054720,296960,-225280,-1067008,-870400,642048,108544,-50176,-761856,567296,-1163264,32768,144384,473088,207872,-744448,-889856,-368640,-948224,285696,-1002496,354304,-1150976,-209920,-1548288,367616,-38912,-35840,250880,-608256,-203776,-406528,-522240,-1146880,-239616,-590848,-505856,-473088,223232,-774144,-848896,323584,122880,-514048,-496640,917504,302080,-77824,-335872,-1335296,612352,-953344,465920,-788480,-613376,-607232,-154624,1009664,-376832,-923648,4096,-705536,-2592768,-733184,277504,-1217536,-684032,-769024,-25600,-256000,69632,-83968,581632,-1154048,-442368,618496,-101376,-77824,-747520,-269312,-1467392,-179200,-828416,-67584,487424,-465920,537600,204800,625664,30720,-1644544,-970752,-9216,588800,697344,-302080,205824,-523264,-1444864,-232448,232448,-685056,-201728,289792,-1211392,-1193984,-481280,-287744,-216064,434176,-814080,-793600,-95232,-1025024,617472,-93184,-307200,-199680,-367616,-501760,-20480,5120,-1440768,-804864,-1386496,-2092032,-1061888,-438272,528384,-279552,184320,885760,-1120256,-1750016,-1311744,-114688,-460800,-631808,908288,-200704,-45056,-594944,-200704,-701440,-1490944,-336896,418816,-503808,-1356800,106496,1050624,-466944,-695296,-466944,461824,114688,-95232,-280576,-562176,101376,-423936,48128,-360448,-1734656,624640,-525312,-385024,814080,-120832,-954368,-1338368,-440320,-905216,-83968,-881664,-894976,630784,-345088,405504,-719872,-1384448,-295936,-931840,-171008,-220160,-181248,-1699840,-742400,-40960,-1375232,-1472512,-357376,406528,337920,-451584,-454656,423936,-755712,-1131520,-881664,-39936,-1358848,-1441792,200704,-1053696,944128,-512000,183296,123904,-835584,-94208,-201728,49152,-973824,-533504,-837632,-578560,-963584,-508928,479232,-410624,-217088,462848,-692224,67584,-706560,-1883136,-703488,-1293312,-253952,-587776,-1371136,-1182720,-839680,175104,992256,199680,-1188864,-1017856,-2094080,-246784,-794624,132096,1235968,885760,-1242112,-740352,-275456,-1883136,-56320,-333824,-787456,657408,-1761280,-728064,694272,-587776,-819200,-1664000,-189440,-3072,193536,1161216,-379904,-1288192,-97280,-137216,-648192,868352
-543744,-792576,1001472,423936,542720,-482304,343040,-332800,487424,2037760,245760,198656,-827392,-73728,-1312768,631808,173056,1100800,1959936,-1096704,4096,409600,-498688,-889856,689152,-1626112,-1240064,656384,900096,1083392,-524288,173056,116736,-1075200,97280,197632,606208,-30720,203776,-942080,178176,517120,-10240,-16384,277504,697344,812032,-517120,169984,551936,781312,-109568,100352,-941056,509952,-589824,-184320,461824,824320,-712704,1422336,843776,909312,787456,-836608,601088,-45056,-291840,183296,1327104,14336,-794624,-717824,617472,482304,44032,327680,435200,1102848,855040,698368,-864256,-1170432,571392,-695296,363520,466944,1282048,64512,1192960,-2309120,-17408,752640,264192,376832,408576,313344,-488448,505856,-69632,315392,1221632,1058816,975872,-162816,504832,376832,630784,870400,109568,1118208,1272832,-216064,325632,-284672,1208320,-113664,90112,473088,984064,-77824,484352,1078272,701440,817152,433152,1454080,232448,-372736,132096,-512000,-28672,545792,703488,-7168,364544,467968,21504,128000,752640,-526336,958464,667648,1128448,451584,-571392,-88064,1308672,492544,547840,-96256,699392,1024,-1134592,-524288,-70656,412672,-1184768,-110592,-446464,-284672,152576,-1115136,820224,-51200,-598016,470016,-208896,338944,1781760,-496640,-1238016,-763904,661504,612352,717824,474112,141312,-230400,699392,-666624,-628736,515072,141312,1342464,-873472,-64512,-335872,204800,-99328,970752,-1207296,-289792,928768,-73728,868352,1312768,595968,-157696,-281600,-279552,2053120,-343040,-197632,-282624,-1315840,735232,268288,631808,-617472,-1218560,-1441792,591872,1494016,-640000,-51200,-86016,315392,-996352,687104,1215488,112640,1516544,-473088,589824,984064,186368,57344,114688,-544768,21504,1434624,417792,331776,569344,443392,-48128,-1058816,-1002496,-433152,754688,-356352,164864,444416,1175552,1090560,311296,143360,-1298432,114688,1477632,679936,703488,812032,447488,-482304,-1974272,797696,-60416,465920,212992,-139264,540672,1177600,822272,-377856,-204800,-1479680,55296,421888,293888,540672,99328,-74752,-446464,-90112,395264,410624,35840,392192,706560,-30720,751616,403456,177152,-585728,-679936,761856,395264,1271808,1065984,537600,-110592,433152,321536,-455680,548864,835584,-38912,-646144,1898496,1420288,-1111040,-109568,282624,-1648640,827392,-453632,-473088,358400,-335872,118784,-573440,-305152,-980992,-32768,-675840,-1128448,-33792,-83968
-897024,596992,63488,-137216,-859136,-823296,-622592,-251904,-287744,52224,-770048,-47104,1457152,-827392,-201728,494592,-456704,-685056,-1423360,-342016,-1152000,-654336,135168,497664,627712,-1037312,323584,1090560,-940032,-422912,-778240,16384,21504,110592,-1808384,957440,-302080,-1214464,-1031168,-80896,121856,-2087936,-418816,-505856,851968,-134144,-432128,-883712,-1009664,-453632,-465920,71680,-1614848,1447936,-720896,-1263616,-1441792,331776,-1811456,-1056768,574464,-1092608,-263168,-483328,411648,808960,-954368,-1477632,568320,-645120,-720896,1162240,480256,-441344,-1512448,987136,-473088,483328,-418816,-290816,-702464,24576,-515072,400384,-328704,-459776,-601088,250880,-496640,798720,-433152,776192,-508928,-932864,-319488,-120832,1130496,-405504,587776,-283648,-291840,223232,923648,-106496,-451584,-1378304,-1002496,-695296,-223232,-708608,-1052672,-61440,-182272,57344,691200,-717824,321536,-566272,277504,-244736,31744,-129024,772096,-131072,-1073152,-1024,-237568,189440,31744,311296,-807936,410624,175104,485376,-69632,-481280,83968,-67584,1005568,-265216,-866304,-969728,-1022976,-1455104,-223232,430080,91136,-120832,855040,-1376256,393216,-978944,-446464,-652288,-93184,970752,-619520,424960,-146432,-959488,151552,-270336,-528384,922624,-1037312,397312,-880640,691200,-1242112,-713728,-1159168,309248,-1264640,184320,-834560,-1006592,-1528832,-190464,-287744,-854016,-1838080,-225280,240640,-1320960,436224,-855040,189440,-714752,286720,-1093632,1359872,-595968,904192,-398336,-137216,-753664,204800,-416768,418816,133120,-210944,214016,-239616,-566272,673792,-845824,-1896448,-356352,-1202176,333824,-340992,-1444864,-790528,-1782784,-470016,-893952,-1254400,-751616,-602112,-785408,-390144,-268288,-859136,-431104,417792,-655360,-926720,-1035264,636928,-122880,-186368,907264,146432,-838656,-516096,-222208,-851968,-1044480,-697344,251904,-312320,122880,-532480,57344,-2697216,-1240064,1694720,201728,118784,-1032192,331776,-1067008,-583680,-1079296,615424,413696,1250304,344064,550912,-425984,-382976,-1433600,-902144,-818176,-859136,-613376,-340992,-462848,-525312,-533504,-171008,-1647616,189440,-1178624,-799744,-459776,-672768,986112,-628736,-775168,-826368,26624,-1320960,-565248,262144,-984064,1178624,186368,-50176,188416,-775168,-675840,-409600,-1261568,-1054720,-547840,-193536,394240,-625664,0,-458752,-1539072,-441344,-376832,-15360,-532480,1602560,-1369088,132096,-807936,-359424,-739328,-336896,-995328,-324608,444416,-656384,81920,407552,-661504
-865280,553984,-389120,-508928,-951296,196608,-1278976,-326656,754688,-456704,57344,-697344,831488,-531456,-245760,-798720,-168960,236544,-990208,-183296,-143360,-142336,616448,-533504,611328,156672,-798720,-998400,-585728,513024,177152,1369088,-990208,202752,-201728,-451584,-1350656,-547840,-630784,282624,318464,-282624,69632,-692224,-2138112,359424,-196608,-44032,387072,-385024,1203200,-1885184,408576,410624,-84992,-473088,-374784,1367040,807936,39936,-101376,238592,-1018880,-148480,-478208,327680,-914432,123904,317440,770048,-606208,-161792,824320,-1129472,490496,1054720,-1316864,432128,-655360,162816,-226304,-356352,-1048576,-755712,-270336,247808,364544,372736,-496640,166912,-1086464,68608,-464896,-518144,-1478656,330752,-132096,-185344,985088,-173056,48128,-1758208,-1687552,645120,-410624,-525312,-98304,-312320,-238592,-661504,-427008,719872,-293888,-642048,-370688,-768000,-8192,-1040384,-2048,-186368,-818176,-1148928,116736,321536,49152,-637952,-29696,265216,-84992,-1235968,-1342464,-715776,-530432,-205824,717824,715776,-687104,-249856,-944128,-1034240,-46080,-230400,512000,-126976,632832,-945152,-114688,10240,-172032,-2285568,745472,-949248,-794624,1320960,307200,-561152,-417792,-665600,1121280,599040,113664,-370688,-504832,-240640,169984,-221184,-499712,292864,-718848,-741376,117760,-671744,-1496064,-154624,-635904,387072,-492544,282624,280576,1110016,96256,-664576,-329728,-1645568,-612352,-817152,-850944,-583680,561152,-1276928,-788480,-363520,-902144,134144,165888,-868352,-40960,-975872,-586752,276480,51200,-1232896,240640,107520,-408576,-388096,-9216,-191488,836608,-746496,-141312,-1651712,312320,-316416,-731136,-1719296,467968,539648,828416,-1269760,-1149952,38912,-1344512,15360,-732160,-279552,932864,-152576,-478208,-533504,-1247232,-59392,-658432,492544,-237568,144384,474112,-30720,-646144,-776192,-712704,-19456,299008,-315392,-1338368,139264,-412672,-1702912,-436224,109568,1192960,-894976,395264,-1038336,-79872,-413696,-670720,-295936,1687552,-1567744,-191488,-337920,113664,466944,-828416,-382976,182272,-704512,-1098752,-523264,-1352704,-630784,506880,-462848,-300032,-160768,-228352,523264,208896,487424,142336,-246784,-159744,614400,-834560,589824,-608256,-94208,-300032,-1080320,-484352,584704,-312320,-840704,-991232,-207872,-338944,-1396736,532480,546816,-378880,122880,301056,-74752,1074176,-363520,-253952,-160768,-1111040,-798720,442368,302080,-153600,912384,-398336,-248832,-90112,-714752,304128,161792
-45056,-1282048,-60416,-557056,-1003520,552960,1330176,450560,-174080,551936,54272,-194560,-411648,75776,-143360,144384,883712,1037312,399360,-131072,781312,-488448,-242688,102400,1052672,733184,-336896,-53248,922624,245760,838656,-332800,1230848,390144,1233920,1095680,1444864,-208896,591872,-568320,620544,962560,608256,819200,1485824,-421888,780288,1284096,739328,-388096,-411648,706560,785408,221184,814080,-220160,482304,647168,-56320,-1054720,1380352,-418816,256000,266240,1024000,-575488,713728,-216064,1321984,-379904,-455680,-400384,146432,-724992,659456,-498688,695296,100352,1043456,-271360,414720,641024,1068032,673792,252928,788480,159744,1190912,-339968,187392,1186816,568320,1645568,-896000,232448,-104448,467968,338944,-860160,291840,-896000,1253376,227328,192512,593920,690176,-98304,-766976,-182272,128000,1104896,1113088,761856,-21504,296960,288768,-442368,1305600,814080,-665600,84992,304128,1584128,494592,486400,527360,-1065984,-287744,653312,366592,-503808,655360,-221184,-786432,1190912,-174080,261120,867328,412672,274432,113664,945152,-1893376,-77824,890880,453632,-46080,421888,-204800,-1271808,1039360,-357376,964608,-856064,-495616,1234944,414720,-93184,-136192,792576,-664576,-107520,387072,-335872,218112,542720,77824,-142336,-202752,-620544,417792,-231424,301056,50176,82944,222208,-665600,608256,522240,-167936,26624,-734208,-222208,-9216,413696,417792,863232,909312,-162816,-486400,396288,1149952,312320,660480,-285696,-74752,-1185792,370688,-1103872,-360448,603136,546816,660480,1033216,-66560,-1192960,219136,-1086464,121856,735232,-174080,992256,958464,246784,-441344,237568,-537600,-1169408,532480,-1012736,290816,771072,1108992,-809984,252928,-142336,-718848,447488,1097728,-795648,462848,369664,273408,118784,-478208,-468992,-1091584,411648,804864,480256,-227328,353280,235520,858112,-272384,-1620992,-494592,1240064,537600,87040,641024,-250880,-1217536,121856,711680,222208,1013760,210944,-141312,1002496,-66560,381952,212992,-133120,-266240,627712,525312,308224,1885184,813056,-709632,-189440,-1144832,-541696,-1104896,-428032,-342016,432128,-1721344,81920,417792,-98304,121856,-685056,269312,270336,1021952,422912,-4096,961536,569344,209920,583680,-359424,245760,-430080,-821248,-744448,68608,-476160,36864,563200,-248832,7168,196608,633856,527360,648192,-25600,66560,-354304,-471040,-633856,-344064,401408,643072,557056,339968,1552384,82944
-6144,595968,-920576,-406528,-599040,-1255424,680960,-1251328,-1765376,-46080,-1022976,-348160,-989184,-540672,0,394240,-1391616,-815104,-415744,-1038336,-277504,-1370112,630784,57344,-1106944,-194560,214016,-1033216,-1537024,-292864,-307200,333824,455680,-1266688,-169984,-407552,-114688,-451584,605184,231424,-447488,-449536,378880,24576,-1190912,-1170432,36864,-157696,354304,-456704,456704,-379904,-497664,619520,-569344,-434176,-1018880,-122880,-123904,1111040,816128,-1388544,-518144,-149504,49152,-781312,411648,364544,-470016,-481280,1094656,-563200,-858112,-989184,-2057216,572416,-1471488,-286720,-130048,-199680,169984,501760,-82944,-1448960,-1283072,-1628160,-1537024,150528,-1016832,-1098752,431104,1142784,-297984,1010688,618496,68608,507904,131072,78848,443392,-728064,-24576,-1579008,-1829888,-536576,-26624,-421888,-245760,-673792,111616,-899072,-316416,-369664,-1800192,769024,-643072,-158720,-344064,-709632,-1257472,-273408,477184,-98304,-308224,-171008,-432128,-396288,379904,-695296,-1432576,-1117184,-902144,-798720,-309248,-222208,-449536,1095680,-608256,-108544,-596992,-310272,-1020928,-409600,-18432,-486400,-359424,-1269760,-698368,474112,-534528,-612352,-864256,96256,-840704,-526336,344064,301056,-326656,-109568,464896,-271360,-75776,-14336,-176128,-526336,-664576,-205824,-1082368,-712704,-676864,-400384,-318464,10240,-484352,-594944,-2156544,-644096,-1332224,-247808,280576,-27648,675840,-1658880,-305152,-1112064,-422912,-67584,790528,-433152,-1065984,-1162240,148480,-1412096,-1429504,-727040,-1068032,-423936,445440,-123904,-147456,517120,-993280,-951296,-401408,-377856,-713728,-864256,-574464,-122880,-486400,403456,-253952,314368,-649216,292864,187392,-485376,905216,242688,-129024,732160,-527360,-784384,235520,29696,-585728,-381952,-860160,-793600,-1389568,-492544,-669696,-308224,403456,-306176,-487424,-906240,121856,-335872,-528384,-740352,310272,-209920,-115712,1016832,-1711104,1024,-506880,-1251328,243712,-11264,-2396160,-140288,400384,-112640,486400,-2352128,320512,396288,-844800,-798720,-555008,-390144,-1563648,1018880,-1490944,-908288,-1481728,-849920,340992,-619520,-505856,-937984,-533504,-309248,-1774592,-194560,-915456,-1290240,342016,160768,-1172480,-775168,-841728,-645120,-716800,-402432,214016,136192,-2759680,-608256,-1370112,-448512,499712,-1260544,-1557504,-264192,-932864,-518144,200704,510976,-302080,416768,-1174528,-658432,-612352,-821248,-125952,-290816,-744448,378880,-165888,-590848,168960,-1817600,-952320,-1153024,-920576,-177152,-498688
1828864,-56320,1178624,702464,95232,-15360,-474112,8192,-483328,195584,158720,25600,-299008,343040,350208,563200,529408,209920,367616,979968,290816,-205824,-75776,-158720,154624,654336,641024,533504,-587776,-99328,480256,-458752,786432,1144832,-837632,-107520,463872,558080,116736,-86016,692224,-221184,266240,368640,936960,-327680,1014784,1100800,329728,465920,134144,-1281024,924672,-572416,431104,560128,-109568,462848,208896,175104,1157120,764928,-143360,-719872,-475136,859136,1291264,40960,860160,387072,310272,-1405952,569344,498688,1167360,-47104,847872,216064,-662528,487424,103424,-388096,745472,91136,1293312,405504,52224,-6144,-1024,-1620992,-715776,-741376,-927744,655360,1283072,-827392,-484352,-206848,-942080,909312,565248,666624,806912,1061888,-274432,707584,-156672,574464,-994304,392192,1329152,979968,1054720,928768,-360448,368640,-600064,-210944,-933888,91136,22528,1158144,218112,-775168,-88064,300032,-200704,202752,-533504,1026048,432128,-585728,507904,-124928,-635904,446464,-53248,-110592,272384,-1488896,1380352,487424,-281600,-248832,577536,0,705536,134144,-36864,-408576,1133568,1352704,1123328,667648,541696,-965632,-291840,-1548288,5120,876544,608256,256000,1204224,1201152,228352,342016,176128,608256,-49152,1010688,-457728,662528,363520,-319488,1089536,-36864,260096,536576,1026048,-1303552,-62464,406528,-1102848,-283648,-60416,1156096,478208,20480,-1549312,95232,-1848320,788480,-974848,-443392,801792,1519616,1069056,1150976,203776,-1069056,1222656,580608,82944,901120,230400,43008,1030144,-463872,-741376,-581632,-432128,-301056,1252352,-161792,46080,-236544,29696,-568320,916480,93184,955392,-852992,28672,660480,776192,-205824,125952,680960,-273408,660480,1353728,41984,524288,-651264,1119232,-136192,-781312,705536,269312,-41984,283648,60416,399360,701440,-281600,309248,47104,-322560,-345088,148480,603136,245760,-251904,113664,822272,52224,-619520,-1085440,-532480,293888,-69632,491520,626688,858112,149504,-226304,-950272,-77824,506880,-332800,1331200,197632,-891904,1359872,95232,-775168,472064,901120,-706560,934912,-380928,211968,61440,-49152,-69632,-245760,-1182720,-497664,80896,154624,1248256,-9216,73728,-1338368,-142336,356352,-1189888,571392,564224,-199680,-169984,1081344,230400,542720,-1583104,158720,1684480,643072,544768,684032,187392,-603136,472064,-691200,698368,124928,95232,968704,825344,-1553408
-151552,440320,-254976,1509376,325632,742400,-362496,918528,-392192,713728,152576,-717824,-676864,1326080,-416768,-729088,924672,224256,986112,-422912,-93184,771072,-1408000,133120,-773120,583680,1131520,-316416,-1275904,1013760,406528,497664,974848,-1050624,1308672,-2048,-88064,271360,165888,154624,-570368,-114688,567296,593920,-280576,-439296,-32768,578560,-283648,367616,522240,1029120,1075200,670720,-18432,-679936,1063936,-495616,393216,605184,244736,109568,1675264,1392640,181248,626688,-1161216,144384,258048,232448,449536,90112,881664,178176,225280,-351232,-562176,728064,-450560,234496,76800,176128,128000,-13312,-1045504,806912,991232,-337920,5120,647168,1261568,527360,689152,-123904,144384,-1133568,61440,146432,523264,1071104,-226304,-104448,-35840,1196032,-1186816,1474560,854016,570368,26624,261120,-538624,-230400,-675840,-792576,1063936,-1012736,471040,-357376,1131520,740352,-165888,-959488,-21504,-350208,509952,253952,899072,770048,-135168,-799744,-279552,362496,427008,685056,892928,-88064,172032,971776,970752,921600,-418816,268288,26624,321536,-789504,545792,178176,824320,-204800,-241664,322560,863232,200704,376832,183296,534528,233472,12288,-299008,514048,920576,720896,838656,-80896,-237568,-392192,220160,-1626112,-609280,613376,-766976,322560,-112640,-518144,653312,606208,155648,212992,567296,1527808,1343488,443392,581632,368640,-233472,918528,-68608,-822272,-277504,240640,-210944,841728,-28672,-1721344,-176128,-479232,334848,1024000,-764928,697344,-724992,58368,593920,1169408,258048,-221184,119808,-47104,774144,865280,560128,-256000,269312,-977920,-906240,-464896,1037312,151552,59392,-546816,241664,-19456,-434176,-1954816,-428032,-631808,196608,685056,-877568,336896,28672,973824,-751616,-630784,-303104,157696,678912,-91136,353280,-103424,455680,447488,-581632,-63488,761856,-466944,-185344,16384,-845824,1018880,-621568,-1024000,-619520,79872,818176,717824,-171008,-691200,713728,392192,-96256,573440,22528,378880,-720896,487424,13312,-361472,1270784,454656,774144,212992,-1445888,878592,380928,-138240,-552960,99328,-1012736,758784,451584,-913408,-507904,-2048,513024,556032,1433600,-570368,580608,748544,306176,497664,811008,182272,248832,-31744,-43008,640000,846848,-79872,401408,774144,-950272,-11264,-478208,1483776,400384,51200,-575488,-348160,-384000,-155648,809984,722944,1787904,-663552,-5120,-249856,-278528,-1883136
269312,-245760,432128,-830464,-831488,-279552,107520,332800,-97280,-364544,-1416192,-1482752,-1928192,568320,-779264,-29696,-1699840,649216,21504,-284672,-718848,-309248,1625088,-5120,-1205248,-896000,610304,281600,-88064,-106496,-659456,-86016,-847872,774144,-733184,-1441792,-604160,-2003968,-466944,-1167360,-1135616,-411648,-1042432,-2348032,-1445888,-1032192,547840,589824,-614400,-531456,466944,-1075200,-1171456,205824,-822272,-544768,-799744,261120,701440,-79872,-975872,-1624064,-708608,-1024,-24576,398336,-542720,156672,-476160,107520,-608256,-55296,-1253376,-51200,-425984,-464896,-300032,502784,292864,-1247232,104448,-1864704,159744,-78848,-1135616,379904,-322560,-744448,355328,160768,-1592320,340992,-1762304,-1235968,-1121280,-730112,-807936,182272,-1577984,112640,-1172480,-104448,-608256,-471040,-788480,1286144,-421888,656384,-1210368,-93184,-1274880,-350208,284672,-447488,793600,279552,-942080,-733184,-520192,-2373632,-1379328,-871424,-764928,652288,9216,-1057792,491520,-274432,22528,-497664,-584704,509952,652288,-512000,-901120,238592,-1377280,-693248,-558080,-622592,88064,-299008,-887808,-798720,-1886208,-713728,10240,-607232,-1815552,-1064960,-704512,-1019904,155648,-818176,-489472,-143360,140288,-1119232,-492544,-379904,-422912,-150528,-1619968,-1337344,-181248,-669696,-514048,-1087488,-9216,-763904,-1252352,-379904,112640,-179200,-199680,-891904,-757760,138240,-410624,561152,-307200,-536576,-1138688,-228352,-269312,-602112,917504,-746496,-727040,-488448,-528384,-2086912,-248832,-651264,-446464,-55296,-1099776,-1305600,-301056,-1941504,-1297408,-623616,235520,-173056,-398336,-1101824,-1375232,-662528,-622592,-903168,523264,-660480,762880,-1091584,-363520,724992,-1145856,-940032,-1180672,-693248,-2310144,-419840,-117760,-328704,-833536,-352256,-833536,-858112,-2263040,-786432,-589824,-364544,-595968,382976,648192,-882688,-1054720,334848,-673792,-282624,-817152,-158720,207872,176128,-1869824,-1100800,805888,-702464,-478208,-851968,-349184,-698368,-415744,-1217536,-774144,-673792,-970752,-7168,-1808384,-476160,-482304,-1177600,546816,-361472,538624,1612800,-321536,-1361920,-124928,-416768,-1212416,-225280,-990208,567296,-887808,513024,-1299456,-578560,-1929216,-1475584,-949248,492544,15360,-978944,-596992,-252928,-288768,-15360,-498688,-413696,-427008,343040,-628736,-1003520,-442368,-275456,-445440,-1214464,89088,-603136,850944,94208,363520,-698368,-171008,-1702912,13312,-1854464,-1185792,-972800,-751616,-882688,-652288,-774144,-1102848,758784,-1300480,-726016,-668672,-408576
-269312,-60416,-622592,-1336320,1619968,-721920,1502208,1288192,-231424,-74752,-1334272,-443392,212992,138240,142336,-251904,1065984,-269312,482304,321536,-543744,35840,82944,612352,852992,-962560,2048,-458752,-652288,1278976,120832,-1137664,-910336,-222208,1263616,932864,-221184,711680,-1096704,-337920,-328704,-420864,760832,325632,252928,590848,775168,403456,569344,-553984,434176,270336,550912,2026496,1490944,-588800,-468992,1011712,-818176,152576,711680,-756736,1933312,-441344,129024,78848,739328,37888,-201728,300032,68608,765952,-324608,521216,217088,709632,368640,144384,241664,1349632,644096,-367616,-60416,718848,-379904,1427456,592896,-448512,361472,441344,-325632,1101824,224256,516096,834560,321536,-424960,-417792,-289792,-684032,309248,575488,-12288,535552,489472,-696320,340992,1143808,-112640,50176,-531456,-585728,-650240,-617472,-253952,226304,1002496,-411648,262144,-242688,77824,1130496,668672,-393216,103424,-1626112,325632,504832,857088,-132096,-71680,-317440,-1383424,-475136,-1300480,68608,-470016,351232,782336,989184,-526336,-88064,-154624,912384,96256,1048576,377856,705536,728064,-316416,-53248,-327680,487424,879616,797696,-446464,466944,-672768,-191488,-1568768,-338944,591872,-71680,311296,-786432,253952,134144,697344,-1218560,164864,-396288,1178624,461824,-921600,-134144,286720,-59392,-29696,-680960,1082368,-245760,486400,-611328,-583680,627712,593920,-11264,-239616,460800,-54272,463872,147456,379904,-20480,194560,-528384,-526336,-572416,825344,-514048,1222656,216064,-214016,-184320,-889856,-656384,-620544,-373760,-191488,-560128,-136192,-139264,-284672,16384,527360,-126976,385024,575488,-294912,1242112,-158720,1482752,-289792,462848,-495616,-975872,-657408,-560128,-219136,-583680,823296,146432,-531456,-279552,334848,-1729536,772096,-985088,136192,791552,887808,-106496,1693696,-699392,-521216,418816,560128,654336,365568,896000,310272,-251904,-769024,855040,-454656,-319488,-1140736,-605184,-420864,-604160,107520,-454656,-548864,-1107968,408576,196608,452608,798720,1142784,-483328,447488,-710656,828416,-2931712,20480,533504,-187392,656384,-54272,-91136,913408,-204800,-1452032,-805888,334848,569344,991232,-843776,279552,33792,-1018880,394240,1006592,-1358848,1129472,1374208,558080,1024000,344064,627712,613376,-899072,-64512,-142336,-625664,-704512,960512,-9216,395264,-428032,303104,-367616,717824,151552,427008,-81920,491520,548864,95232,-400384
-244736,109568,-1531904,59392,-1150976,392192,-546816,-536576,462848,-499712,693248,106496,-900096,-231424,-832512,-153600,-241664,278528,-516096,823296,-397312,-462848,-1887232,-713728,-556032,-160768,254976,-574464,-534528,-1197056,370688,-566272,8192,-601088,-1609728,-1318912,-247808,-552960,-793600,-267264,-61440,101376,-510976,565248,611328,1035264,752640,-579584,212992,-503808,355328,-280576,-1530880,149504,-1531904,-128000,-926720,1472512,-420864,193536,-342016,285696,-27648,679936,-491520,-807936,-978944,443392,168960,-386048,-25600,550912,-516096,-1623040,-496640,-237568,-586752,147456,-673792,-2067456,-337920,-327680,620544,26624,-1625088,-643072,-349184,-703488,-82944,-721920,-1243136,-1184768,24576,-1252352,-1653760,-169984,-449536,-179200,-396288,-935936,-68608,450560,-3122176,-803840,-215040,-1024,19456,-907264,-1324032,-782336,-164864,-1190912,-635904,431104,908288,587776,634880,-964608,412672,784384,532480,1566720,460800,-274432,142336,-518144,-376832,-141312,-270336,-1043456,-1994752,-37888,-1088512,-843776,149504,-487424,968704,-198656,-522240,-841728,-1107968,-1049600,698368,335872,1007616,1804288,-216064,806912,-111616,-285696,-71680,-850944,-352256,-460800,-171008,-89088,-154624,-321536,113664,-802816,289792,-848896,-162816,-610304,-501760,-848896,-1296384,151552,-304128,943104,-596992,550912,893952,-307200,-2080768,36864,1148928,-1106944,-60416,586752,-461824,30720,-154624,-335872,-1509376,604160,807936,196608,502784,-914432,-377856,547840,-1205248,410624,-1391616,251904,-821248,-669696,-40960,220160,-435200,-207872,-572416,-29696,703488,-155648,419840,-514048,-888832,-933888,-759808,191488,-1774592,-757760,70656,-401408,734208,-658432,739328,-790528,-929792,-1042432,140288,10240,-181248,-40960,-734208,-1390592,-978944,307200,858112,-863232,-717824,-423936,-77824,-598016,-781312,993280,-407552,-996352,-429056,1246208,-1018880,-281600,-322560,135168,192512,1309696,459776,39936,-2308096,27648,233472,196608,1295360,-180224,-719872,640000,437248,-208896,-765952,-13312,-2122752,-1545216,20480,-1284096,-1421312,-1349632,-137216,786432,252928,-1230848,432128,-1517568,-1033216,-792576,-247808,-1376256,-96256,-102400,-409600,530432,-968704,-974848,551936,624640,-264192,-564224,-1851392,-397312,181248,-846848,-600064,-743424,-1255424,-1920000,-117760,-920576,-512000,-273408,-918528,655360,-552960,-49152,-173056,-745472,12288,-293888,-2057216,-609280,149504,-436224,-666624,-1090560,53248,-386048,-951296,-1428480,-820224,-1079296
-1003520,970752,1532928,-1161216,567296,516096,-993280,947200,-547840,-849920,258048,427008,-530432,382976,-583680,971776,243712,103424,1313792,248832,340992,537600,-528384,-56320,1652736,1136640,-492544,-70656,-542720,1205248,-825344,851968,592896,-332800,1466368,593920,571392,-159744,96256,-300032,31744,446464,97280,173056,668672,-1683456,-699392,242688,-533504,-983040,-459776,399360,120832,544768,-335872,-417792,525312,-970752,1290240,-350208,-556032,2084864,-613376,370688,431104,358400,24576,349184,-270336,-140288,822272,-183296,13312,17408,632832,-256000,-168960,95232,1736704,-222208,432128,-282624,-66560,-197632,-1209344,50176,-138240,781312,-1537024,-698368,986112,412672,436224,-124928,-543744,293888,-394240,752640,82944,540672,-906240,239616,392192,454656,285696,66560,-154624,-374784,118784,600064,-795648,15360,-883712,-515072,-264192,212992,-885760,-940032,-258048,704512,-776192,396288,399360,-749568,1208320,209920,-76800,-456704,504832,688128,-253952,850944,510976,-521216,-348160,-1041408,1429504,291840,589824,1147904,-114688,705536,-641024,518144,65536,-396288,5120,-717824,406528,311296,2004992,872448,-86016,189440,1032192,776192,-295936,-79872,-188416,-162816,-208896,55296,-65536,583680,-61440,-1982464,-17408,-1580032,-818176,-560128,332800,167936,439296,823296,-582656,11264,730112,274432,506880,133120,70656,1216512,84992,-211968,9216,-414720,38912,207872,-503808,-1089536,302080,-118784,251904,828416,-561152,844800,-480256,80896,-1388544,99328,567296,175104,244736,-117760,457728,-820224,-271360,310272,-558080,-1468416,10240,699392,-251904,-259072,357376,-547840,-890880,-618496,-858112,-338944,690176,-864256,46080,-39936,-697344,103424,291840,-1337344,-118784,314368,-368640,512000,-174080,144384,-849920,-805888,-731136,-666624,896000,-34816,68608,-73728,-765952,37888,-521216,-496640,-180224,175104,95232,370688,674816,-20480,-391168,1733632,523264,314368,44032,-117760,1874944,475136,-1136640,-544768,-965632,-563200,620544,-484352,-1081344,1335296,652288,-641024,230400,-248832,331776,-167936,-347136,1105920,220160,-80896,1197056,512000,-515072,-358400,-6144,237568,745472,-741376,1236992,-232448,95232,-237568,467968,624640,543744,485376,-764928,1153024,860160,-246784,1265664,-1448960,301056,-76800,-690176,-1261568,-29696,929792,107520,894976,137216,-802816,161792,133120,-119808,624640,188416,216064,-35840,-360448,1598464,98304
-34816,-918528,-137216,-502784,-413696,-289792,-637952,-897024,-279552,314368,-643072,421888,-519168,-89088,855040,183296,-1352704,88064,-739328,-1250304,1342464,-967680,165888,73728,-942080,367616,-73728,-1337344,-431104,-462848,38912,611328,1504256,249856,1882112,-91136,167936,-2048,94208,377856,347136,251904,508928,-806912,-693248,359424,301056,1068032,204800,-55296,521216,320512,-182272,-376832,-29696,-990208,-2528256,-58368,-566272,-458752,306176,635904,808960,-15360,-141312,-1168384,194560,-350208,118784,717824,621568,-933888,158720,-1123328,-53248,269312,-146432,-44032,1406976,910336,-140288,-417792,-263168,-527360,1019904,381952,155648,777216,-815104,199680,-200704,-514048,304128,-795648,-1329152,-356352,405504,-828416,1763328,582656,-475136,242688,-6144,-1112064,121856,901120,-331776,586752,-1141760,345088,-232448,558080,-1424384,-392192,-357376,-1372160,187392,-507904,-411648,68608,-644096,-673792,-180224,631808,-16384,-215040,899072,-434176,-106496,-135168,-598016,574464,-1795072,-1534976,184320,-704512,829440,83968,242688,455680,-273408,-941056,288768,-449536,215040,760832,111616,-878592,507904,-219136,-59392,278528,-835584,421888,174080,203776,13312,-785408,-389120,-406528,-348160,-158720,21504,1081344,466944,-159744,-772096,24576,-256000,-311296,666624,24576,-866304,-387072,382976,-11264,-838656,652288,-106496,-1386496,414720,34816,-962560,1137664,-721920,-973824,656384,-236544,238592,-556032,-261120,755712,-1458176,-452608,-176128,-249856,-477184,-184320,-447488,574464,-62464,449536,-317440,-438272,-1297408,398336,-367616,606208,-185344,759808,-254976,196608,-1512448,-1031168,-99328,232448,-65536,502784,-1205248,-1104896,-1302528,-393216,-1137664,239616,701440,-432128,-424960,-91136,1037312,481280,473088,-219136,-760832,-1957888,501760,484352,461824,533504,-244736,-445440,-367616,-224256,-2399232,404480,-88064,490496,902144,139264,-573440,72704,-323584,-1211392,-260096,-95232,-585728,-435200,95232,-1526784,-340992,-1138688,344064,-1639424,-432128,-217088,-195584,119808,-660480,-419840,276480,-644096,-52224,858112,-551936,-304128,368640,803840,583680,-1588224,-328704,70656,-617472,321536,-174080,-611328,-50176,621568,266240,659456,-372736,-95232,483328,-250880,-702464,1687552,-204800,-5120,520192,-121856,-745472,-496640,-718848,168960,-239616,-621568,331776,-780288,-1361920,280576,909312,384000,-15360,-753664,73728,216064,-526336,161792,-448512,737280,-1169408,124928
-541696,-1419264,275456,-807936,-1767424,-236544,-949248,-417792,508928,-1315840,-335872,-700416,-1567744,-1495040,-626688,108544,-38912,-1473536,-747520,-927744,-1476608,-479232,-1775616,-1213440,-690176,-704512,-686080,387072,742400,5120,-1353728,-861184,-607232,-2312192,-97280,-563200,509952,-706560,575488,-97280,-593920,-465920,-1612800,-1222656,-367616,-1694720,-925696,-657408,-473088,-604160,-532480,-463872,-693248,-1425408,-1444864,-36864,-674816,924672,-69632,-1559552,-1360896,-1284096,-733184,-714752,-81920,-985088,-6144,-311296,-561152,-728064,-721920,-1029120,-1113088,-883712,474112,-155648,925696,-364544,-607232,-577536,-1169408,-658432,-305152,-645120,-741376,-126976,-811008,-661504,-246784,-231424,-590848,-251904,-428032,-274432,-695296,-133120,620544,357376,-1353728,-1602560,-1136640,470016,595968,-625664,283648,6144,-256000,-1008640,-478208,250880,-179200,-785408,-936960,-151552,-1177600,187392,-64512,-1284096,64512,-422912,-492544,-378880,113664,-527360,-1343488,-1415168,-671744,-704512,-1146880,-1100800,-1724416,948224,-1241088,-514048,-1018880,-514048,-148480,-1036288,-445440,-2046976,-1303552,181248,874496,-1214464,155648,-807936,-129024,-1000448,-549888,13312,-430080,-545792,615424,-646144,-908288,-4096,-1076224,-1190912,-508928,630784,-1156096,-888832,-1199104,-903168,-207872,-627712,-950272,-389120,-1665024,-196608,-254976,-711680,-934912,-1952768,-1313792,-1368064,-1301504,-1309696,-915456,-1495040,-1390592,-3007488,-870400,-996352,-14336,-1224704,-1401856,39936,-1876992,-903168,337920,333824,-116736,-311296,-1289216,-1761280,-2243584,-1178624,-1001472,-1619968,-1289216,-507904,-459776,-594944,109568,-184320,-1355776,-227328,-363520,579584,-1213440,404480,173056,-420864,32768,-911360,-1888256,-315392,-502784,-2249728,-986112,-1084416,-80896,162816,-1236992,-739328,234496,-1006592,-1472512,-1721344,-1377280,-1520640,-257024,-77824,811008,-1457152,118784,-1020928,-50176,-1816576,394240,-1012736,531456,-105472,-1435648,-225280,-500736,-454656,-1519616,-135168,-997376,-576512,-56320,-294912,-796672,-793600,-715776,-2138112,-1981440,-961536,-374784,44032,-750592,-593920,-1364992,-1178624,-2163712,-1033216,-286720,-1105920,-217088,-403456,-1411072,-319488,-1305600,-420864,37888,-2525184,-785408,-278528,-765952,130048,-1069056,-795648,7168,-747520,-1337344,-1549312,100352,-676864,150528,-232448,-541696,-1401856,-1079296,-1597440,-959488,-401408,-130048,-282624,-381952,-1851392,-594944,9216,-2142208,-1126400,-1418240,-561152,542720,-430080,-305152,-1285120,-389120,-542720,126976,290816,-1201152,706560,-1000448,-379904
998400,976896,-589824,-400384,293888,-472064,1096704,1800192,-467968,-181248,457728,-139264,932864,-502784,1084416,579584,-7168,704512,-312320,-1314816,-786432,1531904,351232,-185344,-887808,-696320,242688,229376,-430080,288768,-1144832,-155648,-45056,1122304,702464,2000896,-539648,-634880,558080,-710656,115712,220160,582656,1015808,1220608,-556032,396288,-1038336,-1001472,-382976,1165312,-1092608,1768448,723968,216064,-720896,-101376,208896,775168,-667648,802816,-276480,-145408,-411648,787456,16384,269312,-578560,55296,-249856,1255424,-302080,-19456,-1019904,145408,-1026048,-768000,-80896,-493568,804864,701440,617472,-1044480,112640,409600,-838656,-1281024,-1438720,818176,-57344,1269760,730112,-420864,16384,-406528,-1997824,876544,418816,-354304,50176,307200,92160,268288,227328,-92160,159744,228352,-299008,27648,-1488896,423936,209920,-1182720,1711104,-128000,1525760,-78848,207872,333824,2262016,-329728,587776,-1053696,389120,-740352,339968,757760,199680,406528,-294912,-441344,929792,-661504,-1022976,-526336,306176,-317440,269312,-284672,-559104,-190464,189440,-1041408,901120,-330752,74752,675840,561152,513024,942080,233472,1336320,1073152,-751616,978944,-1112064,675840,-156672,-1552384,49152,346112,822272,-191488,-75776,449536,665600,-655360,537600,68608,477184,319488,940032,-278528,-894976,-1004544,-48128,-659456,-274432,-162816,-474112,1191936,-200704,624640,523264,551936,-294912,-89088,587776,-963584,305152,369664,126976,751616,490496,-927744,-305152,-1729536,-161792,30720,-933888,1382400,-539648,1075200,-372736,240640,-985088,-666624,-785408,-561152,-464896,560128,702464,-877568,-438272,-245760,-1024,-329728,282624,402432,232448,-697344,113664,105472,454656,549888,1123328,-412672,497664,-46080,493568,-486400,-614400,-294912,-631808,-1626112,-486400,296960,-661504,354304,-598016,227328,-1673216,-1052672,-714752,20480,354304,398336,765952,-564224,158720,400384,-98304,-504832,-1071104,-812032,241664,-74752,1285120,27648,483328,-847872,320512,-1313792,-746496,-1200128,225280,91136,545792,-138240,205824,-655360,-1024,-1180672,-134144,-60416,78848,549888,488448,-190464,608256,-58368,972800,-25600,-1193984,-45056,265216,1274880,1120256,132096,188416,-185344,-413696,415744,-332800,59392,-658432,3082240,286720,9216,-433152,22528,-1469440,176128,326656,393216,884736,347136,760832,-293888,-660480,-405504,499712,780288,953344,126976,150528,475136,-739328,-1152000,-136192
73728,-600064,-1114112,333824,-433152,-405504,-523264,-80896,-38912,-873472,-1197056,-215040,-610304,901120,-371712,-882688,-207872,-138240,-552960,-443392,-155648,-136192,141312,-1906688,-288768,-1469440,-362496,160768,-241664,957440,-830464,-945152,417792,-663552,-1925120,258048,369664,-1419264,-571392,303104,100352,712704,322560,-308224,11264,-438272,-378880,-574464,-556032,-207872,-259072,107520,803840,918528,435200,916480,-184320,-803840,943104,309248,-217088,-919552,-297984,-921600,-1196032,576512,-1326080,504832,283648,-152576,-146432,-322560,621568,561152,-77824,1815552,-278528,-165888,112640,-626688,-1104896,-1070080,-257024,417792,-1799168,129024,-628736,-202752,205824,-3072,-660480,-88064,-435200,-903168,710656,-243712,-275456,-991232,-171008,507904,-178176,-954368,-710656,211968,-413696,-392192,-108544,-1339392,-1368064,-1200128,-1649664,-768000,-714752,-651264,63488,60416,-253952,-1013760,-410624,-987136,-396288,-60416,-983040,-442368,56320,-1116160,-414720,1216512,-1183744,540672,729088,-803840,-791552,-805888,-832512,-178176,-569344,-382976,-369664,-2900992,-1112064,-226304,424960,580608,-659456,-555008,-1222656,489472,-949248,-263168,-57344,-702464,920576,-880640,1302528,-235520,-76800,-531456,368640,-270336,406528,411648,-857088,-312320,-985088,47104,685056,-250880,447488,-384000,995328,40960,-1325056,1583104,-1304576,356352,-775168,-457728,-709632,-1306624,-735232,-586752,-647168,-311296,-385024,-166912,156672,-1350656,-84992,-199680,-234496,-724992,-754688,-1659904,-270336,209920,-150528,-669696,208896,-1028096,-29696,153600,-975872,-629760,-75776,-325632,245760,-897024,567296,-1108992,-92160,-1542144,-4096,-394240,-105472,185344,-961536,-770048,-622592,-1403904,-1813504,372736,-897024,-1084416,141312,-246784,-241664,-346112,-1033216,-288768,-841728,463872,-680960,-161792,-1388544,407552,-968704,-667648,-1281024,269312,-504832,119808,220160,-1343488,663552,-349184,-762880,155648,-812032,-1360896,-1024,1059840,-413696,-647168,907264,-1922048,323584,-81920,-755712,-1274880,-630784,-1751040,79872,-843776,-1397760,96256,-1506304,-1081344,9216,459776,-1586176,786432,-1510400,1369088,-359424,-879616,-875520,-228352,-395264,110592,-844800,386048,-849920,-575488,1003520,467968,-444416,-1099776,594944,-1600512,-1603584,-1029120,-1380352,-99328,-1351680,-741376,84992,-1411072,-313344,-302080,-590848,-186368,-655360,198656,-303104,-1154048,-56320,-480256,720896,-183296,-2073600,-128000,-363520,205824,-1146880,-806912,-1253376,-384000,-172032,515072
489472,1352704,-2071552,-1123328,-14336,-514048,955392,295936,527360,-976896,-1024,-521216,-600064,-548864,764928,634880,-367616,685056,-919552,517120,995328,-231424,-663552,821248,1615872,-18432,-425984,450560,806912,485376,10240,698368,-619520,-210944,81920,-489472,167936,-672768,-100352,491520,-411648,-504832,-39936,234496,-698368,-56320,1062912,148480,607232,-1010688,-98304,203776,-225280,-38912,-89088,220160,-86016,1028096,-779264,331776,-33792,441344,378880,483328,1681408,-440320,-814080,-196608,-778240,985088,-546816,430080,618496,78848,80896,601088,-155648,418816,-331776,28672,386048,-776192,-133120,385024,-398336,-645120,-187392,-1837056,-605184,-276480,314368,-195584,358400,-22528,-476160,-65536,-1178624,471040,-802816,125952,369664,299008,103424,935936,-934912,-490496,284672,-589824,179200,195584,742400,978944,82944,-955392,785408,527360,-1391616,-374784,791552,-1403904,-374784,492544,243712,113664,65536,-319488,478208,406528,-880640,43008,-557056,-191488,315392,-376832,461824,864256,586752,460800,1424384,-97280,900096,969728,-98304,24576,669696,-374784,25600,-233472,-166912,334848,-592896,266240,3072,-37888,-1336320,1207296,68608,488448,589824,-1088512,1006592,953344,-1368064,-907264,-4096,-1762304,520192,1126400,-16384,558080,-59392,-201728,176128,-532480,1160192,-1217536,-86016,387072,-750592,847872,335872,98304,-84992,618496,-389120,-43008,-219136,-142336,-183296,-307200,241664,-142336,-145408,-100352,-1021952,-536576,-878592,338944,302080,1075200,-277504,694272,-323584,18432,844800,321536,-478208,481280,-599040,726016,-290816,-679936,953344,570368,145408,60416,316416,-1014784,-719872,-111616,-351232,882688,-221184,-812032,-301056,-723968,-2347008,301056,-711680,-532480,-535552,16384,-361472,30720,396288,-534528,-2048,-1339392,-155648,451584,342016,-655360,414720,-2122752,66560,89088,-633856,-20480,858112,-352256,-647168,-227328,674816,-830464,-675840,-1575936,-608256,-340992,-475136,-493568,1559552,-190464,-1205248,513024,-1328128,-790528,261120,-775168,88064,-20480,-222208,289792,-538624,-1105920,-1255424,-665600,-249856,1027072,520192,-720896,766976,-646144,-1218560,105472,-1217536,-399360,-79872,-477184,395264,219136,-195584,108544,-1110016,-225280,196608,313344,-274432,823296,-406528,-575488,97280,130048,113664,438272,114688,-497664,-41984,-225280,326656,-570368,-111616,-715776,-497664,398336,-505856,183296,140288,-1796096,971776,570368
306176,148480,928768,948224,1217536,822272,776192,224256,-617472,-1070080,3072,705536,879616,1254400,606208,-350208,253952,-793600,380928,1105920,-301056,-345088,-2048,351232,1110016,1058816,-689152,663552,-410624,1181696,585728,212992,653312,832512,132096,-269312,794624,-365568,1517568,402432,1024000,167936,148480,367616,82944,-405504,652288,389120,786432,221184,-58368,914432,429056,410624,285696,569344,-893952,1694720,84992,115712,151552,-261120,-762880,1143808,-1673216,-137216,559104,-162816,-499712,1192960,465920,333824,598016,-456704,-310272,1138688,-280576,-274432,169984,606208,-114688,-437248,-107520,-425984,-925696,-375808,-1061888,644096,-199680,226304,-745472,-1118208,17408,-1138688,-273408,982016,959488,1977344,-146432,547840,102400,-669696,-1582080,750592,438272,487424,1105920,395264,-457728,430080,607232,-231424,1388544,1020928,304128,757760,-1078272,940032,1233920,-45056,31744,872448,-567296,402432,697344,821248,1213440,190464,-236544,49152,-687104,-380928,1003520,-331776,110592,125952,1087488,765952,-578560,839680,270336,286720,409600,394240,276480,538624,953344,1015808,327680,-289792,273408,88064,96256,588800,-7168,659456,783360,-232448,304128,674816,1125376,-48128,1697792,153600,940032,-785408,-107520,-808960,729088,-399360,-316416,-208896,653312,-788480,-269312,671744,521216,528384,530432,756736,158720,184320,-76800,711680,-1355776,133120,-114688,-837632,-38912,167936,816128,741376,766976,921600,1059840,349184,-449536,-876544,1104896,723968,47104,385024,-695296,-1519616,752640,215040,756736,1334272,-1000448,117760,-852992,-163840,-83968,-25600,111616,-273408,708608,-825344,154624,307200,659456,-405504,-857088,-772096,966656,-203776,180224,757760,-400384,423936,331776,-457728,489472,-19456,936960,-28672,-782336,309248,1531904,627712,335872,-880640,-697344,1391616,-198656,673792,-94208,-148480,317440,-854016,-289792,196608,1715200,240640,1049600,458752,280576,723968,-66560,-252928,498688,-916480,-636928,699392,1062912,672768,389120,1293312,439296,-160768,571392,560128,-76800,-480256,1255424,204800,295936,149504,186368,-2032640,-1528832,-220160,947200,1189888,-360448,-160768,-509952,21504,-403456,641024,-144384,-227328,649216,750592,459776,1328128,-160768,-695296,-1523712,-509952,473088,-830464,-214016,227328,-472064,315392,242688,591872,-478208,428032,-629760,241664,1220608,-232448,1252352,-45056,-762880,-500736,445440,-413696
-1430528,-671744,520192,-129024,756736,95232,-553984,564224,-1764352,-539648,-1796096,-1067008,-986112,701440,-301056,343040,-1245184,-96256,-553984,-1049600,-370688,-2546688,-1059840,-1671168,-911360,-397312,-476160,-899072,-998400,-510976,-9216,-198656,-2202624,-416768,677888,-573440,56320,-625664,129024,395264,-859136,-2210816,-766976,954368,-1249280,64512,-696320,908288,263168,-1104896,-330752,-708608,118784,195584,-399360,-473088,-439296,172032,-1191936,-893952,-1453056,-245760,-1033216,-1419264,290816,960512,-1379328,-715776,-232448,-723968,-1594368,-731136,450560,-865280,69632,-425984,-251904,-1087488,-294912,-1494016,181248,-1102848,-695296,-1313792,75776,-478208,363520,-225280,-2011136,-196608,-145408,-630784,-563200,-196608,-2177024,-1364992,468992,668672,206848,-1196032,-756736,-50176,-1600512,1342464,-1118208,-973824,1074176,353280,-1868800,-273408,-889856,-996352,-393216,176128,-764928,-28672,-629760,-768000,-541696,50176,-1042432,875520,-386048,488448,617472,-1717248,-815104,-24576,-431104,345088,-1166336,-792576,-1160192,-651264,-1037312,-710656,-2003968,-33792,-1083392,227328,-1113088,-506880,-129024,-649216,-113664,-277504,-1949696,-1564672,66560,-624640,-824320,-1108992,-1042432,-479232,1043456,62464,1253376,-691200,-374784,-1327104,215040,260096,-421888,-634880,-211968,-664576,-418816,-348160,21504,-385024,-1215488,-62464,-678912,22528,-46080,577536,-892928,-713728,-757760,-207872,-1844224,-53248,-447488,-357376,311296,-57344,-360448,-1007616,-140288,-1137664,595968,-365568,293888,-933888,553984,-2036736,-227328,-751616,-1014784,-333824,-468992,-539648,-1006592,-37888,-1320960,-2294784,-549888,198656,-703488,-363520,227328,-1068032,-804864,-613376,567296,-465920,-253952,-1039360,-2635776,-821248,-486400,-1643520,1485824,-665600,-644096,-314368,-64512,-1820672,-986112,-975872,-95232,-78848,-607232,-452608,-174080,86016,-1596416,-119808,624640,103424,-522240,-1033216,54272,-413696,-218112,1068032,-1516544,-1350656,-894976,915456,-1511424,-919552,-536576,-143360,-1385472,-223232,-1710080,-798720,-1089536,-162816,249856,-542720,141312,-618496,-498688,-1504256,1052672,-684032,-1188864,344064,-129024,-899072,-344064,-1034240,-844800,-534528,-1417216,153600,-1103872,-72704,151552,-575488,-1406976,-984064,-1446912,-1057792,-1047552,-968704,293888,608256,-457728,-108544,-817152,-1448960,-1836032,-183296,131072,515072,-178176,-502784,-706560,-1498112,-652288,-944128,-47104,152576,490496,209920,580608,-777216,-196608,-105472,-941056,-1691648,-1140736,-539648,69632,-858112,-858112,-930816
186368,776192,1559552,91136,153600,-361472,-115712,250880,411648,-642048,123904,-422912,-34816,505856,-1100800,294912,-842752,-607232,-1373184,397312,-212992,-227328,159744,387072,738304,968704,167936,-250880,-476160,284672,-165888,-50176,-669696,-444416,595968,-1170432,-185344,-1113088,-243712,6144,-920576,-189440,1568768,325632,703488,851968,-371712,-1561600,592896,125952,-965632,-395264,781312,545792,379904,-1008640,-1857536,-315392,378880,-1234944,-131072,-382976,7168,-355328,716800,-490496,-259072,-381952,-575488,214016,111616,11264,798720,494592,-290816,-35840,-1339392,-353280,826368,775168,208896,226304,60416,-382976,-577536,-1011712,1045504,-162816,327680,74752,-604160,689152,154624,-879616,-238592,-233472,-324608,325632,606208,1492992,394240,-1271808,481280,306176,-411648,-636928,866304,464896,-703488,-217088,54272,-189440,-417792,339968,579584,-794624,979968,128000,-334848,-861184,13312,-328704,-451584,-1347584,274432,989184,-287744,-356352,581632,-71680,-321536,65536,-1171456,414720,-240640,275456,638976,-506880,-440320,224256,-516096,-157696,-162816,-1015808,-58368,-342016,286720,527360,-563200,-377856,-35840,-649216,-845824,864256,-277504,-649216,707584,642048,457728,237568,41984,270336,-557056,322560,-1827840,-715776,167936,-680960,-983040,-1583104,588800,-705536,24576,-1444864,-163840,-5120,440320,-211968,-158720,329728,129024,-584704,142336,192512,-434176,833536,-277504,-132096,711680,-702464,842752,-1121280,970752,-1429504,764928,-1282048,-366592,-290816,-284672,-1095680,-443392,-98304,-205824,-563200,-577536,-27648,-67584,421888,-1358848,-1000448,25600,-246784,-235520,326656,589824,-103424,-601088,247808,-750592,-910336,956416,227328,-1090560,-447488,444416,407552,201728,227328,472064,132096,-970752,-263168,-474112,-1986560,-622592,-959488,-1034240,411648,6144,356352,-1362944,-944128,-559104,-359424,-295936,596992,563200,-741376,-212992,-402432,-136192,-362496,-1124352,-937984,-283648,-839680,874496,1101824,-1240064,1055744,-1321984,-1561600,-335872,-161792,-445440,-36864,-635904,-1443840,-1661952,-1426432,172032,-638976,-1283072,-103424,10240,1174528,395264,-203776,-1419264,-296960,-659456,-437248,1052672,23552,211968,-518144,-230400,222208,-1428480,-465920,-295936,-159744,135168,-266240,-918528,-197632,747520,198656,-190464,-27648,-65536,312320,-519168,821248,347136,559104,-50176,-295936,-994304,-631808,-1314816,83968,-464896,-122880,808960,-874496,-1650688,-1024,-1136640,-1304576
-221184,-353280,3072,-783360,-704512,471040,-829440,314368,-792576,-1083392,730112,-811008,-79872,-147456,502784,-245760,-1567744,-472064,-366592,850944,946176,89088,666624,210944,-229376,-110592,1300480,121856,836608,122880,352256,103424,-15360,-1394688,-71680,439296,-595968,528384,-69632,-274432,325632,-404480,-425984,397312,-558080,-1589248,436224,-584704,1228800,-308224,-459776,-711680,-2048,58368,621568,-297984,155648,1321984,-548864,-148480,419840,183296,-1403904,-668672,-818176,-379904,1220608,-556032,728064,-118784,-1061888,-2360320,636928,458752,-254976,992256,-586752,-1335296,-74752,282624,-929792,-362496,-873472,-827392,283648,-153600,129024,-412672,-49152,-155648,-1348608,-741376,-5120,1491968,-700416,420864,567296,180224,-497664,-716800,519168,-678912,80896,-630784,569344,79872,-131072,-1389568,280576,-630784,-1340416,-158720,-406528,-271360,-797696,-62464,56320,242688,-332800,-778240,-1218560,126976,-58368,1018880,-35840,-1155072,1162240,-706560,294912,-295936,-55296,770048,-900096,466944,-865280,-12288,445440,-311296,-1934336,122880,-588800,-409600,-863232,-103424,-1519616,-1520640,59392,-2147328,269312,250880,-388096,493568,280576,-663552,852992,-90112,-455680,-723968,-19456,1034240,-837632,-252928,-671744,-439296,-1425408,-377856,-68608,408576,171008,-1553408,-720896,490496,-1846272,-421888,-52224,-17408,-431104,-1362944,587776,-537600,64512,-1087488,486400,287744,496640,219136,-520192,-958464,-565248,-1360896,-336896,-690176,-1540096,381952,232448,-87040,1024,-508928,583680,-1639424,-1121280,-650240,427008,-1065984,-707584,-303104,397312,-870400,-1439744,236544,-228352,-286720,-609280,-867328,-360448,-860160,-607232,-499712,330752,-747520,-451584,-90112,-1006592,825344,-829440,-946176,-1235968,-752640,-521216,-546816,-579584,748544,-393216,531456,978944,-53248,-65536,-411648,-353280,-32768,90112,-888832,-1085440,-406528,-1406976,-920576,1003520,635904,-1923072,-1170432,-461824,-510976,1026048,-202752,-1333248,-238592,-421888,-928768,-745472,-1478656,-992256,99328,-1469440,-308224,-158720,-576512,-615424,-926720,-1296384,-519168,487424,-781312,-917504,-921600,-717824,-278528,136192,-793600,-105472,-182272,-707584,545792,325632,840704,-586752,-713728,-510976,528384,89088,-385024,248832,-407552,-77824,-1810432,-864256,190464,750592,-19456,-1116160,536576,-1073152,-1518592,-1189888,-676864,-301056,-250880,-1605632,-73728,634880,730112,346112,-955392,716800,-301056,173056,-854016,702464,-171008,131072,259072
-408576,-2313216,-403456,862208,-811008,-422912,-1144832,-1453056,-604160,124928,-2112512,-640000,318464,-661504,24576,-860160,-1306624,-919552,-1412096,-1441792,711680,-193536,-33792,690176,-468992,-1278976,333824,-715776,-429056,-144384,-724992,951296,421888,1589248,205824,499712,-571392,-74752,-615424,-958464,-950272,581632,390144,-164864,759808,93184,-772096,-373760,-2252800,-130048,487424,-993280,1140736,-780288,-957440,-376832,675840,-370688,24576,-421888,718848,38912,-399360,299008,-592896,-212992,-430080,50176,-952320,779264,21504,-1180672,82944,-567296,305152,-41984,-365568,-2166784,-50176,256000,195584,202752,-1785856,-522240,-125952,750592,-1282048,1668096,-577536,-1261568,-222208,-92160,-376832,-765952,-228352,-430080,-1245184,-304128,-1338368,-1552384,-220160,-310272,-294912,-527360,578560,132096,214016,-262144,502784,-72704,251904,-334848,-923648,-159744,-920576,-1350656,-113664,-1302528,-842752,662528,-1377280,-1499136,497664,-1855488,-1259520,-534528,-1338368,-347136,-156672,-1111040,-285696,-466944,-609280,454656,-475136,-2048,353280,845824,-644096,209920,-95232,-59392,-1041408,-62464,543744,1275904,-568320,-1143808,-241664,-965632,-411648,1009664,436224,-1514496,-500736,-347136,-582656,1527808,159744,-839680,534528,78848,913408,-614400,700416,-868352,-49152,-155648,-805888,-187392,-541696,-151552,-284672,-105472,-826368,-1466368,-2081792,-1060864,-841728,307200,-632832,-909312,843776,-1096704,-54272,-266240,568320,-763904,-535552,-476160,-1473536,764928,-195584,-910336,-1746944,-1225728,-563200,1027072,264192,-31744,-1196032,605184,-1011712,269312,63488,-680960,-1808384,-428032,-52224,-425984,246784,-831488,258048,-526336,-264192,-263168,365568,-1901568,64512,-83968,-407552,-481280,-117760,-506880,-706560,-959488,-803840,-1024,-748544,-165888,-446464,65536,-643072,-1026048,-634880,-424960,-609280,-355328,-61440,-364544,144384,-101376,276480,-361472,-1077248,316416,-64512,-183296,-503808,-100352,-979968,-857088,-1245184,-663552,545792,-887808,-1061888,119808,-225280,-437248,591872,-1056768,-1013760,-1065984,-1848320,764928,-89088,-1022976,-670720,-505856,-29696,-232448,-200704,-25600,63488,-217088,-367616,-567296,-188416,-688128,-1036288,382976,-394240,-985088,-448512,595968,96256,359424,-1118208,0,-1025024,-1055744,-381952,-162816,132096,-970752,522240,-546816,-1084416,113664,-930816,-2260992,247808,-36864,-607232,-158720,-243712,-377856,-164864,-610304,-1689600,-306176,-261120,-249856,366592,-130048,183296,-164864,-396288,1127424
-580608,-1341440,764928,74752,-800768,-486400,122880,43008,-279552,964608,719872,506880,507904,-113664,501760,1041408,-300032,-1007616,860160,72704,283648,154624,-843776,-899072,167936,-315392,-676864,96256,1004544,493568,-444416,552960,-360448,-885760,-320512,440320,134144,43008,1270784,-1356800,416768,82944,-286720,723968,-378880,901120,855040,1162240,276480,1893376,-1112064,-376832,-1618944,268288,-41984,1221632,-651264,340992,1423360,-431104,-539648,-371712,-129024,-1191936,295936,234496,-499712,176128,177152,-23552,-308224,-466944,-621568,200704,-1319936,-141312,982016,-548864,147456,1511424,-1378304,-670720,-775168,-149504,-73728,781312,254976,1347584,-966656,586752,-53248,-871424,-1088512,153600,-150528,342016,687104,-343040,-322560,1926144,-161792,-28672,-1314816,645120,-215040,-441344,391168,38912,-100352,-797696,287744,-1447936,-552960,-663552,-710656,180224,364544,-804864,164864,31744,234496,-90112,-244736,356352,289792,562176,-800768,-739328,-518144,530432,-573440,102400,-299008,261120,-282624,-920576,119808,-286720,-634880,-7168,-1024000,706560,-1336320,863232,97280,195584,795648,888832,621568,-134144,-37888,688128,117760,-979968,641024,131072,-504832,38912,361472,642048,659456,358400,1036288,-886784,-1553408,236544,49152,-38912,269312,9216,199680,-510976,532480,-771072,-1884160,-635904,-516096,-54272,240640,971776,-633856,487424,-381952,-132096,-348160,-541696,-237568,482304,316416,-202752,-719872,449536,-410624,56320,239616,1061888,-1486848,-254976,946176,-1086464,270336,-221184,-1165312,-294912,59392,243712,567296,-541696,-33792,-291840,-171008,-246784,-683008,-290816,1249280,-225280,179200,604160,-647168,-173056,500736,349184,-696320,-317440,-624640,710656,627712,48128,123904,-745472,-525312,97280,-72704,97280,-929792,706560,-139264,-774144,-448512,-582656,-1579008,-1207296,192512,54272,428032,-1094656,-867328,-145408,-1464320,-282624,567296,-956416,164864,543744,-395264,178176,476160,50176,-1234944,-1427456,-221184,112640,448512,-296960,980992,-214016,-825344,236544,-512000,-121856,27648,-561152,115712,109568,-906240,-1024,-474112,-332800,-1949696,-26624,246784,1155072,-280576,-437248,-721920,-57344,-292864,-427008,-950272,201728,-217088,-92160,1121280,2002944,-190464,-245760,-118784,61440,275456,-874496,891904,-866304,38912,-1670144,-417792,180224,-156672,-1143808,581632,-848896,-809984,-125952,576512,-486400,663552,-153600,-729088,-245760,94208,-540672
-588800,-62464,-1175552,-96256,-482304,-284672,-360448,-812032,-1119232,99328,-845824,-1485824,-528384,-1409024,-1488896,463872,457728,-358400,-1201152,-611328,-417792,-574464,-1024,-912384,-1312768,-402432,-362496,239616,-646144,-839680,-964608,-1469440,-727040,-1559552,-416768,-828416,-1310720,-624640,-789504,1449984,-886784,-382976,-605184,-236544,-770048,-755712,-825344,221184,-206848,-1673216,-1936384,-514048,-908288,-1278976,332800,-1540096,391168,-71680,-676864,-638976,-624640,-471040,-1269760,314368,467968,-2350080,574464,-462848,-60416,-2194432,-1494016,-1018880,-924672,1282048,-1268736,289792,-974848,-967680,-1213440,-381952,-574464,-29696,-372736,792576,-604160,-515072,-600064,-458752,-659456,-2270208,326656,494592,-738304,-315392,-902144,842752,-2241536,378880,-534528,-517120,-592896,-209920,-954368,-1163264,-649216,-658432,-151552,-980992,-1337344,-470016,191488,-780288,-1301504,-1298432,-731136,-17408,-1585152,-789504,-1910784,-1085440,-1116160,-382976,105472,-242688,-1055744,705536,-1210368,-1557504,-484352,-735232,-1616896,-317440,-2008064,-625664,-1145856,-430080,-977920,-1612800,151552,-745472,683008,-1126400,-40960,-274432,-111616,-402432,-878592,-596992,-1542144,-282624,417792,-1751040,-1079296,-23552,-1063936,215040,395264,-423936,-973824,-1263616,-1030144,-944128,-440320,-1427456,-489472,-384000,-164864,234496,-986112,-959488,-1241088,262144,169984,-1135616,-330752,-1253376,-742400,-1196032,-348160,-2250752,-471040,-683008,876544,190464,-1036288,-24576,-1059840,-949248,-1328128,-2027520,-348160,-476160,454656,-1097728,-704512,-1571840,-550912,448512,-890880,-960512,-324608,300032,335872,-614400,-829440,-177152,-488448,-551936,-1664000,-116736,582656,-1659904,-793600,-1075200,-693248,-1049600,-566272,-2178048,-1910784,90112,-1286144,-876544,123904,-363520,-909312,-31744,-1249280,-698368,-1145856,-1197056,-1199104,-1336320,-258048,-1739776,-1597440,-1048576,-713728,-1106944,-908288,-591872,-152576,46080,-1089536,-225280,-264192,-1096704,-2052096,-246784,-855040,-1814528,-1264640,-210944,-995328,-1263616,-1111040,-775168,-720896,-1302528,-1544192,-1272832,338944,183296,-1422336,-1004544,-1108992,-212992,260096,-176128,497664,-1089536,-1483776,840704,-493568,-1222656,-1078272,808960,194560,-1016832,-440320,-439296,-168960,666624,-999424,-1582080,-717824,-218112,-361472,-1074176,-854016,-673792,-743424,-903168,191488,-2154496,-507904,548864,-155648,229376,239616,225280,-1480704,-1061888,-888832,-1286144,-468992,-261120,-286720,-348160,-41984,-609280,-1328128,-1549312,-41984,-2233344,-1284096,-477184,-257024,-619520,-1829888,-1387520
-301056,-238592,1753088,727040,-378880,565248,-16384,1024,-546816,-946176,577536,139264,860160,106496,920576,-798720,349184,-1147904,327680,-662528,167936,-301056,-302080,20480,399360,547840,-660480,51200,-175104,-896000,407552,-193536,477184,-1381376,-24576,-360448,-620544,-371712,120832,12288,492544,772096,237568,-347136,1848320,-417792,-231424,-166912,632832,89088,224256,-118784,349184,-877568,905216,-144384,-283648,-107520,471040,-344064,-73728,-665600,-87040,-476160,-833536,1028096,506880,-214016,-216064,902144,414720,19456,-697344,-960512,1015808,-311296,-772096,846848,-128000,842752,637952,564224,1503232,-319488,-1981440,110592,1010688,116736,418816,-22528,629760,33792,986112,-577536,-793600,-95232,446464,-60416,-665600,1630208,772096,-545792,-57344,-1132544,-911360,500736,-355328,512000,-773120,-556032,-94208,269312,994304,904192,-278528,-527360,865280,-465920,355328,859136,-16384,956416,149504,-425984,-798720,-1433600,838656,692224,-4096,1385472,529408,-1020928,590848,69632,-106496,91136,-289792,-76800,-558080,-687104,-235520,-91136,656384,72704,768000,-1406976,376832,106496,-442368,-1686528,-235520,81920,-270336,232448,445440,693248,1354752,100352,165888,647168,-1084416,968704,1149952,274432,-256000,-431104,-425984,194560,502784,435200,208896,-70656,-369664,-750592,449536,721920,1127424,-786432,1088512,61440,730112,-1317888,161792,-507904,-133120,-400384,466944,616448,-410624,247808,598016,-235520,-377856,272384,-2692096,804864,519168,-169984,487424,-1613824,529408,741376,-65536,-1170432,-287744,239616,855040,382976,-684032,927744,-1490944,-8192,-74752,-442368,-948224,-103424,-1281024,-457728,563200,441344,1243136,317440,-814080,-1021952,-186368,-335872,638976,471040,184320,-257024,414720,-128000,526336,-773120,-1135616,294912,-99328,1273856,481280,242688,-296960,57344,26624,470016,-274432,-629760,799744,972800,-490496,-1140736,393216,-60416,-695296,519168,-410624,-38912,-25600,235520,44032,291840,307200,-519168,477184,-531456,-157696,1774592,-473088,545792,-362496,-798720,18432,875520,618496,-443392,-1029120,160768,87040,589824,-453632,-351232,218112,571392,83968,357376,1372160,365568,463872,53248,-679936,-640000,708608,-310272,103424,-335872,538624,-429056,323584,740352,-582656,-806912,-58368,862208,-360448,1393664,-594944,-378880,-10240,370688,-291840,237568,577536,-186368,672768,-282624,534528,107520,494592,481280,-547840,299008
-1077248,-589824,-414720,-405504,45056,-695296,947200,724992,-143360,-1355776,-1005568,-1583104,-1355776,-760832,339968,-1117184,-1434624,-611328,830464,-1013760,321536,-550912,78848,-1798144,-1178624,-550912,-1292288,-1944576,-1217536,-529408,-945152,-1378304,-1211392,-1065984,-909312,210944,50176,-667648,-486400,-607232,329728,-347136,-963584,-1508352,-225280,698368,152576,299008,998400,791552,114688,112640,-972800,-431104,-619520,-1190912,841728,-899072,-107520,142336,-424960,-1036288,-71680,-1013760,1080320,-5120,-133120,-54272,-793600,-96256,-168960,280576,-858112,-205824,180224,31744,-126976,-140288,-693248,-344064,-626688,278528,-381952,-309248,842752,-815104,-1787904,-576512,-1568768,-677888,-408576,-1002496,-1170432,-634880,-571392,-1202176,599040,-1516544,441344,-1886208,-714752,142336,-95232,633856,-531456,-726016,-965632,-825344,-1294336,-473088,306176,-457728,201728,-123904,-381952,-238592,-789504,-1070080,507904,-587776,-241664,1123328,-1346560,356352,-864256,-1777664,516096,-129024,78848,-829440,-626688,35840,-744448,-1071104,-843776,-804864,-617472,-1818624,-860160,-221184,674816,-674816,430080,-208896,-732160,146432,-1451008,-2522112,-1390592,599040,117760,-1164288,79872,-394240,100352,-576512,-84992,206848,-362496,-758784,-619520,-474112,-494592,-294912,687104,-636928,-1024000,-1055744,543744,-804864,-1161216,-2368512,-883712,-1738752,-438272,-36864,-804864,-1836032,-180224,-828416,-1724416,320512,316416,1102848,408576,-651264,-14336,-1033216,-584704,-1366016,-912384,-285696,-1218560,-56320,-632832,-402432,-69632,254976,-393216,-1036288,-230400,-1954816,-1885184,-94208,370688,-1030144,-820224,-662528,-1426432,-1952768,-131072,-1182720,-371712,-25600,-966656,-82944,299008,-1042432,-1772544,-1350656,-863232,-211968,-179200,-917504,-1134592,-129024,-1585152,-831488,-1191936,-1456128,316416,87040,-177152,-280576,-1657856,-967680,-50176,-1601536,1002496,-1124352,-1088512,414720,-143360,-1081344,-336896,-1469440,-478208,-2200576,-1360896,-361472,-872448,-305152,-277504,-316416,-551936,-553984,-975872,-884736,-783360,-1068032,-687104,387072,-1735680,-183296,-216064,-1042432,-449536,-404480,-533504,746496,-937984,-50176,-2042880,-101376,-207872,358400,-1165312,-603136,-1379328,-1075200,35840,-663552,-413696,-750592,-1394688,-1198080,-471040,-76800,224256,-920576,-942080,241664,-862208,-959488,-915456,-1252352,-14336,-34816,32768,-1021952,-1844224,-674816,-280576,-685056,-1242112,-150528,-670720,-656384,-618496,-1116160,-1419264,-537600,-883712,-268288,-2246656,104448,-825344,-89088,17408,-246784
-868352,-1098752,-1339392,-279552,-278528,-446464,-152576,-1521664,15360,-1896448,-115712,-1345536,343040,1193984,546816,148480,-330752,589824,-313344,-685056,-567296,-162816,-585728,730112,-490496,-1152000,-1277952,-822272,187392,-247808,-846848,-1225728,-1599488,-717824,-1456128,-611328,13312,274432,-1335296,-1654784,-629760,263168,204800,-984064,-845824,-699392,-1144832,-1805312,-1361920,-495616,-531456,301056,210944,-590848,-1047552,-659456,-1270784,-40960,-1500160,-1088512,-313344,148480,805888,184320,-65536,-555008,-352256,-840704,187392,204800,1038336,436224,-704512,-849920,-1146880,-516096,-2851840,524288,-265216,52224,245760,837632,-573440,175104,-513024,-675840,240640,-59392,415744,1343488,-264192,351232,-1301504,-205824,-1013760,-430080,-789504,-683008,-1474560,64512,34816,-403456,-1072128,-1883136,-395264,276480,1039360,-1030144,248832,-1236992,-817152,-546816,-521216,-1352704,-489472,21504,-352256,30720,467968,416768,182272,-651264,-228352,-2246656,-149504,-900096,-604160,831488,459776,-598016,-548864,596992,101376,-485376,-1112064,-393216,-528384,271360,-613376,-358400,-677888,-678912,-1041408,-1511424,-340992,466944,-259072,-913408,-1605632,-393216,-607232,-1029120,-1449984,-1274880,-406528,-343040,825344,-807936,-229376,-836608,-828416,235520,596992,-362496,-310272,311296,-901120,-1044480,-675840,-548864,618496,-172032,198656,-288768,-205824,-1693696,-1682432,-907264,-719872,1247232,-688128,1055744,217088,-961536,-349184,-103424,-1865728,-656384,-634880,-1159168,1048576,-289792,-779264,-453632,-2259968,-1075200,-566272,-302080,-320512,209920,-643072,190464,-550912,-857088,-1254400,-2332672,-217088,-1947648,-1517568,-40960,870400,-904192,-1244160,-958464,-920576,-26624,-686080,-664576,-1704960,-563200,88064,153600,-1224704,-325632,-1833984,-668672,802816,-188416,1453056,4096,-1942528,-82944,-1026048,-2051072,-438272,41984,-986112,185344,114688,-1326080,-282624,-528384,-864256,-868352,-1335296,-457728,-450560,-811008,912384,-701440,-741376,63488,-974848,-1404928,-156672,-1388544,-631808,-64512,-885760,-777216,-1162240,458752,-953344,-659456,-202752,-27648,-40960,-506880,223232,-630784,-1028096,-2110464,-1722368,-91136,-653312,-416768,-674816,-361472,925696,-849920,-1746944,-781312,-819200,-1709056,-296960,-954368,172032,-331776,-976896,-508928,-1317888,-1758208,39936,-370688,-1516544,796672,820224,-1465344,244736,-1146880,-1092608,-604160,-790528,-389120,-276480,-1174528,-390144,-1340416,-1435648,-1825792,-1061888,-886784,-418816,-899072,-690176,24576,-102400,-340992,-504832,-1839104
-198656,859136,394240,-340992,-271360,287744,-612352,273408,686080,716800,450560,490496,901120,-1139712,-782336,-54272,620544,-103424,1046528,923648,596992,1015808,-73728,900096,-504832,297984,829440,1181696,362496,643072,-334848,-35840,567296,-1082368,807936,-491520,-870400,525312,-1953792,-161792,-970752,-186368,316416,-580608,584704,1064960,-392192,378880,110592,-713728,-166912,-254976,636928,-310272,-416768,-658432,-487424,1589248,-839680,-1532928,492544,271360,-509952,-882688,-1372160,334848,282624,802816,-26624,794624,371712,-271360,-61440,-406528,1140736,65536,-123904,-1028096,339968,-606208,-949248,276480,-409600,68608,607232,-136192,673792,-21504,219136,371712,37888,-235520,188416,652288,-586752,856064,-882688,1031168,-813056,363520,-1258496,49152,135168,-852992,461824,45056,-983040,663552,-788480,-180224,903168,237568,113664,771072,-307200,-496640,1070080,-234496,1175552,611328,413696,-683008,867328,434176,1031168,-657408,102400,-855040,-489472,-770048,-98304,423936,826368,0,480256,1241088,280576,512000,-297984,-564224,-745472,535552,-291840,573440,260096,-659456,286720,-1027072,-220160,-1592320,-313344,1385472,382976,-779264,1087488,-231424,-135168,-612352,513024,-257024,538624,496640,-683008,-1001472,797696,-669696,-752640,1285120,527360,1102848,904192,-97280,-964608,-305152,-827392,445440,-885760,322560,-353280,-760832,-1157120,73728,12288,661504,1024,881664,-129024,719872,-1227776,-615424,-232448,-724992,-282624,219136,-195584,595968,1156096,-203776,-346112,238592,-212992,-175104,27648,1116160,-1710080,240640,182272,-581632,-310272,386048,-2198528,-844800,680960,761856,183296,-844800,230400,409600,914432,-1346560,52224,249856,-449536,1015808,1058816,-147456,195584,1631232,-811008,-1197056,-351232,-60416,68608,-566272,249856,410624,-401408,173056,-555008,-1474560,174080,1418240,615424,602112,-533504,447488,487424,891904,388096,205824,437248,368640,-116736,-1141760,-539648,131072,1406976,-979968,-124928,-504832,-547840,-569344,-376832,-293888,-278528,-317440,-227328,-226304,-965632,499712,-80896,317440,2067456,768000,-495616,518144,192512,-338944,-198656,-603136,-32768,3072,-43008,156672,-390144,435200,765952,435200,-21504,427008,828416,-662528,167936,-370688,314368,262144,254976,-523264,-342016,-309248,710656,1332224,1076224,-212992,-650240,209920,-596992,-973824,-1034240,-775168,772096,-1084416,206848,-470016,-1077248,-1387520,-124928,1040384,1007616,-229376
-160768,-1211392,-153600,-612352,-1160192,-1082368,-947200,-631808,-706560,-452608,-684032,-47104,-382976,-475136,12288,-1911808,321536,-40960,-1152000,-461824,-236544,-1324032,-1398784,205824,-928768,-675840,-1444864,-1435648,-699392,-662528,-1136640,-1005568,-428032,-994304,-302080,-793600,-178176,-452608,-1360896,-975872,-984064,-105472,-413696,-1558528,-543744,112640,-1273856,835584,-612352,-667648,-375808,-35840,-1233920,-919552,-784384,-90112,-290816,-1250304,-1082368,704512,-1613824,-562176,-976896,-969728,-860160,525312,-524288,-740352,-2314240,-392192,-1960960,-465920,24576,-888832,-165888,-1118208,-741376,-576512,-1647616,-1529856,-650240,-759808,-582656,-1617920,51200,-445440,-1180672,-1812480,-1624064,399360,-204800,-132096,-604160,-172032,-1469440,-825344,774144,-1210368,-1250304,-802816,-726016,204800,-814080,-1557504,-918528,-114688,-1276928,-741376,-490496,-1243136,-225280,33792,-871424,-1412096,-161792,-2475008,-715776,-585728,-185344,-892928,-841728,-1811456,-1604608,234496,-890880,-527360,-705536,-59392,191488,-463872,-375808,-2519040,-1577984,-1089536,-1262592,-670720,-371712,622592,-205824,-110592,-871424,-969728,-57344,-148480,-163840,-169984,29696,215040,-944128,516096,1002496,-1020928,-1048576,-768000,-1575936,22528,202752,-1050624,-1025024,-1711104,-1271808,-1340416,-1300480,-1158144,-1427456,854016,-841728,-1272832,-488448,-483328,-1012736,-1830912,-879616,-1532928,-965632,-1470464,-849920,-865280,-1667072,-525312,-27648,181248,-251904,-321536,-359424,-2228224,-825344,-1890304,-1873920,-98304,-1949696,25600,-247808,-531456,-731136,-415744,-869376,-1377280,-1171456,-381952,-455680,-1205248,-310272,-1772544,-890880,-381952,-600064,-1459200,1024,51200,-214016,-25600,232448,-823296,-630784,-1053696,-1481728,-242688,-1195008,-1305600,-323584,326656,-2135040,-1598464,-977920,-1522688,-368640,-451584,-1252352,-96256,-514048,-1025024,171008,-1997824,-1759232,-603136,-905216,299008,-780288,-2933760,-106496,53248,-211968,-920576,-641024,-6144,-1070080,-314368,-497664,592896,-1557504,-1774592,-912384,-1917952,-1499136,-1135616,-2190336,-1123328,-1477632,-1475584,-2453504,-1341440,-189440,-432128,-480256,-376832,-655360,-62464,-1070080,-596992,402432,-397312,-2229248,-1098752,-1350656,-1546240,432128,-1323008,-1272832,392192,-1541120,-652288,-1287168,-1154048,-71680,-28672,-1837056,50176,-280576,-640000,-1540096,-1071104,-2075648,-526336,-1978368,932864,348160,-483328,-322560,-959488,-813056,-609280,-1196032,-570368,-448512,836608,-80896,-576512,-1103872,-733184,323584,-830464,-720896,-1918976,-204800,-141312,404480,300032,-1669120,-888832
325632,-651264,509952,-774144,515072,32768,1268736,-1011712,21504,-704512,-983040,1062912,1675264,758784,-706560,457728,-643072,1585152,-10240,-129024,1111040,465920,165888,-1538048,6144,-663552,246784,-191488,-863232,235520,901120,1015808,921600,-145408,-10240,1028096,-198656,945152,-1364992,-106496,973824,-334848,154624,216064,236544,-1115136,313344,-358400,-249856,536576,187392,286720,283648,-58368,-2330624,-317440,-141312,6144,363520,312320,-959488,-75776,-487424,-461824,763904,423936,-56320,369664,-473088,206848,128000,21504,-723968,256000,270336,50176,1177600,328704,1104896,357376,-596992,385024,991232,-1855488,-176128,-1609728,-187392,872448,-478208,-994304,-183296,-303104,208896,334848,-458752,-521216,496640,-347136,-564224,-53248,-556032,-1814528,-752640,-338944,-1290240,689152,1220608,451584,257024,165888,-954368,-431104,322560,-1001472,490496,-6144,948224,1008640,-1289216,-1630208,-222208,-1160192,601088,-146432,-52224,100352,470016,427008,-403456,-438272,-797696,362496,-101376,-87040,635904,-131072,1504256,233472,474112,-1248256,209920,-424960,-1069056,347136,867328,62464,-223232,230400,-191488,-104448,-655360,-410624,-623616,-674816,785408,123904,-310272,-379904,-1024,931840,-437248,-848896,30720,-1144832,-351232,375808,561152,-41984,-527360,-189440,-205824,-157696,460800,-770048,-496640,819200,-169984,1094656,-378880,-217088,425984,465920,-1261568,-519168,-126976,253952,79872,-849920,-415744,10240,-376832,1370112,-465920,-1814528,-1281024,-1268736,415744,1321984,290816,-630784,-428032,882688,-988160,-1118208,-493568,-1293312,-304128,-286720,-198656,41984,-16384,-616448,-2080768,-799744,358400,316416,97280,-438272,-688128,-1568768,-365568,-712704,-568320,-463872,357376,-442368,640000,444416,-473088,-264192,163840,-1022976,-509952,-655360,-621568,353280,-1218560,-1397760,-66560,690176,-344064,458752,71680,-546816,-323584,-585728,-437248,-692224,-344064,-1712128,-975872,-2456576,162816,131072,-71680,992256,14336,-520192,-180224,857088,1245184,107520,226304,-431104,291840,-467968,1628160,-257024,-1039360,-651264,-338944,710656,641024,-486400,835584,642048,-1669120,-399360,-434176,-575488,-172032,-281600,-1236992,50176,-263168,-800768,114688,377856,-327680,-177152,-773120,759808,915456,75776,335872,468992,-1000448,413696,-468992,-874496,-885760,-2099200,-519168,-450560,-13312,-87040,-825344,-1947648,-741376,340992,56320,1339392,-1114112,788480,-578560,-224256,-883712,375808,-220160,-568320
-79872,-1200128,-779264,-696320,522240,567296,566272,-286720,728064,811008,-753664,-1872896,-569344,-819200,152576,746496,-953344,184320,-530432,-84992,-1002496,-1030144,-1177600,512000,291840,-50176,712704,1458176,-71680,-689152,46080,-1102848,-163840,227328,64512,-67584,1187840,410624,-1425408,-1528832,-109568,-400384,-626688,-350208,509952,-452608,-640000,-1053696,-705536,551936,-2092032,-690176,814080,-327680,580608,2088960,-537600,586752,83968,-855040,-1753088,-62464,138240,497664,352256,574464,616448,-1547264,-173056,-1629184,-1260544,-490496,-324608,-973824,272384,-24576,840704,-504832,-384000,223232,-1174528,713728,37888,-708608,-479232,408576,-56320,-21504,1047552,-24576,-754688,-408576,-984064,-111616,-935936,225280,-628736,205824,-2310144,-414720,-1158144,-194560,121856,268288,350208,-824320,418816,-1459200,-388096,1705984,346112,381952,-708608,401408,-88064,-845824,-1398784,123904,-489472,-941056,624640,-338944,-296960,245760,322560,119808,-781312,262144,549888,135168,-1416192,1469440,-1044480,654336,394240,236544,-2088960,285696,-24576,44032,154624,486400,845824,126976,160768,-634880,-148480,-402432,-1403904,258048,-687104,45056,-386048,-870400,-180224,-393216,814080,-1012736,203776,-633856,-29696,-385024,-590848,-764928,-1059840,-195584,-67584,-457728,-100352,-680960,-2383872,-292864,-918528,396288,205824,-848896,-1255424,408576,-421888,-1818624,-355328,-47104,571392,-334848,-468992,-55296,586752,286720,-770048,7168,-62464,110592,-977920,-253952,70656,-644096,694272,275456,857088,-111616,77824,47104,230400,806912,-368640,-345088,-1367040,-791552,-2300928,-814080,86016,-803840,1353728,783360,40960,-297984,193536,-2229248,458752,247808,211968,431104,-1496064,-530432,-1212416,-145408,-1195008,-446464,-1038336,-1046528,1158144,-879616,577536,52224,-459776,-462848,287744,-796672,128000,-623616,454656,358400,-1986560,-118784,446464,-101376,-382976,-985088,98304,504832,-190464,295936,-913408,453632,-432128,89088,-1152000,-1024000,51200,65536,-45056,307200,3072,273408,84992,-1271808,-374784,-792576,579584,-12288,1085440,641024,58368,451584,-768000,-1884160,-184320,986112,-662528,454656,905216,276480,-468992,142336,-1542144,-746496,-760832,284672,1324032,-279552,1068032,-1010688,-13312,-129024,-880640,-16384,-1103872,717824,-874496,-559104,449536,544768,-401408,338944,-948224,31744,-1270784,-139264,-192512,-1543168,-897024,-1244160,1186816,-1572864,180224,112640,56320,-184320,-573440,-1349632
-46080,-1457152,-851968,-941056,-638976,199680,-916480,-1358848,-2259968,-871424,-922624,-92160,351232,-942080,-553984,-387072,556032,384000,333824,-449536,-2452480,-680960,-355328,-676864,-1152000,-342016,-724992,-373760,-1034240,-423936,-262144,274432,329728,-1494016,-912384,-1030144,-1047552,-1460224,-642048,21504,-268288,314368,-326656,-709632,236544,-1252352,-22528,-1278976,-483328,-1419264,-871424,-63488,435200,-1419264,-824320,-1514496,-1115136,-2069504,-1896448,-347136,581632,-863232,-1015808,-139264,-403456,-1809408,-920576,-493568,-780288,-564224,380928,-521216,-991232,-652288,-475136,-2013184,-753664,-951296,-1587200,-478208,-52224,-1242112,-1132544,-1001472,-1047552,451584,-1061888,-471040,-159744,-286720,-882688,-181248,-999424,-1469440,773120,-617472,-112640,-2013184,-1639424,-564224,-196608,-1959936,-1062912,-1166336,-998400,-789504,-871424,-1994752,-364544,-1840128,-602112,179200,-718848,-2227200,-1513472,-1022976,-960512,-153600,-708608,-136192,137216,-506880,-2854912,-2089984,-1292288,-778240,529408,-299008,-858112,-948224,-545792,-2222080,-1082368,817152,-558080,1196032,-582656,-1241088,-653312,-1014784,-877568,-59392,-489472,-316416,-7168,308224,-572416,-1467392,-1295360,34816,-818176,-1827840,-1168384,-603136,-1103872,-712704,-611328,-288768,-463872,-1467392,-1565696,-637952,890880,-1502208,-1035264,-643072,-1443840,-363520,-149504,-719872,-1079296,-549888,-1907712,-447488,-1329152,-1319936,-572416,-216064,-1239040,-411648,552960,-861184,-263168,-1089536,-308224,-1712128,240640,-139264,184320,-399360,-844800,-1568768,-939008,-1138688,-1123328,-629760,-1112064,-299008,-233472,-2829312,-569344,-393216,-1021952,-349184,-630784,-1014784,-739328,-2526208,-1022976,-348160,-1577984,-1604608,-1081344,-1232896,-1404928,-724992,-1297408,-568320,206848,-1311744,-1100800,-1224704,-1181696,-2688000,-563200,-123904,-2663424,-1465344,-1359872,-1229824,-1584128,-1100800,-2441216,-855040,-166912,-1525760,-705536,-1767424,-1057792,-852992,-1502208,-1100800,-824320,-1147904,-96256,-132096,-861184,-460800,-974848,-1005568,-634880,216064,-1218560,-1283072,1024,-1184768,277504,-2078720,-1807360,-1264640,-1379328,-1901568,-1707008,-1342464,-1162240,-1054720,388096,425984,-1392640,-1474560,-707584,-844800,-628736,-1398784,-1103872,-1026048,-923648,-633856,-406528,-898048,-1323008,-866304,-1609728,-40960,-540672,-1180672,-699392,-2165760,-2396160,-1404928,-2236416,-1420288,-1413120,-1784832,-1691648,-1554432,-286720,315392,-911360,-1007616,-1939456,-303104,-1607680,-1293312,-517120,-167936,-396288,-163840,-651264,-1045504,-788480,-355328,-1204224,865280,-1260544,-486400,-899072,-811008,-2104320,-2195456
319488,699392,-272384,-934912,-1840128,-431104,-536576,-122880,-1604608,-205824,-390144,-979968,-494592,-1615872,-1804288,-470016,-1116160,18432,-111616,-744448,193536,-806912,288768,-1903616,-1232896,145408,832512,-1550336,-939008,-857088,-1577984,-768000,-1799168,-251904,-2021376,-481280,-1522688,135168,-723968,386048,-578560,-395264,-1527808,-1165312,270336,521216,413696,-365568,-272384,-820224,-270336,-720896,-714752,-918528,543744,-952320,-655360,-217088,-1065984,-18432,-440320,-1431552,-1609728,381952,930816,-348160,-499712,856064,-741376,-544768,-1691648,-1651712,53248,-310272,-91136,-1039360,-969728,-996352,-711680,-1410048,-374784,-53248,167936,422912,-998400,-150528,-79872,-311296,529408,-962560,-1739776,-22528,-935936,315392,1276928,-948224,-1345536,464896,-801792,-461824,457728,-461824,-1508352,-370688,-283648,197632,-1074176,-337920,-594944,-1294336,498688,-632832,-367616,-996352,-397312,-1383424,-367616,-603136,81920,-141312,-386048,-1117184,-6144,642048,-1225728,-823296,-935936,-1442816,-1100800,438272,-887808,-1002496,179200,-770048,-1158144,-206848,-809984,-1778688,-262144,-1152000,-308224,513024,-712704,-917504,-614400,390144,389120,-135168,-664576,-415744,-464896,-671744,-979968,-551936,-1474560,-1384448,-890880,-582656,-737280,-642048,-1562624,-186368,-504832,-1193984,-1678336,122880,-205824,-850944,-346112,36864,-573440,-882688,-584704,250880,792576,-778240,-905216,-227328,245760,-1409024,-1707008,-1294336,-575488,733184,722944,-1157120,670720,-1759232,-882688,105472,-816128,-1183744,-458752,-722944,-570368,759808,-189440,-1562624,-434176,-585728,-865280,-1198080,822272,-131072,572416,-330752,-1173504,1073152,-1801216,-1230848,-739328,-867328,-521216,439296,-745472,-243712,-191488,-1641472,-1035264,-190464,199680,-891904,-47104,-1461248,369664,-520192,-916480,144384,-1059840,-1903616,-673792,-883712,381952,216064,-817152,926720,-921600,-2253824,-1961984,-419840,-620544,-472064,-124928,-1126400,-422912,-1069056,670720,-235520,-567296,-553984,253952,-67584,-197632,-1057792,-390144,-167936,-2348032,-747520,-861184,-978944,-680960,-611328,-409600,-678912,-1713152,-1399808,-605184,-2982912,264192,53248,-532480,551936,-699392,-400384,-1321984,-826368,-753664,-530432,-634880,-538624,-949248,-980992,565248,-109568,142336,-25600,-474112,-489472,-763904,-942080,-673792,-206848,-1789952,-124928,-664576,-724992,177152,-914432,-443392,-953344,-867328,-324608,-1335296,-519168,-1116160,-1521664,-904192,-124928,-1276928,382976,181248,-591872,-2130944,-270336,-1446912,-395264,-854016,-318464,-293888,171008
-778240,-680960,1081344,-1488896,693248,131072,-223232,405504,-466944,-1908736,23552,-805888,-388096,-500736,-1085440,-857088,-106496,-1383424,114688,119808,858112,-303104,754688,-146432,-155648,-132096,1089536,169984,-703488,-387072,323584,-1199104,-113664,-1413120,132096,-732160,-802816,-385024,-1070080,-1471488,-1115136,-362496,302080,355328,-461824,-221184,-754688,-202752,-823296,-398336,-280576,-813056,-25600,968704,-457728,580608,-164864,-378880,-599040,-779264,-50176,504832,257024,-487424,135168,-779264,-721920,-1779712,-890880,-519168,-580608,869376,-1235968,-807936,-835584,-139264,-1467392,-959488,-405504,-835584,-436224,-920576,-656384,-471040,13312,-1257472,-544768,-887808,-1269760,347136,-930816,-1090560,60416,-501760,-787456,-7168,-1024,-624640,-23552,-1164288,162816,-1018880,-672768,-733184,1250304,-1441792,-1219584,1292288,14336,194560,-769024,-565248,-147456,-544768,-679936,-285696,447488,-697344,-831488,-933888,-1334272,-1406976,-575488,-791552,-1076224,-688128,-2040832,1314816,-268288,-235520,-530432,-452608,304128,507904,-1121280,-575488,457728,-196608,1161216,-497664,-305152,-1032192,-258048,-1148928,465920,-1645568,-995328,231424,93184,-1093632,-503808,-1026048,-1172480,-710656,-346112,122880,635904,151552,-442368,-1060864,-325632,-1094656,-345088,-1004544,-1032192,-923648,-937984,-1080320,-645120,-823296,-39936,-336896,-481280,983040,-107520,-480256,-993280,354304,-306176,837632,62464,-19456,-1335296,-865280,-1837056,-1043456,-1971200,-824320,-1338368,-1491968,1404928,-864256,-65536,-696320,-1011712,-1264640,-2008064,-1829888,-200704,-1117184,-142336,-118784,540672,7168,-757760,-664576,-998400,-623616,-578560,-160768,256000,-1230848,-731136,-496640,-253952,-1248256,-1039360,1101824,-498688,-1081344,-580608,-26624,-644096,-228352,-1422336,239616,-33792,-666624,-294912,55296,-150528,438272,-1328128,-716800,-370688,-180224,712704,-640000,-141312,1059840,-272384,-2343936,-1059840,-1105920,-321536,-593920,-532480,-518144,1348608,-264192,-77824,-61440,-1436672,-584704,-560128,120832,-901120,-1166336,-543744,695296,-875520,146432,-1295360,-1526784,-1538048,-200704,133120,823296,-2417664,286720,-740352,-830464,-1084416,-316416,-788480,418816,372736,585728,-344064,-2171904,-466944,-398336,-573440,-212992,-33792,-1223680,180224,-732160,-361472,-176128,-1181696,-361472,-258048,-1021952,-512000,-89088,-1122304,500736,-671744,-779264,-519168,-1086464,269312,-456704,655360,-785408,-326656,-753664,-1185792,600064,242688,-843776,-221184,-751616,-43008,-217088,-382976,-1034240,-1038336,-795648
-152576,269312,44032,-748544,-2189312,-496640,-1207296,19456,230400,-894976,232448,-527360,236544,-136192,-598016,-816128,-1591296,-466944,-1439744,407552,933888,-624640,1338368,-239616,-666624,100352,-377856,720896,15360,364544,1360896,-2088960,1408000,-1177600,-45056,-807936,175104,384000,95232,124928,-105472,260096,-150528,790528,-1103872,-1510400,-510976,234496,817152,670720,-149504,312320,729088,57344,903168,340992,198656,844800,278528,-729088,-2018304,-801792,-846848,-941056,-408576,825344,-656384,61440,121856,709632,-712704,514048,68608,-497664,-1200128,199680,549888,-376832,-366592,941056,461824,-265216,-921600,-325632,-318464,-591872,398336,-27648,-324608,-1148928,406528,-428032,-115712,-162816,-258048,425984,-1164288,-613376,-232448,784384,-1292288,-801792,-28672,-272384,610304,-361472,-823296,-331776,-802816,-1308672,-1143808,-1044480,949248,33792,-712704,141312,-203776,-193536,-423936,784384,-1051648,-1106944,-778240,-264192,601088,-984064,-668672,-1479680,-1725440,-828416,-825344,-720896,1033216,14336,-147456,-451584,-319488,-719872,168960,91136,501760,115712,-190464,290816,-734208,-882688,-991232,-484352,618496,43008,-252928,-527360,-312320,209920,-819200,422912,-605184,-670720,121856,-177152,-31744,-1500160,-530432,-1005568,1216512,265216,-200704,328704,-1333248,-678912,-136192,227328,-969728,-1768448,-119808,-835584,356352,142336,102400,-1254400,348160,742400,-1680384,-595968,76800,-226304,12288,178176,-8192,776192,1159168,566272,-2478080,-459776,461824,714752,-608256,631808,-154624,-692224,-1017856,93184,-917504,12288,-2014208,-751616,-1309696,77824,-421888,202752,-1683456,253952,-678912,807936,187392,-881664,317440,-344064,-453632,-150528,-818176,-697344,-247808,-140288,-239616,475136,-184320,-643072,-336896,-760832,-1055744,-232448,-456704,28672,199680,-1471488,-444416,-529408,43008,359424,-546816,151552,-1259520,-9216,692224,-241664,-656384,134144,-1832960,-697344,-439296,-352256,703488,-454656,-350208,289792,-969728,-319488,-562176,45056,-15360,466944,707584,-188416,859136,-1494016,-1149952,57344,-1285120,64512,-616448,-503808,1122304,-1557504,-1144832,-207872,580608,-1351680,212992,-761856,-325632,-240640,-497664,476160,-14336,439296,-1197056,-2301952,-218112,-1042432,-542720,132096,-289792,-1047552,-396288,-1097728,945152,723968,-611328,-411648,-99328,-558080,-208896,1028096,-265216,577536,-1597440,327680,965632,156672,433152,286720,-14336,-155648,162816,-345088,-8192,158720,14336,241664
-336896,-909312,-187392,-33792,307200,1453056,-1133568,-130048,234496,885760,332800,-447488,-358400,-181248,-472064,-492544,-519168,883712,-688128,-491520,-1286144,-374784,-912384,176128,-1353728,1273856,-774144,-1062912,399360,145408,350208,923648,-171008,583680,-252928,1168384,198656,1388544,598016,699392,-788480,679936,-1051648,617472,1472512,-112640,747520,413696,148480,669696,781312,-43008,-245760,775168,77824,463872,553984,242688,658432,-1602560,8192,-225280,431104,858112,-328704,241664,-33792,808960,-942080,-771072,-58368,48128,458752,320512,165888,965632,605184,-32768,449536,-559104,-347136,207872,-70656,988160,-18432,-253952,485376,105472,-457728,343040,940032,360448,1667072,58368,-898048,626688,-253952,-1263616,14336,-692224,-8192,1374208,281600,139264,-16384,911360,-1158144,258048,208896,454656,703488,815104,-1148928,284672,337920,-387072,-642048,-164864,805888,1019904,-788480,-630784,-408576,-69632,77824,-95232,-420864,-668672,755712,-112640,1124352,-711680,250880,534528,655360,-2539520,5120,-527360,230400,966656,-1164288,-551936,-388096,-327680,-273408,-442368,-209920,-135168,117760,-246784,354304,-951296,-192512,160768,128000,686080,69632,-1081344,277504,96256,-86016,171008,-638976,-74752,376832,267264,-421888,-1024,-525312,-1928192,1068032,-3072,-1234944,370688,167936,175104,1349632,-799744,-14336,251904,-687104,-431104,-673792,-467968,515072,878592,766976,-241664,-103424,-487424,481280,503808,177152,-192512,-327680,900096,1257472,396288,-616448,88064,-272384,-745472,-598016,-817152,-776192,-2271232,-160768,-1755136,-679936,-48128,-335872,-547840,-494592,838656,-714752,2120704,-1188864,-148480,542720,367616,711680,185344,-171008,-488448,-98304,-2017280,-371712,-272384,-475136,649216,-649216,1219584,876544,-369664,-611328,-281600,-2524160,-1140736,1507328,-449536,1063936,-590848,1040384,195584,211968,-653312,-534528,-931840,-428032,87040,-766976,-963584,736256,-993280,-858112,640000,-1004544,-506880,-563200,-1021952,-1330176,646144,-1024,-532480,-975872,525312,-164864,750592,970752,145408,-20480,811008,-1051648,-766976,-289792,-1164288,1377280,-236544,-214016,17408,-410624,-1585152,82944,-1836032,-1030144,-696320,-259072,1179648,-102400,-344064,-225280,-37888,-1096704,86016,-1556480,-468992,-115712,-2309120,-739328,836608,184320,48128,-507904,527360,-742400,-848896,-145408,-260096,-1512448,-323584,-409600,-1047552,-931840,-610304,-737280,-330752,545792,385024,712704,459776
-1166336,-2525184,-35840,-1032192,-930816,-188416,763904,-2885632,-8192,-1394688,-1333248,-632832,-1318912,-133120,-1163264,-795648,-2277376,-1740800,-404480,-1173504,-775168,-729088,-743424,-453632,-1731584,-1058816,-1193984,-752640,294912,-1027072,-1091584,-765952,11264,-845824,372736,-741376,-2285568,-966656,-1582080,-844800,-95232,-1204224,-873472,-777216,-322560,-354304,-1496064,-1774592,-1485824,708608,-1681408,-699392,-1108992,-1558528,-2399232,-644096,-2274304,-315392,-417792,-1116160,-47104,-800768,-780288,-743424,174080,-228352,-1090560,-99328,-760832,681984,-1095680,-889856,-941056,-331776,-3692544,-294912,-1651712,-135168,-800768,-1099776,-705536,-2641920,-1604608,168960,-578560,-629760,-1165312,-1984512,185344,-318464,351232,-1606656,78848,-866304,-1984512,-77824,-207872,-1186816,-348160,-1087488,-657408,-1429504,197632,-251904,-559104,5120,-1173504,-567296,-527360,-351232,-2297856,-459776,-1494016,186368,-517120,8192,220160,-1324032,-1200128,-1967104,-1672192,-871424,-1527808,203776,-672768,77824,-190464,198656,-114688,-431104,-2649088,-954368,-435200,-977920,-1100800,-761856,-517120,-536576,548864,-337920,-1668096,-1202176,-1345536,-1649664,-717824,-313344,-567296,-1127424,-599040,-87040,-1543168,-1716224,-905216,-622592,193536,-1203200,192512,-979968,-1200128,-558080,-924672,-331776,-867328,-1117184,-1345536,-1087488,-802816,-571392,403456,-190464,-513024,-1471488,-649216,-1530880,-930816,-41984,-281600,-1091584,-268288,-472064,162816,-1122304,-155648,-467968,-2957312,-1457152,-664576,-787456,-436224,-1429504,607232,-1871872,-61440,-1300480,-773120,-711680,-1534976,-638976,-1134592,-430080,211968,-1306624,-2401280,-1068032,-1415168,-262144,-985088,-356352,-1234944,-775168,-1277952,-679936,-1156096,-550912,-1515520,-832512,-1881088,417792,-2378752,-578560,-603136,-1186816,-2264064,-2124800,586752,-930816,-716800,-1372160,867328,-670720,-679936,-2024448,-1034240,-1041408,-1369088,-1616896,-1480704,-1366016,-672768,-1938432,-1458176,-701440,-2676736,187392,-984064,-854016,-949248,978944,-322560,-393216,119808,-2232320,-1729536,839680,-896000,-610304,-1523712,-203776,-217088,-1701888,-1651712,-1390592,-851968,-486400,-1049600,-2428928,7168,-1464320,-1382400,-1705984,-1522688,216064,-1471488,-1029120,-159744,-798720,-952320,-706560,-773120,-450560,-730112,-2422784,-648192,-1538048,-882688,-165888,-1029120,-1703936,516096,-1692672,-521216,-1001472,-2019328,-113664,-659456,-2107392,-892928,-2014208,-2251776,-92160,152576,-15360,-1238016,-567296,-430080,-331776,-1171456,-1930240,-515072,-1879040,-1201152,-218112,-1142784,-215040,-1710080,-1260544,-483328,-2180096,0,-680960
-276480,-314368,-349184,-39936,-415744,-545792,1429504,-780288,-489472,1315840,289792,1030144,300032,-1073152,-27648,-416768,1037312,558080,148480,-77824,-686080,-209920,-319488,131072,-565248,-670720,912384,267264,-685056,-238592,233472,-1047552,-601088,-483328,1300480,-261120,-149504,-1475584,-837632,-525312,4096,175104,-1097728,68608,455680,-276480,1080320,-1283072,39936,-860160,-908288,-1329152,1043456,1031168,-1281024,-492544,-903168,-1207296,-920576,359424,-1904640,-1173504,209920,-932864,10240,-382976,-422912,333824,274432,-1438720,-1338368,-489472,-206848,-319488,-1050624,-71680,-411648,502784,-211968,-284672,63488,1295360,818176,14336,-1188864,-877568,-1247232,45056,-279552,785408,-792576,-81920,-17408,173056,28672,-491520,-811008,-491520,-714752,77824,-264192,348160,43008,863232,171008,-794624,1003520,-519168,-373760,382976,33792,-234496,243712,31744,562176,-1538048,-795648,-278528,774144,1154048,1140736,520192,369664,253952,191488,265216,-724992,-1659904,21504,1641472,1119232,1371136,-59392,-736256,-388096,-308224,-23552,-135168,-278528,1164288,219136,-684032,385024,-484352,-793600,8192,529408,-1014784,802816,-74752,1726464,655360,607232,136192,23552,-1027072,-884736,-543744,-496640,-417792,-517120,-922624,-834560,-438272,-1120256,-346112,532480,-573440,518144,665600,-1592320,203776,524288,762880,183296,122880,-494592,-742400,313344,-184320,-641024,-892928,139264,752640,354304,173056,-701440,404480,310272,-650240,-567296,-883712,-796672,190464,-1152000,-470016,-266240,-1044480,-290816,397312,-66560,749568,206848,460800,-785408,322560,-486400,-1257472,-145408,-303104,-29696,-1996800,-24576,545792,-676864,-661504,223232,-1583104,-410624,376832,-1530880,-225280,-708608,702464,317440,-747520,-498688,-594944,-1164288,-387072,-500736,-215040,-24576,775168,-474112,-503808,-2048,-1427456,-978944,-973824,1389568,302080,-1394688,-1454080,-362496,79872,-1286144,66560,-12288,-412672,-1090560,-404480,-769024,-388096,-129024,-1056768,-792576,-405504,219136,1089536,708608,144384,-35840,-76800,257024,-571392,-2989056,-249856,329728,189440,825344,-525312,-903168,434176,-838656,-619520,-865280,-506880,-411648,224256,-340992,-115712,-1052672,-1929216,-584704,-1137664,-2028544,358400,1346560,-348160,187392,-113664,-96256,179200,-1001472,410624,-1008640,185344,-19456,-489472,-122880,517120,1059840,-498688,-143360,-155648,349184,-957440,-1514496,287744,807936,79872,-494592,-144384,-755712,-1246208,-9216,-510976,902144,106496
-51200,-630784,-243712,75776,607232,-873472,-509952,-706560,-638976,121856,891904,-18432,-814080,-552960,943104,-495616,-276480,-709632,862208,65536,-742400,-979968,-796672,-214016,-831488,645120,225280,-337920,-538624,-82944,206848,-330752,250880,-30720,1293312,-23552,48128,-2235392,-494592,646144,-1024,155648,12288,637952,232448,-1398784,-275456,78848,-505856,-1539072,-478208,-103424,217088,755712,-410624,552960,-924672,-995328,-224256,-664576,-188416,267264,-1140736,-48128,1015808,-509952,-334848,-57344,90112,166912,-670720,-823296,-86016,-926720,-504832,-925696,-1653760,855040,375808,-923648,-563200,926720,-1118208,751616,-226304,-1366016,-1730560,-502784,-872448,-376832,-957440,-714752,-897024,-58368,-479232,-708608,-297984,-463872,-45056,-299008,-1287168,-736256,-619520,321536,-2373632,-223232,-429056,208896,200704,-197632,-110592,-863232,140288,-440320,-17408,-209920,-574464,-651264,-982016,1323008,-1026048,-732160,-232448,-926720,-888832,-1505280,190464,-819200,-568320,-209920,-225280,-209920,-116736,-373760,-979968,-60416,314368,523264,549888,-124928,188416,432128,-1116160,-1038336,-149504,-23552,711680,-732160,-193536,-1281024,-883712,-1362944,-477184,-1019904,-600064,918528,-1608704,517120,-887808,-428032,220160,20480,226304,-442368,-1025024,-830464,-285696,-1526784,-854016,-575488,77824,-1059840,-851968,-377856,134144,-928768,-963584,-306176,-693248,-798720,216064,171008,-1115136,-1189888,976896,-763904,-1684480,-1726464,-776192,131072,-692224,-954368,-1670144,-786432,-395264,-1970176,-11264,-494592,-102400,399360,578560,-707584,-1025024,-215040,-1547264,225280,435200,-680960,-119808,827392,-24576,39936,-547840,-1100800,-285696,119808,-643072,84992,-602112,-857088,-25600,-332800,-464896,-1269760,-319488,-148480,-192512,-762880,948224,-388096,509952,-851968,427008,-718848,-1816576,-158720,81920,-645120,433152,797696,230400,-846848,354304,-1364992,-117760,-804864,-1153024,420864,-592896,-136192,488448,-310272,-1412096,-697344,-128000,-242688,41984,-1607680,10240,-157696,-549888,-953344,-35840,99328,70656,-261120,-419840,-1645568,-926720,-1986560,-1599488,-88064,-848896,678912,-146432,148480,-823296,-235520,540672,-226304,89088,-861184,-980992,538624,-205824,923648,-459776,-152576,-734208,191488,-1313792,-116736,301056,-590848,-67584,-791552,209920,-2048,276480,-167936,-1189888,-649216,-1258496,657408,188416,-1135616,415744,39936,-421888,-2298880,13312,513024,-690176,-14336,-316416,91136,286720,-794624,-568320,-465920
676864,-133120,-918528,-83968,-259072,-2286592,-623616,-321536,121856,-712704,-1202176,-1226752,306176,-813056,-1217536,-314368,-728064,-1565696,-579584,-282624,100352,-309248,-1694720,-1149952,-671744,-1297408,226304,-1238016,5120,-830464,-159744,940032,-1235968,-865280,-221184,-419840,-349184,-379904,-622592,-212992,-1004544,-1266688,596992,-650240,-772096,-1007616,-965632,-337920,259072,-471040,-14336,-222208,-2244608,-470016,-54272,-1221632,1140736,-913408,399360,228352,-83968,-1507328,-1285120,-154624,-630784,1292288,-814080,-41984,-827392,-888832,-1118208,-361472,240640,101376,-25600,965632,-737280,-424960,-76800,690176,-1126400,-693248,625664,157696,-665600,-1629184,108544,-428032,123904,-324608,-740352,-343040,-36864,-1072128,-347136,-370688,-1192960,16384,-906240,620544,-9216,-207872,360448,-986112,-676864,-797696,-1204224,-21504,-799744,200704,-784384,-141312,410624,-535552,-82944,-439296,-1583104,-624640,-1213440,-1246208,-825344,-653312,-659456,81920,-179200,-264192,496640,249856,-1452032,-1089536,-188416,-1068032,-944128,-482304,-1565696,-1904640,-254976,289792,-2048,125952,-438272,-882688,328704,1222656,-772096,-260096,-714752,-1083392,-206848,-225280,-821248,-276480,598016,380928,-714752,-925696,-979968,-1701888,55296,-504832,-942080,-1034240,-207872,-7168,419840,302080,843776,267264,-662528,-705536,-1770496,-1576960,-558080,-537600,-165888,-23552,-338944,-125952,-576512,-314368,-967680,-1230848,-1054720,-1230848,70656,-351232,376832,206848,-512000,-44032,81920,-1922048,-1305600,77824,-1041408,357376,798720,-610304,-988160,-102400,-1545216,-1546240,33792,-348160,1024,-314368,-442368,-490496,-911360,-1443840,-71680,-879616,-728064,-1147904,-575488,-1027072,461824,-645120,-1285120,-533504,-1537024,-566272,137216,-635904,-373760,-1521664,-39936,-851968,381952,-118784,-743424,45056,-397312,-338944,-838656,-222208,405504,-964608,-1302528,-697344,-333824,-664576,-269312,16384,-859136,-1276928,133120,-819200,-371712,-148480,-1059840,357376,70656,758784,-660480,-770048,-463872,-1161216,-705536,-674816,-814080,-641024,973824,803840,-688128,-1320960,180224,-1767424,-328704,237568,760832,-244736,-749568,-950272,46080,-75776,-1300480,1083392,-433152,-970752,-570368,-1165312,1024,-302080,-1204224,-679936,-1131520,-320512,-1370112,245760,-593920,402432,-1423360,9216,145408,72704,-1377280,49152,-105472,284672,244736,-355328,-610304,-576512,-399360,-1538048,-381952,40960,7168,-1377280,754688,123904,875520,-1106944,-892928,-2383872,-1875968,-823296,-968704,-670720
-1131520,491520,-648192,-305152,240640,-377856,257024,-1503232,-47104,345088,419840,-1072128,-675840,1182720,163840,-567296,709632,562176,-503808,-198656,-1805312,-737280,172032,-462848,608256,-266240,848896,-285696,-730112,-337920,274432,-781312,1224704,-248832,-378880,-348160,694272,-592896,774144,208896,93184,700416,155648,-288768,190464,1285120,-768000,709632,532480,149504,371712,-718848,83968,950272,-584704,587776,24576,-196608,-1953792,409600,976896,5120,-25600,1112064,157696,61440,-872448,-976896,-259072,-102400,-46080,532480,1200128,-181248,-862208,120832,-648192,-1037312,267264,-855040,726016,-77824,-244736,-272384,-404480,61440,27648,-503808,-531456,-1033216,-764928,228352,421888,380928,-943104,278528,-1598464,15360,779264,-495616,473088,320512,-182272,-331776,-1240064,-194560,-891904,-360448,-404480,-483328,604160,31744,-403456,-65536,-619520,637952,-234496,64512,-361472,-692224,1118208,-509952,-160768,-450560,-744448,-1356800,636928,-931840,833536,834560,505856,150528,-522240,-333824,-861184,465920,14336,-113664,343040,-267264,492544,1046528,-936960,-870400,-74752,-560128,119808,1140736,-923648,646144,-161792,-1239040,-1090560,1117184,-663552,-534528,-304128,130048,-1188864,-780288,-1127424,-737280,194560,1658880,333824,-67584,-584704,-14336,-2169856,-905216,159744,-1034240,-696320,108544,205824,-456704,11264,-1386496,-309248,290816,-1247232,304128,1067008,239616,-690176,-320512,-44032,251904,-118784,-120832,963584,-304128,-492544,-82944,466944,-599040,-364544,-1230848,111616,71680,-1239040,926720,-475136,-125952,-800768,-593920,-990208,-1323008,-1300480,973824,-547840,-55296,929792,-388096,-351232,528384,930816,-517120,-891904,-1042432,-567296,-478208,787456,252928,-1138688,-86016,-540672,165888,41984,-519168,-842752,-480256,-1009664,-296960,-1163264,-2002944,-1009664,-564224,-931840,-192512,-999424,831488,-1058816,-1244160,-1750016,-66560,-816128,-779264,-365568,-886784,-751616,13312,-774144,-524288,-1420288,-41984,-50176,-349184,722944,-244736,-798720,-887808,-1702912,269312,121856,-659456,-625664,-684032,-88064,-780288,40960,-661504,557056,-120832,-1472512,78848,-124928,-837632,-673792,-219136,57344,549888,-2483200,-38912,-878592,-1466368,285696,699392,-851968,288768,-1188864,-2008064,277504,63488,-1246208,959488,-907264,-417792,15360,71680,-839680,493568,-269312,-432128,57344,-117760,-400384,-1440768,-233472,-1972224,-1737728,-1559552,-1116160,-79872,-580608,963584,-1294336,-370688,250880,50176
804864,246784,71680,-1183744,-1060864,-1355776,-1930240,573440,-180224,-1200128,-460800,-264192,-351232,315392,848896,-766976,-497664,-747520,-394240,186368,-314368,-775168,-125952,-795648,-60416,-1116160,-763904,-617472,740352,-1410048,138240,907264,-296960,-1670144,50176,-1893376,-440320,1454080,318464,-140288,323584,-1331200,516096,-1014784,-702464,-246784,299008,-226304,-841728,-990208,-734208,-394240,-745472,-73728,-211968,-134144,-793600,-1156096,-12288,1132544,-447488,-1160192,-1272832,-815104,-814080,-1286144,199680,-666624,95232,-43008,-211968,-191488,-117760,-1716224,1078272,-34816,-526336,-496640,273408,-2245632,-1111040,-2155520,-995328,-1078272,-703488,-1599488,-979968,69632,-1080320,-1133568,-985088,-581632,-484352,-933888,-122880,69632,409600,-815104,-86016,-754688,-1500160,-41984,-176128,-886784,-514048,-914432,-328704,-828416,-1027072,-651264,-1680384,109568,-1479680,-1364992,-1162240,-499712,103424,-672768,-117760,50176,-1135616,-353280,-1101824,-617472,-278528,-44032,198656,68608,-586752,-998400,-535552,-601088,-816128,-1792000,-806912,-358400,-569344,-762880,-90112,-969728,-2229248,-1576960,-259072,-18432,-823296,57344,-811008,-35840,445440,-794624,-537600,-109568,-50176,-493568,-1045504,-15360,-1391616,-266240,-1375232,594944,-1291264,-380928,-496640,-233472,-219136,-886784,831488,-429056,-962560,136192,-1462272,59392,-398336,50176,-78848,-722944,169984,-261120,-21504,-550912,-1664000,-779264,454656,-2963456,-998400,-769024,-838656,-803840,184320,-1356800,-1677312,-1221632,-1867776,-444416,-945152,-762880,334848,-772096,-60416,109568,-521216,-2147328,-897024,-94208,-1325056,-154624,-296960,1148928,-716800,-25600,-613376,-1499136,-1352704,-885760,-394240,-944128,-1471488,-1537024,-405504,-344064,-1551360,-1035264,-1078272,-1430528,-108544,-475136,122880,-88064,-1187840,-133120,-633856,-1076224,131072,-723968,-760832,-983040,-1508352,-296960,-61440,-1354752,-1533952,-1236992,-486400,-1022976,-470016,-552960,-841728,-496640,-1096704,-149504,-1274880,-496640,-496640,-506880,435200,-1249280,268288,-827392,-99328,-1678336,-831488,-584704,58368,-157696,-1191936,119808,-251904,-1169408,-1008640,-1437696,-829440,-921600,-1202176,-379904,-1291264,-677888,-479232,-1449984,-384000,-534528,373760,-1390592,-1152000,-28672,68608,-1186816,-1271808,-19456,-2132992,-1090560,100352,1647616,-223232,-1685504,-1255424,-1202176,63488,-1289216,-944128,-996352,306176,276480,-1073152,-1115136,-1220608,-823296,-1394688,-479232,-930816,99328,155648,364544,942080,-922624,-1485824,-280576,-1191936,-702464,-1465344,-518144
-115712,668672,905216,-634880,-618496,662528,-199680,276480,-452608,-1426432,235520,1024,-1801216,-802816,-659456,-268288,340992,850944,-21504,785408,671744,-1302528,-371712,-317440,90112,-60416,599040,-403456,-50176,737280,-10240,-619520,129024,-346112,332800,935936,26624,348160,516096,-37888,-84992,86016,45056,210944,-116736,340992,-276480,-112640,-89088,-535552,-102400,587776,565248,-104448,583680,991232,513024,348160,186368,-575488,1054720,1268736,287744,605184,102400,836608,759808,409600,-259072,-990208,-199680,-333824,-57344,-62464,428032,223232,1525760,427008,427008,-1416192,344064,1234944,965632,1069056,-404480,52224,-87040,917504,-1478656,530432,207872,154624,1157120,241664,322560,1204224,-462848,-653312,-25600,960512,-1131520,-683008,26624,845824,-480256,738304,-181248,471040,970752,-980992,-724992,1001472,401408,109568,-413696,-1197056,-281600,315392,-81920,729088,-59392,440320,896000,-488448,609280,-1162240,-2294784,647168,545792,61440,1137664,-103424,-698368,178176,520192,929792,1495040,-147456,704512,66560,-321536,-957440,55296,-395264,98304,-890880,-287744,347136,651264,-334848,614400,84992,616448,-143360,149504,-120832,2242560,959488,322560,1116160,29696,-425984,1036288,354304,-214016,-400384,123904,-161792,-151552,828416,-40960,826368,-1017856,907264,-536576,144384,1239040,677888,354304,1163264,-54272,1012736,402432,-676864,463872,41984,-1612800,-408576,259072,-306176,1923072,247808,337920,336896,516096,23552,-41984,24576,-574464,-564224,481280,-664576,572416,485376,-497664,561152,-649216,297984,651264,-650240,279552,176128,237568,-641024,-302080,517120,-1139712,-809984,-543744,-1065984,-243712,226304,-377856,890880,-486400,-605184,-68608,-601088,443392,550912,-396288,-361472,-708608,-436224,414720,-277504,-740352,-114688,81920,135168,243712,-240640,-630784,-1060864,-1114112,285696,-547840,314368,-108544,-973824,-888832,1076224,1218560,-330752,-755712,-799744,-412672,250880,841728,694272,-137216,-624640,-345088,178176,116736,-991232,-398336,208896,-1420288,934912,-944128,415744,204800,201728,-1203200,482304,-621568,247808,734208,-564224,-856064,-500736,1408000,1055744,1111040,1294336,-382976,-287744,308224,405504,31744,-759808,-644096,-393216,-297984,-803840,-107520,-678912,480256,1021952,-1914880,-305152,970752,-1913856,521216,44032,372736,102400,-632832,3072,347136,118784,-1419264,-191488,899072,313344,-206848,419840,-327680,-157696
-400384,-444416,139264,1163264,77824,-327680,210944,-1455104,-94208,-63488,-464896,-190464,741376,-302080,-905216,-504832,-624640,-843776,-868352,-1303552,277504,-1218560,-290816,802816,-574464,-330752,-442368,-1685504,408576,523264,-211968,-538624,150528,809984,-600064,-756736,-685056,-374784,326656,-1172480,805888,418816,-408576,-1216512,-269312,-874496,-1723392,545792,-1096704,611328,-617472,103424,-66560,-86016,-558080,-326656,761856,425984,1589248,-144384,-629760,573440,33792,-1024,-187392,-841728,344064,936960,273408,465920,657408,3072,397312,-99328,-470016,1057792,-269312,479232,-1018880,-464896,204800,-119808,-519168,-472064,-427008,-352256,-480256,-792576,-871424,303104,-881664,-34816,-1123328,-1007616,-132096,62464,282624,180224,-312320,-1591296,38912,-993280,271360,-1589248,295936,-593920,-749568,-13312,-523264,214016,-1232896,-420864,-1521664,-1038336,28672,-159744,-941056,-834560,-231424,-162816,18432,-669696,-333824,-698368,-849920,-1184768,-1115136,-857088,-243712,-747520,-245760,271360,96256,-116736,-660480,662528,686080,-568320,486400,-1433600,-56320,-2463744,-665600,274432,580608,25600,-318464,-90112,-1043456,-1112064,-1345536,-79872,395264,-708608,-96256,-889856,750592,-739328,-192512,-1126400,335872,-184320,-1321984,-523264,-1054720,-448512,-1480704,438272,-771072,-922624,-121856,-157696,-203776,-155648,-798720,-3049472,-1266688,-27648,622592,488448,894976,774144,-37888,53248,-654336,-1152000,148480,133120,766976,-562176,617472,283648,-373760,-231424,-72704,-799744,-386048,-727040,-1174528,126976,-1644544,459776,-577536,-518144,-97280,-394240,-890880,-1120256,-848896,-814080,-166912,-842752,-1718272,-1552384,-1024000,203776,-45056,-455680,-391168,-1029120,-608256,-1064960,-662528,-1060864,178176,-141312,-708608,-152576,-457728,-2048,-987136,922624,-243712,-203776,-668672,69632,-24576,-499712,927744,755712,-291840,-525312,-445440,-944128,547840,261120,-223232,-598016,-800768,438272,-515072,-1717248,-527360,-1028096,-532480,-480256,-603136,-419840,-586752,-317440,-630784,-363520,-317440,454656,32768,-614400,-452608,389120,-593920,-950272,-1140736,-261120,-693248,1078272,164864,136192,-533504,11264,-68608,-760832,-870400,-1337344,-1802240,-149504,-211968,-45056,-345088,-1379328,-404480,-2609152,-1163264,593920,450560,106496,-157696,297984,-528384,-33792,-765952,201728,-1562624,566272,566272,-913408,-228352,-1180672,-419840,-386048,-596992,104448,-497664,-249856,-875520,-808960,-372736,-497664,-38912,-1037312,-526336,-699392
-568320,-62464,-673792,-190464,-2355200,-647168,62464,-615424,-65536,-368640,-857088,-207872,319488,162816,-272384,-1315840,-683008,-910336,-513024,-621568,-1108992,-649216,-587776,-118784,-950272,-123904,394240,323584,-1285120,411648,-954368,-677888,-310272,138240,110592,-162816,486400,1144832,114688,-850944,-348160,-1298432,-2333696,-1486848,646144,-502784,-1035264,-456704,125952,-370688,-48128,-852992,-278528,-149504,72704,75776,-413696,-1522688,-797696,1131520,-1484800,-260096,-1788928,-916480,-617472,1385472,943104,814080,901120,262144,-950272,155648,-132096,57344,660480,171008,-1330176,83968,-489472,-869376,417792,-158720,-623616,-263168,34816,-423936,637952,124928,-558080,-892928,254976,-172032,-1313792,-542720,-621568,-377856,-742400,2048,-1520640,-499712,-497664,-526336,-246784,-1996800,-66560,-982016,-923648,-889856,-667648,-1129472,-403456,-702464,24576,-906240,-696320,-962560,-130048,-1431552,-1640448,162816,-506880,-611328,-24576,159744,364544,-459776,-1701888,294912,-46080,-2033664,628736,-911360,-1177600,-803840,-529408,-666624,-195584,-459776,-501760,748544,-1087488,437248,98304,-238592,409600,-1079296,-453632,-347136,-888832,510976,-457728,-920576,-82944,-93184,-1716224,930816,-2410496,-389120,-61440,-665600,-507904,-785408,-655360,34816,-663552,464896,-345088,-263168,-630784,-568320,-499712,587776,-1287168,-428032,-741376,-769024,-1106944,-1032192,-1248256,-1282048,-825344,-750592,-413696,-413696,-721920,-1027072,-175104,-533504,-692224,-181248,-1518592,-179200,1271808,118784,389120,-611328,-240640,-1670144,-695296,-1371136,-2063360,-153600,371712,-551936,-1718272,-1201152,-490496,-468992,-1228800,-912384,-70656,-795648,-112640,-530432,68608,-375808,-512000,-425984,365568,-1674240,-704512,-106496,-1318912,-256000,-399360,-343040,-1051648,53248,-1768448,-396288,-1859584,296960,261120,-1042432,-248832,63488,-1012736,277504,-1077248,610304,-500736,-1434624,1047552,-751616,34816,-260096,-249856,-990208,594944,188416,-306176,-794624,-768000,-451584,-1257472,-1014784,464896,-1106944,-180224,-358400,-765952,662528,-566272,-600064,-1068032,-322560,-1945600,-534528,-864256,-1293312,-587776,-678912,-228352,-222208,-822272,-1025024,-1131520,-323584,92160,382976,-221184,-1312768,-1071104,-234496,-1079296,-886784,-731136,-1239040,-973824,-924672,-1070080,-1652736,-6144,-1577984,-1462272,-1786880,-195584,525312,-917504,-130048,182272,-1250304,-357376,-479232,-274432,-483328,-1091584,-1646592,-630784,-686080,-660480,178176,124928,-2113536,-950272,-205824,386048,-174080,-1183744,-538624
-335872,-239616,-14336,76800,484352,1488896,-114688,102400,22528,-519168,-549888,171008,486400,997376,485376,-1024000,-173056,741376,-428032,235520,1122304,61440,1527808,-766976,-438272,266240,-9216,843776,-1577984,-157696,-640000,-394240,388096,-944128,-401408,764928,175104,13312,-113664,464896,626688,1368064,-96256,261120,-484352,389120,-638976,714752,-101376,63488,509952,-132096,-159744,-989184,-831488,207872,261120,-983040,-503808,-560128,204800,1397760,132096,-717824,924672,512000,-686080,301056,-486400,975872,995328,1269760,-123904,507904,29696,-28672,164864,535552,-663552,779264,1036288,531456,-175104,434176,-459776,-39936,-12288,141312,941056,276480,259072,-287744,268288,-1340416,297984,-1001472,592896,59392,-665600,229376,-1220608,-996352,-378880,-512000,-753664,-435200,-1078272,402432,-1016832,-598016,-332800,-418816,-171008,-1747968,-2116608,757760,-478208,563200,675840,740352,165888,-242688,-578560,443392,123904,471040,-93184,667648,1087488,-105472,-1093632,-360448,-1551360,-466944,-378880,402432,-750592,-748544,238592,288768,-301056,354304,315392,-326656,-220160,-1083392,1701888,-486400,-400384,-645120,390144,1007616,-191488,2326528,428032,19456,-847872,413696,-78848,-671744,455680,739328,1034240,1042432,562176,-111616,-757760,-758784,55296,-2212864,196608,53248,-332800,497664,277504,-308224,301056,260096,1480704,1037312,-902144,-775168,-337920,271360,-301056,-258048,-69632,-892928,-474112,-488448,279552,254976,1292288,-587776,-626688,214016,-225280,322560,-289792,96256,-36864,-1027072,-26624,-53248,-867328,-164864,-43008,-464896,-93184,-90112,501760,319488,204800,-492544,-1547264,-490496,326656,-102400,-699392,-129024,307200,755712,-27648,204800,48128,1913856,81920,702464,-162816,866304,-693248,-34816,423936,-778240,-330752,-857088,109568,1180672,-480256,-279552,-209920,-951296,-114688,56320,142336,-618496,533504,-361472,-283648,221184,43008,-577536,326656,876544,-269312,19456,-91136,71680,424960,-634880,-235520,-641024,-195584,491520,-724992,-629760,-90112,587776,-87040,556032,266240,165888,-881664,375808,179200,-846848,1021952,925696,-765952,-520192,-934912,-2107392,-77824,-425984,-373760,118784,-605184,-768000,-1116160,-205824,-1553408,-933888,643072,-153600,1259520,112640,124928,-228352,43008,485376,-1241088,-309248,-927744,969728,-460800,476160,-541696,-1053696,-268288,-2202624,-463872,256000,-323584,-815104,-36864,-1005568,-667648,-903168,-196608,-495616
199680,-244736,-236544,-65536,-155648,-513024,-737280,510976,-1331200,-160768,49152,-969728,83968,-257024,-794624,-1321984,-814080,-1244160,253952,45056,571392,566272,-649216,-436224,501760,1156096,84992,-40960,164864,223232,-637952,461824,-489472,40960,-885760,279552,-278528,-228352,1174528,-163840,366592,-1114112,-465920,-537600,-60416,172032,154624,1294336,183296,350208,-1273856,563200,-7168,-50176,476160,1098752,674816,-311296,783360,-419840,-1107968,-243712,-287744,413696,1232896,162816,594944,2045952,78848,-736256,544768,701440,-2004992,-1126400,-486400,-1022976,322560,-348160,493568,-1432576,-946176,516096,-250880,253952,-1742848,-814080,-548864,1102848,421888,-743424,-1107968,-831488,-756736,-752640,-390144,484352,201728,-1723392,840704,165888,-562176,503808,267264,1243136,339968,-380928,8192,6144,291840,-96256,-2020352,-878592,-724992,43008,-450560,-172032,-525312,-1116160,-1002496,-534528,-31744,-74752,830464,334848,-1383424,-1008640,380928,-690176,-13312,-727040,-30720,843776,302080,1374208,-710656,613376,102400,176128,-728064,26624,237568,246784,563200,-382976,-660480,456704,-1459200,-881664,-1055744,371712,-282624,562176,-121856,-311296,-945152,26624,395264,-315392,29696,-40960,-25600,-387072,-21504,-43008,-775168,-545792,-1116160,-1058816,-632832,-636928,38912,60416,-251904,124928,-809984,-685056,-1396736,-485376,-124928,484352,-395264,764928,-2011136,-1007616,-622592,-209920,-374784,-275456,164864,-1841152,246784,-807936,-32768,84992,-834560,35840,-333824,-361472,191488,-670720,-968704,206848,-613376,449536,484352,228352,314368,391168,-868352,86016,1267712,-670720,-833536,-718848,-1253376,-395264,1048576,-208896,181248,-103424,-1120256,-49152,56320,-458752,863232,-658432,317440,-1006592,-24576,-929792,-1123328,346112,-125952,392192,1188864,832512,55296,137216,-867328,-936960,-51200,-917504,-130048,638976,-105472,-195584,-179200,107520,-1212416,-746496,24576,658432,-893952,-247808,286720,-539648,-473088,-373760,-1364992,-890880,190464,101376,577536,-128000,-546816,-167936,-117760,251904,-579584,813056,374784,-680960,-138240,-593920,-775168,-736256,-139264,-479232,-1208320,-500736,-581632,-143360,-490496,-378880,443392,-98304,-595968,-870400,-912384,118784,780288,896000,-1609728,-211968,-845824,-23552,-1498112,422912,159744,-364544,-311296,-676864,-1117184,-503808,-908288,-846848,-1002496,346112,-1316864,-291840,461824,-941056,-991232,-356352,-153600,28672,-550912,-253952,-1212416,-676864
-510976,513024,-267264,1044480,200704,1410048,581632,947200,611328,-454656,674816,-735232,-19456,27648,156672,1643520,243712,578560,479232,900096,-681984,-950272,691200,681984,1292288,1175552,144384,605184,-733184,545792,39936,148480,899072,-773120,1344512,711680,-58368,-942080,-196608,-444416,619520,1549312,1039360,169984,976896,-465920,388096,-574464,467968,-1035264,-240640,735232,1208320,1362944,433152,967680,664576,-175104,57344,-268288,1740800,878592,7168,388096,599040,1413120,1547264,-2048,-3072,-852992,447488,921600,650240,1495040,-212992,589824,231424,1137664,876544,-781312,1030144,643072,1205248,834560,-757760,-98304,110592,-1970176,715776,390144,-447488,1167360,796672,-117760,342016,521216,-680960,-292864,-202752,690176,-281600,-47104,-809984,408576,245760,842752,171008,-1021952,201728,792576,626688,1389568,684032,264192,-194560,508928,464896,376832,668672,1523712,-444416,1691648,622592,-214016,271360,-1153024,832512,1653760,574464,847872,1608704,221184,782336,-67584,-713728,582656,1128448,497664,578560,64512,-369664,-124928,-424960,794624,-636928,-411648,314368,231424,700416,651264,53248,1271808,-81920,805888,-611328,480256,128000,798720,548864,-611328,-852992,857088,609280,770048,1810432,494592,166912,765952,-398336,-409600,387072,385024,1095680,1044480,-1090560,140288,184320,378880,-717824,-268288,184320,88064,-516096,93184,666624,583680,-343040,318464,-346112,204800,-739328,603136,751616,1043456,-954368,-50176,310272,-191488,-102400,-698368,37888,2013184,-1102848,-495616,-327680,1090560,159744,363520,914432,828416,1253376,766976,-101376,-163840,714752,201728,1368064,-656384,214016,230400,343040,1240064,739328,509952,-370688,430080,52224,-181248,986112,-946176,668672,-173056,-249856,221184,1201152,-812032,494592,705536,-294912,778240,1133568,721920,-360448,348160,-257024,434176,27648,-223232,-104448,820224,-412672,320512,1463296,1758208,1099776,233472,183296,157696,1575936,796672,818176,177152,-450560,347136,-485376,-589824,487424,542720,760832,987136,508928,34816,360448,-262144,579584,-198656,-58368,-176128,826368,4096,-179200,-1333248,-20480,803840,-508928,1077248,293888,646144,483328,1581056,-448512,1694720,4096,1212416,-745472,-514048,-187392,875520,297984,207872,330752,410624,-1615872,-658432,181248,136192,519168,623616,609280,-41984,-175104,-1170432,113664,-570368,595968,688128,788480,-414720,64512,1368064
16384,208896,484352,-535552,379904,-237568,-485376,-588800,-786432,87040,-432128,-169984,-882688,-231424,-1096704,-248832,-672768,-498688,-809984,74752,201728,-267264,96256,157696,-1594368,-828416,-796672,-844800,-630784,454656,-130048,-947200,-1626112,172032,-211968,-1083392,-294912,208896,-252928,-288768,197632,936960,-867328,123904,-1058816,-1022976,803840,-558080,-542720,-562176,1321984,-3072,-65536,-954368,139264,-376832,-269312,-729088,-1229824,-363520,-157696,-934912,-320512,-1016832,-434176,809984,621568,1631232,566272,-1393664,-1555456,1719296,229376,-1118208,-270336,-215040,483328,279552,96256,1044480,-1315840,-239616,-221184,432128,-429056,80896,836608,-368640,154624,187392,975872,-273408,481280,-1342464,-467968,-522240,-184320,-179200,528384,3072,-1053696,267264,-2535424,-243712,-160768,-485376,1510400,-299008,-1403904,-1036288,-528384,-610304,508928,-99328,-102400,-103424,-788480,404480,-867328,1030144,-698368,-246784,-950272,216064,-69632,-215040,-410624,-455680,757760,-181248,-356352,506880,51200,-934912,267264,-137216,560128,480256,-745472,1269760,-1024000,45056,334848,379904,995328,461824,832512,-177152,-17408,-1010688,-65536,12288,-1481728,47104,288768,-731136,-466944,-1229824,-38912,-179200,106496,656384,-157696,704512,-523264,187392,-763904,1552384,-1364992,84992,-893952,-204800,-891904,-252928,-816128,-1087488,-488448,115712,423936,-410624,749568,-623616,280576,-271360,-356352,-967680,1306624,642048,-783360,-1202176,-719872,-777216,-233472,-483328,-907264,-899072,990208,-1326080,456704,409600,-267264,-585728,751616,-302080,164864,-174080,-605184,-427008,-1821696,260096,351232,-100352,-1089536,-668672,476160,-1291264,14336,-447488,131072,-204800,-1213440,-1320960,-402432,1249280,-615424,168960,-253952,-366592,-668672,-851968,-1575936,-415744,-801792,-1208320,-864256,-796672,-28672,-866304,-734208,-1293312,-61440,-1807360,-342016,712704,105472,-784384,218112,96256,-661504,-905216,-2310144,539648,-1523712,-886784,-989184,1252352,-919552,278528,-1341440,750592,-914432,39936,-564224,587776,370688,889856,-793600,259072,-281600,-891904,437248,-1316864,-556032,-500736,-51200,-334848,-842752,-389120,-1504256,-1776640,-1656832,-754688,-734208,-1231872,-678912,-381952,-944128,-228352,-630784,-927744,45056,-245760,-123904,189440,-1579008,-1047552,-620544,-1165312,-809984,4096,45056,-385024,-555008,-12288,422912,883712,-1596416,-123904,1204224,-944128,-126976,280576,-436224,-914432,-1174528,-378880,-334848,-1384448,-55296,-1032192
-158720,-1354752,180224,-2360320,-1800192,-99328,120832,-408576,-935936,158720,-1359872,-865280,-2469888,-781312,-276480,-451584,573440,-47104,-52224,920576,112640,-1850368,-343040,-912384,-150528,813056,-1873920,-193536,-116736,613376,-1286144,440320,-996352,-431104,158720,-1344512,-37888,-560128,-237568,-615424,-250880,-881664,-475136,-1135616,20480,-270336,-1585152,-1207296,-425984,-951296,-485376,199680,-1271808,-303104,-323584,-429056,-208896,-455680,22528,-8192,-1497088,-952320,-396288,-302080,348160,50176,-476160,-507904,-1585152,240640,-371712,-498688,-19456,-1014784,-1160192,-608256,-208896,-377856,-1769472,-2074624,-902144,734208,-407552,-404480,-390144,-271360,-534528,-1350656,-755712,-753664,-751616,-606208,1122304,-71680,-592896,-503808,169984,-561152,713728,-510976,-848896,104448,-1229824,-432128,-1097728,964608,-1086464,-817152,-1062912,-393216,-155648,351232,-966656,-1145856,-523264,-82944,-326656,-2324480,-63488,283648,-1074176,1165312,-217088,58368,-728064,-686080,-2049024,-432128,432128,-1550336,-181248,-1362944,-151552,-1101824,-462848,-905216,-276480,-1080320,-172032,771072,-313344,461824,134144,-285696,64512,-211968,620544,-437248,734208,-134144,31744,-1253376,-944128,-280576,-1190912,-144384,-1938432,-279552,-1044480,-365568,-955392,73728,335872,-519168,-99328,-67584,-1080320,-848896,1085440,-585728,-1216512,227328,-1321984,596992,13312,-451584,384000,-611328,-433152,-696320,-2234368,-31744,-985088,-735232,314368,-600064,-307200,-764928,-1589248,-2448384,-205824,109568,-408576,-1291264,-962560,305152,292864,100352,-247808,-423936,-1225728,-595968,497664,362496,-242688,-555008,-1397760,-2289664,-422912,95232,-604160,-35840,-486400,-116736,-1326080,-630784,-1073152,774144,-1517568,-338944,-599040,-548864,1114112,-791552,-251904,-142336,-1491968,-2339840,-870400,-368640,-508928,392192,-2556928,-233472,646144,361472,98304,-1659904,-124928,-1284096,-664576,-1329152,-570368,-562176,-243712,-1569792,-280576,-362496,-503808,-4096,194560,190464,-177152,-1084416,-766976,-336896,-1418240,-172032,-388096,211968,488448,-812032,-866304,-1594368,-1178624,-589824,67584,-494592,-694272,-630784,-917504,-1191936,-1077248,-1067008,-1036288,-331776,301056,342016,4096,490496,-487424,-950272,-689152,335872,-1175552,338944,-72704,423936,-628736,-862208,-1033216,-648192,-1089536,-573440,-615424,-180224,112640,-1164288,-319488,230400,-449536,463872,-891904,-1344512,-1070080,-1264640,416768,-1137664,-1597440,-658432,-1033216,-770048,-1136640,-1231872,-1342464,-940032,290816,-616448,-1314816,93184
532480,350208,395264,-147456,550912,-54272,-193536,-132096,230400,656384,367616,224256,-403456,1642496,-413696,778240,202752,-77824,-1255424,-796672,1146880,1648640,-135168,948224,822272,-615424,109568,377856,-428032,692224,352256,397312,-513024,-133120,1302528,750592,-342016,-1242112,-992256,1180672,840704,977920,430080,24576,906240,-1024,45056,-2048,764928,237568,998400,-294912,-91136,917504,719872,-967680,-207872,-385024,-166912,-229376,-54272,-585728,646144,-701440,-982016,-299008,670720,366592,471040,917504,586752,1671168,-913408,-202752,868352,-297984,-34816,-642048,339968,-623616,415744,-118784,144384,736256,248832,546816,-668672,560128,448512,533504,53248,239616,407552,664576,-1117184,61440,397312,-267264,421888,121856,755712,836608,-327680,-768000,-330752,525312,-356352,1668096,117760,-131072,622592,813056,-401408,209920,-609280,104448,243712,391168,1292288,-1371136,816128,-578560,636928,73728,-51200,730112,115712,745472,-647168,1564672,-117760,1081344,-744448,1191936,1355776,376832,351232,185344,97280,-665600,1209344,-951296,689152,683008,-355328,1545216,-273408,506880,801792,-804864,-687104,-350208,183296,-208896,304128,28672,1713152,157696,-89088,115712,955392,592896,540672,247808,-405504,-163840,21504,1589248,904192,-371712,579584,1337344,-223232,-11264,652288,-130048,1185792,-618496,-302080,416768,106496,331776,133120,-89088,-1150976,-578560,-267264,-287744,843776,-944128,1654784,773120,70656,-202752,328704,-1504256,108544,-299008,48128,1185792,157696,16384,381952,-1165312,130048,-279552,191488,824320,1054720,588800,-1628160,300032,-466944,-1081344,-181248,579584,819200,399360,96256,-380928,-320512,-359424,-309248,273408,-919552,-657408,-376832,1316864,-438272,1219584,-256000,-897024,-859136,-996352,-108544,633856,622592,1880064,-312320,-264192,-861184,775168,-2011136,-142336,674816,-252928,293888,391168,-844800,483328,768000,-256000,619520,-1191936,516096,985088,-327680,1179648,-192512,-724992,-984064,642048,258048,-807936,-134144,-874496,568320,-586752,565248,569344,941056,-63488,-661504,585728,-299008,-67584,-120832,280576,-869376,-755712,-446464,-263168,-103424,229376,-194560,-139264,766976,-275456,131072,-15360,-909312,227328,-921600,25600,-960512,532480,1380352,-577536,-286720,-1311744,-615424,-959488,319488,196608,1633280,762880,-307200,674816,-565248,-1302528,954368,787456,-405504,1897472,-58368,-618496,-542720,-88064,-590848,49152
-612352,374784,-829440,1184768,-849920,129024,-257024,-11264,-64512,545792,126976,30720,574464,218112,-955392,-821248,-66560,-143360,176128,975872,-214016,-237568,-1152000,-1062912,474112,-180224,-418816,436224,948224,756736,957440,433152,-361472,-1842176,-522240,-418816,348160,195584,-508928,791552,-225280,782336,-13312,-278528,698368,-1054720,348160,155648,327680,487424,856064,-494592,-1361920,-50176,-22528,919552,377856,-301056,19456,-692224,968704,68608,375808,261120,-156672,-138240,1441792,-571392,-169984,-372736,-108544,-1961984,-326656,-1059840,-669696,1027072,1544192,254976,-256000,-1754112,-612352,184320,277504,372736,2269184,-662528,-505856,171008,-631808,-430080,-198656,446464,-680960,-1249280,541696,387072,-565248,-386048,-1014784,-1088512,177152,326656,-411648,368640,-865280,462848,-1188864,-2268160,-523264,-1085440,412672,-781312,-670720,547840,-613376,-1563648,1029120,-1783808,-1144832,646144,-238592,-1424384,-446464,-204800,-1043456,-431104,7168,-306176,578560,259072,-679936,-534528,661504,90112,-645120,749568,-537600,-751616,-734208,-397312,-588800,-568320,523264,-243712,140288,69632,-406528,-2079744,-1084416,241664,1158144,495616,-86016,141312,-610304,-201728,-1067008,-611328,-433152,-370688,563200,-1231872,-763904,-1413120,-193536,-23552,-363520,277504,439296,-590848,-546816,222208,-430080,-24576,573440,0,568320,-64512,1010688,1118208,-1000448,-1660928,-902144,-46080,603136,481280,-152576,-41984,690176,-393216,-1975296,-367616,355328,-363520,819200,666624,-2054144,-95232,284672,-1230848,-921600,709632,-961536,733184,-624640,960512,-642048,302080,-210944,-590848,200704,-624640,-190464,-409600,795648,-40960,-547840,-1154048,647168,-1593344,-718848,-741376,-15360,414720,311296,-202752,-698368,-188416,-544768,169984,242688,-136192,-1080320,-985088,1641472,-226304,-464896,-990208,-380928,-614400,576512,-1014784,372736,848896,482304,-803840,-1987584,-178176,-188416,-928768,32768,-1119232,673792,867328,573440,-1478656,-172032,-508928,-551936,-870400,-53248,433152,-250880,-715776,-202752,247808,-676864,-969728,-668672,-1481728,-246784,-1025024,-586752,691200,67584,-129024,-1245184,-1695744,443392,-848896,-254976,-738304,-1391616,-269312,-755712,-187392,483328,-933888,406528,816128,1740800,-1487872,675840,-708608,1070080,-2439168,-507904,-332800,1306624,735232,-392192,-648192,-1333248,-996352,-765952,-553984,-1081344,261120,-251904,-920576,-662528,-1378304,124928,-945152,107520,-598016,187392,-645120,-367616,197632
128000,614400,1385472,1321984,-149504,1794048,-688128,604160,-58368,-3072,-292864,1037312,72704,619520,707584,462848,209920,364544,617472,-1128448,1474560,1234944,1250304,716800,112640,513024,982016,441344,-1435648,834560,91136,-474112,1509376,520192,1560576,466944,911360,-35840,-437248,1369088,415744,396288,628736,-80896,-567296,310272,803840,4096,-1103872,691200,488448,540672,1173504,1375232,-673792,956416,-48128,419840,-68608,1765376,117760,-122880,930816,-238592,1476608,-168960,550912,562176,670720,131072,217088,506880,318464,33792,299008,-695296,-61440,1534976,-303104,536576,148480,1274880,-245760,-342016,3072,782336,-228352,923648,1352704,304128,-1024,415744,1097728,-847872,-1175552,-301056,-64512,1446912,1467392,9216,735232,650240,-41984,332800,234496,-797696,-1284096,894976,687104,990208,273408,-524288,693248,-140288,254976,-806912,82944,-152576,343040,1512448,688128,384000,-478208,-395264,131072,1538048,1303552,210944,-187392,81920,530432,-322560,34816,280576,162816,250880,529408,1152000,-630784,362496,358400,558080,-125952,-676864,-642048,-585728,1541120,-976896,512000,83968,29696,1283072,-413696,851968,761856,809984,-437248,1980416,430080,-776192,886784,-1041408,1233920,503808,-168960,154624,-92160,359424,755712,382976,535552,-238592,354304,-133120,-84992,450560,159744,-55296,-347136,1536000,978944,-276480,142336,147456,315392,400384,249856,173056,1142784,48128,563200,439296,837632,439296,-261120,1000448,-1551360,655360,399360,-859136,261120,-626688,-557056,605184,-1099776,-149504,-1808384,-1593344,1826816,-409600,-582656,580608,-466944,-203776,-28672,835584,-223232,656384,1022976,-350208,1437696,96256,-521216,242688,581632,-641024,-660480,261120,-203776,253952,-8192,-212992,103424,492544,-331776,695296,-1102848,300032,216064,-297984,882688,-176128,1123328,-991232,-769024,-243712,-398336,-352256,-240640,-279552,861184,-80896,370688,8192,-30720,268288,-1073152,702464,1046528,-787456,-173056,-119808,-500736,-1594368,1287168,1522688,132096,1324032,339968,-276480,-246784,140288,-950272,-48128,854016,619520,845824,1072128,-747520,829440,-246784,186368,-74752,1033216,-718848,-332800,711680,1126400,-380928,-499712,2048,1181696,-377856,499712,831488,695296,1523712,-35840,-301056,-385024,749568,-1458176,438272,1276928,-9216,2074624,489472,192512,545792,453632,387072,-154624,703488,-13312,54272,-118784,118784,196608,372736,55296
570368,-1006592,416768,-640000,-491520,-1068032,-1500160,395264,-848896,118784,-543744,1212416,99328,-197632,-812032,306176,439296,1579008,1409024,350208,1059840,-455680,-203776,340992,202752,-1579008,-514048,70656,747520,166912,529408,-1142784,373760,93184,-670720,-361472,389120,471040,356352,-273408,295936,-534528,-863232,979968,-437248,751616,538624,45056,326656,297984,-325632,-253952,524288,1090560,250880,194560,181248,-97280,245760,-228352,-218112,-1241088,926720,-633856,168960,656384,-262144,-352256,-519168,548864,-6144,1133568,1126400,-736256,-992256,-405504,151552,-55296,-809984,1367040,630784,-103424,346112,-235520,-512000,769024,132096,-1088512,778240,782336,201728,-212992,280576,-201728,91136,-823296,596992,-839680,-308224,-1684480,-648192,-2394112,-1277952,1400832,-1574912,445440,-1737728,-513024,-1264640,-626688,-1573888,-608256,-1169408,-1810432,-158720,-193536,109568,-257024,-1038336,340992,734208,1046528,-38912,278528,-557056,203776,-164864,-1013760,19456,-856064,-401408,-307200,-307200,-1156096,601088,-1262592,-293888,-247808,-452608,-897024,91136,176128,165888,-358400,332800,716800,-635904,-1110016,-459776,239616,-582656,-797696,-60416,-199680,-278528,-892928,-222208,-574464,270336,-700416,-859136,-139264,-2134016,-172032,-966656,13312,647168,412672,1108992,297984,420864,544768,-82944,-2156544,-619520,-182272,-155648,-500736,-10240,-688128,-1063936,-431104,-509952,-936960,-998400,-779264,671744,-1064960,-459776,-386048,-996352,-394240,-656384,-664576,-835584,566272,-391168,-198656,-21504,-1024000,143360,-1024000,-472064,-743424,318464,13312,-145408,-664576,-1329152,-1114112,472064,-444416,-1078272,-826368,-455680,-718848,-106496,-857088,-71680,-911360,-844800,-1238016,-495616,58368,760832,-1256448,1804288,119808,58368,-567296,-1201152,-439296,-538624,1491968,-1202176,377856,-712704,-1184768,11264,-474112,-1740800,-716800,-1078272,-443392,519168,59392,-375808,-391168,-918528,-1246208,-1940480,3072,-754688,-155648,-598016,-1051648,-553984,-845824,-645120,-1352704,1293312,-516096,157696,-536576,-757760,-103424,-542720,147456,777216,-718848,-30720,-600064,-640000,418816,622592,-207872,65536,603136,-1603584,-496640,-327680,-949248,845824,-970752,47104,302080,-861184,-2794496,536576,31744,234496,-467968,-1111040,-919552,176128,543744,-519168,-1595392,-400384,-172032,399360,-441344,-907264,-757760,-843776,311296,-194560,-598016,-158720,-526336,-369664,913408,-164864,385024,-434176,-455680,-1107968,-567296,1022976,-422912
430080,-992256,-1602560,-1314816,-824320,-576512,-70656,534528,21504,-145408,-1514496,-1801216,-50176,231424,-640000,-1168384,-911360,-1092608,-617472,-599040,-1540096,-1059840,-272384,-696320,-183296,-234496,122880,-1030144,561152,8192,-41984,-620544,-6144,-503808,-1318912,641024,-2376704,-1452032,-210944,-162816,-591872,-77824,-1364992,-1999872,888832,-831488,-201728,-1466368,-821248,-1359872,512000,580608,-188416,-1209344,-168960,-497664,-273408,65536,534528,-144384,-815104,-1295360,-678912,-409600,388096,-415744,-118784,-403456,263168,-782336,-414720,-1401856,-32768,-1091584,105472,-384000,438272,505856,-465920,-104448,30720,-81920,331776,-1228800,-1056768,-473088,-753664,-937984,-15360,-357376,-396288,626688,-1153024,-974848,-404480,48128,251904,-924672,-1002496,-280576,-288768,-573440,-713728,-522240,-671744,-808960,-348160,-56320,-290816,-1024000,-396288,90112,-2125824,-184320,-943104,388096,-2270208,-1951744,-1235968,-1600512,-1016832,-58368,-859136,358400,-168960,-1812480,-665600,-473088,-1241088,-659456,-1598464,-376832,-244736,-636928,-805888,-345088,-869376,-19456,-719872,-1477632,-51200,-1001472,-212992,-964608,-227328,-1057792,548864,-835584,-529408,-71680,-1227776,-133120,-751616,-2007040,-544768,-1065984,-241664,-749568,-1267712,342016,-1351680,550912,-1417216,-1026048,-907264,-454656,-751616,-838656,-680960,-112640,-846848,-792576,-96256,89088,263168,-1728512,-648192,-778240,-413696,256000,-679936,-920576,-1052672,-447488,-1651712,-530432,-1116160,-1122304,-29696,-1855488,-132096,-917504,-458752,-1635328,-1565696,-733184,-736256,-1715200,-1243136,-513024,-560128,-805888,100352,624640,-95232,-351232,-764928,-466944,-1345536,-1256448,-78848,-179200,-1060864,-161792,-153600,-54272,-1694720,-583680,-926720,-969728,-1876992,351232,439296,240640,-786432,1054720,-2485248,-185344,-1484800,-411648,-425984,-723968,-130048,-1164288,-2099200,-881664,-793600,-406528,-977920,-175104,104448,-2200576,-954368,-145408,71680,-622592,-1378304,-794624,-601088,-493568,136192,-1096704,-2380800,-1025024,-1168384,-1234944,-1017856,-753664,-707584,-454656,-378880,-1157120,-1026048,-1927168,-1486848,-1670144,-881664,-540672,-1196032,-1473536,-1326080,-1670144,-723968,-1070080,-2212864,-496640,408576,-595968,-538624,-808960,53248,-523264,-774144,315392,-1054720,-63488,-492544,-699392,-1521664,-521216,-758784,-1213440,-1418240,-1842176,-567296,-769024,-491520,-211968,-819200,-686080,-104448,-1113088,-1295360,-1214464,740352,-250880,160768,-955392,372736,-1308672,-523264,-1074176,-778240,-1487872,-290816,-114688,-820224,384000,12288,-631808
-1088512,-59392,452608,-72704,-519168,411648,-233472,-719872,662528,37888,-952320,-54272,-736256,1443840,633856,-251904,-622592,-1695744,222208,-1236992,-115712,220160,294912,457728,178176,-194560,-671744,-171008,-356352,506880,619520,114688,67584,-86016,248832,-708608,-649216,-375808,183296,-47104,87040,-29696,765952,302080,-529408,-942080,-735232,-516096,481280,-443392,-31744,-106496,-111616,-79872,-129024,-1884160,684032,-35840,-404480,943104,-644096,-609280,-62464,-1126400,-1414144,-1442816,703488,572416,75776,-1456128,2048,-396288,-421888,510976,-893952,138240,26624,305152,-80896,-161792,-908288,625664,-588800,185344,-453632,-900096,-286720,-544768,462848,266240,101376,-1215488,-687104,-1581056,-1280000,430080,314368,-652288,-770048,-1444864,73728,74752,-1465344,1130496,-91136,-2285568,-119808,-742400,-836608,-893952,-253952,-957440,-826368,-1200128,-1256448,-463872,-223232,-689152,-256000,641024,-1510400,-869376,-1159168,789504,70656,-104448,-263168,-581632,-499712,705536,-1002496,-1682432,88064,752640,657408,120832,418816,-97280,-715776,-1501184,-305152,-337920,-442368,266240,808960,-310272,-186368,698368,-709632,-225280,193536,-536576,-966656,-133120,99328,267264,37888,-957440,-214016,-292864,115712,-192512,135168,-667648,-1293312,-779264,-744448,-228352,-591872,251904,-1204224,116736,-124928,-135168,-1144832,-474112,143360,476160,-545792,-447488,214016,-379904,140288,-430080,-1255424,457728,221184,49152,-829440,419840,-1603584,-912384,-187392,-689152,872448,-98304,194560,-621568,177152,-698368,2048,-316416,-384000,-2075648,315392,-456704,-836608,-387072,5120,-1488896,-424960,-766976,528384,-196608,631808,-1630208,-204800,-254976,38912,-1180672,332800,-53248,-1350656,-836608,-83968,998400,-537600,887808,-412672,239616,-582656,12288,-1128448,-998400,869376,1320960,188416,123904,497664,-1580032,-1105920,-1160192,-273408,-546816,-1044480,-107520,-1938432,160768,-586752,-673792,-851968,-1468416,-375808,-529408,-494592,522240,-693248,199680,-582656,-650240,183296,-884736,34816,-467968,-162816,540672,-1334272,91136,-856064,-1024,-1787904,-754688,-299008,-732160,239616,19456,-775168,609280,-713728,-2550784,-317440,-330752,-150528,-128000,99328,380928,-89088,-742400,-462848,-1338368,-1604608,640000,108544,277504,-880640,-413696,23552,14336,-699392,-14336,-107520,-38912,-1126400,673792,-541696,-422912,-681984,-690176,-1348608,-1207296,-389120,-289792,-789504,-200704,155648,457728,-183296,-484352,316416,1091584
-253952,-769024,726016,-1790976,-428032,-139264,-1190912,563200,-70656,-210944,-303104,-645120,-641024,-805888,-1765376,-167936,403456,479232,83968,95232,320512,921600,419840,-953344,31744,-595968,-449536,1168384,435200,-459776,-149504,860160,-2044928,-455680,1529856,98304,549888,240640,-59392,-1089536,-1697792,-712704,-516096,-1571840,649216,192512,307200,-151552,553984,-100352,763904,354304,-1177600,405504,1056768,-751616,435200,-1239040,1193984,1430528,-507904,-149504,-609280,152576,-180224,-303104,300032,-61440,-619520,118784,189440,-555008,-141312,-601088,657408,-570368,-110592,-126976,625664,-852992,949248,-340992,934912,-612352,483328,356352,1430528,-794624,-229376,82944,-1006592,-294912,-1092608,-155648,1156096,-449536,367616,-384000,-286720,-1409024,-1148928,-397312,-457728,295936,-1795072,-790528,-158720,-1776640,-679936,-1373184,-21504,-1708032,-1431552,-367616,-996352,-534528,-959488,-1544192,-465920,-316416,-875520,235520,-557056,-498688,-358400,-79872,-965632,-389120,-871424,376832,-134144,-1600512,357376,116736,-1113088,-228352,-837632,71680,-361472,-138240,297984,577536,-161792,8192,361472,-659456,-2096128,-345088,-316416,-720896,484352,-258048,-741376,-117760,443392,-294912,-237568,506880,526336,-770048,271360,1204224,-492544,-465920,-771072,234496,457728,-1355776,233472,729088,-817152,-2251776,-720896,132096,-358400,106496,229376,-36864,352256,445440,-1406976,142336,-258048,-171008,355328,104448,60416,-1223680,-183296,479232,-1289216,172032,-691200,-843776,-57344,-422912,-513024,-1034240,466944,-1022976,-462848,345088,-1067008,-723968,-295936,-746496,114688,-1125376,354304,-604160,1123328,-932864,164864,-352256,-263168,441344,-355328,-563200,-1509376,-244736,1092608,-1323008,-989184,-245760,-569344,-963584,-399360,-636928,24576,-1228800,-2017280,-351232,613376,-1130496,-1118208,555008,-786432,-404480,-63488,-486400,309248,-746496,179200,-749568,-399360,-321536,-1546240,-658432,573440,-913408,-805888,538624,-212992,-1413120,253952,43008,-1045504,-509952,-66560,874496,840704,12288,444416,1558528,-560128,224256,-1084416,332800,481280,-549888,-1131520,219136,-571392,-154624,-1501184,-586752,-1617920,-575488,-316416,-462848,259072,89088,-739328,-838656,-154624,-1153024,-718848,-238592,540672,872448,-51200,507904,-410624,-434176,-2398208,-1911808,-455680,-3072,1090560,-200704,-647168,88064,-435200,-909312,-698368,-1502208,995328,90112,339968,-212992,76800,-187392,-149504,93184,957440,959488,239616,1032192,340992,434176
-139264,470016,37888,160768,704512,-376832,-1076224,-116736,973824,-1086464,-246784,162816,295936,363520,793600,1482752,91136,474112,55296,-911360,1677312,-142336,26624,-125952,-114688,326656,-535552,-1043456,-231424,-530432,-162816,497664,433152,2048,168960,65536,339968,417792,277504,-206848,1233920,408576,1142784,-346112,51200,56320,827392,204800,1474560,67584,282624,1315840,-277504,465920,49152,-348160,-329728,340992,883712,574464,29696,-438272,169984,1007616,-50176,-45056,522240,-971776,953344,1336320,1315840,1192960,-1052672,-113664,82944,-334848,-998400,-235520,923648,39936,431104,-188416,719872,125952,-823296,-677888,-3072,525312,748544,-155648,1810432,332800,1024000,230400,436224,254976,-413696,-941056,398336,-906240,-933888,-364544,-462848,-582656,-282624,-978944,-812032,211968,-1858560,-673792,-1359872,-1179648,-522240,-366592,-1368064,-836608,638976,1652736,636928,753664,-328704,-328704,147456,-1084416,-264192,-204800,443392,-374784,1286144,-296960,-101376,850944,-1720320,596992,179200,168960,304128,776192,768000,27648,762880,-993280,-1178624,-125952,-620544,176128,462848,44032,-149504,-537600,30720,-592896,-754688,-488448,-888832,849920,1761280,-373760,-46080,542720,-688128,897024,300032,-112640,31744,-398336,-150528,311296,56320,287744,1031168,261120,-113664,-778240,-830464,-396288,181248,-647168,778240,-77824,-89088,80896,382976,-779264,-535552,130048,-1543168,-53248,-873472,1921024,98304,-552960,-294912,-737280,-661504,-1402880,-58368,-501760,-555008,261120,37888,-21504,-40960,159744,2048,346112,-719872,200704,631808,-999424,1073152,259072,-222208,-180224,253952,-509952,937984,-21504,-1373184,-84992,284672,-69632,-285696,1112064,-2076672,93184,266240,-394240,777216,788480,-312320,-903168,-292864,-344064,-115712,673792,-41984,111616,-196608,112640,31744,-593920,-1107968,482304,126976,-386048,896000,184320,-194560,-278528,-890880,-253952,17408,-802816,-798720,-1147904,-1011712,302080,227328,-663552,117760,-980992,-903168,-474112,413696,421888,1079296,-305152,-528384,589824,1751040,-715776,430080,-248832,-1103872,-1024,-329728,132096,196608,-696320,-146432,-1122304,427008,100352,372736,-131072,-818176,-716800,-90112,-371712,-209920,-729088,168960,-855040,-642048,538624,-523264,561152,692224,237568,-1268736,-548864,-239616,688128,-245760,-175104,120832,64512,-414720,-153600,-258048,-36864,-326656,17408,-360448,-1352704,-559104,-329728,576512,58368
-366592,-207872,51200,249856,-1210368,-515072,668672,-266240,-154624,319488,755712,-71680,-269312,-635904,512000,215040,-335872,-566272,198656,-75776,78848,728064,10240,-1076224,-2104320,-475136,-198656,-928768,1186816,-182272,449536,-750592,-136192,-939008,632832,-321536,633856,-371712,43008,1649664,172032,6144,-963584,-652288,612352,-488448,-185344,492544,666624,-1131520,38912,-470016,1013760,522240,40960,-461824,231424,-315392,367616,324608,206848,234496,-1704960,411648,87040,13312,-68608,-437248,-1089536,-899072,-1426432,-1352704,-649216,420864,-485376,569344,-632832,-201728,-974848,-747520,-367616,-204800,-812032,-422912,22528,-824320,701440,-883712,-756736,608256,-1137664,474112,176128,-122880,-979968,-656384,-1267712,-910336,-1278976,-1080320,-278528,-714752,-965632,-1193984,-265216,-523264,-1005568,-1769472,-1239040,-2096128,-1104896,-1258496,-957440,-415744,-940032,164864,-295936,304128,-352256,-1416192,-1090560,25600,1511424,608256,1716224,-1135616,863232,-1043456,487424,-1533952,823296,423936,-129024,1182720,-749568,-947200,-2207744,421888,-770048,-784384,-1188864,282624,497664,-1130496,-235520,-395264,551936,-759808,894976,338944,475136,-888832,-1037312,-177152,-1167360,168960,-1071104,359424,319488,272384,-542720,231424,-433152,-950272,-807936,78848,-586752,463872,265216,-1177600,-413696,369664,-1020928,-34816,175104,400384,614400,-619520,-54272,-504832,-801792,82944,190464,148480,-610304,756736,283648,407552,302080,622592,-176128,301056,-356352,-245760,526336,-45056,-252928,-718848,377856,-387072,133120,-1016832,-1513472,524288,-1118208,148480,235520,238592,-1626112,356352,-202752,-1582080,-550912,-136192,-290816,320512,267264,138240,402432,-1176576,-579584,595968,-1080320,171008,61440,-909312,28672,-1090560,-375808,-149504,-856064,-1167360,-582656,351232,-232448,-753664,241664,-649216,-771072,-2071552,-2125824,-524288,299008,1095680,-1035264,-1177600,-299008,82944,-839680,-637952,-327680,-1740800,193536,122880,-1226752,-15360,-230400,-225280,-1128448,-807936,-710656,-656384,1757184,-1272832,-1530880,-1398784,-259072,-1228800,-592896,236544,-960512,230400,-35840,20480,859136,-592896,-301056,-1438720,164864,289792,-687104,711680,236544,723968,-522240,-543744,-2202624,-850944,40960,-78848,950272,-616448,-106496,-606208,-1040384,-569344,-421888,-1171456,468992,614400,-506880,525312,179200,721920,-195584,-468992,537600,-476160,979968,484352,-363520,-252928,-64512,-1462272,-1030144,-1416192,-1054720,399360,222208,54272
157696,-2051072,120832,-123904,183296,805888,-477184,-1033216,-124928,-486400,-1273856,91136,446464,222208,-423936,-266240,-340992,97280,-828416,-142336,15360,-404480,-463872,53248,-362496,119808,236544,598016,-1029120,463872,-515072,-186368,271360,-912384,-613376,228352,-708608,-578560,-362496,-1515520,-775168,-1208320,567296,-785408,-395264,632832,-1117184,-1541120,-1955840,-586752,1041408,338944,-207872,-590848,1333248,-522240,-1070080,33792,-1314816,-200704,251904,25600,-792576,-929792,-718848,-564224,33792,158720,-654336,-159744,489472,-604160,11264,568320,1103872,-450560,-54272,-755712,-523264,900096,516096,438272,-607232,-1228800,-1042432,-240640,-2617344,-659456,-1014784,-377856,701440,18432,-25600,-521216,-122880,-586752,-790528,-1903616,315392,384000,370688,-753664,-1104896,-199680,-546816,-2209792,-2849792,-1682432,-2085888,-1613824,-2415616,-2298880,-1045504,-1263616,-1101824,-1438720,-150528,-834560,-579584,-146432,-148480,188416,-1395712,-23552,-1566720,181248,-1388544,909312,663552,222208,-164864,-374784,460800,-251904,-1067008,-719872,-1357824,-325632,-627712,177152,-477184,-1248256,-1051648,-1401856,-1606656,-315392,-39936,-1617920,722944,1448960,-414720,-392192,-595968,-983040,1081344,-638976,788480,77824,-1760256,-757760,-422912,124928,-1153024,-846848,423936,224256,-1707008,-1409024,-606208,-43008,-970752,409600,-1878016,67584,-737280,-993280,414720,9216,-924672,-437248,-216064,-1152000,1227776,-390144,-1175552,-1231872,-872448,-1748992,34816,-278528,-777216,641024,-784384,-361472,-204800,-599040,-110592,-1316864,-1186816,-354304,13312,-390144,-601088,-311296,30720,-1353728,-158720,39936,-699392,-185344,-449536,864256,-262144,-602112,-622592,-178176,-15360,-46080,-594944,-1471488,-1022976,-414720,-70656,-287744,83968,-2059264,-93184,-132096,-618496,155648,-975872,-228352,568320,-203776,-600064,-319488,-990208,-1172480,-940032,-1466368,-135168,-703488,-1597440,-2462720,-496640,-1531904,-933888,-460800,44032,826368,-747520,-1884160,-1708032,-966656,-2317312,579584,-568320,-1124352,657408,-754688,-606208,-1201152,-1529856,-890880,-588800,-279552,-89088,533504,-1287168,-311296,-331776,-893952,-189440,-874496,-1157120,296960,-485376,-179200,-126976,-1305600,-743424,-1715200,-729088,876544,-1449984,-408576,-339968,-116736,-142336,733184,-413696,-695296,-2203648,141312,143360,356352,611328,-505856,295936,-763904,-1554432,-2916352,-803840,307200,-1331200,576512,-603136,-1212416,-783360,-323584,-1373184,-274432,560128,-1140736,-460800,-1509376,-498688,-871424,-621568,-1864704
271360,-333824,-124928,405504,396288,196608,-275456,222208,697344,368640,-691200,986112,-83968,194560,766976,139264,-605184,-398336,396288,486400,227328,-304128,-715776,1202176,-1280000,-750592,-5120,43008,-250880,321536,124928,-546816,-61440,504832,346112,-217088,-372736,509952,403456,-164864,333824,340992,746496,45056,-192512,14336,-321536,80896,252928,1252352,280576,470016,114688,1612800,-149504,1371136,1335296,-11264,1017856,183296,-176128,87040,1842176,-696320,972800,-128000,1174528,735232,311296,-150528,927744,-351232,307200,1025024,-281600,890880,1218560,-710656,581632,140288,238592,-1268736,134144,500736,144384,606208,324608,436224,776192,958464,1418240,-145408,-1028096,66560,335872,-667648,-691200,322560,-51200,-526336,-49152,-1018880,101376,-407552,-292864,89088,-1121280,-1112064,-935936,-1759232,-2316288,-1709056,-1007616,-733184,-1788928,-282624,130048,763904,-500736,1441792,655360,-225280,-598016,495616,350208,477184,-389120,-1629184,-978944,-551936,-1837056,-102400,236544,-380928,687104,-131072,-590848,-277504,909312,402432,-166912,-466944,337920,-393216,706560,643072,364544,1010688,-754688,1086464,314368,-254976,370688,82944,1380352,-470016,409600,347136,468992,1582080,-347136,626688,-80896,301056,-679936,259072,-161792,-120832,1262592,601088,701440,175104,-1014784,204800,-373760,-5120,-585728,286720,455680,-79872,1036288,717824,1010688,957440,1051648,-8192,652288,10240,-33792,297984,-185344,-931840,210944,-144384,328704,758784,552960,494592,167936,-114688,31744,228352,-999424,737280,510976,385024,609280,-297984,623616,372736,-318464,-987136,-968704,515072,-232448,1182720,606208,48128,-613376,-337920,-1026048,-1703936,654336,527360,-445440,10240,-301056,270336,348160,-835584,239616,-980992,-438272,629760,403456,1227776,581632,132096,402432,1293312,-138240,-1568768,-570368,-327680,1060864,-601088,959488,384000,-13312,147456,-78848,312320,322560,713728,-52224,-505856,-517120,-1005568,253952,-786432,-782336,842752,831488,125952,667648,231424,1250304,-184320,-602112,-2462720,1111040,501760,24576,1739776,606208,361472,-1445888,-1424384,-600064,1179648,-423936,-8192,868352,1616896,-615424,-116736,151552,35840,965632,-207872,-1067008,1334272,-92160,583680,821248,-973824,365568,-433152,193536,126976,-116736,517120,670720,601088,-510976,627712,97280,-406528,-175104,192512,-1006592,876544,1200128,372736,936960,659456,-643072,739328,785408,-9216
-445440,-2048,-183296,205824,-142336,572416,56320,788480,-854016,-273408,473088,-756736,-103424,-1105920,584704,-459776,50176,-58368,-391168,579584,-43008,430080,851968,-1240064,569344,462848,-578560,334848,-332800,-146432,-720896,-2777088,973824,206848,-151552,1521664,110592,856064,13312,692224,-376832,-227328,216064,-211968,-349184,-555008,823296,-492544,-1004544,-369664,-15360,-628736,-700416,899072,909312,388096,-1378304,-794624,-735232,-482304,12288,-109568,-246784,-1354752,-147456,799744,-1251328,-420864,-329728,-2045952,-107520,1295360,-776192,-285696,-176128,-484352,-365568,-478208,-667648,851968,-1521664,-460800,-156672,-63488,417792,-451584,-574464,-1359872,-142336,-136192,-259072,831488,788480,741376,-467968,-1376256,-1124352,294912,-709632,-1146880,-1761280,-764928,-367616,-43008,-1089536,-1679360,-833536,-3513344,-2436096,-2908160,-2670592,-2374656,-2114560,-1925120,-1355776,-522240,-741376,-818176,880640,-270336,-1604608,956416,214016,-373760,-632832,-1585152,-1268736,156672,115712,-1767424,-1588224,120832,-636928,-517120,-405504,-244736,-2088960,-157696,-398336,-188416,290816,496640,-706560,-126976,-677888,-2263040,1002496,841728,77824,-471040,-132096,-611328,-194560,-1034240,-1464320,-556032,-1004544,-714752,-86016,-956416,-227328,-1236992,585728,380928,245760,349184,-130048,108544,-760832,-496640,-1382400,-689152,-361472,-73728,503808,-338944,-1866752,-82944,300032,-965632,-46080,-420864,333824,356352,506880,-369664,-657408,-563200,-102400,75776,-1422336,370688,1364992,72704,-130048,-239616,-201728,-1446912,-670720,435200,569344,187392,-501760,-351232,-930816,456704,16384,-1211392,-1203200,-66560,-232448,-834560,57344,-318464,-402432,-3072,611328,-1290240,81920,-159744,-364544,699392,294912,-478208,-94208,-505856,295936,-806912,-1699840,-1246208,8192,-856064,182272,-705536,-780288,-313344,-1083392,-988160,-680960,1129472,-236544,-55296,328704,385024,1211392,-1445888,-1112064,-892928,-431104,-669696,-62464,-805888,-208896,-183296,300032,-2016256,423936,-656384,-805888,-737280,-1293312,-331776,-524288,-357376,-1061888,-823296,629760,130048,-668672,778240,-299008,-88064,846848,148480,72704,203776,-751616,1096704,-411648,174080,-793600,-419840,-26624,-1019904,-3332096,398336,288768,738304,45056,-605184,-277504,-1155072,-857088,-1404928,210944,243712,-794624,345088,-140288,542720,272384,-700416,-318464,-1597440,-1324032,-1821696,-229376,316416,-228352,-106496,-195584,-135168,-97280,69632,301056,-82944,-515072,177152,278528,-965632
842752,418816,345088,661504,-221184,-169984,812032,-498688,-1164288,-126976,-1324032,-201728,34816,-286720,-327680,-672768,-18432,-602112,140288,289792,-41984,-264192,-536576,1238016,428032,-432128,-361472,-365568,335872,-718848,1094656,125952,356352,923648,350208,1514496,-361472,577536,-48128,1600512,-414720,1292288,-326656,-279552,93184,850944,-1260544,483328,120832,1336320,18432,137216,-10240,118784,670720,-2386944,-39936,176128,-816128,52224,228352,-247808,768000,-89088,1016832,-1362944,259072,713728,600064,-312320,1260544,-157696,557056,854016,-1361920,-370688,349184,-212992,771072,219136,-602112,712704,20480,183296,-1928192,245760,305152,402432,1030144,758784,200704,168960,-248832,403456,-1505280,621568,-122880,459776,-612352,-372736,-238592,-192512,-880640,-1116160,-1021952,-1573888,-1280000,-2057216,-2187264,-3013632,-3950592,-3410944,-1192960,-3116032,-404480,-618496,997376,2537472,1082368,751616,552960,713728,-142336,900096,-471040,-268288,-150528,-265216,215040,-452608,-471040,-1319936,-267264,508928,74752,199680,101376,200704,164864,-752640,-1022976,-1014784,-404480,399360,-514048,46080,-1146880,734208,-143360,-593920,-413696,-122880,-557056,584704,-585728,-97280,131072,-377856,525312,138240,1141760,-27648,-330752,-111616,-417792,-429056,404480,-243712,328704,478208,385024,398336,2863104,695296,-509952,1091584,-165888,421888,434176,-586752,933888,-492544,-133120,-903168,-890880,-1444864,-618496,342016,-1247232,1308672,-340992,551936,-931840,-82944,-1413120,-51200,-1372160,56320,752640,-128000,-92160,-569344,-228352,-807936,48128,-543744,-343040,655360,721920,-207872,251904,-1550336,301056,-87040,-1251328,-882688,-228352,-760832,1282048,115712,-453632,-236544,-259072,-782336,-495616,783360,712704,721920,-97280,650240,540672,-765952,30720,290816,-1211392,-198656,450560,237568,525312,-148480,-394240,-217088,102400,1867776,-314368,216064,101376,218112,-162816,446464,-976896,1127424,508928,-436224,1403904,-192512,-549888,-311296,-703488,99328,235520,-2043904,-130048,509952,6144,848896,-434176,-168960,-355328,-1254400,-972800,-147456,167936,-794624,123904,-581632,-1128448,587776,-270336,-196608,-1085440,35840,-4096,718848,90112,-350208,-680960,-721920,-935936,-486400,-964608,-475136,1116160,870400,813056,-1132544,-891904,-281600,-1333248,108544,-677888,184320,-171008,1249280,979968,357376,674816,-12288,40960,-326656,235520,116736,974848,-667648,67584,-197632,-138240,-986112,496640,1656832
-840704,373760,524288,-461824,1060864,422912,-79872,947200,1831936,1238016,1225728,1227776,144384,-305152,799744,813056,21504,-1138688,573440,1325056,846848,24576,1509376,-529408,1130496,-115712,200704,526336,-166912,227328,638976,-173056,-22528,-90112,163840,919552,368640,142336,162816,802816,-1081344,860160,883712,171008,421888,410624,954368,756736,1283072,660480,-37888,833536,1053696,1124352,708608,1301504,45056,-227328,193536,428032,-108544,-1975296,-110592,171008,-400384,542720,94208,979968,1139712,612352,-272384,673792,903168,334848,2102272,518144,279552,972800,965632,313344,1276928,407552,928768,519168,-578560,2010112,1378304,18432,1473536,-306176,376832,551936,788480,-372736,603136,1401856,8192,-1154048,-1429504,236544,-152576,345088,736256,-217088,-1262592,-1340416,-2235392,-2447360,-3617792,-4006912,-4800512,-4885504,-4888576,-4292608,-2555904,-301056,121856,1479680,2055168,2072576,295936,1981440,968704,27648,-119808,111616,171008,21504,553984,-416768,533504,-60416,-289792,41984,989184,1051648,-729088,-1039360,1274880,-1323008,-746496,606208,-220160,218112,1216512,1031168,-1912832,694272,-386048,204800,-171008,848896,370688,-1525760,-111616,624640,400384,-18432,604160,788480,48128,635904,221184,707584,19456,-372736,-145408,146432,874496,-301056,854016,-92160,209920,562176,-845824,489472,402432,120832,1247232,559104,-192512,599040,-1137664,-835584,37888,679936,628736,596992,342016,1205248,38912,1148928,-366592,-83968,-108544,1302528,-510976,-214016,-109568,-362496,-486400,144384,497664,976896,1330176,220160,775168,1436672,-359424,-889856,380928,550912,1110016,-84992,855040,135168,1553408,542720,59392,-821248,1727488,443392,1244160,1775616,1216512,-159744,654336,-750592,885760,163840,-315392,-45056,404480,1508352,278528,394240,-487424,330752,1068032,277504,-121856,-164864,662528,243712,370688,1005568,20480,402432,274432,53248,-7168,770048,-980992,-715776,259072,-956416,531456,4096,184320,318464,633856,-543744,1095680,-18432,491520,-483328,-1310720,272384,-49152,-411648,868352,713728,-520192,995328,-1766400,718848,-1284096,-594944,778240,922624,1248256,-50176,464896,-816128,35840,-498688,9216,-57344,-89088,723968,74752,208896,-116736,-88064,909312,1011712,-546816,189440,1394688,332800,1512448,1074176,394240,1030144,204800,-1059840,276480,530432,-1162240,1233920,17408,-34816,1111040,-9216,804864,1357824,190464,-295936,1259520,691200
-1779712,409600,-1084416,187392,1572864,-111616,-108544,-1024,-505856,-537600,-844800,-590848,-1227776,-400384,-362496,352256,-944128,-46080,-824320,-1607680,1245184,-60416,-472064,-817152,-132096,-131072,387072,78848,-46080,1073152,-52224,678912,449536,-700416,293888,-774144,-76800,-930816,-1235968,-259072,1018880,-1153024,1048576,-1471488,-110592,-646144,-101376,-381952,114688,-620544,114688,-151552,-480256,-1639424,23552,-647168,-1234944,60416,449536,-268288,202752,-252928,-266240,-686080,-1079296,-131072,-295936,479232,55296,312320,-797696,-588800,86016,735232,-336896,-592896,-1395712,-1289216,-104448,-70656,-1132544,418816,-714752,788480,374784,-1470464,-501760,1096704,-548864,-805888,-870400,-759808,-1473536,-484352,-1226752,196608,-824320,-869376,1078272,-545792,271360,995328,-832512,-710656,-357376,-3195904,-1678336,-2127872,-4723712,-4770816,-6363136,-7087104,-6378496,-5426176,-2423808,1134592,3013632,2894848,3703808,2337792,1686528,-1022976,772096,-727040,53248,-832512,-752640,-32768,-61440,-1369088,583680,506880,-729088,-595968,421888,81920,-909312,317440,-738304,-741376,312320,-183296,242688,-1440768,-1292288,857088,-854016,-137216,1337344,168960,953344,221184,358400,-399360,-273408,223232,107520,-210944,340992,598016,704512,-407552,-598016,-388096,637952,189440,-1025024,-952320,429056,-48128,-38912,827392,619520,-626688,679936,-950272,-135168,-683008,-38912,84992,83968,366592,-782336,-519168,-178176,322560,-838656,-1111040,-1788928,-510976,472064,45056,-1770496,-1683456,1171456,-320512,365568,-637952,-453632,840704,515072,742400,204800,-538624,-599040,-632832,-2079744,-412672,31744,160768,-273408,-518144,-1089536,-544768,-351232,-1175552,-30720,60416,-1095680,-191488,-905216,-558080,-270336,-391168,-882688,-1127424,71680,74752,-456704,1258496,-185344,71680,-1114112,-91136,420864,-768000,569344,117760,32768,-114688,-434176,282624,-480256,-113664,-437248,-688128,532480,-913408,-145408,-1524736,-283648,-1125376,-705536,-1054720,163840,-476160,-1373184,-410624,-136192,576512,-296960,-256000,-198656,-157696,93184,393216,762880,517120,-40960,-876544,1399808,790528,161792,-1209344,26624,103424,-578560,517120,261120,292864,-1032192,193536,149504,-967680,74752,-483328,-538624,-123904,-209920,-322560,327680,-571392,-552960,-923648,-549888,1239040,-847872,302080,156672,-188416,-1014784,-1416192,-1349632,-158720,223232,765952,10240,-1017856,845824,-1290240,643072,-363520,-302080,-141312,-1360896,-348160,1119232,23552,-416768,-321536
596992,1607680,263168,156672,41984,970752,908288,1196032,798720,-578560,1300480,723968,1008640,1005568,515072,-837632,794624,237568,1276928,805888,266240,913408,-46080,-110592,1416192,-403456,-285696,376832,263168,1139712,1429504,-957440,-879616,1173504,-159744,-264192,903168,1010688,897024,1695744,1309696,708608,702464,448512,-191488,1414144,1668096,294912,291840,889856,1436672,-396288,1442816,-480256,334848,1055744,796672,1744896,1673216,1257472,315392,47104,76800,567296,356352,1208320,1086464,436224,494592,613376,-31744,24576,-563200,162816,227328,1372160,800768,166912,1606656,133120,997376,593920,807936,634880,291840,667648,776192,506880,271360,1191936,640000,-197632,178176,751616,500736,1036288,-221184,1051648,417792,486400,-901120,-733184,549888,119808,-619520,-1003520,-1318912,-2841600,-3422208,-6071296,-5324800,-8809472,-6317056,-2294784,2185216,7852032,10472448,10001408,6288384,3787776,3265536,1893376,1034240,-163840,-644096,247808,-393216,438272,39936,-1492992,1026048,353280,1025024,877568,406528,1600512,617472,-394240,596992,1206272,-686080,924672,-416768,108544,77824,544768,1143808,659456,274432,137216,-654336,1369088,-219136,-59392,-357376,675840,281600,-110592,1616896,355328,-890880,-475136,637952,-197632,405504,1200128,731136,351232,780288,12288,709632,-38912,326656,567296,-407552,1376256,-16384,676864,1160192,-325632,819200,1162240,340992,194560,370688,-210944,1466368,874496,933888,1478656,525312,13312,461824,2402304,365568,1661952,941056,1249280,1471488,-789504,701440,-667648,53248,748544,691200,677888,256000,1253376,-133120,378880,-382976,-116736,169984,405504,1263616,-858112,999424,-7168,-65536,592896,-613376,477184,1625088,-265216,966656,607232,1000448,393216,911360,1303552,-653312,1035264,-292864,-409600,507904,159744,-78848,455680,631808,689152,2092032,-285696,911360,1522688,592896,801792,1241088,835584,670720,66560,122880,728064,-151552,204800,693248,-233472,676864,335872,-50176,99328,122880,703488,646144,843776,-250880,2146304,191488,647168,-492544,1622016,313344,412672,-180224,-83968,-484352,-295936,-132096,-1282048,-397312,-350208,145408,401408,1460224,-573440,432128,1141760,-532480,-425984,304128,-886784,1442816,581632,46080,799744,-1044480,-276480,-614400,907264,261120,354304,-79872,892928,-313344,761856,-70656,1748992,-723968,-125952,-1340416,-36864,667648,763904,-318464,306176,274432,-567296,662528,335872,-413696,884736
-113664,-1489920,-300032,-368640,-320512,236544,-696320,823296,-252928,-1601536,-50176,675840,366592,-552960,-145408,641024,687104,129024,-472064,-491520,-759808,-482304,-885760,81920,-703488,-1078272,-743424,-542720,-582656,21504,256000,-623616,-230400,168960,-899072,-518144,1038336,-246784,278528,-616448,912384,-1105920,212992,452608,-826368,384000,105472,65536,-95232,501760,-752640,1381376,572416,-692224,831488,691200,292864,822272,-1542144,86016,-606208,218112,699392,-273408,5120,-504832,-785408,545792,-1994752,-312320,757760,368640,628736,-923648,43008,-611328,542720,-1276928,1071104,-759808,-987136,785408,-781312,-1025024,-753664,-490496,-474112,1108992,-405504,-817152,557056,585728,760832,1441792,-1348608,-274432,-401408,-186368,-1004544,-115712,-946176,610304,-204800,-833536,-1413120,-1111040,-1691648,-1383424,-4297728,-5173248,-6141952,-7227392,-2495488,5386240,17068032,28675072,33178624,25517056,14524416,7514112,2743296,1513472,-654336,-999424,-1330176,241664,-396288,-822272,527360,-438272,-83968,-431104,-504832,-1012736,-154624,-1177600,387072,-507904,-570368,769024,-325632,-381952,-476160,-1240064,313344,142336,-498688,401408,-75776,-1042432,-390144,-263168,-1386496,-103424,87040,-254976,-760832,385024,-410624,559104,-878592,1105920,148480,-350208,770048,29696,191488,-776192,-812032,-712704,-301056,-684032,-326656,-873472,1024,-411648,-655360,-501760,-702464,-82944,-754688,-1428480,300032,370688,439296,-839680,-343040,-455680,-149504,-1814528,1520640,122880,-110592,136192,-366592,-1048576,353280,-293888,-1153024,-500736,-551936,671744,-101376,-451584,-139264,89088,-39936,-889856,490496,621568,339968,137216,556032,-535552,-631808,-369664,-1908736,-195584,-418816,8192,1265664,241664,550912,-1519616,-152576,-1886208,-1144832,-914432,831488,-1471488,-878592,-697344,-897024,-402432,844800,-927744,476160,-505856,-980992,-1050624,488448,-788480,-584704,-1186816,-504832,-1537024,804864,-791552,9216,448512,-665600,195584,-1145856,-327680,-681984,-506880,-744448,762880,108544,-350208,-522240,-3072,-572416,-894976,-289792,-1602560,-675840,660480,395264,733184,-148480,207872,-1275904,-717824,-549888,-53248,-292864,382976,-907264,-1234944,302080,-408576,-829440,-1971200,-2469888,-273408,-834560,-513024,81920,-1770496,-185344,-566272,-1392640,-187392,379904,-149504,-807936,-624640,-401408,-217088,-820224,107520,1057792,-1625088,-115712,1294336,-1095680,-30720,-1254400,-858112,-437248,-109568,-143360,633856,1056768,-407552,-44032,491520,118784,-303104
458752,-132096,1402880,84992,-401408,-1111040,-306176,-2089984,559104,-654336,32768,-351232,-86016,-8192,-507904,-1063936,-1042432,-962560,83968,543744,-279552,-1032192,757760,-717824,-327680,-1042432,3072,-1859584,-760832,-167936,-176128,273408,-619520,-65536,-1092608,-472064,107520,-497664,-750592,485376,-994304,-220160,-924672,-1380352,928768,746496,-246784,-1155072,283648,140288,-783360,-1271808,-4096,325632,-3182592,-1271808,-36864,-812032,-466944,146432,-892928,-1355776,-1344512,-997376,-1337344,-1571840,29696,162816,-710656,959488,-1052672,-84992,-758784,-998400,-2342912,-433152,144384,308224,-1377280,184320,-119808,-486400,-840704,-1083392,-739328,-514048,-231424,-579584,-309248,-799744,-436224,167936,-936960,-672768,-71680,-138240,763904,-188416,492544,613376,333824,-2689024,607232,401408,-178176,-340992,604160,-84992,-501760,-1547264,-275456,5559296,25207808,58148864,93208576,119337984,115052544,78685184,36462592,13934592,6201344,3380224,1701888,-1346560,-19456,2185216,594944,-815104,-831488,365568,101376,1838080,602112,-169984,1004544,-568320,1187840,-646144,-241664,-412672,-388096,-1203200,-487424,175104,-970752,668672,-1074176,-480256,397312,-267264,-251904,-1241088,1507328,-863232,-1238016,-398336,-1324032,-937984,-302080,1085440,238592,-415744,-294912,-311296,-765952,190464,-1163264,-340992,-241664,-158720,-259072,291840,-522240,162816,-865280,-1167360,716800,-1183744,180224,-56320,-1512448,105472,-1129472,-900096,-1360896,620544,-487424,101376,55296,-325632,-506880,-567296,-38912,-1074176,-543744,549888,1020928,291840,287744,-924672,-755712,332800,-1106944,366592,-420864,787456,84992,-58368,-524288,77824,-1256448,-238592,-742400,-309248,-907264,32768,-112640,-501760,-129024,-451584,-1055744,-430080,-1529856,-1893376,136192,-1063936,8192,-223232,-253952,408576,-994304,-2313216,-82944,-902144,-75776,-282624,-1081344,-886784,-944128,-1026048,-156672,-1471488,-352256,-684032,492544,-137216,543744,-1232896,74752,-2096128,366592,-795648,347136,-861184,-4096,-565248,-937984,-265216,-1077248,-943104,-279552,-1033216,1352704,-770048,-693248,-161792,466944,-285696,-1386496,-556032,-76800,-683008,-1505280,-409600,-1187840,-226304,77824,-984064,-558080,562176,400384,-588800,147456,-1045504,343040,-739328,-914432,-521216,-769024,-922624,209920,-914432,-782336,711680,-719872,253952,-36864,72704,-2164736,-256000,-1041408,-247808,-673792,-407552,-402432,306176,182272,-1119232,-1367040,-1373184,-1261568,317440,312320,-372736,33792,-1106944,-1060864,-674816,-315392,-999424
76800,-410624,-586752,-687104,52224,1305600,458752,-69632,-44032,-1176576,-365568,-944128,-677888,10240,-633856,5120,248832,227328,225280,-98304,379904,-984064,-764928,-583680,-1046528,-591872,45056,-130048,-743424,297984,-886784,412672,-1060864,656384,142336,388096,156672,528384,729088,-843776,-533504,-1098752,-1132544,54272,-88064,-951296,838656,261120,-421888,6144,-464896,-91136,340992,11264,86016,1027072,-106496,-518144,-14336,-365568,-1692672,-445440,746496,532480,-7168,-442368,-730112,-970752,-442368,171008,-242688,-1016832,326656,1036288,688128,-1414144,151552,-223232,-897024,449536,941056,776192,1140736,-245760,1468416,714752,-499712,-72704,1074176,-99328,780288,461824,216064,433152,196608,-60416,813056,67584,186368,338944,1072128,1370112,1876992,1842176,3185664,2576384,6734848,8128512,8174592,10624000,24629248,58462208,130200576,238225408,351034368,401550336,355299328,225795072,95583232,30573568,20686848,18170880,8268800,1483776,4019200,5465088,3471360,-1157120,354304,3076096,3106816,3607552,2088960,1050624,860160,1320960,627712,2146304,-543744,-523264,628736,-327680,-1521664,-500736,-780288,-1163264,542720,484352,-783360,-384000,-1658880,-13312,-1131520,-260096,92160,-919552,-815104,563200,-796672,-1057792,-397312,423936,-513024,159744,-537600,220160,-387072,-447488,-617472,-414720,-905216,-874496,153600,432128,-782336,689152,-231424,348160,-18432,164864,-1476608,-5120,818176,-56320,18432,492544,513024,-1390592,-1029120,694272,-596992,1601536,373760,-581632,524288,-84992,-401408,-498688,-1175552,-1974272,66560,169984,-364544,157696,-782336,-1251328,273408,-844800,-1678336,274432,508928,-176128,-96256,83968,-870400,666624,471040,65536,692224,-575488,497664,-714752,-408576,-39936,-1043456,-533504,-943104,-177152,3072,-110592,-419840,613376,-314368,-538624,-198656,-620544,280576,-1013760,1005568,249856,-362496,387072,-546816,-86016,-248832,890880,-747520,456704,52224,494592,2070528,304128,-1761280,-1035264,450560,17408,-528384,9216,-453632,349184,-758784,89088,-763904,83968,-1050624,-1560576,621568,-264192,-314368,267264,-1178624,-951296,32768,-567296,582656,830464,233472,-223232,91136,-560128,-1216512,46080,-199680,-352256,-864256,247808,399360,-611328,685056,452608,-1071104,-268288,-1267712,-1422336,-1281024,-319488,467968,-541696,-1742848,329728,248832,-368640,-1132544,-157696,15360,-225280,340992,-29696,107520,-39936,271360,-306176,-1330176,-454656,446464,500736,-399360,82944,-327680,-338944
139264,-345088,-929792,528384,-869376,34816,-337920,1010688,-391168,668672,640000,-439296,316416,-827392,-78848,-906240,-374784,120832,280576,264192,-105472,315392,-137216,323584,-934912,-798720,-1443840,105472,311296,1142784,-11264,-71680,351232,135168,-283648,-601088,321536,-1600512,-849920,461824,581632,222208,219136,-222208,-927744,-1016832,-769024,-1477632,-444416,345088,73728,474112,372736,509952,219136,-21504,-704512,930816,-475136,685056,676864,-676864,533504,-1717248,-1069056,-1100800,711680,683008,755712,-161792,160768,-595968,412672,-229376,157696,-1922048,-1065984,-485376,-489472,-613376,496640,851968,395264,1086464,-211968,-140288,440320,613376,2534400,1422336,1017856,741376,742400,693248,89088,1079296,753664,794624,1590272,3648512,3559424,2824192,2624512,5219328,7176192,12429312,18298880,22249472,25993216,39417856,90216448,211252224,430052352,721463296,976396288,1027352576,841427968,497297408,198641664,65845248,44385280,38724608,18208768,3478528,8595456,11428864,6678528,954368,2119680,5544960,8467456,6433792,2569216,1465344,2142208,2571264,3875840,2822144,1068032,857088,991232,-432128,-1451008,-1761280,-934912,872448,1044480,294912,23552,-335872,-1739776,-1643520,-989184,-3072,122880,-1116160,205824,9216,30720,-611328,37888,-1641472,818176,-672768,-472064,-1680384,-746496,354304,740352,414720,-360448,640000,-603136,-350208,-900096,-269312,-965632,-1266688,-1021952,-577536,1150976,393216,118784,-121856,34816,-936960,-116736,-674816,460800,706560,79872,-67584,-1258496,-521216,-814080,148480,-7168,-681984,-603136,-876544,-78848,93184,-1076224,-915456,-332800,-1070080,-470016,6144,-115712,-477184,417792,-468992,92160,-1426432,-2018304,-478208,659456,165888,268288,487424,222208,-839680,-30720,-1651712,248832,705536,-592896,-705536,-487424,-1053696,-648192,183296,-528384,-600064,1251328,-325632,-448512,-84992,-576512,-994304,-82944,-44032,-959488,-276480,-1181696,-61440,-1421312,5120,-591872,-16384,-211968,-458752,-2365440,-975872,-783360,590848,106496,-35840,706560,-47104,-762880,-1338368,-162816,884736,-846848,294912,-454656,-918528,140288,829440,-316416,-1664000,-792576,680960,-222208,-278528,-314368,-530432,-833536,-990208,-419840,-188416,-724992,-431104,799744,685056,-544768,502784,148480,234496,-1539072,-704512,-808960,-757760,788480,-1212416,470016,-361472,-952320,-910336,-648192,-217088,-818176,22528,-499712,-1537024,-584704,-277504,-756736,-647168,-899072,-1078272,-56320,-506880,293888,990208,6144,-726016,471040,-397312
697344,400384,695296,-78848,-19456,-126976,297984,-89088,-120832,447488,245760,902144,-290816,23552,-1169408,-1138688,-1106944,-277504,-254976,-121856,-260096,1136640,254976,-331776,153600,-534528,741376,268288,-280576,147456,-463872,-484352,-221184,-160768,-159744,-251904,350208,-750592,231424,-669696,486400,98304,-835584,-186368,-395264,-1071104,-394240,-103424,-1196032,658432,405504,-1050624,-1886208,-1015808,-50176,-698368,-1094656,797696,-671744,-191488,921600,349184,673792,406528,584704,56320,101376,-578560,-551936,-879616,-788480,-802816,-527360,-335872,627712,-607232,821248,-641024,849920,-235520,498688,377856,637952,-372736,453632,1642496,1143808,1611776,2308096,1439744,452608,963584,497664,311296,174080,813056,2306048,1786880,2930688,6038528,7318528,5823488,5538816,10103808,19085312,27521024,33281024,35814400,42107904,76828672,189882368,447936512,870218752,1351097344,1608787968,1606503424,1259398144,716680192,287271936,99093504,66339840,53719040,24128512,8110080,12398592,14112768,6953984,591872,3250176,8926208,10845184,8932352,4744192,2084864,1552384,2612224,4178944,3245056,49152,1235968,623616,183296,67584,-242688,1077248,1703936,829440,375808,-706560,-145408,573440,-162816,-28672,51200,316416,498688,68608,372736,653312,731136,-261120,-66560,-801792,-270336,448512,361472,-246784,441344,1198080,-755712,752640,609280,256000,-108544,-192512,-257024,171008,-53248,-550912,-815104,902144,-221184,-120832,468992,92160,-182272,612352,-18432,-1556480,-110592,849920,-332800,1560576,633856,-279552,1514496,-122880,420864,-753664,-719872,-1581056,244736,658432,-724992,586752,-432128,1020928,-336896,-69632,-240640,277504,-55296,-501760,-224256,152576,394240,598016,-674816,772096,-1076224,-259072,836608,494592,-744448,-126976,364544,-1069056,-1293312,245760,75776,-458752,74752,-388096,102400,214016,558080,334848,650240,-348160,-910336,342016,21504,458752,563200,-435200,562176,-159744,-259072,1754112,-11264,-493568,-64512,-571392,-67584,482304,-346112,-567296,-859136,64512,-942080,-307200,920576,894976,277504,-321536,-739328,-50176,-1158144,-939008,-560128,269312,-546816,-958464,-68608,-1276928,80896,-958464,-1264640,-28672,-13312,-41984,-257024,-564224,-1159168,-445440,-1058816,-6144,165888,-1497088,885760,-628736,-564224,30720,-626688,-314368,-865280,-843776,417792,60416,-832512,629760,65536,-700416,194560,-1306624,-1690624,-961536,-455680,550912,1015808,-658432,16384,-872448,-1543168,-1272832,-812032,722944,500736,998400,-247808
-1092608,-348160,-267264,-1248256,-251904,-503808,-479232,-705536,-398336,45056,-382976,-399360,-1018880,560128,513024,1645568,-1612800,411648,112640,-125952,784384,-199680,424960,600064,388096,240640,-462848,-31744,-387072,-1628160,-1255424,-231424,-1773568,361472,-1094656,-414720,-278528,-1307648,-1313792,228352,-70656,-489472,358400,-1010688,-65536,323584,19456,237568,-142336,-1656832,-206848,-859136,-53248,924672,1024,-1057792,-765952,72704,7168,124928,-739328,87040,-990208,-706560,-2063360,57344,-391168,923648,-435200,-626688,-56320,-851968,-677888,-236544,-1130496,852992,-77824,235520,-400384,-188416,566272,-817152,-360448,-1094656,-685056,-412672,1048576,33792,539648,1911808,1638400,2039808,326656,388096,977920,1929216,1999872,2322432,5602304,9197568,10253312,5932032,5905408,14351360,27146240,37780480,39897088,40357888,45399040,85177344,228033536,552212480,1030695936,1493733376,1638488064,1569878016,1157429248,637983744,262729728,100682752,62098432,43411456,22864896,7447552,8270848,11108352,5108736,2212864,4247552,10569728,12641280,8595456,2788352,494592,2505728,3438592,4015104,1452032,1252352,-668672,1039360,-708608,-1016832,-1526784,932864,1545216,1119232,697344,-292864,485376,923648,-995328,-594944,-850944,352256,-838656,441344,-689152,-789504,-1174528,-334848,579584,1032192,451584,-1818624,226304,-2241536,-251904,-966656,-214016,-710656,-699392,885760,-983040,-947200,-251904,-1105920,-1165312,-230400,363520,-793600,-506880,796672,-594944,-1046528,-1228800,-747520,-1266688,-838656,-423936,-106496,-260096,-750592,-1334272,-1348608,641024,374784,-1171456,79872,1001472,-82944,88064,50176,-990208,-1263616,-204800,-2467840,-487424,254976,-690176,-18432,-1308672,-707584,-221184,-526336,-1186816,-1394688,-401408,711680,-304128,-401408,-1095680,61440,-1181696,-545792,-610304,-1158144,701440,662528,-37888,689152,-871424,-1184768,121856,-411648,622592,-445440,11264,-611328,575488,-76800,-809984,-572416,-964608,-454656,-660480,-264192,-1010688,-467968,-56320,-72704,-184320,256000,-1051648,-74752,87040,-1618944,1135616,-1707008,-1083392,-1131520,-1973248,-1238016,-831488,-862208,-758784,261120,-122880,241664,-1475584,-756736,-203776,-306176,-605184,-138240,-376832,-543744,368640,-1124352,-683008,-756736,-1054720,-1556480,-702464,-63488,132096,-604160,-1625088,36864,-239616,264192,-105472,-1005568,-4096,-119808,712704,-617472,19456,-310272,386048,-670720,-95232,-763904,-445440,-528384,-529408,-20480,-258048,-1310720,561152,-219136,-605184,-1179648,-83968,-1847296,-470016,-704512,257024,437248,-780288
-578560,-797696,-1169408,-557056,-444416,-720896,-2801664,-159744,-1227776,-1216512,343040,-386048,-61440,-1013760,-772096,-1898496,-713728,-502784,-817152,917504,-871424,-86016,-710656,-1115136,-460800,434176,-243712,728064,-586752,-500736,-337920,-629760,-36864,-1120256,84992,-490496,-498688,-10240,-189440,-690176,629760,-726016,-1165312,-434176,-1335296,-537600,-872448,-796672,105472,-664576,-902144,-579584,-512000,-1070080,-565248,-1659904,-1025024,-573440,-149504,-1056768,-314368,-1544192,-1471488,-998400,-1001472,-205824,-10240,-458752,-685056,-449536,-1177600,-299008,-918528,-339968,396288,-1075200,-276480,1038336,-845824,-44032,-900096,-817152,-1460224,-786432,-1435648,65536,-47104,115712,1231872,288768,2139136,-787456,-446464,386048,1818624,1009664,461824,1803264,4139008,8808448,8889344,6580224,4806656,12909568,26659840,33726464,32411648,30289920,31944704,58000384,169436160,413632512,757127168,1059437568,1167217664,1020973056,703659008,378651648,162357248,66519040,36977664,25968640,12359680,7257088,5516288,4012032,1181696,1039360,3216384,8365056,10032128,6855680,2659328,-1045504,1049600,3577856,3533824,926720,457728,-2494464,40960,-1074176,-123904,-118784,-211968,544768,-86016,-911360,-959488,-393216,-1467392,-517120,-333824,-588800,-581632,-481280,-744448,-237568,-134144,-100352,-2316288,-626688,-630784,-745472,96256,-1816576,-557056,52224,-1028096,-756736,-406528,-1000448,-1549312,-233472,-872448,-235520,360448,-254976,-427008,-846848,-2428928,-266240,-65536,-1613824,-952320,-851968,-887808,-119808,-1330176,-1117184,-980992,-36864,-1843200,-1206272,-960512,-2644992,-96256,-1106944,371712,-1201152,-1041408,-96256,-1097728,-414720,889856,458752,-495616,-434176,515072,-882688,-418816,-702464,-447488,-573440,-1300480,302080,-15360,-418816,-2508800,-1608704,-180224,-3386368,-1007616,-582656,-14336,576512,-1011712,-515072,-1665024,-1502208,-281600,-698368,-406528,-801792,210944,22528,-1518592,-817152,-654336,-1755136,670720,-623616,377856,-396288,-220160,51200,-820224,-284672,-417792,-831488,-856064,-75776,-967680,-1050624,268288,-33792,-498688,-1566720,-1126400,-2340864,-1600512,-313344,-371712,599040,-899072,-411648,-753664,-478208,-1118208,-1370112,-352256,-232448,268288,-898048,-1969152,-1169408,-650240,-589824,-1696768,-269312,-636928,-236544,-1752064,-759808,-228352,-1097728,-828416,-1035264,-1207296,-578560,111616,-916480,-966656,-944128,-1176576,-247808,-1564672,-979968,-728064,-1635328,-320512,-1111040,-862208,-646144,-1560576,-641024,-445440,-1120256,-84992,-575488,-367616,-314368,-1642496,-1376256,-480256,-755712,-1031168,-1995776,-1428480,-1260544
-245760,564224,364544,1397760,-559104,-102400,365568,237568,-194560,103424,276480,-686080,253952,-823296,912384,427008,-138240,-40960,93184,394240,-555008,-1374208,807936,-80896,497664,-581632,1102848,-135168,33792,415744,-929792,1285120,801792,414720,846848,7168,-174080,-600064,512000,984064,-1131520,-267264,641024,1047552,694272,122880,290816,-20480,-154624,550912,-349184,286720,-747520,82944,495616,57344,498688,937984,508928,-294912,299008,483328,-261120,1374208,-56320,-472064,-996352,830464,-660480,-672768,313344,45056,578560,599040,-825344,1103872,-204800,513024,897024,249856,818176,313344,60416,712704,46080,698368,285696,-308224,1403904,646144,1050624,1182720,1356800,40960,2237440,1738752,2948096,122880,3961856,6370304,7713792,6632448,4737024,9132032,16407552,21112832,18902016,16886784,16635904,26100736,78706688,201711616,369323008,510540800,547354624,458930176,305299456,164881408,73938944,33746944,19515392,10939392,5003264,3380224,2404352,1228800,374784,739328,2379776,5263360,7642112,5278720,722944,306176,451584,1722368,1241088,340992,1064960,9216,-282624,166912,12288,557056,-518144,-313344,459776,148480,16384,-95232,67584,-272384,441344,644096,-375808,-733184,-203776,-963584,766976,-276480,-1735680,755712,-338944,619520,1446912,622592,-1355776,-327680,150528,-1188864,-261120,-354304,116736,-697344,-886784,-500736,499712,-650240,-1028096,-1171456,-935936,43008,235520,-236544,-34816,199680,303104,-366592,-125952,-494592,45056,-373760,-681984,1045504,-845824,-1038336,191488,-465920,-1178624,147456,168960,-1273856,865280,855040,250880,221184,1112064,20480,494592,403456,137216,148480,-234496,485376,220160,1032192,398336,-150528,-917504,647168,317440,-1045504,-1190912,202752,-328704,-356352,-490496,-788480,605184,-642048,-428032,507904,-410624,-755712,-1519616,-555008,-1399808,37888,510976,-34816,860160,-123904,-703488,109568,405504,-1300480,-264192,-92160,-316416,147456,-532480,-504832,-555008,-683008,-909312,-247808,1152000,-15360,747520,-513024,1234944,-1091584,-204800,132096,-277504,-106496,-124928,-1393664,260096,69632,474112,-301056,-735232,490496,-691200,122880,-250880,438272,986112,946176,-634880,-420864,-401408,-1225728,16384,-129024,1512448,815104,737280,553984,-875520,1723392,-1486848,-430080,435200,321536,798720,-121856,-612352,109568,-559104,135168,1000448,-551936,-635904,-365568,65536,672768,-254976,-562176,-284672,1189888,-1523712,-29696,94208,-484352,1687552,-1619968,670720,1329152
-1546240,-558080,-472064,605184,619520,679936,-432128,-1135616,279552,-696320,605184,-17408,-420864,-816128,-139264,-1313792,-656384,-437248,-769024,-207872,718848,-382976,190464,-956416,76800,-768000,-1337344,571392,-474112,-430080,702464,181248,-714752,-404480,90112,128000,-1251328,-1031168,1077248,509952,288768,-216064,678912,128000,148480,-1117184,822272,110592,-757760,722944,-661504,459776,391168,-899072,735232,-576512,-30720,-757760,1730560,-459776,544768,69632,-1200128,794624,-577536,-324608,-697344,194560,1008640,185344,-1647616,82944,800768,-43008,-1006592,-131072,-869376,1440768,-523264,-388096,-67584,-1679360,-89088,-404480,-365568,755712,-567296,586752,1203200,1411072,447488,501760,-1423360,370688,753664,-565248,100352,1281024,1417216,3978240,2713600,1588224,2630656,2520064,5308416,6170624,6580224,5455872,5092352,4215808,17000448,58208256,113389568,161319936,172946432,148300800,100901888,56182784,30056448,14298112,6000640,2378752,600064,-373760,226304,-1964032,-891904,-933888,230400,83968,827392,533504,75776,-30720,-118784,1208320,202752,-320512,-184320,-777216,-905216,-1195008,-567296,1433600,-229376,1945600,-31744,260096,-799744,-399360,-1624064,-522240,738304,384000,1007616,-698368,673792,-520192,-116736,-9216,-101376,330752,-386048,740352,-1145856,-169984,-1307648,-215040,-192512,-519168,-191488,-123904,-635904,-372736,-148480,-1536000,-1501184,-1185792,-1167360,-802816,456704,-40960,104448,-1522688,-1180672,-1147904,-1552384,80896,256000,-309248,-490496,1606656,196608,-553984,-819200,-208896,-993280,-10240,-258048,333824,-69632,-680960,-920576,-107520,-1316864,-400384,648192,-266240,463872,-728064,-486400,-306176,-548864,-1205248,-656384,-173056,-956416,-733184,58368,-278528,-644096,-317440,87040,226304,-266240,486400,-1396736,30720,-1098752,-812032,-638976,-870400,-2120704,-444416,-528384,105472,-594944,-987136,-755712,-1093632,-496640,-386048,-1553408,-1449984,-453632,-299008,-568320,-187392,-467968,-1339392,4096,-1564672,1199104,732160,733184,65536,259072,327680,53248,557056,-2207744,-676864,155648,-888832,-323584,-1085440,-136192,163840,-459776,-243712,-366592,-679936,-1302528,-555008,-721920,282624,999424,35840,-1147904,-14336,-112640,155648,-519168,318464,-179200,-945152,636928,-1882112,-46080,-2056192,72704,685056,-187392,-508928,912384,-987136,296960,-594944,-1383424,-1440768,-956416,-549888,-259072,-1418240,-936960,-1294336,152576,-91136,-1498112,-888832,-743424,-800768,753664,-361472,-424960,-699392,-806912,1238016,-1157120,-672768
-403456,-228352,-729088,-671744,644096,-76800,328704,-209920,347136,-1188864,-124928,-845824,-152576,-1198080,-346112,-20480,-18432,-640000,-380928,-1513472,-13312,83968,675840,919552,704512,-226304,140288,-405504,-960512,455680,-14336,-983040,596992,-265216,60416,701440,-1118208,-26624,801792,244736,433152,198656,-572416,-261120,264192,-1121280,-177152,-869376,-390144,-831488,615424,-1233920,-1006592,-376832,265216,243712,-304128,-1077248,-902144,630784,-70656,205824,589824,-705536,498688,-84992,-1076224,165888,405504,92160,44032,1280000,257024,502784,-735232,525312,96256,-790528,-827392,-2048,-385024,190464,150528,-562176,-241664,754688,-708608,1229824,-177152,-284672,-1357824,-1239040,-503808,281600,-580608,-498688,-1812480,-593920,883712,-753664,1165312,742400,-368640,-729088,718848,1081344,1390592,49152,-1107968,-3660800,-5132288,2545664,16107520,31671296,38723584,38356992,28478464,17766400,11173888,5360640,4405248,546816,174080,-1440768,-1288192,-1499136,-1193984,-2288640,-1218560,-892928,813056,1079296,-39936,-1752064,32768,199680,-1051648,623616,282624,-438272,-1031168,-668672,183296,202752,703488,156672,-468992,-223232,-381952,-1736704,-654336,-332800,346112,-824320,713728,-181248,-117760,-758784,337920,-406528,49152,-1731584,-311296,107520,161792,601088,796672,-450560,805888,-101376,250880,-885760,422912,17408,734208,-1306624,-995328,502784,-272384,-388096,-1697792,-906240,-433152,1438720,-301056,-144384,-140288,-703488,-273408,15360,-1363968,31744,-487424,356352,1043456,711680,113664,385024,-1503232,80896,-701440,-635904,458752,301056,-443392,-355328,731136,-760832,-1314816,-1148928,-6144,-1043456,429056,-129024,-356352,-361472,130048,-1093632,-1533952,261120,160768,-468992,-920576,1293312,104448,-906240,-1379328,-883712,-1977344,-594944,54272,-265216,-428032,-125952,-490496,-97280,-660480,-949248,251904,-260096,-794624,289792,550912,-479232,-72704,1221632,-25600,-1911808,312320,358400,263168,-310272,-86016,8192,-1463296,-1526784,-380928,563200,-614400,265216,-809984,289792,-675840,-315392,153600,441344,-1567744,-1274880,340992,-102400,1091584,374784,-703488,-363520,-487424,-706560,-353280,838656,145408,773120,-22528,378880,-221184,66560,-1180672,41984,-940032,549888,354304,-273408,-335872,-384000,128000,312320,-266240,-689152,-638976,-788480,-764928,-1000448,27648,-23552,-1086464,370688,-1768448,-1209344,86016,-352256,780288,785408,130048,488448,-1122304,-177152,-807936,-390144,-137216,-792576,-151552,250880
-96256,-672768,-1093632,403456,-534528,746496,-122880,-667648,-633856,-949248,-487424,302080,-436224,197632,-90112,-391168,-828416,-339968,738304,-845824,-155648,1117184,55296,829440,490496,781312,258048,-961536,-318464,-248832,723968,-487424,-98304,-304128,-1867776,-740352,-674816,-1452032,72704,126976,-537600,1757184,200704,527360,1049600,-41984,-296960,180224,-359424,-695296,875520,220160,49152,-152576,-3072,-913408,-1021952,-344064,225280,727040,-269312,1022976,1628160,997376,385024,264192,-1521664,-459776,235520,-661504,869376,-1235968,276480,-280576,-807936,-256000,31744,394240,759808,-92160,-27648,-88064,17408,-500736,-658432,-616448,-828416,-1292288,69632,-146432,69632,-617472,-1116160,582656,-967680,-317440,138240,547840,392192,167936,1498112,-107520,-999424,240640,-3150848,-952320,-1262592,-1138688,-3851264,-6310912,-7031808,-5961728,-3976192,586752,6617088,8498176,9563136,7951360,6285312,2969600,103424,965632,-11264,-303104,-1748992,-2642944,-851968,-804864,31744,-967680,238592,-2134016,-1198080,-1200128,-1009664,-637952,-1138688,61440,-184320,-673792,-579584,-758784,-1111040,246784,-189440,-1145856,-279552,-47104,-356352,286720,-175104,-104448,-1089536,491520,885760,559104,-759808,153600,-1321984,146432,72704,54272,850944,462848,128000,374784,-760832,-1467392,81920,-547840,-258048,-294912,-568320,-1316864,-191488,-493568,-548864,-489472,1316864,-194560,1078272,-595968,-580608,-790528,282624,-904192,-209920,76800,-501760,162816,404480,95232,-1242112,52224,-1580032,-1135616,-780288,-471040,-245760,874496,401408,261120,-424960,713728,-104448,-185344,4096,151552,-367616,-256000,-300032,-335872,-1020928,-321536,-195584,-737280,-988160,330752,217088,-489472,450560,-1210368,-665600,102400,-153600,-1088512,210944,334848,-920576,-1024,321536,-175104,-609280,202752,-1186816,-462848,819200,302080,831488,-716800,216064,-434176,-709632,-478208,-935936,111616,429056,518144,-807936,-700416,-1238016,334848,-1296384,1144832,-409600,-444416,237568,208896,-409600,491520,-135168,-673792,-607232,-518144,-1159168,-660480,301056,-19456,-751616,18432,249856,265216,-510976,-1110016,-134144,-731136,1766400,-267264,-421888,710656,387072,-1590272,1406976,-194560,756736,482304,47104,634880,116736,-1035264,-833536,-239616,-594944,-347136,1363968,143360,-13312,399360,314368,-564224,611328,45056,-381952,-92160,198656,612352,571392,-162816,596992,-538624,1784832,-607232,-187392,-345088,-936960,-168960,689152,-266240,99328,-150528
342016,-68608,276480,51200,-885760,-1739776,-577536,-486400,-219136,244736,-1139712,182272,-1514496,-80896,-1496064,-1047552,-1263616,-460800,823296,-519168,189440,-296960,-760832,-1557504,-189440,-722944,-509952,-62464,166912,142336,-471040,-995328,-110592,-1097728,-1453056,-744448,-747520,-869376,-500736,3072,-924672,-958464,-264192,-645120,224256,-189440,-19456,-412672,-446464,-930816,191488,-297984,-556032,320512,-1035264,-656384,-184320,73728,-374784,500736,-978944,220160,-722944,-1212416,-1076224,-1084416,-202752,141312,303104,-902144,-1951744,-555008,-1562624,-794624,-676864,142336,456704,1044480,-264192,-299008,-16384,-1262592,-492544,373760,-1188864,389120,486400,203776,-1098752,-1043456,-1480704,-680960,-690176,-693248,327680,-187392,-66560,-1410048,-1694720,-950272,-828416,-1224704,-1583104,-1632256,-1057792,-2673664,-2196480,-2184192,-5356544,-5327872,-6203392,-7470080,-5177344,-3559424,-225280,1793024,2207744,3601408,1155072,-559104,152576,517120,-1010688,145408,-1541120,-1785856,-1988608,-870400,-2232320,-162816,-1795072,-420864,-162816,-1526784,-408576,-30720,-350208,-798720,-1334272,-1943552,-765952,-1006592,-633856,-940032,1207296,143360,-1384448,-1125376,-1547264,-1683456,-2424832,-856064,-294912,324608,-366592,-894976,-1071104,-351232,226304,-244736,246784,-1583104,-175104,379904,-1878016,-587776,979968,-655360,-405504,-295936,-292864,-891904,-880640,988160,533504,-467968,-886784,612352,-449536,-918528,121856,-570368,-972800,-1101824,375808,-299008,-262144,-1472512,-148480,-1915904,-1526784,-1244160,-1747968,-97280,-419840,-918528,-719872,-3117056,-1261568,-1502208,-992256,-713728,-667648,422912,-718848,-525312,-309248,-824320,-391168,-724992,-687104,-766976,169984,-1142784,-1018880,-1164288,-483328,-436224,-501760,-315392,-1757184,-229376,-474112,-935936,-306176,-731136,-743424,-852992,302080,-1897472,-241664,920576,-281600,-40960,-1108992,-1242112,-558080,-162816,-1130496,0,-1041408,106496,-1115136,90112,802816,-929792,-667648,-967680,-1465344,-1246208,-533504,-450560,-743424,-137216,95232,-601088,-1089536,-510976,-1580032,-450560,-218112,-1370112,-81920,-209920,-31744,57344,-551936,188416,-955392,-753664,-1235968,526336,-101376,151552,-205824,-593920,-633856,-471040,187392,-1681408,-482304,-741376,-51200,972800,-419840,-2419712,61440,-64512,-246784,-365568,-1302528,285696,-705536,-399360,-1607680,-1571840,-2415616,57344,204800,423936,-1733632,-1181696,-1015808,254976,-637952,-670720,-1163264,-989184,586752,-76800,-746496,-282624,-625664,465920,-1274880,-1717248,-1337344,-1745920,-1424384,258048
95232,-73728,-574464,18432,-710656,1770496,1517568,1591296,1084416,-443392,117760,763904,-568320,878592,190464,688128,117760,-96256,-494592,451584,-627712,-120832,558080,660480,16384,-579584,10240,1284096,990208,1076224,737280,-20480,-148480,1625088,739328,-93184,385024,533504,-529408,-84992,437248,26624,558080,-607232,311296,-1105920,-138240,799744,509952,1127424,-418816,278528,-306176,842752,-249856,275456,332800,311296,566272,506880,688128,727040,-350208,629760,-517120,-407552,1155072,770048,-94208,224256,245760,-542720,650240,-133120,81920,1258496,-689152,326656,-455680,-288768,-284672,661504,359424,677888,94208,808960,73728,719872,703488,168960,47104,-620544,-771072,734208,-62464,-38912,-1210368,-575488,613376,-512000,396288,-560128,-407552,-1039360,-34816,-1220608,-2258944,-1894400,-3113984,-4103168,-4440064,-5115904,-2646016,-1736704,-690176,1278976,1197056,1308672,1047552,1336320,-327680,24576,850944,-910336,-565248,120832,98304,-533504,148480,436224,587776,-664576,-250880,-880640,-1349632,-821248,636928,71680,841728,-316416,171008,721920,52224,-1439744,-1015808,-292864,818176,990208,-358400,700416,586752,960512,-106496,-640000,-107520,406528,-719872,400384,11264,-1161216,-712704,-527360,399360,1467392,415744,-216064,421888,379904,193536,438272,819200,-160768,288768,-59392,586752,-860160,513024,106496,124928,299008,-83968,360448,1018880,922624,96256,-490496,7168,-235520,1003520,-514048,1294336,3072,874496,-317440,840704,706560,-628736,-2201600,-656384,-905216,141312,1061888,293888,166912,-593920,-1054720,-1147904,128000,-1118208,2168832,-171008,1278976,-2048,227328,-455680,901120,121856,893952,1618944,-221184,827392,254976,252928,406528,-308224,-466944,-386048,-34816,-419840,-150528,433152,438272,644096,847872,497664,-1698816,-23552,-495616,598016,1302528,267264,-947200,-70656,-210944,241664,160768,603136,-4096,215040,-398336,-1212416,-1034240,112640,-509952,-498688,51200,-381952,-128000,-267264,317440,779264,-842752,728064,114688,199680,-606208,-574464,-79872,763904,59392,260096,-931840,-169984,-823296,565248,-309248,-403456,4096,161792,-388096,-580608,-230400,624640,-607232,526336,-63488,579584,647168,-179200,1033216,397312,-1024,392192,-51200,-359424,755712,628736,-94208,-70656,1051648,-155648,371712,727040,903168,636928,-793600,147456,-866304,-1001472,-635904,87040,-300032,-225280,1137664,139264,-534528,-504832,-114688,-805888,-143360
-1187840,-1569792,477184,-340992,-165888,-442368,-1011712,-1077248,-126976,-188416,863232,-745472,562176,237568,-1738752,-358400,-920576,-749568,-93184,664576,404480,-472064,539648,-2163712,-588800,-522240,-827392,-1372160,-51200,-195584,611328,449536,-156672,-352256,-659456,-1286144,-196608,151552,-717824,631808,-148480,-601088,-608256,-756736,-617472,-942080,-206848,-873472,-449536,-212992,-1006592,679936,-614400,-1168384,-229376,-384000,-411648,-787456,-697344,-778240,-570368,201728,55296,-592896,-1252352,55296,189440,-515072,-294912,-311296,-56320,-382976,-165888,-914432,-556032,173056,224256,-236544,-631808,-124928,-577536,-1513472,-1371136,-629760,-311296,-297984,-157696,-798720,-302080,649216,-508928,-1346560,-566272,-132096,368640,401408,278528,-1513472,-1090560,-1043456,-71680,-1032192,-1466368,-951296,-1148928,-2074624,-942080,-3204096,-2873344,-3430400,-3776512,-3531776,-4102144,-1169408,-61440,280576,-859136,-355328,1682432,-482304,-389120,-87040,-551936,-1719296,-1261568,-881664,-234496,-2094080,-1608704,-2464768,-796672,1078272,-1082368,252928,-553984,323584,-687104,737280,-1813504,-1348608,-1262592,-1381376,-656384,-1036288,327680,-592896,-1375232,-1652736,-16384,-1818624,176128,84992,-1040384,-828416,-370688,-1592320,-1525760,-1218560,1132544,-1494016,-795648,361472,-1695744,-1136640,-731136,-43008,524288,438272,1024,-226304,421888,1282048,-480256,-1258496,-2073600,-924672,-400384,-1729536,-220160,-324608,-491520,-514048,-40960,-1722368,-1363968,-744448,-350208,-919552,-480256,-927744,152576,-1436672,-1701888,-1210368,-476160,-509952,-850944,-221184,-66560,91136,-302080,-1147904,-721920,-693248,-552960,-287744,238592,936960,-275456,-476160,-526336,535552,-1764352,-830464,-1202176,-288768,312320,163840,-919552,-437248,636928,-344064,-326656,-630784,-1018880,-1024000,-559104,-588800,-227328,-1094656,-696320,-827392,-325632,-1071104,890880,-1385472,-746496,-670720,-1158144,-434176,-416768,-878592,-267264,-349184,-124928,-188416,-526336,-77824,-780288,-673792,-1759232,55296,-758784,-2011136,723968,-972800,-315392,-730112,-788480,-677888,-385024,-361472,-819200,-736256,-474112,-872448,-422912,954368,-1186816,328704,-1126400,-407552,-629760,-387072,490496,-769024,-412672,-878592,-706560,-1129472,-106496,718848,-956416,-391168,190464,-1467392,-864256,-1678336,-1415168,-132096,-1316864,-825344,-57344,-1063936,836608,-2404352,-623616,-423936,-1166336,-161792,212992,-34816,10240,-158720,-363520,-1045504,-785408,503808,728064,-2312192,-320512,-914432,-1689600,-314368,191488,-1840128,88064,-698368,-2972672,628736
1452032,-1438720,-766976,-1209344,-1067008,49152,-621568,-357376,-739328,-1021952,-1215488,-368640,-1628160,-2208768,-803840,452608,311296,121856,-1306624,-251904,-395264,-1932288,920576,-78848,-244736,278528,-1168384,-1042432,-1563648,-22528,-408576,-413696,-1941504,-786432,-976896,-1012736,-203776,-1283072,-1505280,-719872,-1252352,-1242112,-463872,104448,-471040,347136,-1590272,186368,872448,-626688,-369664,967680,-606208,1327104,-436224,-371712,-491520,-1121280,-362496,-1754112,-166912,115712,-755712,-401408,-408576,-93184,-847872,643072,-1544192,89088,-1623040,-214016,-1104896,-289792,-156672,402432,-494592,-71680,340992,-919552,-1289216,-668672,947200,-594944,-1188864,-184320,-230400,507904,-1463296,-558080,-781312,-737280,1225728,-161792,-190464,-935936,-374784,-702464,-997376,-1939456,-1368064,900096,-1269760,-740352,-2268160,-2386944,-2536448,-1783808,-2436096,-2690048,-3033088,-2275328,-3179520,-1830912,-352256,-1629184,148480,-774144,364544,382976,-679936,21504,-122880,-1757184,-1131520,-757760,-994304,-672768,-755712,-939008,-1390592,232448,-280576,-1230848,-336896,-1594368,-279552,-578560,666624,-963584,-1025024,-281600,-1191936,-815104,-615424,-818176,-1028096,-53248,-193536,-88064,649216,-141312,-1453056,-475136,-620544,-2322432,-450560,-542720,-472064,-615424,-1607680,-1113088,-739328,-889856,-1341440,260096,698368,-454656,-1623040,-2168832,561152,-444416,-785408,-461824,-472064,161792,-993280,-336896,-1623040,-608256,-829440,-997376,-612352,-435200,431104,-980992,-1672192,-951296,-987136,-1262592,-462848,-622592,-562176,618496,176128,-1511424,-807936,-1129472,-1201152,-1223680,-965632,-460800,-1265664,-993280,86016,-1459200,-1352704,-688128,-442368,-716800,-475136,-759808,114688,-1003520,-585728,-128000,-890880,-1032192,-846848,-762880,-2019328,828416,-932864,-1252352,-90112,-319488,514048,-556032,-56320,121856,-1035264,-816128,-356352,310272,-618496,-263168,-2121728,-880640,-2038784,-379904,-228352,-871424,-2233344,134144,-668672,-1487872,-604160,-453632,45056,50176,-297984,45056,-288768,236544,-590848,-651264,93184,-1148928,-923648,-35840,220160,-522240,307200,26624,-483328,-2501632,63488,-572416,94208,-12288,-157696,-656384,-652288,-1661952,-721920,-1634304,38912,-1542144,892928,-311296,-379904,-452608,-537600,-1222656,277504,-1150976,-768000,-499712,-1210368,-244736,-1015808,-391168,-1599488,-2127872,-1249280,-1118208,-1802240,17408,651264,-30720,-1184768,-1831936,60416,-1504256,-380928,-1472512,-1804288,-203776,173056,-627712,-1002496,-1207296,-1567744,-2119680,-342016,-1350656,412672,108544,-456704,-94208
419840,-187392,1470464,187392,-1002496,-33792,-171008,-626688,44032,-147456,151552,-799744,-349184,-731136,543744,156672,-584704,563200,96256,-800768,1288192,119808,1744896,17408,504832,689152,516096,-2224128,-1072128,1088512,-970752,1228800,-216064,-1214464,149504,-142336,-258048,188416,-1333248,802816,269312,98304,467968,-40960,-1556480,-47104,398336,354304,576512,-738304,-38912,420864,862208,-310272,179200,361472,432128,123904,177152,-689152,321536,-910336,184320,300032,-241664,-576512,-667648,-940032,-168960,474112,931840,-219136,145408,-415744,-1406976,-322560,-240640,605184,1338368,791552,351232,-240640,-343040,-1185792,-658432,157696,241664,-539648,-1398784,-299008,12288,-1336320,-763904,-901120,-593920,312320,422912,248832,795648,735232,-765952,-649216,-392192,-2172928,-574464,-2014208,-890880,-116736,-1369088,-2274304,-1803264,-2366464,-2732032,-1259520,-399360,-1206272,355328,695296,-154624,4096,287744,-973824,-769024,-391168,172032,1089536,916480,-1572864,-494592,226304,-1317888,-173056,279552,-284672,261120,171008,625664,-811008,-1564672,-656384,-939008,-2798592,-827392,-154624,-687104,264192,231424,388096,16384,-122880,-575488,-77824,-78848,-395264,650240,142336,72704,673792,48128,-258048,-572416,1271808,-638976,-634880,501760,-803840,-1396736,282624,620544,-1537024,136192,347136,-90112,405504,-1238016,1273856,-911360,266240,-1439744,273408,135168,-735232,1033216,-439296,-1628160,-193536,-375808,-1207296,83968,723968,-129024,-119808,692224,107520,-2104320,-1255424,-294912,-214016,-1361920,-165888,-366592,-676864,403456,-1036288,-914432,-1230848,-420864,181248,-438272,-623616,-716800,-479232,-1051648,-1462272,-76800,318464,-1641472,-81920,-98304,438272,-1608704,-1149952,-190464,-602112,-1105920,-621568,-685056,433152,-492544,-167936,-21504,742400,-666624,-502784,-621568,186368,-8192,-635904,-983040,1460224,-75776,-1436672,68608,-437248,-355328,-256000,-247808,845824,-1308672,-258048,1195008,-1003520,-1244160,-167936,-393216,321536,-817152,-484352,-160768,-465920,192512,329728,27648,-486400,-722944,-368640,-376832,-1537024,-1150976,-547840,-284672,-418816,-289792,-820224,-1003520,894976,-412672,-1220608,575488,129024,-1154048,542720,-406528,-470016,-297984,-907264,-351232,188416,-1274880,-1004544,-1969152,-1196032,-1049600,387072,-860160,-415744,-421888,-326656,-1250304,-1056768,1554432,-806912,-1121280,-519168,-515072,415744,-503808,-762880,806912,-447488,-718848,1435648,319488,818176,-925696,-1406976,-361472,-4096,-1452032,-227328
476160,189440,-206848,257024,-2153472,-1910784,-1071104,-89088,379904,-1160192,-1239040,752640,-223232,-2063360,-562176,-110592,-363520,460800,41984,-29696,-739328,-513024,-1516544,-1438720,-513024,62464,846848,-1120256,-556032,-535552,-540672,-411648,-495616,-769024,515072,-282624,-585728,695296,649216,-1379328,-414720,505856,-1228800,-1092608,182272,592896,-642048,197632,-582656,-1886208,-562176,-663552,-1303552,-315392,-1956864,676864,-1024,635904,-1182720,-215040,-252928,-468992,315392,57344,-870400,1267712,995328,-839680,-813056,-629760,181248,-372736,-84992,-183296,-417792,489472,677888,-1132544,-1278976,-1614848,-1845248,-246784,360448,-287744,1489920,581632,-51200,-107520,-1460224,-1767424,-715776,-1235968,-683008,-327680,467968,-81920,-792576,-10240,-1913856,-848896,-849920,-1464320,-153600,-996352,-811008,-1301504,-1313792,-2200576,-2556928,-1959936,-2613248,-1893376,-2619392,-705536,-1526784,-1389568,-742400,-778240,-1730560,-419840,-1062912,-334848,1480704,512000,1036288,-1527808,-1975296,-1200128,-258048,-569344,-866304,-357376,-603136,-56320,74752,-1141760,-868352,201728,-1295360,-368640,652288,-47104,-925696,-842752,-555008,928768,-123904,-1812480,-1405952,716800,-166912,492544,360448,-135168,-1515520,-953344,-1290240,-155648,-252928,-1178624,1057792,404480,-193536,-264192,-1261568,-693248,-1239040,-748544,589824,-903168,-1081344,-1067008,545792,-102400,-1048576,-215040,286720,-652288,-959488,-325632,-1124352,-1534976,492544,-756736,-762880,562176,-311296,87040,-830464,-199680,-1625088,-328704,-176128,-262144,-295936,-832512,-1484800,467968,-26624,-703488,-1015808,40960,-791552,189440,-1166336,641024,59392,77824,829440,-138240,-789504,768000,-264192,-258048,792576,-230400,-1154048,199680,56320,-1914880,205824,-63488,596992,-396288,-59392,-984064,202752,-1199104,-1456128,43008,241664,-1102848,-753664,429056,-847872,-1617920,392192,-145408,900096,-504832,-352256,336896,-1434624,-908288,-201728,-1056768,-851968,1071104,-1243136,-719872,-331776,1378304,39936,-320512,-10240,-1295360,-539648,-273408,-879616,-537600,-1675264,873472,-577536,-281600,543744,-526336,-768000,-729088,-43008,-917504,1084416,-479232,-537600,-668672,-778240,-1370112,265216,-348160,-1168384,-67584,-1388544,226304,-81920,-1631232,367616,-312320,108544,-732160,-51200,160768,-317440,280576,292864,-204800,139264,-2325504,-328704,776192,-1362944,-12288,-752640,-946176,1167360,-794624,-352256,-686080,-563200,795648,-427008,-387072,405504,763904,-1789952,-132096,420864,260096,-662528,-688128,17408,51200
1395712,-567296,622592,-303104,891904,-1024,-385024,497664,1545216,182272,-826368,1952768,-437248,314368,706560,442368,446464,-801792,-108544,596992,582656,-321536,-70656,-563200,268288,-104448,1108992,841728,-739328,-619520,-140288,-9216,372736,961536,414720,-342016,-326656,-203776,487424,-565248,-1048576,1582080,297984,2038784,468992,-522240,-634880,370688,-1939456,-176128,-567296,862208,875520,-96256,621568,-174080,-694272,-1193984,69632,-692224,-368640,2081792,425984,-134144,761856,1024,-1325056,33792,50176,-745472,310272,864256,741376,527360,-703488,-962560,391168,-457728,-57344,813056,875520,218112,448512,-102400,17408,-1583104,517120,1451008,-391168,-1543168,808960,-994304,-564224,857088,280576,-1991680,276480,-481280,-797696,1316864,18432,-25600,-111616,-612352,-1344512,-329728,-987136,-1968128,376832,-785408,-1513472,-800768,-1695744,-245760,-1451008,-619520,-1045504,-709632,409600,1307648,-422912,-102400,-520192,529408,-1589248,-1403904,-19456,-528384,-984064,274432,-187392,141312,589824,-119808,514048,-453632,428032,-400384,695296,904192,-149504,-379904,-366592,560128,221184,-352256,502784,-309248,191488,953344,-1389568,510976,-504832,-121856,-1138688,17408,352256,568320,-1031168,-1208320,-522240,-590848,-628736,1339392,596992,-22528,376832,-289792,436224,-378880,53248,864256,-397312,-97280,-771072,-359424,-193536,451584,20480,-794624,-534528,-303104,623616,-73728,1392640,7168,-661504,27648,487424,596992,-2048,1562624,162816,-72704,-50176,-187392,-894976,482304,581632,-1156096,-919552,-965632,616448,117760,-242688,-1903616,-1779712,405504,-478208,300032,181248,-578560,27648,136192,75776,46080,433152,-331776,-132096,112640,526336,-64512,-217088,-1185792,-1770496,-600064,425984,156672,394240,714752,-859136,322560,-618496,683008,-802816,-407552,-416768,-489472,-787456,74752,-154624,116736,-317440,112640,468992,-440320,313344,-1053696,-1041408,149504,-1029120,928768,-180224,40960,-939008,-905216,-427008,-500736,-501760,109568,-772096,-394240,-614400,-1745920,98304,572416,-445440,1475584,237568,63488,-658432,194560,-221184,238592,1303552,-638976,1364992,-984064,396288,-584704,-608256,-551936,-335872,802816,367616,437248,-503808,-39936,-135168,1020928,-394240,-155648,888832,-1552384,-161792,397312,814080,367616,155648,-1041408,-979968,420864,-464896,462848,-805888,526336,-656384,-505856,-52224,-2048,-1073152,-430080,197632,58368,373760,491520,-642048,-892928,37888,-900096
-703488,-226304,-825344,-732160,-647168,-1221632,475136,-301056,441344,502784,37888,-848896,265216,-1045504,-1218560,-1357824,330752,1097728,-528384,-381952,863232,-336896,-443392,-921600,-1719296,53248,438272,-509952,-153600,-870400,-592896,498688,-75776,-1089536,-927744,-771072,-643072,-293888,596992,-593920,780288,-27648,988160,-1074176,-1077248,-765952,522240,377856,-668672,-273408,-825344,1158144,-306176,-33792,-1760256,-1021952,-526336,440320,316416,263168,-955392,-581632,-211968,-960512,973824,-588800,-382976,736256,-257024,-90112,-663552,840704,-1154048,223232,-29696,-222208,-795648,-612352,182272,-1198080,-829440,-1097728,-690176,-848896,-892928,-750592,-567296,-308224,-2285568,-1106944,-218112,-334848,-600064,-883712,-755712,-1459200,-472064,129024,-403456,122880,-985088,-1523712,-980992,-1139712,-1435648,-681984,-2104320,-843776,-3135488,-2015232,-2627584,-1340416,-643072,-2030592,-918528,-450560,-973824,-1147904,-733184,-269312,-1161216,-817152,-502784,-1048576,-1722368,-845824,-572416,-601088,-1714176,-471040,-983040,-184320,-1525760,-1531904,-1073152,-478208,-1439744,-1605632,-2361344,-450560,-91136,-1291264,160768,608256,-1040384,1046528,-324608,273408,376832,-749568,-131072,-1305600,-217088,-685056,979968,-583680,-713728,-1863680,-1552384,-635904,37888,-103424,-59392,-547840,-1185792,-561152,788480,198656,-249856,83968,95232,266240,-206848,-1979392,-393216,131072,-641024,-929792,-522240,-1449984,-428032,-10240,-1720320,-372736,-862208,-971776,-612352,-176128,-693248,-649216,-390144,-1310720,57344,-173056,512000,-417792,-455680,235520,463872,27648,-712704,240640,-527360,327680,-599040,-316416,183296,-876544,-964608,-1213440,-982016,-1966080,-154624,-755712,-1344512,50176,-1588224,-49152,-1130496,17408,-1445888,37888,-388096,-247808,547840,-1057792,-34816,-1026048,-591872,-517120,-1360896,-718848,80896,-1060864,-155648,145408,-1410048,-560128,-337920,-679936,-1266688,-880640,-822272,-1056768,301056,-543744,313344,175104,-983040,-942080,-126976,-648192,-505856,-854016,-993280,-477184,-880640,-950272,189440,-1395712,941056,558080,-1050624,-1008640,-1438720,-659456,-566272,296960,-768000,-412672,-272384,251904,-518144,26624,-618496,108544,-850944,-1462272,-1502208,-673792,179200,3072,280576,-662528,-33792,-360448,-652288,-376832,-1214464,-111616,285696,-423936,-593920,-647168,-1059840,-268288,-696320,-11264,153600,-1528832,-139264,512000,537600,-568320,-21504,246784,-1815552,-366592,-973824,83968,-288768,400384,-1112064,-2635776,-1304576,-1093632,-590848,-229376,-458752,161792
4096,-837632,763904,47104,-714752,267264,614400,-535552,-408576,-1041408,-680960,-1133568,636928,-369664,149504,-247808,-561152,-457728,-787456,-456704,-1804288,-340992,-178176,-109568,9216,-295936,-489472,-149504,-1411072,-264192,-1670144,-900096,-2226176,-275456,-500736,-139264,-368640,-1492992,-846848,-1908736,155648,-575488,-1132544,-688128,-204800,-1139712,-651264,-392192,768000,-677888,-873472,186368,-28672,-1081344,-513024,-309248,1101824,335872,-1548288,-1542144,-616448,-55296,674816,329728,-431104,515072,-453632,-648192,-1587200,-390144,493568,-957440,-472064,202752,-47104,188416,-273408,497664,-1391616,757760,-669696,-1255424,224256,-295936,-396288,-695296,-807936,-1397760,1491968,-1399808,-1260544,-339968,-1565696,-204800,-635904,-309248,-856064,-673792,-821248,-326656,-286720,-2739200,-1169408,-1273856,-1335296,-1804288,-1363968,-925696,-2465792,-806912,-444416,-1305600,-2996224,-859136,-2083840,-1192960,-1935360,-456704,247808,-278528,-888832,-481280,-1810432,-630784,-112640,-1584128,-747520,-95232,-1093632,-418816,-1502208,694272,-455680,-26624,-563200,-93184,-1438720,-1491968,-1490944,-1842176,693248,325632,-1075200,-1363968,-1560576,-870400,-806912,-296960,-76800,-1548288,-1029120,-1476608,-480256,-808960,-445440,-741376,115712,-68608,-368640,-1504256,-1416192,-242688,997376,-251904,-1750016,-739328,-1136640,-1675264,-1169408,-708608,29696,-430080,-537600,-208896,289792,-97280,-798720,-1193984,-956416,-1462272,-451584,-521216,566272,398336,-430080,-569344,-1421312,-1238016,-2403328,-949248,-1126400,321536,125952,-932864,-1848320,-1084416,-1019904,-699392,-547840,-162816,-145408,-34816,-665600,-805888,-1416192,334848,-550912,-1218560,-1048576,-1059840,-680960,-1269760,-134144,-1670144,-1691648,-181248,152576,-507904,1149952,-1090560,-1890304,-1184768,-393216,570368,-824320,-449536,-1390592,414720,-143360,-428032,-20480,-761856,952320,-1765376,102400,-1343488,238592,-247808,-378880,-870400,-445440,22528,-476160,-679936,-1353728,-452608,-51200,-578560,-379904,-490496,-1300480,-125952,-497664,-667648,-2070528,-1553408,-427008,-295936,-176128,-1198080,-1290240,-1563648,-892928,-833536,-1131520,-18432,-276480,-1104896,-1002496,-800768,-1642496,559104,-1616896,-1136640,-1996800,-553984,305152,-1247232,-378880,410624,-284672,-31744,665600,-484352,-478208,-311296,-110592,929792,-26624,-233472,-226304,-1100800,-1091584,-971776,-1408000,-330752,-1228800,-421888,754688,-525312,-780288,-313344,-2771968,-856064,-17408,-528384,393216,-559104,-1694720,-1468416,-88064,-1063936,-672768,-1821696,-1601536,258048,-135168,203776,-1044480,-1612800
488448,824320,171008,-893952,287744,-274432,645120,115712,-190464,-51200,1019904,-7168,1824768,968704,-276480,48128,368640,563200,1101824,294912,32768,1483776,-370688,-584704,-984064,-196608,-2427904,-588800,-434176,-66560,314368,806912,-294912,1037312,284672,-1538048,-122880,-200704,801792,-524288,-712704,1073152,135168,472064,-101376,155648,-134144,-425984,572416,1184768,482304,1419264,468992,8192,587776,467968,709632,776192,176128,731136,641024,-663552,552960,-404480,-2176000,86016,-598016,150528,1058816,-699392,-79872,384000,-52224,-541696,491520,980992,112640,-252928,1160192,1033216,691200,477184,-535552,-110592,394240,180224,608256,1062912,-74752,-596992,-790528,-245760,1420288,-187392,-244736,1214464,705536,877568,-536576,-372736,269312,527360,-877568,-702464,47104,-1272832,442368,496640,-1123328,-157696,-573440,-602112,-600064,-1173504,12288,-8192,-846848,-681984,37888,-592896,432128,-248832,582656,-342016,336896,-937984,-40960,675840,84992,622592,177152,283648,-705536,92160,776192,624640,-281600,879616,-733184,100352,-1654784,-207872,-459776,-694272,840704,-434176,-1128448,-997376,86016,-1536000,-432128,356352,-808960,693248,413696,247808,-206848,241664,670720,58368,1099776,-441344,-492544,-188416,489472,-677888,-266240,-452608,-539648,1489920,-752640,-31744,675840,897024,-773120,-936960,-218112,-161792,158720,-461824,-158720,423936,-147456,-331776,734208,326656,648192,833536,1019904,1346560,-123904,387072,-237568,696320,-1719296,352256,275456,-195584,946176,1233920,-205824,476160,-991232,-608256,683008,745472,-195584,641024,765952,-128000,62464,221184,-256000,245760,239616,1810432,1110016,-497664,-731136,686080,21504,-358400,368640,-270336,-663552,1626112,362496,633856,-173056,1037312,402432,154624,636928,646144,741376,1137664,927744,152576,191488,1028096,-566272,-2039808,-208896,436224,864256,-69632,-1025024,-269312,-187392,-403456,-343040,-283648,833536,417792,1576960,865280,-78848,-400384,251904,419840,-813056,812032,903168,-384000,791552,245760,808960,-296960,-304128,481280,463872,-258048,97280,-1186816,-368640,30720,-330752,-60416,266240,-1551360,-508928,1845248,32768,473088,-317440,903168,8192,-822272,-223232,391168,753664,720896,-194560,589824,1436672,460800,-553984,-399360,292864,-704512,1229824,813056,-569344,738304,1191936,588800,239616,-970752,1375232,39936,931840,159744,-269312,327680,815104,-364544,256000,-1060864,46080,306176
-456704,28672,-1152000,-399360,-803840,-1202176,1429504,-1152000,-490496,-742400,117760,-294912,-1350656,-783360,-760832,-801792,236544,-737280,-1392640,718848,519168,-652288,60416,-764928,-1519616,-749568,-313344,-1154048,-693248,-1229824,-660480,-46080,353280,-655360,-248832,-635904,480256,986112,-50176,-773120,-822272,-2064384,-368640,-923648,288768,-1133568,-1005568,-581632,-1321984,552960,-1812480,-630784,-61440,595968,180224,-184320,-362496,-660480,-1382400,-1845248,359424,342016,-171008,513024,672768,-565248,-2268160,643072,713728,-1222656,-1224704,564224,-66560,480256,-11264,222208,148480,-45056,-299008,-1999872,-43008,-594944,77824,-650240,-407552,-281600,-1015808,-151552,271360,-683008,596992,606208,-507904,-317440,-477184,-644096,-1463296,-564224,-1313792,-625664,-729088,-1141760,-986112,95232,-1490944,-819200,-1374208,188416,-1734656,-1756160,-1918976,-749568,-955392,-1795072,-1973248,-1146880,-1446912,-2531328,-872448,-369664,-235520,-571392,-1231872,-829440,-1284096,-291840,-323584,-611328,-872448,-1144832,-672768,-1024000,-1943552,36864,-118784,-1166336,-313344,-292864,-836608,-507904,-314368,-793600,-1082368,-700416,417792,-1815552,-1642496,-1159168,140288,-1132544,-11264,-105472,26624,-824320,-845824,-824320,-36864,-978944,-1101824,-835584,-773120,-640000,-533504,-478208,-960512,-706560,-930816,-927744,-461824,-1641472,-1276928,-1046528,-322560,-970752,-1715200,-168960,630784,-570368,-1230848,-1570816,-2678784,-928768,-1635328,-112640,222208,-37888,-1357824,-795648,-1509376,-1626112,-844800,-660480,-1376256,185344,39936,-1222656,-500736,96256,-1262592,-1517568,-1313792,-1177600,-467968,-1051648,-709632,-1068032,-1353728,-1195008,-885760,-921600,-824320,-444416,-183296,152576,-1056768,201728,-692224,-1088512,-1029120,-562176,313344,567296,-168960,-1102848,-375808,-1770496,-389120,-1146880,-1300480,-902144,-1449984,453632,-58368,-841728,-924672,136192,-994304,-457728,313344,230400,-370688,-721920,-107520,-612352,-1399808,-1008640,-271360,-721920,-590848,-1415168,-496640,651264,-741376,-219136,-962560,-1054720,-2062336,-1398784,-977920,-846848,764928,-144384,-1094656,193536,-1013760,-1200128,-912384,-190464,-1947648,-626688,-503808,23552,-578560,-1275904,-216064,311296,538624,-1317888,-1371136,-48128,250880,-679936,-930816,-1016832,77824,-727040,-370688,-1264640,-71680,-1004544,-207872,-871424,136192,-640000,-2093056,-762880,-604160,-410624,1462272,-555008,-933888,-1691648,-752640,-1113088,-173056,-137216,-345088,195584,-1356800,222208,-677888,17408,-654336,-37888,-783360,-238592,-730112,-22528,210944,-798720
-387072,-1082368,1384448,47104,150528,-163840,-1097728,373760,-60416,-620544,11264,1285120,474112,1303552,-200704,51200,-35840,970752,-520192,-347136,-466944,1557504,1110016,604160,249856,-1345536,671744,-1268736,153600,1044480,447488,1162240,1061888,-566272,-434176,306176,785408,955392,483328,-1069056,-632832,376832,202752,210944,492544,-839680,-1389568,227328,1115136,249856,179200,279552,-599040,533504,541696,-778240,-180224,973824,390144,266240,182272,1258496,-403456,11264,-191488,136192,224256,-14336,1281024,331776,-296960,1091584,-815104,-69632,-961536,-186368,-265216,-461824,-319488,135168,340992,483328,309248,-79872,-241664,52224,-446464,495616,439296,200704,112640,456704,-988160,-857088,-670720,3072,874496,-294912,-159744,1642496,673792,-101376,-940032,-931840,287744,-380928,-349184,-393216,-775168,-568320,-758784,-15360,-544768,-1092608,-361472,720896,34816,-470016,1669120,1251328,-261120,-106496,-532480,-481280,370688,-512000,-299008,147456,-217088,-467968,160768,-936960,422912,-553984,115712,407552,487424,-2079744,-578560,474112,112640,-95232,-1447936,-256000,382976,-867328,159744,-307200,509952,145408,-367616,-312320,63488,-20480,804864,-46080,-1123328,-70656,-378880,122880,-666624,673792,179200,-3072,-82944,-1251328,280576,-276480,-235520,210944,110592,61440,376832,297984,266240,-107520,419840,-316416,-124928,-136192,-785408,-384000,374784,-187392,616448,-78848,434176,613376,-419840,402432,793600,-69632,-381952,-935936,-106496,-2039808,-1204224,-688128,481280,292864,-657408,907264,-527360,-640000,-922624,-1544192,616448,360448,32768,1463296,-215040,309248,-234496,11264,68608,-39936,237568,1556480,503808,531456,555008,-29696,267264,-916480,-971776,1038336,1433600,-265216,-481280,-997376,-1264640,785408,-9216,-1793024,669696,-894976,-879616,1024000,-896000,466944,-840704,717824,-1278976,-404480,1577984,-396288,-96256,518144,-375808,598016,979968,-197632,235520,-371712,-91136,691200,535552,-344064,-44032,101376,-192512,160768,961536,-471040,-539648,596992,-612352,-176128,-1197056,5120,312320,-1923072,1795072,-676864,-762880,-1470464,648192,1267712,-1693696,191488,-1024,-633856,-449536,74752,-564224,1014784,-27648,-665600,-496640,517120,673792,-57344,580608,486400,516096,424960,-10240,-49152,188416,1767424,-31744,1041408,200704,333824,193536,195584,816128,-1181696,-654336,-1890304,-1275904,179200,1044480,-156672,-482304,876544,902144,-130048,-366592,482304
-475136,-503808,-1347584,-143360,-905216,591872,447488,-510976,-352256,176128,-623616,59392,-303104,-1129472,349184,546816,1467392,172032,-44032,-1243136,-797696,329728,119808,949248,-796672,929792,1936384,-328704,303104,92160,-114688,99328,1082368,-1276928,-656384,327680,151552,194560,-1548288,-819200,-229376,1392640,-702464,-1611776,-245760,-1214464,922624,1554432,-385024,-345088,202752,-210944,-1164288,54272,-508928,301056,124928,67584,-594944,858112,-400384,100352,-274432,-1351680,-948224,257024,668672,-201728,14336,-1936384,367616,-861184,-178176,-254976,1896448,-190464,-88064,-237568,964608,-133120,-1884160,-635904,-524288,-843776,482304,-251904,242688,-1241088,-251904,-166912,1091584,768000,-785408,-662528,820224,-153600,263168,-1282048,-444416,-234496,-923648,-244736,238592,1078272,-425984,-1008640,-609280,-2656256,-1160192,-1625088,-1746944,-741376,-1656832,-1117184,-1498112,-456704,-850944,-210944,-130048,-1101824,-503808,-541696,606208,-569344,252928,-146432,-392192,900096,740352,-34816,-30720,513024,-841728,-340992,-355328,-2068480,-92160,-507904,-2072576,-1088512,-471040,-831488,-669696,409600,-668672,604160,161792,-1111040,-506880,380928,141312,-1097728,-173056,335872,-881664,143360,755712,-1586176,-643072,-519168,321536,-1201152,-1518592,1258496,-335872,-444416,-37888,-222208,-503808,-327680,-1009664,-53248,-1431552,-49152,-204800,74752,498688,-40960,-32768,-1442816,34816,-887808,-473088,323584,198656,286720,-413696,77824,-236544,-825344,-569344,-318464,540672,-1210368,1039360,397312,-39936,556032,-828416,-1005568,-492544,-276480,450560,-839680,-502784,1449984,-322560,-506880,1024,354304,-1297408,58368,-475136,149504,-59392,-796672,-713728,-578560,-1251328,-800768,-527360,546816,-481280,367616,1296384,603136,-285696,551936,-726016,435200,-957440,-916480,966656,-832512,1070080,-993280,-362496,-32768,-695296,-1269760,-1516544,-410624,-824320,-48128,-1212416,-763904,-205824,-362496,-1641472,294912,56320,-770048,1091584,435200,668672,252928,-1382400,-502784,-490496,-374784,-312320,-198656,-1242112,493568,-1652736,-1379328,-508928,-538624,-918528,-485376,-146432,658432,-396288,144384,-581632,-1254400,-514048,-340992,-768000,-1238016,-228352,-1516544,-919552,-26624,-203776,-867328,-1165312,-1166336,369664,-156672,67584,17408,99328,782336,284672,-1457152,624640,570368,-498688,-863232,-1213440,777216,-1144832,-594944,-590848,216064,1004544,553984,291840,422912,816128,-764928,1142784,-768000,-406528,997376,-96256,565248,-785408,-299008
-1465344,-288768,30720,-647168,-102400,-674816,-237568,-794624,-332800,-1392640,-2838528,-1038336,-1466368,283648,-149504,-1284096,-1297408,-1411072,-879616,-333824,-576512,-1729536,-2355200,-897024,-1855488,-154624,-210944,-71680,-1175552,-359424,322560,113664,-40960,-1385472,-546816,-1174528,-1524736,-1027072,82944,-1492992,-1084416,423936,-209920,398336,-370688,-631808,-1455104,-546816,-1857536,-1425408,-1780736,-321536,-151552,-1232896,-535552,-314368,-372736,-787456,-955392,-385024,-814080,-1076224,-479232,-1699840,-971776,-955392,-1742848,-1115136,-482304,208896,-2089984,-813056,-407552,-800768,-1118208,-379904,-581632,-801792,-321536,-236544,80896,-230400,-1096704,-132096,-1119232,393216,-2018304,-527360,-969728,-212992,-4096,-1249280,634880,-382976,-1397760,-1947648,-135168,-1515520,-1747968,-1104896,-1058816,-659456,-1763328,-419840,77824,-948224,-794624,-1214464,-877568,-818176,-1581056,-966656,-1011712,-1167360,-957440,-2682880,-1619968,-1052672,-685056,-977920,-321536,-920576,-528384,-1063936,-2053120,-240640,-815104,-264192,110592,-934912,-1181696,-651264,-471040,-1391616,-779264,-392192,-709632,94208,-430080,100352,-812032,-22528,-2870272,-1163264,-844800,-982016,-728064,-1522688,-1001472,-683008,146432,-191488,-1242112,-393216,-764928,1047552,-693248,401408,-975872,-490496,-90112,-646144,-84992,-1257472,-621568,-407552,-1666048,-1469440,-2305024,-617472,-1113088,-1002496,-178176,-302080,-413696,-544768,-1051648,425984,-1548288,-1366016,-1134592,-828416,-879616,-1010688,-955392,-488448,-983040,-1207296,-872448,154624,-210944,59392,-684032,-1267712,-286720,-1049600,-377856,-123904,-356352,-1778688,-210944,-438272,-2313216,-372736,-1515520,-641024,-637952,129024,-1426432,546816,-1352704,-513024,-1325056,-638976,-1510400,688128,-191488,-1438720,-1382400,-1042432,-510976,-1380352,-480256,-907264,-1531904,-2500608,-721920,-348160,-708608,460800,224256,-225280,-2153472,-506880,-593920,-878592,-1308672,-178176,-187392,94208,-226304,-408576,-710656,-1667072,21504,217088,-418816,-793600,-872448,-913408,-923648,-275456,-2196480,-1411072,-378880,-731136,-665600,-1790976,-630784,-1031168,-1721344,-670720,-1252352,-1241088,-691200,-1439744,-1698816,-1071104,-1137664,-1631232,-1895424,-774144,-1028096,-858112,-939008,-1336320,64512,-971776,-861184,-843776,-792576,-766976,-1876992,177152,-1657856,-207872,-863232,-461824,-1044480,-1186816,-702464,-1300480,-1107968,-1830912,-266240,-403456,-486400,-1388544,-1095680,-1378304,-1945600,-2024448,-330752,-238592,-1509376,-302080,-1157120,-2383872,-1008640,-826368,-1177600,-132096,-1454080,-166912,-1464320,-905216,-721920,-601088,-1289216,-1231872
-63488,-1054720,-402432,-1126400,647168,457728,584704,-779264,-409600,563200,450560,161792,-566272,-493568,-338944,63488,-472064,-484352,-222208,-201728,25600,4096,-323584,166912,-624640,-1618944,-45056,784384,141312,270336,-91136,493568,-344064,727040,-1441792,-1175552,-562176,131072,-565248,202752,-1328128,-8192,772096,-470016,-785408,192512,-872448,1044480,-918528,1395712,-190464,-1146880,-1289216,-427008,-234496,-1241088,-246784,-619520,985088,-205824,-808960,-504832,-57344,-371712,-673792,229376,-375808,-397312,-567296,-161792,116736,-1420288,416768,-956416,-294912,727040,-13312,-58368,292864,1414144,-991232,-475136,-162816,-392192,-1106944,468992,-579584,750592,-732160,-401408,-1725440,-1081344,-1192960,-666624,-246784,-512000,391168,-681984,132096,32768,-481280,-1174528,-824320,-1182720,-727040,-41984,-394240,-992256,48128,-572416,-229376,-766976,-922624,205824,794624,-1412096,215040,-146432,-1055744,-783360,-692224,-657408,-372736,207872,11264,363520,-56320,-1833984,-353280,-543744,-1276928,-30720,-647168,-964608,-169984,618496,-733184,-251904,-559104,-1360896,205824,-199680,313344,-224256,698368,-270336,-1335296,-157696,-1329152,-1829888,-400384,-608256,-782336,-452608,-1856512,-399360,-659456,-1064960,292864,700416,-102400,519168,373760,-344064,-1980416,1594368,-1420288,340992,522240,-295936,-589824,-1476608,12288,-211968,-277504,-1208320,-364544,567296,-251904,-687104,-171008,-594944,-1016832,-572416,-650240,-10240,-1108992,-1058816,-974848,857088,-912384,-424960,240640,834560,-283648,268288,-1085440,-346112,-1115136,-173056,-847872,549888,-1118208,-1061888,-304128,-509952,-243712,-801792,106496,-1507328,165888,-1441792,-769024,-317440,32768,186368,-740352,-533504,-368640,128000,-1072128,-626688,-2149376,-1182720,-212992,-1145856,-1430528,-830464,-1060864,-265216,-156672,193536,534528,150528,-337920,66560,-8192,-1269760,1532928,703488,-1118208,-933888,504832,-1227776,1138688,-103424,217088,-439296,-1228800,-440320,776192,-167936,349184,244736,-1201152,194560,-586752,-94208,318464,-775168,-260096,-786432,626688,-15360,427008,96256,-530432,10240,-672768,-1568768,-339968,-861184,960512,-1211392,-441344,31744,81920,-940032,-1575936,-1572864,-52224,-982016,249856,3072,-907264,-286720,434176,-1431552,-675840,-956416,51200,-538624,-1035264,-453632,-102400,-1514496,340992,-814080,-164864,-177152,169984,-485376,-556032,-905216,-841728,-846848,-413696,-825344,330752,-372736,-84992,188416,-847872,242688,-292864,-159744,-245760,-1289216,-21504,21504
-922624,-563200,-1092608,-1017856,-484352,-465920,-370688,-424960,1544192,-216064,-450560,136192,613376,-1240064,411648,1227776,-1238016,-674816,250880,-145408,-582656,-1244160,-1811456,-452608,15360,-520192,14336,-1208320,-493568,-163840,-75776,-325632,-338944,-67584,-647168,-22528,59392,-1470464,3072,-241664,-1242112,-256000,-1447936,-103424,-44032,183296,-47104,31744,-865280,-1180672,-565248,204800,23552,-381952,-1092608,-189440,-510976,113664,-1780736,-1875968,-150528,-993280,634880,-774144,1190912,584704,-787456,311296,-1335296,-1053696,233472,-202752,1331200,-155648,237568,-521216,-1338368,123904,537600,380928,-1409024,926720,-1183744,284672,913408,785408,193536,-1423360,203776,0,107520,126976,-675840,-593920,-82944,411648,-110592,-81920,75776,-1359872,-20480,-586752,-382976,-56320,-1670144,-479232,-1536000,-2215936,-1042432,116736,-937984,-366592,19456,-1391616,75776,-585728,-401408,-523264,-390144,-1539072,-593920,-299008,-746496,-699392,-307200,17408,-1024,-655360,3072,-5120,-2048,-499712,-116736,-297984,-578560,-361472,-481280,-883712,-790528,-481280,-833536,-581632,742400,157696,-128000,-559104,-605184,197632,-806912,89088,630784,149504,114688,-695296,-277504,-311296,64512,-676864,-71680,-1215488,-1494016,-1217536,-431104,-54272,-263168,915456,-71680,-996352,307200,-512000,-544768,-784384,192512,-351232,1139712,-1157120,-114688,-857088,-855040,-809984,589824,-606208,-622592,715776,-1298432,-1117184,-136192,-199680,-357376,-311296,-1878016,-1707008,-178176,-444416,431104,-399360,-241664,-403456,-189440,149504,-628736,956416,-951296,154624,-667648,-289792,-1690624,-55296,-1172480,-785408,689152,-688128,16384,-988160,-1063936,-795648,-402432,-1264640,-527360,-1073152,-1275904,1402880,-149504,573440,-335872,-362496,-742400,-927744,-601088,223232,437248,-1351680,1611776,574464,-574464,631808,-102400,-586752,-1633280,-670720,51200,-607232,-1798144,450560,-300032,-1489920,272384,-821248,-399360,-669696,-78848,-41984,-151552,-961536,134144,-2165760,-538624,482304,-928768,444416,330752,-151552,-593920,-852992,-1123328,-1643520,-439296,-453632,-1000448,-354304,-343040,508928,-1013760,-803840,250880,-599040,-885760,-470016,-660480,911360,-616448,-296960,-389120,-928768,-537600,-412672,192512,-586752,-456704,-495616,119808,-771072,357376,-958464,-1437696,631808,-121856,-1183744,-471040,-233472,40960,-384000,-421888,287744,-522240,-471040,467968,-1558528,592896,-919552,-618496,-309248,-240640,-1915904,-1018880,273408,-425984,-300032,-87040,480256
-357376,1196032,400384,-443392,116736,83968,-873472,1198080,-1009664,-806912,-449536,-965632,-499712,-105472,438272,412672,-390144,-1847296,-279552,-88064,745472,-745472,-804864,-1177600,-92160,-785408,140288,420864,-331776,-49152,-67584,-326656,-436224,1253376,-516096,-944128,-532480,474112,-484352,-363520,-848896,84992,-870400,572416,-549888,-65536,283648,12288,1344512,444416,1872896,-29696,522240,-26624,507904,-88064,-1277952,373760,568320,269312,-238592,-953344,443392,348160,-754688,843776,-442368,488448,1635328,549888,564224,271360,-13312,604160,60416,-362496,-253952,-82944,1115136,-1051648,314368,-82944,39936,-78848,-221184,214016,-450560,-770048,-453632,488448,56320,153600,-1022976,-2042880,1017856,-757760,-246784,-192512,-196608,962560,-603136,449536,-93184,-62464,-1800192,-324608,686080,-206848,-806912,-611328,-522240,491520,-689152,-722944,248832,301056,-286720,-1425408,690176,-492544,741376,-434176,-744448,-1308672,993280,263168,464896,808960,-713728,-519168,-120832,-1183744,-431104,-1037312,284672,1541120,-182272,-561152,-441344,-775168,-799744,-193536,253952,-1340416,771072,92160,759808,843776,-648192,84992,-654336,-602112,1715200,822272,-353280,794624,835584,697344,200704,817152,-450560,427008,918528,194560,776192,-1454080,-702464,87040,-1068032,277504,492544,11264,575488,150528,401408,-690176,-964608,-225280,27648,-849920,312320,608256,-1336320,807936,-294912,557056,-378880,424960,1348608,-534528,-35840,-587776,-529408,-677888,-279552,-74752,-303104,353280,-150528,-599040,256000,448512,268288,-819200,-458752,318464,744448,-81920,-723968,-490496,-1149952,-1118208,-951296,-610304,-491520,-393216,700416,-293888,35840,243712,-711680,-416768,-166912,986112,-118784,240640,450560,226304,1544192,-607232,556032,382976,-818176,-69632,-1435648,-290816,705536,-211968,-139264,742400,-1117184,-539648,-626688,-949248,-982016,-10240,-334848,1054720,-376832,-545792,6144,-238592,-87040,-658432,548864,429056,112640,302080,63488,-673792,316416,643072,1082368,-64512,854016,191488,247808,-374784,-471040,-439296,-1833984,614400,-304128,-582656,1079296,-259072,-74752,89088,98304,-216064,770048,377856,-496640,-866304,-217088,-1240064,1289216,-261120,-1240064,-339968,41984,-1112064,-113664,327680,1977344,988160,-449536,358400,-790528,-939008,849920,888832,808960,-724992,-694272,623616,133120,152576,414720,-766976,-872448,423936,219136,19456,-1026048,-1115136,-217088,-843776,242688,641024
-128000,202752,-719872,-486400,-542720,565248,-550912,-89088,707584,-100352,-1100800,103424,-1362944,905216,-1028096,137216,244736,996352,185344,-771072,-1532928,-1368064,-666624,-1382400,87040,-175104,-709632,-482304,-661504,531456,-684032,-454656,-1795072,-180224,641024,387072,-644096,306176,-232448,-155648,-143360,-318464,-544768,-1086464,-632832,-254976,-967680,-169984,-690176,-123904,201728,936960,-449536,498688,-379904,1049600,-560128,-744448,263168,-1143808,-676864,-1013760,245760,-573440,652288,-449536,218112,-486400,223232,-594944,-1408000,-739328,238592,205824,1840128,-608256,-49152,-1486848,-48128,-145408,-1598464,-881664,645120,-766976,-229376,-651264,-275456,-49152,-1890304,-1597440,-1230848,-1193984,-503808,-489472,-879616,20480,-1156096,149504,-14336,-519168,-730112,-20480,-262144,593920,-446464,-278528,-745472,204800,-1758208,-10240,-831488,-205824,240640,-1580032,-998400,-1361920,-126976,130048,-459776,-623616,-741376,30720,-497664,87040,-1453056,-231424,5120,14336,-681984,-108544,-272384,-452608,1193984,-593920,-369664,-512000,-887808,-1585152,785408,-529408,-498688,122880,-382976,-751616,-456704,31744,-2046976,136192,229376,733184,1059840,6144,-457728,94208,776192,101376,-880640,-302080,792576,-258048,-402432,-794624,-44032,-142336,-1133568,-192512,-783360,-517120,624640,191488,-1088512,-1778688,-177152,-1200128,45056,156672,-1398784,-709632,-76800,-216064,-1019904,379904,-206848,67584,382976,-450560,-762880,46080,-513024,-1832960,302080,-729088,-995328,-456704,221184,-1068032,-1374208,320512,-953344,-378880,-1290240,-125952,-247808,-869376,-637952,-1412096,-1501184,-900096,31744,-1730560,-976896,194560,-1341440,-140288,-297984,615424,-1563648,-983040,-55296,-480256,-641024,103424,-506880,217088,-1326080,-267264,-489472,-1564672,-758784,1024,-436224,-374784,122880,455680,-278528,-584704,-231424,106496,-229376,-1012736,614400,-753664,-105472,622592,-236544,-2603008,-416768,-452608,-421888,-1201152,27648,1095680,-718848,-151552,314368,-891904,-971776,-256000,-952320,-50176,-911360,-1446912,154624,-95232,-1602560,-420864,-1396736,-773120,-151552,478208,-116736,372736,-691200,-480256,-142336,-710656,-4096,1170432,-150528,-273408,1042432,-156672,-1019904,-268288,-52224,-1052672,-1368064,-66560,-800768,4096,-888832,315392,-1654784,-668672,-2617344,-629760,-243712,-862208,-332800,497664,665600,4096,-402432,-694272,136192,-445440,-183296,-587776,-656384,-1272832,452608,-105472,-844800,53248,229376,-1735680,54272,-371712,-294912,-487424
-1006592,-107520,-271360,-284672,-135168,-442368,-189440,-653312,-1454080,-2312192,-125952,-1218560,-389120,-120832,-144384,-1018880,-1082368,-1460224,-2000896,-79872,-1012736,-820224,-730112,-294912,276480,-368640,-1030144,-2200576,-1945600,-1829888,-764928,2048,221184,832512,-316416,-229376,-143360,-507904,-2021376,587776,-415744,-609280,1018880,-869376,-244736,-525312,-1189888,-778240,-657408,185344,-1331200,705536,-905216,-992256,-584704,-54272,-411648,-89088,-739328,-223232,-684032,-323584,-560128,-814080,-1716224,-1850368,-378880,-664576,-399360,140288,-1318912,-518144,-1527808,-1170432,-931840,-66560,-922624,-710656,-992256,212992,-1200128,-394240,-150528,-1651712,-1125376,-2069504,-1710080,-731136,197632,-884736,-1093632,-764928,-244736,-1748992,-695296,-1841152,-936960,-500736,-230400,517120,-1332224,-281600,-716800,-2006016,-1739776,-1202176,-1229824,59392,-706560,-519168,176128,61440,-668672,200704,-1656832,-824320,-403456,-467968,-1861632,-32768,-928768,-1170432,-1105920,-2468864,-1228800,-90112,-973824,-522240,-619520,-559104,57344,-433152,-1477632,-1513472,-353280,-1251328,633856,-2018304,504832,-1339392,-498688,-1467392,-20480,-2030592,-1069056,-1356800,-937984,-392192,-1424384,-759808,-101376,-675840,-2093056,-1680384,-2177024,-32768,-964608,-1027072,-681984,-152576,-156672,237568,-350208,-376832,-1071104,-381952,-991232,-722944,-399360,-1650688,-199680,-546816,204800,276480,-492544,-516096,-1143808,-1200128,-1106944,-158720,-380928,239616,-1211392,-1805312,-1178624,-1125376,-2642944,-1736704,633856,-1731584,852992,-1300480,-632832,-1758208,-1009664,-1544192,509952,-1349632,-355328,-727040,267264,-1672192,-603136,-764928,-1003520,-1165312,-1418240,-1137664,-599040,-336896,-736256,-612352,-579584,-382976,-1004544,-1059840,-916480,482304,-1624064,-100352,352256,-748544,-805888,-254976,-3217408,-257024,476160,-1191936,-567296,-1060864,-1188864,-588800,-962560,-1518592,-376832,10240,-176128,66560,-1849344,-661504,-961536,-1607680,-1765376,-66560,136192,-302080,-143360,-1525760,-1374208,-139264,-1156096,-1412096,-858112,-328704,-1101824,-17408,-555008,-43008,-910336,-1143808,-1285120,-1016832,-1963008,-567296,-505856,-1008640,-856064,-789504,-1059840,-421888,-1083392,-2981888,117760,-687104,-1252352,-643072,-856064,-1453056,-1056768,-1212416,-1085440,-1807360,-1860608,-15360,33792,-1583104,-907264,-880640,-1389568,-814080,-175104,-513024,-966656,-921600,-381952,260096,-1529856,-47104,-2219008,-346112,-3258368,-568320,-466944,-1104896,128000,-253952,-2062336,-744448,-549888,9216,-998400,-921600,-1139712,-920576,141312,1287168,-1378304,-1433600,-1098752,-583680
-1927168,-1527808,-844800,351232,-1002496,-631808,156672,260096,-449536,1122304,130048,423936,-885760,-1121280,995328,-226304,-721920,-435200,-80896,391168,-28672,-140288,26624,476160,-1142784,749568,-1366016,294912,-636928,82944,-1091584,-309248,187392,-1746944,-961536,-467968,-1780736,-397312,-113664,-148480,-640000,-651264,-582656,-277504,-187392,274432,249856,287744,-283648,-1022976,-720896,-2555904,-1822720,-1485824,-243712,192512,-1084416,-65536,-297984,473088,-123904,-401408,-109568,-1293312,-894976,135168,275456,604160,-162816,64512,-523264,-907264,-559104,-360448,143360,-174080,-1011712,1040384,-256000,-125952,-442368,-595968,38912,515072,-827392,-328704,1704960,-181248,70656,-372736,530432,-1991680,475136,-347136,104448,-111616,-295936,-384000,-457728,-793600,90112,-265216,-1707008,150528,627712,-186368,-624640,-444416,-1443840,-1167360,-1264640,-1129472,-1024000,-1341440,-1469440,454656,-1154048,-532480,-1211392,647168,-929792,-1536000,-209920,-99328,-501760,-258048,-762880,-115712,-372736,-1921024,-649216,-2082816,-370688,653312,-791552,21504,-412672,-702464,-1454080,-95232,-493568,-1595392,282624,-308224,-574464,789504,101376,-322560,-83968,-1393664,-784384,-1050624,216064,423936,-382976,-1386496,-579584,-168960,379904,-207872,-492544,-1330176,-1732608,-1051648,-832512,-251904,65536,475136,690176,-474112,7168,132096,-136192,-103424,-40960,1152000,571392,97280,-473088,-1587200,-1418240,-167936,-769024,-143360,115712,1040384,602112,-910336,-8192,-775168,-684032,74752,600064,-266240,996352,-323584,323584,-389120,-1441792,235520,-697344,-2393088,194560,-1362944,231424,441344,-1269760,-1520640,-795648,-404480,-145408,-933888,-1847296,-198656,-193536,-185344,-83968,-977920,-196608,-532480,-118784,210944,-1146880,-557056,354304,-731136,322560,308224,-1251328,654336,-378880,-487424,-248832,-1189888,20480,-342016,-1042432,647168,343040,-1497088,228352,-331776,-903168,-630784,-161792,-441344,232448,-1025024,-1107968,16384,830464,144384,-326656,-417792,-748544,686080,-700416,-73728,-240640,122880,-447488,116736,140288,672768,-542720,654336,-552960,-585728,-1065984,-257024,-1641472,702464,358400,412672,500736,191488,-1353728,-850944,-703488,-89088,-858112,-153600,-111616,-900096,-245760,-779264,-1718272,-147456,490496,-819200,809984,-531456,-904192,-291840,-742400,-538624,599040,878592,-577536,527360,-374784,-104448,-595968,-501760,-1317888,-97280,-333824,-2179072,-378880,-523264,321536,-667648,-871424,296960,-824320,-2108416,-308224,73728,-195584,-107520
-378880,-421888,-212992,-882688,27648,293888,-23552,-342016,-29696,-30720,-179200,-595968,-76800,-305152,-328704,496640,-1949696,-647168,356352,995328,-96256,-287744,-1339392,1862656,-1051648,498688,-664576,-229376,-1185792,86016,-1290240,-555008,84992,454656,770048,-64512,-631808,-370688,-713728,-117760,643072,-784384,495616,565248,-460800,-532480,916480,-553984,-1336320,-1625088,-403456,-1292288,-923648,-910336,-133120,-323584,280576,212992,275456,-263168,-574464,265216,-692224,266240,-234496,-802816,-773120,345088,-1551360,-945152,-447488,-400384,-267264,2048,169984,-672768,-408576,-1139712,-1242112,-1134592,-599040,370688,-985088,-1307648,-1076224,227328,6144,-889856,427008,301056,-1150976,-82944,-261120,805888,-1210368,-1467392,-757760,-152576,-311296,-774144,-688128,-897024,475136,-647168,-233472,-1218560,-375808,-1078272,-1068032,-1241088,-1369088,-976896,-902144,-905216,-1026048,-400384,-1342464,-55296,-887808,-558080,-522240,-581632,-328704,110592,-460800,833536,8192,464896,156672,-1357824,78848,-604160,-1529856,-1717248,-635904,-1012736,-1090560,-238592,-286720,269312,-1546240,-121856,375808,-769024,-666624,-119808,166912,-940032,-664576,122880,-140288,-461824,-735232,-854016,-2675712,-206848,-180224,-468992,-848896,-987136,-70656,-122880,618496,-1314816,560128,-1227776,-553984,-677888,-16384,-1191936,-857088,468992,-1512448,180224,-422912,-665600,-273408,25600,-2861056,-382976,-141312,28672,-416768,-419840,-80896,-1018880,-103424,-353280,-1051648,974848,123904,-111616,-1102848,-901120,-397312,393216,822272,18432,851968,-1748992,1034240,-939008,-1166336,-418816,94208,-2292736,-495616,97280,-503808,-805888,329728,-920576,-317440,-460800,-1346560,-2032640,-40960,-191488,-237568,-1259520,-1594368,-535552,-121856,203776,-1040384,-1255424,-50176,-530432,-820224,-717824,-1032192,-156672,1553408,-616448,-315392,-699392,-260096,690176,-1412096,-172032,-557056,-952320,-468992,-642048,883712,-851968,-379904,138240,658432,-613376,-501760,-1454080,3072,-370688,-3059712,-1427456,438272,-1413120,734208,-1190912,-866304,-631808,-889856,-1526784,81920,-1338368,-888832,-523264,-353280,-70656,-837632,-1201152,-1251328,-1515520,-103424,-22528,386048,-1084416,-1126400,-1055744,-601088,-179200,-1897472,-796672,-1140736,-836608,-284672,-115712,-961536,-787456,-1418240,-1904640,-1232896,-753664,-185344,-246784,-229376,-916480,-1048576,-178176,-549888,-2166784,-930816,-51200,-57344,-444416,-1245184,-979968,-360448,-446464,-344064,-899072,-739328,11264,-668672,-1014784,253952,-1118208,-834560,-364544
-134144,567296,-306176,-550912,97280,-592896,2048,-812032,-1282048,271360,-886784,671744,351232,757760,-207872,228352,-83968,-387072,26624,781312,340992,-65536,-1079296,-492544,906240,-382976,2255872,434176,167936,602112,50176,-224256,-50176,-407552,563200,316416,370688,-1163264,-186368,302080,338944,-429056,15360,380928,82944,-811008,-775168,248832,1164288,266240,-918528,-838656,-1893376,-768000,-965632,-630784,-510976,-36864,-207872,-652288,-824320,-1053696,441344,-88064,585728,584704,-1948672,407552,390144,-699392,-728064,-694272,-225280,-624640,507904,-625664,368640,-424960,-186368,1045504,-770048,378880,908288,-1284096,-12288,364544,-119808,972800,-793600,525312,-87040,749568,-771072,520192,332800,22528,-1312768,-598016,-310272,-1229824,28672,-680960,90112,-300032,518144,-141312,-346112,620544,-443392,101376,-1509376,-1091584,-414720,-24576,-203776,-143360,-253952,-563200,-586752,82944,-868352,-1726464,-590848,272384,-735232,-517120,373760,-1020928,-372736,-222208,-395264,-710656,-386048,-116736,560128,-13312,-269312,608256,347136,-815104,-1096704,-1528832,-516096,749568,-730112,512000,-1041408,1130496,293888,-429056,-310272,277504,-403456,299008,423936,1005568,-710656,204800,308224,92160,-536576,-332800,-733184,944128,-1292288,169984,-708608,-306176,-629760,-421888,-284672,-593920,182272,-1089536,1034240,-1078272,-666624,656384,40960,-31744,-384000,-385024,-342016,253952,-418816,-850944,508928,-467968,1337344,41984,-513024,-35840,-87040,-1404928,-77824,92160,125952,-628736,-86016,101376,-1070080,275456,-58368,-47104,-288768,741376,210944,-709632,219136,-1125376,-421888,-974848,-883712,-1256448,53248,-410624,-576512,-1206272,296960,-391168,-1653760,151552,-509952,-405504,-821248,-223232,-697344,306176,-123904,449536,-487424,-1642496,-32768,-1077248,-864256,311296,-242688,-635904,218112,165888,-2280448,347136,337920,-650240,929792,-1522688,-577536,155648,282624,405504,-775168,-1152000,-136192,-267264,-119808,144384,439296,780288,-337920,348160,601088,-492544,-262144,703488,-979968,-907264,-497664,447488,102400,-1645568,-1364992,-142336,-234496,-514048,-467968,752640,-262144,611328,-1018880,-486400,-108544,-661504,-274432,-140288,198656,-620544,74752,40960,-547840,10240,352256,94208,-1948672,45056,-353280,-384000,105472,-749568,-743424,724992,490496,-287744,980992,76800,-783360,-123904,-865280,-1908736,-888832,71680,-729088,1030144,-439296,-229376,-444416,283648,-611328,-143360,573440,94208
-1558528,-227328,-1275904,1801216,396288,778240,-244736,-470016,357376,-989184,-455680,-248832,-262144,-393216,-460800,369664,235520,-209920,-836608,-419840,197632,-593920,-756736,-265216,1509376,1418240,839680,67584,-57344,-195584,-990208,-1264640,-359424,-265216,343040,-302080,-9216,-159744,-306176,-65536,539648,-491520,229376,1367040,830464,-373760,498688,-524288,46080,-994304,-677888,-848896,543744,303104,672768,1002496,617472,4096,-844800,777216,185344,-35840,232448,-112640,-900096,-397312,415744,-196608,-827392,-1895424,-351232,873472,154624,782336,807936,-659456,1118208,-436224,-307200,624640,517120,423936,492544,-625664,131072,-847872,-294912,-748544,-718848,1193984,-336896,188416,-2348032,-692224,1179648,-875520,518144,-750592,-789504,197632,794624,-631808,1123328,527360,892928,-117760,-1270784,202752,306176,1412096,-381952,922624,-411648,-555008,-2048,869376,90112,-391168,-1631232,-503808,-226304,-141312,-675840,689152,-18432,289792,-679936,-1014784,-7168,1253376,-71680,-97280,-764928,1353728,146432,832512,-522240,-243712,392192,52224,750592,299008,630784,-391168,519168,-1975296,0,358400,-14336,1653760,28672,-533504,-159744,-741376,-24576,-826368,-64512,414720,-63488,16384,524288,1514496,121856,450560,3072,-296960,1552384,-208896,690176,-589824,-1017856,954368,-8192,-462848,166912,-949248,742400,650240,-393216,-638976,-1596416,852992,-62464,460800,-136192,-167936,-124928,-161792,-187392,496640,-1195008,37888,941056,163840,760832,-514048,-651264,-587776,506880,424960,316416,-70656,-138240,457728,-1050624,-279552,1417216,936960,187392,-210944,-287744,668672,858112,-858112,-1119232,-430080,-989184,-887808,147456,-449536,-596992,288768,-285696,190464,-629760,-997376,-242688,-36864,-416768,478208,-36864,645120,1110016,183296,1155072,14336,-806912,-302080,165888,465920,186368,290816,-89088,160768,-201728,-100352,-1325056,56320,-466944,-1889280,73728,586752,420864,-230400,-827392,-214016,999424,551936,-348160,1039360,-1131520,-202752,1130496,-329728,-746496,-62464,472064,1314816,390144,851968,939008,33792,293888,-274432,308224,-40960,-175104,-98304,19456,-351232,-734208,-490496,1038336,63488,-2543616,-317440,-1006592,236544,547840,361472,103424,846848,562176,-1130496,-464896,-265216,-841728,135168,-275456,193536,-970752,-311296,-293888,-880640,848896,-667648,716800,-158720,-293888,826368,-66560,386048,149504,-355328,-748544,287744,510976,479232,1050624,-346112
-976896,-1007616,-953344,1157120,619520,323584,-671744,-1280000,-784384,-1072128,-1008640,-122880,-1909760,116736,-87040,-1319936,-670720,-333824,456704,56320,-231424,473088,3072,-256000,-420864,-288768,-1619968,-813056,-1463296,-375808,-856064,-852992,135168,-1244160,-749568,-1101824,-643072,-2056192,-4096,-147456,-352256,285696,-445440,-321536,-658432,237568,-1230848,-923648,-587776,96256,-1395712,-427008,278528,7168,-432128,-974848,-633856,-446464,-231424,276480,-338944,-1051648,-702464,247808,-1609728,540672,-6144,-143360,-149504,-578560,-500736,-1091584,-271360,-1158144,-583680,-2183168,1269760,-181248,-835584,318464,-585728,-137216,297984,-758784,-972800,-1503232,-179200,-206848,-638976,-850944,-553984,-24576,-961536,-1019904,569344,-1292288,-144384,-129024,-776192,-386048,-340992,-855040,-1119232,-1514496,-1829888,-961536,-827392,-1039360,645120,-752640,-850944,-1209344,-650240,-1564672,55296,542720,-675840,565248,62464,-73728,-571392,174080,-1426432,-142336,-817152,603136,-559104,-846848,-261120,-598016,-794624,-930816,145408,-987136,-1150976,-1561600,-164864,624640,-1074176,-1130496,-888832,-1513472,-587776,-96256,-973824,-839680,-308224,-608256,-553984,-741376,-1221632,-3074048,-1435648,-216064,885760,-632832,-1136640,32768,138240,-524288,1727488,-620544,-950272,-839680,-296960,48128,-1225728,-1328128,-622592,-328704,-680960,-138240,-308224,-1512448,-293888,-69632,-961536,-661504,-1094656,82944,948224,-1472512,-344064,-595968,-239616,-2789376,-1730560,-1164288,-153600,1216512,-1264640,-1182720,-153600,395264,-73728,-545792,959488,-736256,-577536,-476160,-1017856,-2029568,-1895424,-1976320,723968,-209920,-1449984,-1146880,91136,-371712,-1656832,528384,-1029120,-939008,-455680,-978944,-540672,-648192,292864,705536,-78848,-1597440,930816,-902144,-297984,-791552,-1074176,-368640,-135168,-860160,-308224,-806912,58368,-569344,-344064,-1694720,-474112,-1581056,-1147904,-796672,-808960,-280576,-1339392,-658432,-739328,-940032,-1287168,265216,-350208,-424960,-181248,-547840,-1790976,-114688,-106496,744448,821248,-1027072,508928,-2347008,-1070080,-2479104,-23552,-271360,640000,174080,-515072,-793600,-857088,-492544,-1347584,-97280,-1343488,241664,-615424,775168,-1623040,-671744,-265216,-1368064,-611328,-1347584,-1183744,473088,-913408,-228352,75776,-974848,1342464,-1639424,-736256,405504,889856,655360,400384,-698368,-829440,-746496,-762880,-1114112,86016,-1428480,-273408,-721920,-1337344,-439296,22528,-1232896,-1149952,-731136,-1554432,-414720,-935936,-1002496,-551936,-573440,-323584,-1703936,-199680,-1175552
-812032,202752,-122880,-283648,16384,267264,-588800,211968,-693248,344064,11264,140288,-404480,-445440,-992256,-402432,757760,908288,989184,417792,183296,316416,-70656,843776,719872,-309248,-764928,-575488,1052672,-446464,-539648,-1209344,-1985536,276480,541696,-1080320,616448,-228352,-174080,845824,-144384,-61440,1027072,-882688,72704,790528,-626688,715776,-360448,-413696,1057792,-570368,-364544,-869376,-84992,563200,99328,74752,596992,-142336,-260096,-676864,-55296,-152576,-243712,1507328,684032,1244160,1655808,471040,-414720,-872448,-274432,-281600,649216,-710656,-815104,-1198080,-1050624,-247808,-961536,-649216,63488,50176,-1244160,208896,-586752,706560,403456,-905216,-1454080,-455680,1051648,-811008,2162688,933888,-404480,1317888,235520,-991232,361472,-301056,-384000,229376,-140288,438272,-182272,-562176,-1202176,-857088,-351232,562176,739328,-360448,1065984,-72704,-59392,-282624,-135168,-321536,320512,1753088,1463296,1655808,-763904,6144,-25600,3072,-147456,-451584,30720,-713728,-159744,683008,-211968,-536576,-444416,-259072,-9216,17408,-1144832,-692224,310272,-897024,50176,-178176,-1002496,-129024,-160768,-1166336,142336,-203776,408576,-65536,366592,481280,-692224,-1982464,-1248256,-392192,-771072,-475136,-1190912,838656,-1108992,-222208,-683008,-812032,-302080,765952,289792,-1619968,525312,-573440,-36864,808960,-843776,-1402880,-764928,628736,474112,-134144,573440,1302528,693248,544768,247808,144384,1024,-96256,269312,454656,1024,-30720,234496,-739328,-4096,-153600,-266240,512000,-1619968,24576,55296,108544,-46080,304128,771072,1526784,516096,-570368,587776,-714752,927744,-6144,-350208,-659456,-1278976,-107520,-722944,312320,1005568,1020928,1088512,763904,256000,546816,358400,-1934336,635904,-965632,-55296,-28672,428032,-100352,584704,169984,-664576,409600,659456,91136,-376832,-558080,361472,618496,7168,-301056,559104,-480256,327680,657408,-694272,1160192,-433152,-738304,-669696,-603136,-948224,553984,-1177600,643072,-307200,-1359872,822272,-481280,-461824,538624,-701440,325632,-118784,169984,-553984,734208,-115712,1124352,-148480,275456,-98304,1166336,1750016,482304,923648,-291840,-343040,-659456,-447488,-1244160,-816128,628736,-14336,640000,636928,-324608,321536,783360,-561152,-137216,-537600,711680,1465344,358400,-685056,1233920,-1118208,-522240,97280,-1134592,821248,1639424,185344,1495040,-368640,-719872,-485376,-668672,-2018304,326656,-73728,618496,765952,-674816
-326656,-1326080,-423936,-509952,-347136,-1332224,-351232,41984,-836608,-1287168,-539648,864256,-510976,-693248,-364544,-307200,-404480,-523264,-978944,-1084416,-452608,158720,729088,-402432,-684032,-809984,39936,-1193984,-878592,150528,-663552,-489472,-1595392,64512,-122880,-1214464,-305152,-2048,-1432576,-1559552,-877568,-514048,643072,-535552,-1163264,-532480,-246784,-501760,-1139712,-1108992,-105472,39936,577536,692224,152576,49152,-73728,102400,74752,-271360,-909312,390144,144384,-833536,-1460224,-484352,-756736,-1644544,-1068032,-526336,-329728,23552,-1039360,292864,-819200,-354304,-232448,-1307648,-850944,494592,-1075200,-1149952,-223232,-548864,-1048576,-1203200,-1682432,248832,-1889280,422912,1608704,-842752,163840,-549888,-522240,-984064,-63488,-517120,-788480,-903168,-805888,-1094656,-1770496,-52224,-2114560,-2979840,-698368,-993280,-1437696,-415744,-442368,-1274880,-1827840,-1181696,-2561024,164864,-652288,-1205248,1008640,-411648,-230400,61440,-604160,-900096,-637952,-940032,525312,1977344,-182272,-157696,-521216,-1162240,-814080,-1201152,-1424384,235520,-1302528,-1210368,-409600,-1446912,-420864,-563200,-628736,-718848,-744448,-504832,-1260544,220160,433152,-703488,-1074176,-716800,-1589248,177152,422912,-859136,-605184,-941056,-1076224,142336,-1764352,672768,-808960,-971776,-1204224,-1169408,-1402880,-248832,-1084416,-762880,-1650688,-864256,477184,-285696,-1074176,-165888,-580608,-1282048,-297984,-473088,-121856,-143360,-306176,-71680,-411648,-334848,-2029568,-515072,-442368,-1395712,755712,-710656,-210944,-674816,-434176,-1873920,-687104,412672,-1256448,-889856,-1086464,113664,73728,-1950720,-813056,-598016,-570368,-1477632,-460800,970752,-179200,-441344,-1200128,21504,704512,-1863680,671744,-773120,-955392,-1523712,-1049600,-215040,-778240,-1406976,-2747392,-1411072,-2228224,-1264640,-257024,-885760,-650240,-1126400,-1672192,-958464,-359424,-514048,-706560,-1094656,-71680,218112,-1142784,-5120,-1118208,-678912,-372736,-1457152,-1442816,-329728,-547840,-883712,-662528,-841728,-489472,109568,-322560,318464,211968,-402432,-550912,-932864,-434176,-529408,-556032,-737280,-1186816,-46080,-1197056,-1944576,-1165312,147456,-675840,-1913856,1044480,-1799168,-1018880,-125952,-780288,550912,-932864,-805888,-352256,-1245184,-649216,-891904,851968,-684032,581632,-1738752,-546816,16384,-1362944,-1754112,-1127424,-1149952,-1526784,-351232,461824,-449536,-219136,-704512,-904192,411648,-74752,-74752,-769024,-843776,202752,-695296,-635904,-723968,-1121280,-156672,-612352,-87040,-1390592,-1327104,-529408,-1153024,-1342464,-850944
-674816,-123904,-40960,772096,-228352,11264,458752,-1484800,-147456,-876544,459776,-519168,90112,-28672,-498688,-2665472,-237568,505856,-1424384,-679936,-774144,-842752,-539648,-186368,-476160,-1339392,-1043456,829440,-585728,-977920,663552,420864,292864,-718848,-610304,-177152,-919552,-604160,-65536,241664,-1384448,43008,-580608,-929792,-666624,-1317888,-524288,-281600,988160,-450560,1413120,419840,-890880,-2036736,-1135616,193536,231424,635904,-559104,-398336,140288,-472064,146432,-366592,-644096,-621568,1142784,-806912,546816,-1409024,-631808,-389120,-454656,18432,-741376,783360,-919552,143360,-368640,-381952,46080,132096,-1270784,-779264,-116736,-830464,834560,404480,-323584,-5120,-399360,-1446912,-145408,-2312192,241664,173056,-664576,-764928,-214016,114688,-359424,-271360,-124928,-1302528,283648,-26624,-115712,-752640,-30720,-587776,-467968,300032,490496,-95232,-688128,-302080,280576,-95232,316416,-224256,-1079296,-251904,-249856,239616,14336,-954368,-80896,-487424,-537600,-1122304,-461824,-556032,-315392,-303104,-390144,-352256,-625664,-571392,-1258496,-1228800,-202752,131072,-2006016,-694272,184320,-43008,-1069056,-271360,1173504,-98304,113664,136192,-1041408,-749568,-1292288,-305152,180224,-1022976,1683456,180224,-691200,-207872,-260096,-848896,-15360,-948224,-64512,-44032,215040,-836608,-56320,-304128,-2278400,-804864,-129024,-333824,-953344,-1089536,-246784,-603136,-87040,-502784,-198656,83968,-691200,-188416,52224,-666624,-145408,-800768,-701440,-1344512,-1138688,183296,377856,-569344,-420864,-377856,-1014784,-634880,-1367040,-1100800,521216,-516096,-662528,-307200,-158720,-59392,143360,-306176,-522240,-350208,-385024,-730112,-607232,18432,-729088,102400,-1536000,-622592,954368,-281600,-35840,237568,-527360,36864,323584,-356352,-1266688,242688,-3531776,-1112064,81920,702464,-376832,-1661952,-913408,104448,107520,-1512448,-173056,-1153024,-965632,-47104,-142336,131072,165888,-795648,-1004544,-1660928,-1732608,-186368,-934912,-1155072,-491520,-82944,-967680,703488,-195584,157696,8192,976896,-466944,-230400,870400,777216,-947200,-793600,-1880064,-1803264,497664,-296960,-115712,821248,-283648,246784,-571392,-2375680,-871424,-20480,314368,-177152,800768,-1658880,-259072,-310272,-1310720,-1105920,382976,-745472,1622016,-1343488,-1121280,-1204224,-234496,-1171456,-126976,-886784,47104,-922624,328704,-444416,-102400,-519168,971776,-166912,-1925120,-672768,-749568,-368640,-825344,-764928,-279552,-1153024,-1526784,-898048,-197632,-51200,-1850368,1290240
518144,546816,-1041408,552960,-587776,-89088,1100800,796672,-228352,-660480,490496,-293888,6144,1096704,671744,-281600,1069056,288768,-78848,67584,413696,-305152,466944,215040,69632,514048,-837632,-57344,-478208,-558080,-864256,-171008,481280,-175104,-978944,-932864,-989184,1520640,620544,326656,-128000,-401408,-77824,886784,1760256,1137664,-61440,1399808,316416,-279552,-1040384,-198656,44032,-943104,926720,1101824,-1271808,822272,-281600,330752,1210368,-1044480,335872,441344,-928768,471040,609280,109568,-818176,551936,1052672,879616,218112,-646144,189440,828416,-107520,-75776,353280,-1085440,700416,552960,-420864,100352,284672,-1052672,-1283072,150528,-62464,963584,847872,313344,-184320,-940032,-795648,-1352704,199680,920576,333824,352256,-1111040,265216,455680,371712,877568,-135168,-1262592,-588800,43008,-43008,748544,153600,-209920,-272384,-180224,337920,352256,883712,998400,-576512,678912,1059840,-379904,-885760,539648,-363520,-724992,524288,181248,-662528,402432,-350208,-1646592,418816,-359424,-2061312,386048,604160,-438272,659456,1056768,782336,-419840,-29696,-537600,754688,70656,15360,-736256,-429056,-724992,-388096,-1183744,-565248,-250880,-140288,721920,754688,-110592,-762880,-423936,-899072,521216,-103424,1686528,-690176,1091584,687104,59392,-1917952,198656,-1148928,684032,1034240,397312,773120,-752640,-219136,-1553408,-44032,-806912,519168,148480,1067008,245760,-459776,-496640,-212992,428032,786432,-268288,577536,7168,840704,-677888,105472,-1317888,-164864,498688,-667648,785408,-926720,-214016,-57344,-495616,786432,-379904,-1968128,-1447936,730112,-258048,1085440,699392,-571392,743424,-744448,-1033216,-116736,478208,-132096,-455680,-1249280,-806912,-425984,-1179648,1678336,-785408,-385024,-8192,134144,244736,926720,-1169408,-1022976,-689152,471040,-520192,-257024,1024000,-531456,243712,1207296,-117760,-1131520,-323584,-1654784,-387072,507904,1469440,-397312,56320,-1595392,262144,200704,-603136,-824320,331776,443392,265216,-600064,52224,481280,48128,646144,276480,-1552384,199680,879616,-131072,132096,7168,-556032,-609280,-443392,-557056,114688,-478208,-252928,103424,-593920,-8192,198656,-30720,-781312,-1462272,492544,467968,158720,-421888,-145408,-332800,-379904,-1230848,69632,-370688,838656,992256,-72704,730112,899072,-513024,-1166336,-739328,-2048,-224256,-538624,654336,-724992,-924672,-729088,-437248,-601088,-1139712,215040,137216,499712,39936,-412672,75776,770048
250880,-609280,-329728,278528,-2480128,-134144,-201728,-581632,-889856,111616,-452608,323584,-939008,1302528,-25600,-1309696,-957440,-786432,49152,-261120,-320512,-264192,-338944,-138240,-356352,24576,-493568,-1363968,-123904,427008,-117760,220160,273408,-131072,-174080,-21504,-1278976,-640000,-647168,351232,594944,-156672,814080,-624640,-139264,-125952,-125952,-446464,-533504,-642048,462848,-602112,60416,133120,-366592,-911360,3072,650240,-1145856,-1616896,-144384,-785408,-1138688,-374784,214016,190464,75776,-1061888,-850944,83968,672768,-564224,-983040,-1555456,-503808,993280,-967680,-608256,-14336,555008,-795648,-1177600,-695296,-3156992,-439296,-675840,-865280,-91136,-997376,-377856,-257024,365568,-933888,-346112,820224,-29696,-620544,894976,-1002496,-81920,-118784,281600,-986112,-487424,-300032,-25600,-228352,-131072,-270336,101376,-1404928,-251904,-1398784,-1441792,-538624,-289792,314368,-930816,-141312,-946176,67584,-96256,-1916928,-145408,720896,670720,-1126400,-593920,86016,-445440,364544,-68608,-1004544,-1244160,349184,-724992,-394240,545792,-1422336,-1605632,-600064,-196608,-528384,-157696,-626688,-461824,-926720,508928,-709632,-504832,-1437696,642048,-941056,-244736,-1622016,370688,-1438720,-399360,-865280,-317440,-163840,-526336,444416,-929792,-1840128,-1088512,177152,550912,-392192,-158720,-73728,-822272,183296,-318464,139264,-839680,-1300480,219136,-601088,-344064,64512,-975872,-644096,74752,-2775040,-591872,-1156096,-272384,-770048,-1559552,-204800,916480,-789504,-934912,91136,-564224,999424,449536,-943104,-429056,347136,4096,-420864,-276480,315392,-1327104,527360,159744,-1619968,-1780736,-509952,-1454080,-528384,-600064,-789504,-826368,-106496,-399360,-249856,-1710080,-689152,-1275904,-1082368,-350208,-1021952,-1247232,532480,113664,187392,-16384,-884736,-1162240,521216,-307200,-1659904,783360,-265216,1259520,-150528,26624,-751616,-444416,-1698816,-72704,239616,102400,1615872,-577536,1273856,-110592,-230400,-111616,-676864,-493568,-1002496,124928,-355328,123904,-965632,-1040384,-2208768,-471040,-331776,-834560,-609280,-247808,-1073152,-385024,-392192,-491520,227328,94208,-609280,150528,1458176,-168960,-577536,-987136,-1562624,44032,35840,-994304,-146432,-543744,-1292288,-181248,-1437696,-1047552,112640,-718848,-567296,1393664,-1175552,866304,-1072128,-720896,-69632,-93184,-1281024,-595968,-1454080,405504,1129472,45056,-251904,-1226752,-569344,-1285120,-1899520,-335872,-1623040,-646144,-640000,-901120,-1160192,384000,696320,-1633280,-1833984,-335872
457728,283648,434176,-913408,56320,-357376,114688,-516096,-70656,1259520,-474112,580608,-157696,-2030592,603136,-79872,-530432,1227776,483328,64512,-564224,1116160,-2271232,-332800,-252928,83968,1266688,319488,467968,1161216,-273408,7168,518144,-75776,-785408,662528,681984,515072,633856,351232,-1071104,-302080,153600,4096,-536576,1741824,-262144,623616,1032192,-958464,-410624,489472,446464,-1030144,815104,1291264,-603136,440320,-1272832,-627712,-1269760,143360,-21504,-593920,391168,308224,-153600,-182272,422912,-1475584,-952320,-641024,202752,124928,823296,348160,357376,-54272,188416,-1039360,25600,-218112,142336,-165888,109568,12288,195584,-324608,-662528,-1528832,-471040,87040,352256,67584,-276480,762880,70656,-370688,-1272832,1205248,668672,-136192,160768,-357376,177152,-617472,-44032,15360,134144,-289792,-592896,-435200,-38912,-241664,445440,149504,312320,-542720,-1872896,780288,230400,-286720,-776192,-643072,-1163264,1495040,1182720,-867328,-134144,-1516544,-1547264,1100800,180224,-99328,-939008,369664,-288768,-743424,514048,81920,232448,151552,-181248,195584,452608,-494592,-492544,389120,-671744,482304,-331776,-333824,539648,-708608,-662528,-1126400,1081344,-435200,-381952,-777216,64512,-234496,-1824768,-709632,86016,964608,7168,439296,365568,-1077248,180224,-265216,870400,70656,-343040,-615424,948224,-884736,-244736,257024,706560,-734208,90112,709632,-163840,-483328,-779264,-394240,-630784,3072,-949248,798720,-623616,-662528,1294336,1048576,363520,101376,460800,-2332672,221184,-29696,-470016,-355328,-840704,-153600,-138240,153600,-1081344,946176,366592,-135168,-385024,-442368,-84992,79872,-579584,72704,-1036288,-1065984,787456,896000,-354304,-473088,-1456128,448512,-245760,-455680,-890880,-1180672,20480,-615424,-82944,46080,96256,-2255872,390144,-1977344,-276480,148480,-273408,-506880,-196608,-366592,-856064,-438272,-908288,183296,-809984,-459776,859136,-293888,-313344,-111616,-284672,-1017856,-1255424,-193536,-716800,-116736,-1096704,-67584,477184,-225280,732160,-1569792,-345088,-574464,-169984,-268288,-193536,-52224,333824,-83968,-289792,-685056,-596992,-203776,270336,1612800,149504,297984,326656,625664,-174080,-177152,980992,-234496,36864,157696,781312,-238592,-1333248,-272384,-200704,224256,-819200,113664,-1559552,401408,-912384,226304,-296960,1248256,-1455104,732160,907264,359424,1328128,-685056,-185344,180224,-626688,-1984512,-14336,-1103872,205824,479232,-937984,270336
-731136,-709632,-1219584,1366016,-658432,-966656,560128,-728064,-1499136,-937984,-937984,-762880,328704,-335872,-316416,1404928,-592896,-1073152,-580608,-899072,243712,159744,-466944,-1055744,-763904,1339392,-346112,166912,-582656,-334848,-109568,-764928,505856,-482304,-544768,-352256,-1476608,-1822720,399360,-137216,-193536,62464,-159744,-188416,-373760,-41984,-424960,-1534976,-542720,-111616,458752,-468992,792576,474112,-39936,-1146880,448512,-580608,-461824,-353280,-384000,1532928,-356352,296960,-181248,-985088,-2044928,-98304,-1366016,94208,991232,-576512,-962560,-131072,82944,-269312,-77824,-595968,1099776,-545792,-963584,24576,461824,40960,-1028096,-1075200,-117760,-468992,-1145856,43008,968704,377856,-479232,-1353728,-267264,-295936,29696,563200,-184320,612352,-116736,-564224,-76800,-855040,-427008,-308224,-476160,-353280,723968,662528,-111616,-1750016,-525312,-546816,550912,649216,199680,823296,-17408,462848,-1145856,-503808,-278528,-2129920,-1128448,592896,1014784,-1264640,651264,239616,195584,-520192,-726016,-699392,27648,306176,253952,380928,273408,217088,477184,134144,-1808384,-1654784,174080,-38912,-974848,-403456,-125952,-87040,-793600,-432128,-454656,-53248,143360,-447488,50176,-206848,-1678336,19456,52224,37888,-1449984,-913408,-1363968,-1750016,-1043456,-1328128,-630784,-799744,-253952,-12288,-861184,-999424,147456,-244736,-807936,464896,38912,388096,-371712,-501760,-275456,-779264,-595968,-1589248,-324608,-216064,-1173504,-219136,-885760,-220160,264192,-1084416,119808,-453632,889856,-103424,-811008,-522240,162816,-368640,-1040384,-700416,-143360,43008,-515072,548864,591872,-492544,-165888,470016,-1296384,-700416,-898048,484352,-1010688,-930816,201728,-770048,-954368,-660480,305152,-1632256,-419840,-420864,-311296,-138240,-1611776,-326656,-413696,-1039360,-922624,-1231872,-733184,-828416,-197632,-575488,775168,-740352,-299008,-1138688,295936,-75776,-680960,-323584,-744448,91136,-1202176,-173056,-1044480,-242688,-800768,-977920,-509952,-618496,-361472,-602112,-679936,-180224,401408,-488448,256000,183296,-846848,437248,339968,-197632,-712704,-287744,850944,-890880,-955392,31744,-153600,-1300480,-442368,-1610752,-542720,403456,-146432,568320,-613376,-6144,-167936,473088,-336896,548864,-320512,-527360,-1319936,-803840,-398336,446464,-160768,-998400,404480,-144384,-3072,-1803264,-265216,-542720,-931840,1747968,-129024,-492544,183296,-572416,-626688,158720,73728,-190464,871424,-803840,-444416,348160,-31744,316416,-486400,-763904
196608,-704512,446464,-927744,-500736,-778240,-332800,-1221632,-320512,479232,484352,-303104,-745472,131072,-1898496,-1076224,-142336,-699392,-264192,-766976,48128,80896,-784384,-2049024,-1283072,107520,-167936,-709632,-612352,300032,-627712,-153600,-1640448,-508928,-212992,-1411072,-346112,-425984,-211968,-132096,-474112,-917504,-1089536,-2227200,-991232,631808,250880,-521216,-745472,-1067008,-462848,-1967104,-685056,-772096,-507904,567296,246784,55296,117760,261120,-857088,-260096,-1352704,-409600,-1058816,493568,-280576,238592,12288,-316416,-1393664,-669696,-977920,445440,-695296,-39936,448512,353280,-768000,-950272,-393216,-1756160,-340992,46080,-450560,-1004544,-254976,-680960,-1913856,-820224,-337920,-973824,-1100800,-1494016,-69632,-1683456,-1415168,-634880,-713728,-1506304,-824320,-99328,-252928,-716800,-256000,-750592,-126976,40960,-1662976,-499712,-141312,-1001472,-1430528,385024,-889856,-35840,-235520,-1520640,-640000,-573440,-1417216,-791552,-109568,584704,-796672,-1081344,-534528,-139264,-618496,-468992,613376,-1611776,-954368,-1688576,410624,334848,-1732608,-1420288,232448,-1330176,-1374208,-88064,-238592,466944,-768000,401408,-1313792,-1009664,-364544,-379904,349184,-1009664,76800,-345088,685056,-551936,-978944,-783360,-1280000,500736,104448,-81920,-699392,-118784,-1143808,-149504,-604160,-643072,-345088,-1072128,-252928,-1148928,-254976,-941056,-291840,-546816,18432,-539648,319488,-279552,-50176,-380928,-2052096,220160,185344,-818176,266240,512000,-905216,-300032,93184,-1439744,-277504,-1243136,-121856,-545792,-734208,-687104,-770048,-50176,-659456,-670720,-712704,464896,-796672,-708608,110592,305152,-313344,-94208,-26624,-273408,-1230848,-128000,-1854464,-1735680,-1094656,-45056,-356352,55296,-1193984,-873472,-746496,90112,-1358848,-343040,-249856,-259072,340992,-2763776,-1624064,932864,-1398784,512000,199680,-223232,-568320,-1012736,-564224,-17408,-200704,-136192,199680,-1271808,292864,-235520,-1356800,-374784,-807936,-1011712,-730112,-659456,-1421312,257024,-212992,-317440,-801792,-1090560,101376,-1294336,-512000,385024,347136,400384,-1268736,-670720,-412672,-551936,-633856,-662528,130048,279552,-771072,-1146880,-888832,-796672,-676864,-1245184,-792576,-377856,-111616,-112640,-17408,-625664,-832512,-659456,-884736,-816128,-1441792,-399360,-271360,618496,-353280,260096,-327680,-490496,-1651712,-653312,-1371136,-1087488,1006592,-196608,390144,-12288,-1311744,-1125376,-1571840,-859136,-1084416,520192,-1047552,-363520,-1405952,311296,-774144,233472,1050624,-41984,-1369088,-715776
270336,29696,-270336,-1148928,-566272,-1126400,-821248,272384,8192,-73728,480256,-53248,703488,-627712,-1088512,689152,293888,1115136,278528,-301056,-1579008,-120832,-471040,-643072,283648,-462848,-950272,140288,-920576,-1071104,-302080,-180224,333824,376832,-799744,149504,-857088,-609280,99328,-463872,78848,84992,-91136,-611328,200704,563200,-618496,-1898496,708608,-892928,-834560,809984,-394240,194560,-869376,-397312,-586752,-186368,-154624,833536,1268736,312320,-1272832,-47104,-574464,-627712,-122880,-641024,-37888,-901120,-198656,-90112,1090560,-1199104,-950272,-881664,-821248,-316416,-1250304,48128,61440,-67584,-331776,765952,-526336,-868352,1290240,-542720,-107520,965632,-210944,262144,520192,-516096,150528,675840,-1785856,-187392,471040,-464896,340992,-775168,-409600,-757760,306176,-783360,305152,215040,-477184,769024,-1011712,-1001472,-194560,-1029120,-6144,1095680,519168,100352,578560,-1274880,-296960,-715776,142336,-900096,183296,-745472,192512,-300032,-592896,-126976,-779264,-858112,-145408,-1678336,-1717248,-159744,-489472,-917504,350208,-622592,264192,-422912,-1053696,-1447936,-265216,881664,-367616,591872,794624,115712,-623616,-166912,-247808,-222208,-10240,-155648,243712,-829440,-34816,-1431552,76800,385024,-779264,645120,77824,278528,-274432,710656,-1812480,-152576,-1202176,1113088,-2048,547840,-246784,-1327104,-207872,191488,-432128,-418816,412672,-296960,-243712,93184,-1320960,374784,-533504,-876544,680960,723968,-933888,-447488,163840,508928,967680,-58368,-1166336,-1217536,157696,-101376,-833536,481280,274432,-1004544,-25600,-734208,-1644544,-462848,-534528,-1264640,1943552,405504,-589824,-520192,-164864,-36864,-782336,1413120,-757760,29696,-173056,397312,-1599488,-1209344,-248832,429056,109568,-1213440,-851968,472064,663552,-1051648,-514048,-1785856,-45056,582656,-410624,-1490944,-729088,-491520,-671744,-72704,-826368,-779264,-2382848,-208896,55296,570368,-797696,-997376,-110592,-297984,-1150976,-1444864,160768,-277504,-774144,868352,228352,94208,-1498112,-474112,-328704,26624,330752,-314368,189440,671744,-260096,104448,8192,1081344,509952,-1140736,-356352,646144,-430080,-119808,-1099776,153600,429056,-1595392,-217088,-107520,-260096,-273408,-527360,-513024,850944,-708608,108544,-770048,97280,-1686528,-175104,-940032,-566272,243712,-238592,-788480,-722944,-1662976,-920576,-212992,142336,388096,891904,-1166336,-877568,-235520,-82944,-1700864,-1006592,-185344,-471040,468992,-603136,135168,313344,360448
-482304,-72704,-445440,-278528,-1801216,-330752,-951296,462848,425984,-980992,663552,-530432,-270336,-863232,-657408,-881664,-476160,-729088,913408,179200,736256,211968,581632,-722944,-492544,-1329152,-720896,-238592,-510976,-587776,-289792,-1069056,-1503232,-1443840,-206848,-1582080,-752640,-273408,296960,39936,-343040,-156672,-832512,331776,-1218560,-842752,305152,-819200,-850944,-608256,115712,-229376,-906240,424960,-944128,505856,-240640,765952,-636928,14336,-241664,-548864,-197632,-280576,-1339392,-826368,-705536,-602112,-578560,-191488,-533504,553984,-374784,-889856,203776,172032,-182272,-304128,87040,-703488,-467968,-541696,-1382400,283648,174080,-837632,-897024,121856,-1393664,8192,-1288192,-487424,339968,-98304,-847872,543744,-240640,452608,-1145856,-176128,-372736,2048,-750592,-33792,-29696,369664,699392,-885760,377856,-756736,985088,-977920,-759808,-360448,162816,664576,-1191936,-834560,-1215488,-1356800,-240640,-1176576,-94208,-1276928,134144,207872,-1074176,-569344,-222208,-519168,-72704,-1019904,-1283072,-155648,-543744,-799744,87040,-581632,322560,626688,-670720,-148480,780288,-885760,314368,390144,-323584,-351232,7168,-1806336,486400,390144,413696,-11264,381952,-318464,-870400,-1213440,-509952,-370688,-334848,-944128,-1179648,-766976,-354304,-957440,194560,80896,548864,-191488,-792576,-268288,-762880,132096,-29696,-285696,871424,-491520,-259072,-108544,-1490944,-1033216,-733184,-2475008,-983040,411648,185344,500736,-1460224,148480,-379904,-984064,-758784,431104,-15360,264192,472064,-708608,211968,625664,158720,-1152000,-821248,1037312,-909312,-1722368,643072,-137216,-1401856,-922624,359424,-733184,-189440,-559104,-80896,364544,-128000,-1849344,328704,-593920,-267264,-375808,-778240,-953344,-897024,185344,-4096,-971776,428032,231424,-1916928,-733184,-316416,-214016,-284672,128000,-322560,1032192,-1411072,-1439744,-467968,-165888,-1432576,-799744,-230400,177152,-501760,-714752,612352,-787456,-942080,221184,-637952,-103424,221184,2048,-587776,-1152000,-740352,-3251200,-106496,-1541120,-182272,603136,-404480,-977920,-1092608,116736,-1349632,-413696,-481280,-477184,-754688,-950272,-1125376,510976,75776,-1988608,-1057792,271360,-828416,-478208,-991232,-24576,596992,-877568,-1049600,-260096,-2072576,-1484800,-1050624,-445440,-326656,-1764352,-28672,-835584,-305152,131072,-1000448,323584,19456,23552,-1713152,-240640,-594944,67584,48128,-808960,-750592,927744,1422336,-1426432,-476160,-1429504,-164864,-299008,545792,-794624,-1092608,1349632
265216,1084416,-384000,295936,63488,1403904,1223680,343040,-132096,17408,178176,-176128,-108544,-671744,-724992,962560,590848,345088,-936960,512000,796672,-196608,195584,1347584,-182272,188416,-492544,-431104,-942080,378880,-8192,437248,-544768,1027072,851968,1012736,222208,755712,54272,233472,472064,945152,688128,796672,23552,276480,909312,-606208,579584,1040384,-1054720,-316416,850944,-18432,-510976,264192,473088,-277504,-76800,-1138688,-1037312,-145408,146432,488448,1000448,967680,1132544,1020928,786432,131072,514048,171008,-154624,273408,1050624,-210944,786432,1617920,449536,589824,924672,-634880,1297408,1046528,2246656,-544768,-4096,-313344,-1163264,-2297856,620544,-425984,836608,-23552,209920,-633856,-433152,-1398784,-562176,408576,105472,486400,-82944,318464,165888,-350208,-198656,985088,-930816,43008,715776,141312,232448,-629760,-226304,-472064,-435200,-466944,1249280,413696,1002496,812032,-475136,-642048,1235968,-1886208,-416768,-813056,771072,-160768,145408,-140288,635904,1478656,-107520,-197632,824320,969728,448512,1856512,225280,1384448,476160,-591872,123904,-372736,-12288,-564224,1424384,173056,909312,-113664,-633856,-104448,-68608,208896,649216,1435648,275456,458752,-1463296,463872,-299008,-370688,114688,535552,-150528,616448,497664,706560,181248,1200128,1068032,561152,647168,-660480,114688,44032,1259520,-908288,-134144,-249856,662528,590848,-418816,-961536,791552,580608,-124928,1203200,-1139712,-125952,-329728,-704512,17408,509952,-368640,71680,-793600,80896,-22528,-55296,1164288,24576,927744,446464,-563200,-1240064,343040,162816,1714176,582656,-201728,1024,57344,2048,112640,-1019904,-687104,1060864,757760,360448,1087488,291840,215040,-105472,736256,-371712,350208,-979968,363520,1947648,33792,-707584,913408,-763904,-1649664,-1124352,851968,429056,126976,21504,551936,-83968,293888,254976,-370688,1480704,-27648,1227776,890880,-1484800,757760,1570816,-1056768,377856,121856,-712704,393216,278528,449536,-726016,-740352,315392,510976,-481280,460800,420864,419840,1173504,436224,1399808,179200,-1235968,-844800,-412672,338944,690176,1635328,-694272,530432,203776,1004544,904192,506880,225280,-41984,1681408,123904,716800,672768,228352,417792,1067008,-1324032,-289792,393216,112640,143360,1572864,489472,38912,889856,303104,544768,346112,330752,-346112,670720,67584,120832,294912,-1881088,34816,24576,991232,819200,1307648,457728,-856064
-766976,-302080,1018880,-866304,1222656,331776,33792,-763904,-303104,-455680,-4096,508928,47104,536576,618496,974848,-76800,264192,-960512,-601088,732160,414720,329728,473088,-390144,-641024,430080,-1127424,-244736,93184,-199680,419840,625664,156672,-670720,-971776,5120,-474112,880640,706560,1238016,132096,99328,-285696,-291840,-668672,189440,-629760,180224,-143360,-553984,259072,552960,-250880,1070080,929792,817152,-728064,545792,-479232,513024,-531456,1051648,-188416,-1024,-1922048,313344,792576,-338944,306176,-550912,363520,685056,-1062912,-1624064,36864,1228800,537600,843776,-788480,79872,-605184,27648,-576512,1291264,230400,507904,-698368,-382976,891904,-715776,-780288,433152,-150528,-16384,-329728,684032,-1659904,595968,-392192,-747520,-337920,-49152,-1233920,-946176,-139264,957440,1159168,244736,-26624,-627712,-831488,-881664,-1352704,306176,10240,923648,919552,-613376,215040,-11264,53248,-1083392,-606208,715776,171008,586752,-573440,518144,-696320,-161792,-354304,-402432,495616,406528,-631808,1056768,-879616,876544,345088,-669696,-933888,234496,-283648,-116736,565248,-1236992,52224,-180224,618496,-951296,-601088,-342016,503808,-246784,1123328,942080,-905216,-339968,-41984,1039360,226304,509952,-1720320,-1234944,675840,205824,775168,364544,-402432,669696,20480,937984,-975872,1106944,-1345536,-282624,30720,-1075200,-99328,-318464,-457728,-1100800,134144,-804864,845824,-32768,-191488,664576,-457728,133120,-896000,-1295360,490496,296960,1244160,236544,-518144,313344,-681984,-306176,451584,-212992,-710656,-410624,122880,-733184,130048,93184,-269312,-510976,56320,334848,-2360320,-1871872,598016,-1359872,137216,-521216,-284672,-1754112,709632,-1729536,-81920,-1024,73728,-99328,-1152000,-331776,-242688,813056,-646144,-432128,-371712,-285696,-435200,-1013760,691200,132096,119808,-69632,-247808,-799744,-587776,-1603584,1067008,913408,275456,-1115136,-328704,-595968,-1261568,-743424,397312,-544768,1920000,-1181696,-978944,-873472,758784,165888,-234496,411648,-990208,677888,-747520,-129024,-33792,761856,471040,179200,-1469440,13312,-479232,-82944,945152,-338944,-1250304,-751616,-1465344,-392192,-740352,-1275904,-1072128,2318336,536576,43008,575488,-342016,-707584,-396288,416768,265216,606208,-813056,302080,-450560,73728,936960,-261120,-1179648,-761856,-117760,480256,-325632,209920,-463872,-421888,-288768,844800,52224,1055744,77824,-410624,-1290240,108544,659456,1214464,3072,-428032
-1158144,287744,-1509376,-1442816,-1275904,-1095680,-708608,-29696,1218560,-2251776,-536576,186368,-1155072,-2253824,315392,-1453056,-1816576,-547840,-333824,156672,-207872,-724992,-864256,23552,-877568,-450560,-595968,-266240,474112,-386048,-1015808,-1040384,-1421312,-950272,-1639424,-946176,-1057792,-266240,-371712,-538624,-616448,14336,-1772544,-1158144,289792,-333824,-425984,-423936,-45056,-262144,-698368,-836608,-1846272,-672768,-619520,-589824,2048,-677888,77824,-818176,113664,-1111040,-932864,526336,-216064,-437248,-1138688,-1282048,-1080320,-349184,-1112064,-286720,-790528,-595968,-142336,-91136,-886784,-910336,-2404352,-1462272,-1280000,-844800,-509952,604160,-790528,-656384,-149504,626688,-1234944,-1154048,-780288,-1050624,-802816,431104,609280,-1608704,-29696,128000,-2064384,-567296,-84992,-1673216,-975872,-1628160,-1440768,-278528,-744448,-204800,155648,-1347584,-1576960,-1427456,-528384,-160768,-408576,-1638400,-1699840,-857088,-2321408,-921600,-626688,-342016,263168,-497664,-830464,-332800,-1230848,-1912832,-1056768,-1382400,-719872,87040,-550912,-102400,-1316864,-715776,-781312,339968,-281600,-943104,-610304,-1019904,-373760,-416768,-550912,-704512,-614400,-1683456,-1381376,248832,-1199104,-307200,-351232,-1343488,-1463296,-416768,-1495040,-524288,-1314816,-633856,-2194432,-1239040,-1302528,-600064,-569344,-100352,-608256,-357376,-1080320,-1231872,-902144,-584704,145408,-2095104,-954368,-928768,-594944,-584704,-866304,-1926144,-756736,-366592,-1192960,-1283072,439296,96256,-757760,-1160192,-26624,-8192,-2906112,-199680,-37888,415744,74752,-152576,-1263616,-671744,-2330624,-229376,-1448960,-124928,-695296,-553984,-1719296,-1531904,-1317888,-1445888,736256,-1173504,-1345536,-1511424,-334848,-1069056,927744,-467968,-1483776,-930816,-1364992,-576512,-1529856,-1799168,-141312,-992256,-1482752,-1379328,-1683456,-1079296,-1378304,-910336,-197632,-841728,233472,-934912,-1033216,412672,-1519616,-2104320,135168,-1857536,-400384,-249856,-1124352,-303104,-524288,-1092608,-626688,-926720,-1840128,-1467392,-146432,-1744896,-789504,-487424,-962560,161792,-892928,-940032,-771072,-799744,-1144832,40960,-611328,-432128,199680,-816128,-1800192,-975872,-660480,748544,-491520,-98304,-1017856,-656384,-898048,-1042432,-1235968,156672,-547840,-889856,-723968,-647168,-1148928,-1451008,-492544,-168960,-1105920,-1491968,-226304,-1271808,-976896,-332800,108544,-344064,357376,268288,159744,-496640,-617472,894976,-939008,-1411072,-638976,-1160192,-2169856,249856,-270336,-992256,-239616,-220160,-1739776,-1831936,-1564672,844800,-267264,-754688,-1463296,-751616,-1507328,-391168
-473088,-91136,-413696,361472,1007616,-1351680,-150528,430080,-842752,-250880,1018880,520192,1313792,92160,1081344,-180224,940032,313344,244736,458752,183296,235520,582656,1200128,287744,-141312,-94208,399360,-1738752,-730112,-241664,-233472,133120,212992,-587776,372736,869376,530432,-417792,440320,-278528,1299456,-13312,179200,644096,-435200,90112,-351232,168960,366592,-487424,-171008,-660480,-462848,613376,-678912,424960,-1915904,79872,761856,-358400,37888,46080,-157696,1704960,399360,-635904,548864,-864256,-930816,154624,106496,-243712,1187840,-705536,-296960,156672,1889280,-1163264,260096,1064960,420864,-600064,-358400,404480,992256,-523264,572416,1025024,2476032,611328,-504832,91136,914432,856064,451584,-207872,801792,1073152,-885760,518144,1266688,312320,-15360,-777216,-576512,1038336,-143360,791552,-157696,-3072,900096,-126976,-1002496,-855040,402432,-247808,1610752,683008,462848,840704,125952,-300032,747520,968704,399360,1073152,-497664,1669120,424960,206848,-219136,510976,-1394688,-276480,-1043456,186368,281600,1131520,-52224,-64512,125952,-1229824,709632,329728,868352,1118208,591872,-142336,-513024,-415744,-502784,543744,-986112,-378880,-366592,-836608,-348160,-983040,974848,1303552,837632,590848,1605632,-1553408,562176,454656,-1303552,-481280,600064,596992,38912,-138240,105472,537600,-249856,-291840,820224,1586176,519168,18432,-709632,276480,996352,-1027072,62464,-843776,-736256,1317888,-55296,73728,-69632,339968,-602112,452608,-153600,611328,-146432,-108544,712704,-21504,395264,939008,-1203200,-486400,-393216,227328,-450560,0,521216,-73728,38912,-186368,-51200,-642048,-110592,-1538048,-676864,143360,-1082368,-197632,271360,-1234944,613376,-176128,-330752,-543744,-154624,-953344,-40960,-763904,965632,-1413120,-757760,1141760,-116736,-79872,-683008,-293888,-36864,-500736,30720,-1114112,-1608704,-749568,-231424,465920,-297984,13312,557056,-1024,576512,-72704,240640,423936,165888,144384,430080,1377280,-165888,401408,-293888,-167936,-206848,-714752,632832,256000,-56320,-1027072,-396288,-709632,-310272,-1497088,-290816,1122304,-318464,414720,-1262592,-430080,-552960,-135168,-513024,1154048,410624,-256000,-732160,-612352,720896,-221184,-233472,212992,-1383424,-609280,-580608,-1006592,-643072,97280,-122880,1679360,-338944,-686080,896000,-647168,129024,-267264,-438272,236544,-159744,308224,200704,-673792,-1239040,75776,-552960,-573440,585728,-566272,192512,628736,-764928
444416,-134144,-1153024,273408,-388096,-680960,-465920,-271360,549888,-234496,34816,94208,-892928,-349184,683008,-354304,285696,65536,407552,314368,-278528,-217088,519168,-649216,-611328,-1181696,-268288,519168,472064,56320,-481280,349184,-1086464,-321536,-1775616,-137216,26624,626688,134144,-381952,-415744,-1720320,761856,-2093056,-766976,542720,-673792,1121280,-52224,-299008,310272,-504832,-248832,-834560,-57344,689152,693248,-1348608,614400,-436224,-54272,-2096128,-716800,-302080,-222208,-808960,-249856,-500736,-902144,555008,328704,-802816,-1356800,525312,-292864,587776,928768,-492544,391168,-906240,181248,-1547264,-1021952,-335872,-453632,-561152,-1257472,-246784,-2067456,-154624,-232448,238592,-148480,-54272,-43008,-254976,-265216,574464,-355328,-199680,814080,-1038336,132096,-222208,251904,39936,-251904,329728,167936,-84992,-1563648,-968704,-46080,-363520,538624,-802816,-80896,-655360,-744448,-1017856,99328,-504832,-667648,-1469440,-318464,-980992,-444416,476160,-1889280,940032,269312,-2430976,-790528,-1065984,670720,-834560,-1104896,-449536,139264,-86016,-322560,24576,-432128,239616,-820224,-490496,-1525760,-800768,-2619392,118784,-743424,-717824,202752,100352,153600,140288,-1378304,-92160,-320512,-993280,-60416,-53248,-1068032,-867328,92160,368640,168960,27648,443392,263168,96256,-440320,655360,198656,593920,-62464,-195584,765952,388096,-500736,-913408,-919552,-1076224,-231424,-92160,-261120,-52224,-1255424,-729088,-1392640,601088,-866304,415744,-731136,-1144832,132096,-770048,-735232,411648,-28672,-237568,-570368,-1132544,336896,532480,838656,174080,-787456,-912384,-81920,-128000,-94208,-235520,-588800,839680,-923648,142336,-1214464,-1241088,197632,-1299456,-353280,-222208,-315392,6144,-611328,49152,-209920,-151552,-315392,-350208,832512,-1571840,-569344,662528,-1402880,429056,463872,-420864,380928,-585728,-145408,97280,-389120,-386048,-30720,-394240,397312,692224,653312,168960,712704,-1207296,505856,-990208,-653312,326656,-979968,-1568768,-571392,-193536,63488,540672,-965632,1432576,-1390592,15360,186368,-457728,12288,430080,-77824,-321536,265216,6144,-275456,-221184,-1056768,-111616,119808,115712,1264640,238592,562176,473088,-941056,-957440,-2441216,-454656,-27648,-1230848,241664,19456,-1874944,-68608,-1029120,-2505728,-409600,1024000,-1751040,697344,-779264,-166912,319488,366592,-1994752,11264,817152,-948224,-228352,-855040,-111616,-270336,-945152,-216064,69632,-188416,207872,14336,-323584
-392192,-182272,-1184768,850944,-191488,343040,282624,109568,-697344,-987136,806912,-265216,-396288,845824,803840,779264,408576,-105472,-633856,146432,-1107968,65536,395264,629760,584704,475136,67584,-365568,703488,178176,504832,-2086912,464896,-932864,57344,-453632,665600,157696,-328704,-931840,193536,470016,946176,-65536,-135168,219136,-204800,-850944,-449536,235520,-1043456,-23552,-741376,1139712,-510976,-18432,-533504,1020928,-1750016,371712,-438272,195584,260096,2048,448512,-1028096,-278528,-35840,-368640,774144,505856,171008,1035264,323584,102400,-239616,-489472,41984,-819200,-63488,-119808,314368,510976,-880640,153600,437248,771072,-1647616,-306176,-425984,618496,41984,83968,-40960,-502784,619520,-454656,-206848,873472,-80896,-130048,915456,-601088,179200,-921600,167936,865280,-756736,-27648,235520,510976,905216,-710656,-1114112,1000448,-686080,-1044480,-1232896,-478208,-579584,863232,-182272,4096,-631808,34816,-1761280,-199680,1307648,1098752,398336,254976,319488,-313344,802816,-301056,115712,-910336,1518592,-385024,466944,-93184,-49152,1119232,-439296,288768,232448,494592,465920,557056,-231424,-1394688,-1456128,64512,-438272,1093632,588800,894976,337920,-148480,-1017856,231424,903168,-1087488,429056,-506880,-750592,-227328,265216,205824,973824,-208896,-992256,302080,125952,-515072,1246208,128000,330752,-88064,-14336,0,513024,0,885760,-819200,292864,610304,-481280,-1137664,607232,-181248,-133120,912384,-106496,-418816,-31744,-429056,-468992,-249856,310272,268288,610304,1092608,395264,-33792,454656,-1366016,563200,-180224,-160768,372736,774144,15360,525312,-967680,-611328,-352256,166912,-674816,289792,-267264,-297984,-749568,-278528,49152,-234496,-1833984,428032,-1137664,790528,1354752,230400,295936,-731136,-666624,-1021952,352256,-151552,-265216,1278976,550912,177152,-406528,-498688,-371712,-889856,41984,-1134592,317440,-78848,56320,-243712,281600,-1714176,326656,412672,-416768,333824,80896,-278528,539648,-182272,-683008,1382400,72704,535552,1034240,-1756160,219136,-921600,-107520,-811008,-138240,-1091584,-414720,290816,-83968,1664000,-1138688,215040,59392,-820224,-538624,902144,-1558528,-466944,1100800,939008,249856,186368,-531456,16384,582656,-889856,-121856,1062912,-574464,290816,248832,542720,222208,76800,-34816,-648192,157696,558080,999424,20480,882688,-46080,710656,-749568,289792,1492992,1052672,-88064,-82944,-534528,202752,-685056
-450560,-574464,-1250304,-99328,-76800,-4096,129024,378880,-301056,586752,-140288,584704,499712,-543744,-146432,608256,-128000,-133120,-1219584,-375808,-38912,1804288,589824,462848,-37888,308224,155648,854016,199680,118784,-333824,336896,188416,355328,233472,-707584,190464,1679360,258048,526336,-321536,558080,-719872,-55296,-289792,90112,963584,364544,122880,-385024,1479680,-510976,-88064,-491520,-458752,865280,325632,-499712,914432,-787456,-408576,629760,284672,-205824,-102400,-194560,-76800,-567296,-263168,963584,-433152,188416,-97280,-1304576,-1498112,654336,103424,293888,-324608,514048,-1072128,419840,-1106944,733184,625664,359424,1521664,-87040,466944,271360,200704,1176576,289792,-833536,386048,643072,55296,1282048,259072,169984,175104,-664576,-1216512,-985088,-1113088,-1011712,243712,332800,-1082368,-421888,-693248,411648,972800,269312,503808,1074176,-22528,14336,791552,240640,-1217536,-376832,1343488,-864256,696320,-865280,992256,-1139712,1142784,-881664,714752,-880640,-761856,1277952,-194560,306176,136192,294912,772096,868352,-602112,813056,110592,1228800,1254400,-243712,-268288,-403456,-756736,-566272,-345088,3072,1242112,345088,422912,-29696,405504,-557056,-956416,-115712,346112,-195584,872448,-164864,-518144,892928,-37888,-367616,-167936,33792,1115136,-221184,-359424,48128,-1413120,-749568,574464,-1018880,289792,333824,223232,-703488,366592,276480,-191488,-293888,294912,-161792,333824,975872,-491520,276480,-1190912,-897024,-876544,542720,381952,-363520,26624,-434176,186368,-1270784,-399360,-509952,972800,-721920,-118784,-267264,-569344,849920,641024,-1011712,-908288,-5120,-29696,-859136,778240,400384,-546816,-231424,267264,624640,-72704,-777216,-111616,-1235968,866304,-1063936,340992,650240,-780288,-1368064,-145408,-515072,217088,-1096704,-25600,646144,-942080,-632832,-548864,-1280000,354304,-354304,-1170432,1093632,-162816,-86016,676864,-543744,-1969152,-93184,391168,260096,851968,379904,-60416,1123328,1402880,-485376,-594944,-339968,1135616,323584,-626688,-313344,-187392,-719872,-404480,-556032,392192,131072,51200,280576,240640,-631808,382976,-456704,1401856,-648192,-1033216,451584,640000,7168,313344,646144,649216,353280,-1296384,337920,427008,813056,1411072,238592,1020928,-201728,122880,-87040,268288,-2198528,1122304,-52224,361472,207872,-57344,262144,-196608,-941056,-925696,-150528,-419840,302080,965632,1136640,-864256,-641024,-445440,-594944,-494592,349184
-785408,-775168,-1487872,-1165312,-922624,-1065984,340992,-206848,235520,-1082368,-133120,-437248,-933888,645120,-1713152,416768,1074176,-799744,257024,69632,-931840,-801792,-1074176,-80896,-1166336,236544,-739328,362496,241664,-1105920,-1156096,-362496,-1725440,-1211392,-839680,-486400,584704,-410624,-491520,-129024,-1270784,-532480,-1052672,-711680,-357376,-128000,-1223680,-838656,-691200,-307200,-1246208,738304,-1166336,-778240,-564224,-585728,-1637376,137216,-1497088,619520,-410624,-634880,125952,112640,348160,441344,-260096,-575488,-470016,-39936,700416,-254976,-329728,745472,-646144,-1200128,-1238016,-652288,-567296,-1691648,-723968,421888,413696,368640,-332800,22528,-752640,228352,-722944,-1843200,-175104,-1094656,-11264,-744448,384000,-660480,359424,-55296,496640,-574464,226304,589824,116736,37888,432128,-917504,-1863680,-452608,-2073600,-1112064,540672,-472064,-276480,366592,-444416,-408576,-701440,-1179648,991232,-325632,-279552,119808,765952,-880640,-941056,-468992,-485376,165888,-503808,-392192,486400,202752,-322560,-937984,98304,-1354752,-347136,-546816,-47104,79872,-365568,283648,-541696,-1573888,189440,-675840,998400,-185344,-1114112,714752,109568,-763904,-291840,-881664,-80896,-1532928,-1087488,-560128,-761856,-444416,-1947648,201728,-532480,-1182720,-261120,-521216,160768,-45056,121856,-108544,-961536,-1064960,-531456,-975872,-809984,-1235968,-367616,-193536,-339968,-818176,-1369088,-229376,-403456,-435200,681984,-59392,-1094656,-473088,242688,-1012736,-190464,590848,-1050624,-1048576,1064960,-1153024,-14336,114688,-914432,482304,22528,-702464,-399360,-4096,-1090560,238592,-431104,-892928,-646144,-1162240,-1745920,-505856,25600,361472,-904192,-1471488,-390144,227328,-1228800,-421888,-90112,-687104,6144,-351232,-293888,-262144,-919552,-1414144,-820224,-1837056,-1068032,-993280,-1260544,-518144,-1547264,-1359872,-1284096,123904,-382976,-90112,781312,-1368064,15360,-549888,314368,-1805312,-1077248,-124928,-21504,129024,-346112,33792,-970752,-755712,-988160,-827392,-1129472,-896000,-384000,-174080,495616,608256,-253952,-908288,-832512,-2595840,-631808,-661504,-693248,53248,-1005568,-1224704,-1027072,-87040,-933888,-569344,-413696,-1262592,1026048,-1436672,269312,-990208,-1054720,-1268736,-1162240,-196608,-458752,-1473536,431104,943104,-683008,710656,31744,-963584,-1051648,-101376,-514048,-1136640,-567296,-911360,-786432,586752,-1761280,-2605056,-984064,-771072,-1090560,-72704,-855040,-584704,-302080,-1367040,-811008,-313344,541696,-868352,-482304,257024,653312,-569344
-218112,-1056768,559104,-600064,-29696,-840704,991232,600064,-1177600,434176,907264,738304,166912,-914432,202752,-1136640,218112,211968,34816,460800,990208,694272,1214464,-259072,378880,17408,-194560,-797696,549888,365568,-217088,1236992,-193536,151552,-559104,-594944,-366592,173056,-10240,-606208,1337344,-17408,515072,224256,-1136640,-535552,-267264,-627712,-339968,-430080,-946176,1478656,-441344,229376,-356352,-557056,-118784,-266240,-274432,-799744,955392,117760,-14336,523264,712704,459776,1196032,20480,-443392,731136,-267264,714752,225280,-111616,-243712,-88064,519168,-514048,166912,392192,654336,-882688,202752,286720,-165888,96256,-870400,31744,273408,720896,-556032,-830464,13312,-1671168,-2309120,273408,-220160,418816,1382400,-921600,125952,-152576,300032,108544,1040384,827392,913408,545792,1195008,443392,-65536,-438272,-163840,-45056,-349184,-820224,1295360,-391168,-491520,-399360,-51200,640000,-533504,-486400,-412672,1273856,-324608,15360,348160,-86016,-301056,-1226752,-39936,188416,301056,-79872,317440,-504832,-592896,-251904,-969728,-130048,913408,-98304,54272,957440,-181248,693248,632832,-543744,86016,-365568,-386048,-372736,372736,8192,304128,402432,-3072,153600,259072,-117760,-1073152,-166912,-207872,628736,-1146880,573440,-1095680,205824,-420864,661504,419840,433152,-574464,846848,194560,507904,34816,1570816,-178176,-234496,136192,-704512,-359424,-136192,944128,-524288,128000,-425984,-874496,-253952,994304,1014784,38912,-362496,-98304,1292288,224256,1752064,-304128,282624,322560,-388096,-2173952,-325632,-526336,-190464,697344,-161792,-859136,-727040,-665600,-178176,16384,843776,-483328,-329728,516096,330752,-457728,-153600,-694272,761856,-627712,209920,576512,-480256,512000,211968,-986112,206848,-1244160,-1179648,31744,-86016,-192512,342016,-646144,-778240,191488,-543744,-222208,-57344,124928,819200,1165312,-333824,31744,-1509376,-574464,100352,-550912,-563200,-658432,-159744,306176,350208,137216,-1276928,-80896,-799744,-676864,823296,-25600,-1230848,238592,1227776,-389120,-64512,-743424,-781312,318464,259072,594944,310272,407552,693248,317440,265216,-546816,969728,-973824,-118784,486400,-449536,24576,-76800,-702464,-171008,386048,-576512,-823296,789504,-312320,705536,163840,174080,245760,-665600,-838656,71680,419840,-1041408,278528,500736,-157696,494592,-1002496,-60416,-194560,-568320,237568,1453056,118784,-552960,244736,88064,-1594368,135168
-284672,-129024,-1070080,-476160,-1328128,-435200,1190912,-249856,1683456,-2341888,381952,-738304,118784,-2353152,-992256,-459776,-252928,129024,-67584,501760,-1949696,41984,308224,-912384,706560,-1830912,156672,303104,635904,-626688,-859136,-38912,-310272,-1349632,-1832960,-72704,-123904,535552,-105472,-362496,-1102848,-14336,-1527808,-141312,51200,342016,719872,455680,199680,-1128448,-175104,-367616,276480,-877568,-64512,-863232,-250880,228352,320512,-1184768,-1502208,-788480,-1817600,-74752,445440,-396288,52224,183296,915456,-742400,590848,-739328,-732160,-1287168,534528,52224,-465920,-87040,-317440,-28672,578560,-698368,306176,182272,760832,-262144,-84992,-326656,-1605632,-699392,0,-83968,-841728,226304,381952,-404480,420864,-435200,-375808,-403456,-160768,-391168,-814080,205824,476160,-642048,-1152000,-497664,-493568,-1822720,310272,-700416,-864256,463872,-1977344,-906240,-916480,219136,-662528,-589824,-649216,-1249280,559104,7168,-977920,-585728,-733184,-1091584,-1487872,-287744,-1268736,-1246208,1020928,948224,-87040,-424960,-405504,-180224,-1325056,-620544,1277952,-965632,-369664,284672,-848896,-961536,-473088,-1123328,-235520,-248832,-190464,826368,565248,-8192,-691200,-792576,-1067008,-278528,-796672,101376,-282624,-628736,38912,-356352,-128000,-24576,-269312,239616,-1438720,-1371136,27648,-1015808,-912384,-606208,-570368,-273408,-955392,-340992,-774144,-1778688,-196608,-1909760,198656,-215040,-736256,-46080,165888,-911360,-434176,-449536,-571392,-1352704,343040,-317440,-325632,162816,-844800,-1268736,-130048,-2182144,-1509376,-925696,-584704,-66560,595968,-321536,-772096,-1172480,-381952,-560128,-1817600,-396288,-559104,1035264,240640,-782336,-1132544,1545216,-1255424,-1477632,-975872,-609280,-1588224,599040,-128000,-1196032,-1086464,-721920,-142336,-95232,-926720,-789504,461824,-466944,-34816,-243712,316416,-180224,-2711552,-500736,-365568,-1739776,-456704,-321536,-1276928,-600064,-943104,-1420288,-589824,-1171456,-1161216,-816128,-739328,-570368,182272,22528,-1146880,-1725440,-745472,-49152,-329728,-740352,-366592,-1619968,-304128,83968,-1452032,476160,-1116160,458752,-209920,118784,555008,-67584,358400,-29696,-457728,-1597440,501760,453632,-1024,-567296,-472064,-1328128,-750592,-291840,-1978368,-75776,-267264,-12288,77824,268288,-194560,-1438720,-975872,-1492992,71680,-475136,-1075200,-390144,-1845248,134144,-70656,-378880,-1533952,-122880,-68608,-260096,-509952,-552960,-1236992,30720,-403456,17408,-50176,-357376,-345088,-1438720,-901120,1027072
656384,-509952,-984064,-683008,-497664,-15360,-731136,-43008,-862208,-2116608,-899072,-299008,-323584,296960,806912,-585728,-887808,-603136,-1051648,-1909760,-122880,4096,221184,138240,-131072,-816128,-576512,-741376,98304,-98304,-1095680,-277504,409600,-611328,-388096,-183296,-1297408,-1248256,-686080,352256,-657408,-1059840,345088,-877568,15360,-757760,-261120,-791552,-1426432,-685056,-452608,-1040384,-294912,-110592,-1190912,-1385472,815104,-1046528,-979968,-356352,-1167360,630784,-188416,-857088,-1064960,-24576,-355328,61440,-1271808,-373760,-490496,-1942528,-561152,-314368,-268288,-729088,-1113088,-2663424,-57344,-311296,-1442816,-448512,536576,198656,-197632,393216,-807936,247808,336896,-632832,-324608,-1579008,-770048,-621568,-655360,-1472512,-1268736,-79872,133120,-910336,-791552,-1259520,-108544,-327680,-1053696,-1400832,-90112,-878592,872448,-1859584,-61440,-776192,796672,-2052096,151552,159744,-701440,483328,-1686528,-506880,-10240,-351232,1016832,405504,-1829888,-1775616,-614400,-929792,-1468416,-1118208,-73728,-877568,-1130496,-865280,-892928,760832,654336,-445440,97280,-553984,-656384,-606208,-196608,-854016,-778240,-684032,480256,443392,-439296,-2034688,-849920,-830464,-528384,-1497088,-1341440,-218112,32768,212992,-1181696,-1003520,1332224,-851968,-145408,-1377280,-221184,-1234944,338944,-553984,-507904,-182272,-242688,599040,226304,619520,-578560,-1298432,-1041408,24576,-1935360,-587776,-345088,-1003520,374784,-559104,-414720,-1304576,-1102848,-364544,365568,-653312,837632,-1774592,25600,-602112,-346112,-1164288,-1831936,-1721344,-117760,254976,-644096,493568,-160768,-1254400,316416,-1683456,-953344,-471040,-3072,-1226752,-485376,-136192,704512,-228352,-1411072,-906240,-587776,-260096,25600,-1346560,-461824,-237568,-1980416,-1130496,-357376,-847872,-360448,-1474560,-941056,253952,-1149952,145408,-696320,-796672,-1284096,-1508352,-1352704,237568,-572416,750592,-404480,-327680,-879616,-1149952,-841728,-1206272,194560,-58368,65536,-528384,-340992,-223232,674816,-1648640,-1146880,-841728,-1165312,30720,-951296,-328704,-1028096,-695296,-862208,-557056,-1605632,-193536,-944128,-27648,-435200,-209920,-273408,709632,-1892352,-934912,-817152,-703488,79872,-881664,-1386496,-1050624,-2720768,-546816,-879616,-788480,-366592,-32768,-1011712,-182272,-59392,-815104,-694272,-1413120,-406528,118784,-208896,343040,-596992,-430080,-1963008,-1386496,-1160192,-648192,30720,-289792,-878592,-632832,331776,-2392064,-910336,-593920,-1181696,-1496064,-269312,-1771520,9216,-273408,-932864,29696,-742400,-885760
1187840,-1027072,-844800,-1230848,-635904,-793600,664576,185344,192512,-113664,-1456128,556032,441344,-896000,-1070080,714752,-412672,-1735680,505856,-997376,500736,-987136,-65536,400384,-1480704,-1062912,-209920,-841728,422912,-601088,-587776,386048,163840,139264,-640000,59392,-74752,336896,104448,478208,125952,-284672,-451584,246784,-448512,-1247232,990208,-720896,-653312,62464,234496,72704,-65536,1173504,-372736,-270336,829440,1529856,561152,578560,-858112,-105472,889856,-265216,-262144,193536,777216,528384,-175104,-495616,-791552,-972800,-481280,-1282048,370688,495616,440320,24576,267264,-603136,316416,582656,128000,66560,-112640,1312768,-258048,906240,77824,-80896,-619520,-412672,-1478656,414720,-195584,35840,-299008,638976,309248,-777216,-421888,-1116160,455680,-765952,81920,-703488,-1048576,749568,1411072,-716800,-1527808,-47104,-11264,-225280,-1102848,-275456,633856,-1136640,828416,47104,565248,268288,604160,49152,-637952,-387072,501760,-1099776,-737280,-1087488,-48128,-280576,756736,277504,549888,-126976,134144,-484352,-1200128,-1390592,-236544,506880,-12288,147456,50176,-911360,445440,-503808,-512000,467968,411648,-121856,-897024,-1292288,-15360,-1321984,-151552,-208896,-1002496,-657408,197632,694272,103424,471040,1140736,-878592,180224,-281600,1222656,304128,-1181696,-1170432,-1140736,-1824768,-144384,496640,-557056,-307200,-534528,-681984,-171008,983040,-1541120,398336,796672,-138240,-259072,-704512,716800,-376832,952320,-462848,-1007616,-273408,764928,-636928,-392192,273408,-555008,-367616,-595968,95232,-1113088,315392,-115712,-780288,-376832,328704,-226304,104448,770048,-975872,134144,-1410048,248832,-779264,948224,-15360,483328,-169984,-1381376,-605184,-800768,-555008,228352,-361472,-847872,-1182720,547840,-1180672,-796672,-500736,-624640,-1534976,-330752,-273408,-90112,-953344,-574464,-390144,-1230848,319488,690176,468992,67584,-876544,793600,217088,-566272,-1371136,152576,-985088,-237568,-1180672,-747520,-791552,-1351680,-153600,-724992,-77824,-1385472,-200704,677888,-806912,526336,-78848,769024,-2189312,-631808,-1139712,-120832,-326656,727040,622592,-536576,-82944,-1043456,-240640,-284672,-1549312,37888,-674816,118784,-408576,-464896,-104448,-769024,-1497088,-525312,-588800,-71680,-221184,-362496,-41984,398336,263168,210944,15360,-199680,38912,-84992,-242688,107520,-776192,-731136,-428032,-241664,-757760,230400,427008,-445440,206848,-394240,167936,-250880,738304,-1940480,-63488,265216,-886784
-904192,-551936,-2007040,604160,-757760,-138240,344064,593920,-338944,-963584,-577536,-1165312,223232,-139264,-972800,-123904,72704,-451584,-614400,-461824,433152,-460800,-1808384,137216,-863232,-1130496,-130048,-771072,570368,-336896,-1385472,6144,-537600,88064,-822272,-395264,327680,-638976,-488448,-472064,-34816,204800,-745472,-462848,786432,674816,-261120,78848,-1258496,-236544,18432,-447488,-1157120,-420864,-645120,-844800,-190464,759808,-2114560,156672,-50176,1110016,-444416,-1120256,-769024,-29696,-920576,-32768,572416,159744,-556032,-356352,-248832,-19456,-139264,-809984,50176,-2082816,-1171456,532480,-1225728,37888,181248,-113664,-536576,-1459200,-760832,-1719296,155648,655360,193536,-192512,600064,-1297408,-179200,902144,-1229824,-538624,-497664,-605184,-1097728,169984,-613376,-274432,189440,-532480,69632,-146432,-1050624,-1009664,-1564672,140288,-787456,-819200,-70656,-17408,-1012736,-712704,-909312,-140288,1388544,-662528,-344064,59392,-927744,-1171456,70656,-770048,-812032,517120,-66560,-1081344,-1786880,-247808,-631808,-1189888,-692224,-333824,-1157120,-677888,799744,-514048,129024,-44032,-756736,483328,-772096,-1008640,-1249280,-922624,-406528,1241088,-1425408,324608,27648,897024,-1098752,-9216,-211968,-1550336,27648,553984,-763904,697344,-1225728,34816,425984,-420864,-428032,-744448,-40960,-308224,307200,-197632,118784,-1128448,-176128,-303104,-289792,421888,585728,-814080,-1030144,-276480,-988160,216064,-250880,57344,-1941504,-297984,-286720,319488,359424,-137216,-290816,43008,-214016,-1746944,-923648,461824,-655360,-1226752,-1154048,26624,-582656,-80896,-1414144,321536,-1204224,-1096704,-1401856,185344,-79872,-1294336,-1061888,437248,43008,-1508352,-1285120,-1376256,-606208,1188864,-741376,-16384,-481280,-1145856,-727040,-1164288,887808,-324608,527360,924672,-757760,174080,-445440,-246784,-975872,-977920,331776,251904,107520,-873472,-967680,-962560,-868352,-872448,-144384,-925696,23552,-303104,594944,-1953792,-983040,-589824,-1437696,-996352,-982016,-783360,-136192,-582656,-321536,-752640,103424,-89088,-1004544,-1750016,-222208,-9216,581632,-499712,-854016,-228352,-574464,-452608,-1161216,-159744,-497664,900096,696320,36864,-162816,-638976,-1318912,-858112,313344,-448512,-436224,-480256,670720,-700416,-1430528,798720,-988160,-586752,-969728,71680,72704,-475136,-123904,-287744,-446464,-1915904,-2003968,-1494016,-376832,-455680,1105920,1080320,-2161664,1405952,-444416,-1346560,-1021952,-939008,-438272,348160,-1198080,-669696,-329728,-949248
-344064,836608,31744,945152,137216,301056,-377856,-80896,-1071104,105472,257024,1063936,-75776,-296960,-827392,-215040,-418816,-572416,-1173504,2242560,310272,348160,673792,614400,397312,293888,-96256,287744,-579584,-61440,873472,-169984,186368,-819200,-266240,-1782784,-552960,-899072,735232,-1336320,-816128,202752,571392,877568,1178624,-83968,-1103872,-490496,340992,-1127424,826368,771072,532480,-758784,-22528,-252928,99328,287744,-7168,1015808,488448,205824,-460800,-305152,-384000,-773120,-440320,180224,951296,860160,-661504,1153024,569344,-374784,941056,96256,-423936,-109568,-1126400,36864,1281024,177152,926720,1548288,720896,-541696,346112,372736,1049600,-284672,-1626112,-111616,835584,-1112064,301056,-35840,416768,772096,1029120,114688,-450560,765952,-577536,3072,636928,-218112,-979968,406528,584704,-350208,36864,224256,323584,-721920,-155648,655360,-329728,715776,168960,1533952,-322560,754688,-163840,185344,-201728,1031168,552960,-303104,-521216,715776,-56320,-973824,-232448,-181248,743424,411648,481280,-249856,779264,-1348608,-1142784,-211968,748544,-197632,1107968,-537600,-110592,-253952,-441344,-266240,118784,-38912,740352,-329728,861184,14336,-417792,1423360,438272,-976896,-337920,323584,493568,-29696,-148480,-918528,-561152,285696,-259072,404480,261120,-650240,1223680,332800,244736,156672,513024,-203776,-1126400,-371712,764928,-238592,145408,-644096,518144,-533504,376832,-309248,-291840,-254976,263168,776192,164864,205824,-369664,-761856,318464,-467968,1010688,875520,-339968,-637952,1530880,-894976,-94208,-863232,644096,320512,-132096,-504832,837632,-798720,-1123328,76800,112640,531456,-87040,209920,-740352,49152,578560,-963584,572416,-681984,-205824,608256,504832,128000,831488,-27648,-512000,861184,-437248,397312,114688,-799744,1165312,468992,-73728,-91136,607232,-273408,-198656,-497664,-88064,943104,-546816,87040,168960,-39936,-1154048,-71680,26624,693248,580608,190464,66560,-443392,-93184,752640,-787456,362496,-443392,161792,-250880,-871424,695296,503808,-316416,0,-384000,-233472,343040,-64512,768000,790528,1307648,-596992,468992,1119232,485376,-99328,927744,359424,-1116160,28672,-38912,-427008,160768,-176128,-262144,-750592,561152,621568,239616,537600,-30720,316416,-673792,-1298432,623616,8192,-368640,672768,-217088,999424,-9216,1095680,-369664,-620544,668672,-332800,380928,333824,621568,56320,1005568,-442368,189440,631808
-54272,292864,-586752,-1355776,-1344512,663552,382976,621568,-893952,-975872,-264192,-1200128,-1094656,-1089536,-22528,-744448,-1133568,-1558528,-590848,-786432,194560,-987136,-1565696,552960,-730112,723968,-566272,-661504,-243712,-465920,-1158144,-120832,-1265664,-849920,533504,103424,714752,-424960,-1053696,-1390592,-718848,-1689600,-917504,1130496,15360,-235520,370688,-827392,-553984,-1125376,-1332224,-154624,-80896,44032,702464,437248,-463872,608256,-1127424,-1505280,435200,-1242112,931840,174080,-56320,-948224,-677888,-14336,48128,-278528,-1091584,499712,-963584,-46080,514048,446464,21504,-1118208,-969728,-369664,-132096,-322560,-366592,406528,1017856,721920,-395264,503808,-428032,39936,-384000,-1844224,399360,-48128,26624,446464,-473088,-698368,396288,17408,-335872,55296,-558080,192512,-177152,-1134592,-888832,-728064,-1516544,-218112,-811008,-159744,-61440,-943104,-478208,432128,-1304576,-666624,-1121280,-218112,-106496,622592,-396288,-796672,-769024,-1700864,-703488,-897024,229376,-218112,-599040,-476160,1015808,-232448,-1440768,-267264,-484352,-924672,145408,-553984,-287744,-327680,46080,-1207296,-833536,-1513472,-236544,-1133568,342016,-90112,326656,-756736,-316416,-278528,-713728,-918528,-313344,-1250304,-293888,470016,-789504,150528,-1015808,-267264,-841728,-291840,252928,-48128,-1232896,-893952,-1186816,-1378304,-506880,-663552,-284672,-119808,390144,-159744,-1316864,-1175552,-805888,-1256448,289792,-573440,-109568,46080,-212992,-207872,-4096,-1043456,183296,-1355776,-630784,-771072,-263168,-204800,-1460224,-32768,-1107968,-957440,-356352,-674816,-182272,-1154048,-1334272,-528384,-1364992,-772096,-380928,93184,-225280,-1256448,-571392,1197056,-266240,-367616,-782336,-1250304,-395264,-711680,-16384,-289792,-259072,-1534976,-581632,-277504,-2333696,-1683456,-1216512,100352,-381952,-271360,247808,203776,709632,-433152,32768,-859136,733184,-463872,-746496,194560,-12288,-1017856,-504832,-770048,-669696,-857088,-264192,-795648,-952320,242688,-695296,-158720,-502784,-595968,-759808,622592,-618496,105472,-742400,-91136,-471040,-573440,-647168,-1129472,-1802240,691200,382976,-857088,-1608704,-452608,-749568,-613376,-1652736,-1000448,-320512,-1613824,210944,-732160,192512,-445440,-873472,-369664,-813056,-1046528,-580608,-321536,-246784,604160,-9216,-1004544,-407552,261120,-1748992,-318464,-24576,325632,-885760,-828416,-1158144,-800768,-781312,-278528,976896,-713728,502784,348160,-482304,-500736,-619520,-76800,-394240,232448,-777216,583680,-722944,-685056,663552,-137216
-1116160,-1917952,271360,-160768,-362496,-823296,-55296,-1191936,-315392,-2123776,-830464,-92160,-1422336,706560,290816,-1389568,-1619968,-1409024,-765952,-760832,-1371136,-849920,-439296,274432,-873472,-1137664,303104,-1581056,-407552,-190464,-1599488,-54272,-1085440,152576,-941056,-363520,-1019904,-23552,-1323008,-115712,-1395712,36864,282624,-709632,36864,-311296,-1233920,-1717248,-530432,-1487872,-107520,-457728,38912,-1250304,-392192,-757760,-1790976,-1115136,139264,-239616,-91136,-670720,111616,-792576,-268288,-526336,-705536,-181248,-1118208,-553984,-392192,-254976,-157696,-1341440,-1670144,-491520,232448,-995328,-516096,888832,-1069056,504832,-623616,-775168,-81920,-2144256,-464896,90112,250880,1457152,-285696,726016,-622592,-1831936,-723968,-1035264,-945152,-2263040,-106496,-1334272,-404480,-1078272,55296,-655360,-662528,-235520,-349184,-991232,-1431552,-698368,-217088,-1229824,-931840,-433152,-637952,-1236992,558080,19456,-478208,-420864,-1258496,-932864,169984,-2320384,-1217536,104448,-9216,563200,-1242112,-1177600,-268288,-1260544,-1644544,-731136,-771072,-221184,1295360,-965632,-1436672,-251904,-1495040,-1768448,-456704,362496,-1110016,495616,235520,-627712,-549888,-839680,-1214464,-80896,-1116160,-588800,-1024,-528384,-661504,-1576960,-1009664,429056,-1034240,-349184,-777216,-1573888,-749568,-67584,-454656,-696320,22528,-1802240,-611328,33792,-121856,-95232,-1204224,-1367040,-126976,-928768,178176,637952,-997376,-530432,-1096704,803840,-225280,-299008,-889856,148480,-513024,-656384,265216,-538624,-801792,-1875968,-405504,-1913856,-104448,58368,-776192,-751616,-746496,-940032,-94208,-1179648,-1468416,104448,-550912,245760,-382976,907264,-1446912,219136,209920,-462848,-1434624,-1050624,-1111040,-10240,-980992,-449536,-202752,-104448,-1912832,-477184,-1115136,-49152,-754688,-896000,-1291264,145408,-1391616,-1415168,-564224,-3262464,-686080,-1258496,254976,1005568,-907264,-710656,-815104,-1629184,-500736,-1312768,87040,-385024,473088,-1518592,-1344512,-722944,74752,-236544,-237568,-119808,-982016,-1354752,-772096,-281600,-493568,235520,-1788928,-471040,-1765376,-1191936,136192,-1258496,1278976,991232,-373760,-543744,-829440,-1426432,-1603584,-19456,-778240,-778240,-1553408,-1332224,-30720,-217088,-229376,-556032,-773120,111616,222208,-779264,230400,-347136,-520192,-312320,-493568,-719872,-1253376,-860160,-1784832,-872448,119808,-441344,-430080,-1667072,-1416192,177152,-518144,-749568,-1969152,-2117632,-1061888,-1201152,-1196032,-1713152,-939008,27648,483328,-81920,-245760,414720,-1528832,116736,-1882112,-1112064
1440768,-468992,-461824,450560,-9216,-54272,733184,-1316864,379904,-93184,1042432,753664,157696,-420864,-487424,147456,1270784,379904,1011712,1421312,777216,18432,838656,949248,-252928,-948224,1118208,643072,1126400,-1196032,1016832,812032,-361472,-1320960,193536,713728,753664,385024,-315392,-195584,-796672,223232,-627712,461824,-600064,198656,79872,-301056,-584704,69632,143360,100352,-939008,-1120256,331776,1041408,516096,462848,271360,645120,1081344,536576,-736256,546816,-466944,-1121280,183296,44032,479232,904192,-550912,-862208,666624,520192,5120,-524288,145408,-148480,941056,370688,225280,-874496,654336,460800,881664,223232,363520,-223232,-750592,-489472,-227328,363520,202752,-450560,-223232,1464320,-589824,1254400,416768,-273408,-780288,327680,169984,-2144256,372736,404480,-294912,272384,-702464,485376,673792,-778240,1112064,644096,934912,-438272,785408,366592,751616,132096,662528,261120,-379904,-29696,200704,-225280,-118784,111616,435200,1693696,-572416,-302080,1024,1127424,-178176,602112,-591872,340992,-1181696,528384,348160,421888,-595968,2048,-288768,710656,121856,-1508352,-417792,1050624,-717824,1074176,827392,-1053696,-572416,95232,-815104,-317440,1385472,1351680,1016832,229376,417792,-380928,1088512,391168,162816,1249280,261120,-493568,826368,-616448,141312,107520,391168,384000,140288,-397312,-179200,-248832,-376832,-514048,-1379328,-171008,1361920,-24576,-513024,830464,267264,-290816,-51200,-436224,-1103872,837632,234496,-131072,451584,312320,-664576,-154624,929792,-790528,671744,601088,-281600,-103424,-70656,-1102848,196608,-422912,-1205248,-470016,8192,119808,1984512,-609280,250880,-84992,245760,-586752,700416,905216,-275456,19456,-994304,-446464,93184,-1103872,599040,-634880,21504,-1202176,162816,69632,935936,-413696,-459776,694272,-1504256,121856,315392,733184,-152576,346112,-264192,138240,-570368,914432,-274432,-475136,952320,267264,1004544,-1367040,1627136,537600,-831488,-94208,-169984,-289792,-1610752,339968,1611776,737280,463872,-747520,-36864,-201728,-503808,-867328,1452032,-11264,641024,-536576,271360,349184,1098752,-343040,584704,-330752,-453632,268288,25600,-264192,-166912,-90112,47104,-144384,440320,-449536,-161792,528384,881664,-216064,-159744,-528384,20480,561152,-672768,1659904,-813056,399360,-138240,-1000448,-643072,487424,-977920,-495616,678912,139264,-225280,-268288,734208,169984,832512,-1354752,-15360,-214016,491520,97280
-702464,-2139136,-2214912,444416,-459776,-217088,-703488,-802816,-141312,-403456,-1205248,-32768,-130048,-29696,64512,-148480,-914432,901120,-1717248,-834560,-338944,-1221632,-1481728,-846848,-2069504,-1157120,-1029120,-1312768,-1185792,-1688576,-130048,-1005568,-473088,-1264640,-317440,-764928,-796672,-883712,187392,-2661376,-107520,-494592,-478208,-592896,-868352,-465920,-800768,161792,-1358848,-375808,-1369088,-370688,-1945600,-1129472,-1148928,-101376,-144384,-1390592,-196608,-1314816,-1434624,-401408,-461824,-1680384,-1338368,-501760,-467968,-1717248,69632,-671744,-819200,-738304,-372736,-1360896,-524288,-92160,-1089536,-2069504,-667648,-986112,-354304,377856,-203776,-1067008,-1658880,-2312192,-1186816,-1003520,-1583104,-299008,-193536,-902144,-397312,-1868800,-1775616,-660480,-1570816,-1978368,-843776,507904,-245760,422912,-324608,330752,-1745920,-1032192,-1024000,-1318912,117760,-749568,-1459200,-535552,-903168,34816,-331776,-1812480,-82944,-454656,-114688,-798720,-619520,637952,-83968,-958464,-3276800,-1786880,-203776,-1024000,586752,-888832,405504,-409600,-370688,-494592,-887808,-795648,-1644544,-1164288,-2358272,-1118208,200704,-1747968,-1679360,-1311744,-377856,-1165312,74752,-357376,331776,-550912,-9216,-217088,-1091584,-2564096,-466944,-512000,191488,722944,-1883136,-1870848,-247808,-236544,-75776,-1028096,-823296,-1229824,-345088,-665600,128000,-1764352,-1612800,139264,331776,353280,-1866752,-1380352,-907264,-1225728,-643072,-134144,-974848,-1892352,-628736,-649216,-385024,-1074176,-1767424,-1520640,-1198080,-841728,-132096,-488448,-336896,-345088,-2114560,-604160,-551936,-152576,-1298432,-219136,-702464,83968,-970752,-778240,138240,-887808,-580608,-640000,-1144832,-1186816,-62464,41984,-1970176,-505856,-983040,-875520,-1815552,-623616,-55296,-879616,-467968,518144,27648,-1196032,-646144,-1630208,-1119232,-765952,-766976,-400384,-1127424,-560128,667648,-1011712,-1404928,-1770496,-704512,-939008,-482304,-445440,-1241088,-384000,-152576,-1575936,-1916928,-574464,-932864,-227328,-485376,-297984,-1091584,-417792,-516096,-738304,-824320,406528,-818176,-495616,-404480,-628736,-337920,-1340416,-1699840,-2728960,-2183168,-575488,-30720,258048,-888832,-844800,-932864,-1531904,-1717248,-1093632,-418816,-297984,-622592,-691200,-1217536,-116736,-632832,-838656,54272,-1592320,-1646592,-1199104,-464896,-28672,-768000,-18432,-590848,-417792,-1709056,-854016,131072,-1391616,-961536,-1583104,-337920,-327680,-706560,-1260544,87040,-1209344,-501760,-1058816,-991232,-1245184,421888,-177152,862208,-1556480,-398336,-222208,-1269760,-1513472,-92160,-414720,63488,-315392
-380928,99328,551936,-9216,-338944,467968,-103424,783360,205824,-205824,398336,1640448,-702464,219136,9216,-211968,-944128,4096,-242688,586752,-413696,154624,1636352,-199680,407552,-907264,-235520,43008,585728,587776,733184,-269312,-175104,306176,-838656,1106944,-386048,-487424,586752,-488448,1051648,-352256,-401408,-1048576,506880,345088,83968,-627712,102400,1055744,280576,-162816,1628160,439296,-2113536,-635904,509952,1197056,-1003520,168960,1107968,38912,-510976,-482304,-1235968,155648,1241088,320512,907264,137216,378880,533504,67584,805888,-442368,325632,966656,1143808,-134144,-602112,1485824,-509952,375808,645120,-204800,1191936,841728,-413696,349184,-182272,-743424,1585152,-840704,-835584,-299008,-278528,747520,-683008,-284672,84992,-401408,-1029120,-148480,-706560,-440320,-342016,577536,1442816,709632,667648,317440,-1220608,-672768,-276480,-1429504,414720,263168,181248,922624,370688,-1038336,-254976,65536,-223232,-1027072,865280,727040,775168,-935936,-184320,39936,300032,380928,1101824,-186368,467968,-669696,331776,-410624,-1600512,492544,569344,-1949696,251904,-898048,-713728,-640000,-1036288,65536,-1468416,785408,-229376,-293888,-1504256,99328,282624,15360,-16384,-560128,422912,669696,-396288,329728,282624,-162816,-429056,279552,764928,886784,781312,-393216,-497664,394240,-1428480,345088,-1094656,418816,493568,384000,-152576,81920,-535552,919552,-374784,-499712,-233472,196608,-262144,-667648,-394240,-1391616,-285696,-582656,611328,-574464,-490496,-1173504,-205824,153600,474112,-125952,623616,-2020352,475136,327680,-367616,1158144,631808,396288,-1227776,-704512,307200,-506880,11264,-96256,941056,-923648,-231424,65536,82944,-16384,111616,-883712,-797696,4096,373760,222208,-83968,-739328,-442368,1098752,-878592,218112,-427008,-724992,808960,1047552,-157696,128000,191488,-518144,-1323008,1094656,168960,455680,339968,-287744,-309248,211968,-428032,-913408,659456,21504,478208,-256000,-847872,-179200,414720,-611328,714752,368640,-645120,784384,54272,419840,154624,-1008640,-498688,-527360,-1297408,846848,573440,-465920,106496,-968704,1132544,190464,-160768,-1228800,430080,763904,421888,824320,-283648,-710656,-649216,-909312,-157696,-286720,75776,-381952,0,623616,531456,-448512,1794048,-349184,731136,-972800,33792,-828416,1433600,-198656,513024,-57344,-9216,137216,224256,-253952,1523712,-104448,422912,-238592,248832,608256,-224256,-1692672,-670720,585728,-643072
-277504,882688,-1899520,-1695744,-527360,-1373184,-463872,-329728,-158720,630784,-329728,-1808384,-394240,299008,-134144,-1106944,-254976,401408,-905216,-1255424,41984,174080,-1115136,-83968,-667648,10240,80896,-395264,-118784,46080,-301056,-799744,-1070080,-558080,-1063936,-281600,328704,243712,-284672,-77824,-661504,733184,-403456,-1443840,-354304,363520,428032,-792576,-400384,-553984,-1424384,754688,-900096,348160,124928,-687104,2048,-335872,-1366016,406528,392192,376832,267264,-77824,-358400,594944,-368640,-400384,323584,-1705984,-146432,-850944,-874496,419840,-1569792,-1102848,-1075200,-20480,-704512,-687104,-857088,754688,-33792,119808,177152,445440,-835584,1640448,-687104,-999424,-212992,-942080,-722944,-1114112,-153600,7168,-129024,368640,-68608,-1694720,-1132544,-973824,576512,-330752,-1434624,340992,-1110016,-1134592,-1276928,-81920,-259072,-614400,-1257472,-296960,1367040,-144384,-973824,-386048,-52224,180224,270336,-268288,-1388544,501760,706560,-318464,-843776,-318464,109568,-551936,-693248,372736,-1293312,-827392,-223232,-729088,-107520,370688,39936,-788480,13312,25600,-424960,-1191936,-700416,-2430976,-452608,-612352,-858112,350208,463872,-225280,-1758208,-346112,-1703936,-161792,269312,-1214464,-256000,-1331200,368640,289792,282624,10240,-356352,-1029120,303104,142336,-1937408,-1221632,-17408,-1947648,-703488,-684032,1092608,-240640,-1155072,-1319936,-74752,-3358720,-182272,-363520,559104,-92160,515072,-508928,-199680,331776,655360,-1428480,-972800,-596992,-488448,-897024,-57344,-694272,-620544,-1309696,-1113088,253952,-674816,-62464,92160,-48128,66560,-1065984,-1559552,-279552,-118784,91136,-924672,-320512,764928,-622592,-797696,-32768,-1149952,-772096,-1088512,-1725440,-462848,-1429504,17408,-1413120,233472,353280,-1304576,-1633280,-675840,-1192960,-2017280,-27648,663552,-427008,-761856,-1732608,-430080,-713728,-719872,540672,-337920,115712,-920576,528384,-865280,273408,-1659904,-854016,-523264,138240,175104,-55296,412672,-1520640,140288,-1465344,-967680,-797696,-227328,-47104,-344064,-273408,-716800,-207872,-1239040,-190464,883712,-804864,1041408,-19456,-36864,-1695744,-95232,-760832,-603136,-905216,-1235968,340992,165888,-165888,-978944,-695296,-590848,-677888,-2554880,-61440,631808,70656,1217536,53248,305152,-109568,-632832,-1634304,-839680,-105472,463872,-289792,-553984,-19456,-556032,-192512,972800,111616,-832512,-728064,-860160,56320,-1491968,25600,-1074176,-405504,-1954816,-648192,-1247232,97280,-395264,-77824,-37888,167936
131072,-310272,-1270784,81920,-742400,-589824,-1048576,-571392,-2457600,-2160640,-1099776,-1611776,140288,-1235968,-91136,-1373184,-1008640,-2157568,-2132992,595968,-2683904,905216,-930816,-1303552,-819200,-1130496,-1730560,-400384,-1226752,-944128,-148480,-748544,-406528,-1060864,-841728,-1273856,-1076224,-1051648,-270336,-225280,-808960,345088,733184,-435200,-122880,-496640,-1267712,-61440,-1374208,-1591296,-312320,-1754112,-1297408,-1448960,-465920,-673792,-1716224,-160768,-585728,-937984,150528,-1186816,-1261568,-1689600,-1184768,-1229824,-647168,-527360,-512000,-569344,61440,-530432,-1146880,-1699840,-1925120,-191488,-1000448,-1472512,-1084416,-786432,-332800,-2046976,-306176,-1405952,-749568,-2052096,-1573888,-496640,748544,-896000,141312,-355328,-2338816,-2182144,-822272,-1156096,-1180672,-871424,-629760,-361472,-435200,-102400,-1824768,-931840,-35840,-586752,-1949696,-1593344,-934912,-766976,-1273856,-751616,-1462272,49152,-159744,-975872,-558080,-809984,-163840,-344064,-641024,-1102848,-1891328,-1636352,23552,-653312,-150528,-494592,-118784,-1865728,-607232,-2008064,-1154048,-1049600,-1169408,-320512,-160768,-967680,-591872,-371712,-1953792,-2168832,-1710080,-1441792,-495616,-1445888,-364544,238592,-474112,-1769472,-372736,-1356800,-1039360,-1526784,-181248,-490496,-2260992,-520192,-251904,-1186816,522240,-1454080,-727040,467968,-234496,-1611776,-992256,-1271808,-1136640,-1944576,-863232,-790528,-436224,-591872,-1310720,-955392,-490496,-1788928,-917504,-1145856,-1233920,-1717248,-646144,-1128448,-1255424,-1370112,456704,-814080,-634880,80896,-1136640,-517120,237568,-89088,-976896,-1477632,-874496,-559104,51200,-1507328,-887808,-483328,-1843200,-545792,-815104,-952320,-406528,-1100800,-1658880,151552,-386048,-1491968,-1340416,-1297408,-830464,-538624,-972800,-878592,-286720,-965632,-706560,-337920,-997376,-68608,-1020928,-1204224,-1131520,731136,-972800,-246784,-1210368,-738304,-856064,-944128,-993280,-57344,368640,-1705984,-1652736,-1064960,-947200,-689152,-1537024,-1697792,-1211392,-347136,-937984,-672768,-1040384,-1939456,-1246208,-1490944,-695296,-829440,-253952,-318464,-885760,-352256,-971776,-1658880,-444416,-1658880,-543744,-395264,-667648,-687104,-1052672,-999424,-259072,-309248,-2105344,-661504,-746496,-776192,-769024,-418816,-1354752,-1477632,-229376,-2566144,-2159616,-93184,-1443840,-217088,-1424384,-726016,-1386496,-152576,-441344,-929792,-849920,-1347584,252928,-668672,-1235968,-375808,505856,-417792,-1391616,-1562624,-994304,-1494016,-345088,-1158144,-1685504,-1060864,-1131520,-2048000,-468992,-185344,-925696,456704,-621568,-628736,-111616,-495616,-1248256,-1180672,-1041408,-848896
-983040,-422912,-1503232,-293888,-959488,-913408,-286720,-275456,-894976,-188416,862208,-1084416,-841728,-1488896,515072,-748544,76800,-295936,1231872,580608,290816,-355328,-1310720,-1158144,125952,-1008640,373760,-384000,-1291264,293888,-60416,-250880,-318464,370688,-292864,-334848,14336,118784,-417792,-1444864,-1498112,-656384,-479232,134144,-114688,-35840,-978944,122880,474112,-1072128,-446464,-660480,-574464,225280,-406528,-220160,441344,-585728,-1408000,448512,581632,-1321984,-949248,-346112,-1091584,-150528,-813056,-999424,432128,-636928,-1223680,-1647616,323584,744448,-309248,115712,-596992,-349184,286720,715776,-645120,-532480,-1483776,-1047552,232448,-269312,-625664,-443392,-822272,-243712,-179200,-321536,-118784,-107520,245760,339968,260096,803840,-1443840,-1353728,-226304,939008,-1245184,-191488,22528,-219136,-573440,-320512,-1561600,-510976,-572416,916480,-632832,-168960,-86016,1376256,-875520,165888,-1067008,-1095680,-1061888,-762880,-792576,1100800,-529408,-516096,580608,-387072,269312,297984,-799744,664576,760832,-1154048,264192,-64512,-134144,-2627584,-308224,384000,-4096,37888,-505856,-346112,-877568,-654336,-2552832,-1148928,-859136,-167936,176128,73728,-969728,-336896,-415744,-1157120,-550912,-1069056,-655360,-859136,-692224,-1363968,-732160,-1366016,-195584,-443392,994304,228352,-582656,27648,-1039360,-1327104,-1782784,-185344,-1261568,969728,186368,-1288192,-594944,-793600,-730112,-163840,277504,-128000,-88064,237568,135168,-1056768,-45056,-521216,250880,-737280,-689152,-940032,-507904,-178176,-158720,-1227776,-563200,-627712,-21504,-302080,-797696,273408,-462848,208896,473088,-381952,-297984,-2448384,-818176,-381952,-1680384,99328,-344064,-295936,-1518592,67584,-173056,-307200,-1559552,-51200,-453632,-313344,-448512,66560,-465920,-1133568,-192512,-169984,-476160,-704512,-1855488,-887808,419840,-956416,-565248,-751616,-1017856,-129024,-998400,-761856,-907264,631808,-1079296,-816128,-764928,-2671616,-1197056,-41984,-297984,699392,-8192,-310272,31744,39936,-1701888,-527360,-977920,-1105920,-263168,-1332224,65536,-933888,-236544,-371712,-1408000,-1406976,-109568,-526336,-1436672,427008,-926720,-740352,-1012736,-854016,-2124800,-91136,-371712,-171008,1212416,-515072,-385024,-1114112,-565248,-1544192,-697344,-1024,-234496,-577536,-488448,-1119232,424960,186368,455680,-152576,-244736,-710656,-573440,-421888,-330752,-509952,-624640,314368,-985088,-305152,-716800,565248,-38912,-658432,-245760,-818176,-1028096,-431104,-108544,-580608,668672,-429056,-2341888,-541696
-1640448,-728064,-268288,-1016832,-742400,-435200,-1191936,-1167360,-863232,-2843648,-9216,-868352,-186368,204800,-98304,624640,-351232,-384000,-1341440,523264,-18432,-516096,-160768,-874496,349184,-241664,-238592,-1230848,-1311744,671744,911360,1080320,-666624,271360,-405504,-414720,400384,254976,-2768896,-309248,131072,-410624,-50176,-1079296,-498688,-162816,941056,-260096,64512,-1142784,348160,-96256,-2052096,210944,-866304,-309248,-1336320,-1392640,-1212416,-903168,732160,-571392,1309696,-470016,-411648,-1950720,-937984,197632,-479232,-408576,-245760,-804864,1165312,-122880,318464,403456,-1329152,-1019904,-84992,-342016,955392,-1020928,-432128,-385024,-752640,-1606656,52224,-1781760,-221184,-107520,-330752,290816,-833536,-798720,-372736,-362496,-1308672,-634880,-624640,-1010688,-1894400,198656,-1198080,-1751040,-173056,-961536,-678912,182272,-70656,-4096,-578560,-1669120,-797696,-1966080,-1430528,-217088,-241664,-1101824,-306176,-681984,488448,-401408,-2048,-1305600,568320,-1605632,-785408,-724992,176128,-1205248,-670720,-1685504,-1146880,793600,-914432,377856,107520,-155648,274432,-1661952,-714752,-811008,-1217536,-839680,-570368,239616,-577536,598016,-1982464,-234496,-839680,-1007616,-2857984,-657408,-58368,-226304,188416,-730112,-459776,90112,-463872,-274432,-412672,-784384,-1427456,-1832960,-344064,-1336320,-1135616,-555008,-745472,-377856,-227328,111616,-165888,-353280,-120832,-1193984,-386048,46080,-558080,-648192,108544,-2406400,-1971200,-174080,-713728,-403456,171008,-188416,285696,-400384,-1051648,-1608704,-1159168,-1563648,-53248,311296,-942080,-1077248,806912,-618496,-563200,-451584,-413696,-746496,-589824,-1159168,-311296,-820224,146432,-1340416,-919552,-271360,-921600,-2098176,-448512,52224,-596992,-405504,-429056,-742400,-1034240,-615424,-2165760,-799744,-1150976,-535552,-14336,-874496,-80896,-302080,199680,-772096,-1172480,-1320960,-293888,361472,-1555456,-743424,-735232,-1423360,-623616,-438272,-1516544,-1679360,608256,-1261568,-190464,-139264,-989184,262144,-418816,-1540096,-351232,-421888,259072,562176,-385024,-1325056,-366592,-70656,-2384896,-505856,-781312,-749568,-880640,-1175552,-549888,-354304,-586752,-1336320,-1832960,395264,-1221632,773120,-1291264,-933888,-1292288,-165888,141312,-915456,-1063936,540672,-75776,-30720,79872,-650240,-246784,-1471488,-1616896,-1531904,-59392,-288768,4096,-12288,-35840,803840,-1216512,-1283072,-355328,20480,-415744,-108544,223232,-387072,585728,680960,484352,-72704,-380928,-271360,-60416,-459776,-168960,1175552,401408,-1257472,-1008640,-823296
-571392,549888,281600,159744,-443392,-94208,-1707008,-568320,-151552,-468992,1093632,1211392,100352,627712,206848,-2611200,-36864,-1278976,-355328,-492544,152576,-244736,-1056768,256000,-620544,-973824,-812032,143360,195584,92160,-290816,-986112,-529408,-1009664,-641024,617472,152576,1257472,-482304,-173056,516096,-258048,-176128,520192,1025024,-311296,742400,-994304,801792,-549888,-857088,621568,785408,-2268160,-187392,755712,1221632,-139264,618496,108544,1470464,-734208,-960512,-1831936,-1363968,543744,-242688,400384,80896,-1579008,13312,-490496,-133120,60416,67584,463872,601088,-353280,139264,453632,-838656,-509952,251904,-972800,-377856,-197632,1158144,301056,-642048,-514048,-149504,-997376,373760,1764352,68608,344064,998400,56320,214016,-954368,-696320,1006592,-421888,-182272,-360448,825344,1221632,-450560,-305152,205824,-29696,-143360,-144384,385024,336896,1074176,236544,-453632,112640,-925696,-200704,-606208,274432,304128,648192,-440320,541696,-462848,-861184,-1940480,-983040,-117760,480256,-586752,630784,250880,47104,169984,-859136,440320,720896,-1400832,-87040,-46080,567296,-571392,-534528,-103424,253952,-956416,-400384,173056,-323584,580608,-1019904,-329728,-814080,-392192,-794624,-674816,-789504,-497664,569344,-1641472,-261120,-368640,95232,-931840,-1286144,857088,513024,58368,-1160192,-884736,-955392,-752640,533504,-279552,1715200,289792,-548864,622592,-2123776,-834560,520192,-549888,-66560,-550912,651264,392192,412672,-111616,-1220608,455680,-789504,387072,794624,-1099776,-763904,-947200,-663552,-409600,763904,-724992,98304,636928,56320,-524288,-679936,-439296,-81920,336896,-103424,-813056,-273408,-1255424,-403456,-13312,-193536,-1079296,431104,-2135040,512000,388096,-276480,487424,520192,-274432,-347136,-998400,-2650112,-709632,570368,-327680,1008640,-673792,-719872,157696,-600064,-576512,-257024,168960,220160,930816,-868352,-338944,-33792,-1167360,-1119232,-777216,-491520,401408,547840,856064,-6144,-258048,133120,229376,-76800,-57344,296960,-414720,-1089536,-385024,1075200,610304,-1104896,-203776,-874496,-449536,863232,-447488,1087488,168960,-618496,96256,-887808,-821248,-179200,-915456,-300032,116736,-392192,67584,-960512,183296,495616,-137216,-368640,130048,332800,-844800,-272384,1531904,-812032,-994304,-1101824,-677888,-1582080,340992,-900096,-610304,-8192,27648,292864,195584,-522240,-203776,-352256,-644096,-1004544,-825344,400384,924672,491520,-1159168,1713152,-135168,-1358848,755712
-1008640,-44032,-171008,49152,-770048,-125952,20480,-356352,-1130496,-105472,-1211392,560128,-1297408,295936,-476160,605184,645120,-783360,-1308672,-48128,291840,-1139712,223232,-243712,-475136,-427008,-896000,-493568,1124352,-435200,-1325056,-391168,-1441792,-1096704,-24576,241664,-541696,-1787904,-671744,123904,-728064,-183296,658432,-308224,-1202176,-419840,-621568,632832,-825344,-54272,-1037312,-462848,-349184,-138240,137216,-196608,-651264,-18432,-264192,219136,25600,-930816,-793600,-280576,-67584,58368,134144,-1050624,-2150400,30720,405504,-1531904,-116736,-633856,-999424,-507904,25600,-1310720,-566272,-1122304,-492544,564224,-249856,-1698816,778240,-916480,181248,18432,-729088,226304,-892928,-11264,436224,-120832,-834560,-330752,-1408000,-1762304,-884736,-1034240,-418816,195584,-714752,-881664,-394240,-552960,-289792,-840704,-275456,-1406976,-386048,846848,722944,288768,-411648,-391168,675840,-808960,20480,553984,-823296,-1228800,-1130496,-993280,-864256,109568,-311296,-831488,-25600,-172032,979968,-246784,-460800,-450560,945152,-1231872,-717824,37888,-373760,527360,-775168,304128,-545792,-261120,-1015808,262144,-45056,-704512,604160,-470016,-410624,-1527808,129024,-945152,647168,-520192,616448,-1492992,342016,-56320,-943104,-259072,-1062912,745472,-452608,-630784,-640000,-1171456,114688,-248832,-75776,86016,-343040,131072,256000,497664,60416,-1148928,-1974272,-63488,-2345984,-73728,-137216,-828416,-1699840,-896000,-1666048,-4096,-779264,-683008,-990208,-250880,-404480,484352,-1031168,-338944,-1287168,-1132544,-1313792,-845824,256000,687104,-326656,-1559552,648192,-631808,-923648,-1707008,-1770496,-1038336,541696,590848,-251904,-1218560,-643072,-342016,-499712,-8192,-709632,-280576,-1956864,-52224,-1106944,-742400,-848896,-406528,-300032,-681984,-989184,463872,881664,-533504,-1709056,-1150976,40960,-863232,-1645568,-245760,821248,-342016,318464,-190464,-313344,-773120,-1159168,217088,-905216,-369664,-1624064,593920,300032,-1356800,-574464,-1268736,-898048,110592,-896000,-404480,721920,-477184,1543168,-828416,-385024,664576,-63488,-1292288,-892928,-721920,-593920,-1137664,607232,812032,-1550336,-1352704,-174080,-553984,86016,-1047552,-747520,-380928,-396288,-1527808,-964608,-869376,-1346560,-694272,-1111040,696320,-177152,-446464,-167936,-286720,-2301952,-447488,-989184,-200704,795648,-103424,24576,-457728,-1797120,-247808,224256,-448512,-663552,-13312,-113664,73728,-621568,65536,-683008,-227328,-951296,-730112,443392,-1049600,532480,-625664,1128448,-565248
-1392640,-314368,-201728,-601088,-692224,84992,-779264,475136,-275456,-1537024,-844800,-116736,-108544,-106496,-1201152,-701440,-1739776,-593920,-499712,-1305600,-562176,-496640,-1416192,-228352,-352256,-140288,-1858560,71680,-1049600,731136,-1650688,-394240,-419840,-914432,-629760,-957440,-1067008,-728064,107520,-280576,-652288,-541696,-875520,-838656,146432,-3055616,-999424,274432,-775168,396288,-1524736,-916480,-735232,-1806336,-417792,-112640,500736,165888,-264192,-266240,-1435648,-1096704,59392,-1370112,-1392640,-923648,-749568,264192,-346112,-1433600,-1675264,-437248,-781312,342016,94208,-1339392,-1415168,939008,-362496,-808960,-1275904,-432128,-529408,-2275328,281600,-327680,-462848,-209920,83968,-1942528,-729088,318464,-1305600,-149504,-1205248,-297984,414720,2048,79872,-701440,-976896,-866304,-1046528,-558080,-311296,531456,-1645568,529408,-1523712,-552960,-1554432,-2322432,-775168,-691200,-668672,-673792,-329728,-162816,-1057792,-2123776,-1186816,-666624,-634880,-320512,-708608,437248,185344,-1013760,355328,151552,-1614848,-1972224,-519168,-658432,-348160,-27648,-1742848,-808960,-777216,-503808,-819200,691200,-1516544,-126976,-271360,302080,781312,-1054720,-287744,-730112,-541696,1461248,-558080,-1608704,-125952,-1258496,-1224704,-536576,-907264,-658432,-1406976,-1441792,-1001472,-1551360,-372736,-379904,-1411072,-1113088,-558080,528384,-917504,-404480,-999424,-1075200,877568,-129024,-2012160,92160,46080,-1024000,-652288,-2658304,-1776640,-569344,-580608,-477184,-1481728,-1189888,-455680,-1128448,-218112,-1409024,-348160,-2231296,-1730560,284672,-1159168,518144,-863232,-797696,-357376,-347136,-1216512,-1087488,-1567744,-1160192,-527360,-280576,-652288,-2077696,27648,-1083392,-1768448,-308224,-999424,-786432,-797696,-183296,-1682432,-792576,-1157120,-1464320,-114688,-752640,-431104,-147456,270336,-1149952,-1382400,-1044480,-686080,-1670144,-863232,-378880,-915456,-634880,-190464,-1277952,-852992,-2070528,-461824,-2027520,-591872,-16384,-7168,-68608,-814080,-1477632,-1391616,-996352,325632,-37888,-337920,-280576,-1230848,-1206272,-1212416,-1107968,-1096704,-261120,-1994752,-1131520,-663552,264192,-1551360,-842752,-1608704,-875520,-598016,-2872320,-415744,-1049600,-947200,-512000,251904,-614400,-1352704,-970752,-919552,-748544,711680,-1210368,-1810432,-806912,-891904,-1257472,-1630208,-2038784,-886784,-965632,-369664,-849920,-580608,-492544,-1930240,-1469440,-828416,-1477632,-1370112,-461824,-784384,-829440,939008,-535552,-1254400,-571392,-645120,-1865728,-904192,-514048,-2038784,-1805312,-980992,-838656,-517120,-1204224,-1150976,-2728960,-1543168,148480
574464,-700416,-2342912,-995328,70656,-713728,611328,-301056,-513024,740352,-1344512,-708608,-194560,-173056,-84992,139264,-325632,1288192,-1022976,-1051648,983040,-1247232,-1137664,-396288,-526336,-1057792,-600064,-76800,76800,-266240,-791552,-1883136,-438272,-136192,-928768,-135168,-239616,-1572864,-606208,1117184,-849920,-1093632,123904,-436224,499712,-928768,-795648,-628736,-121856,-1409024,-333824,-1199104,-460800,243712,-693248,81920,-728064,-753664,-1308672,62464,-1588224,-487424,-785408,-823296,877568,-254976,848896,-706560,-172032,-2631680,344064,-907264,-1216512,284672,-832512,-147456,-2259968,-99328,1024,-1016832,-839680,-1296384,237568,230400,293888,59392,-902144,-427008,-1005568,0,-1009664,320512,-843776,-135168,31744,119808,-1088512,-954368,-2973696,-1606656,-946176,-743424,1003520,349184,752640,-742400,-153600,-1200128,-1184768,-588800,-288768,-786432,-71680,-663552,-1011712,-1004544,-614400,-1643520,30720,-813056,1079296,-985088,323584,-868352,491520,-106496,-943104,-476160,716800,-292864,115712,592896,-1369088,-421888,-158720,-202752,-1090560,-850944,-684032,-519168,1179648,180224,-3072,-171008,-433152,-1122304,-400384,-674816,-845824,-650240,-589824,261120,47104,-477184,-1618944,-185344,404480,-1805312,-471040,-378880,-677888,-423936,337920,-45056,-1589248,-1032192,-176128,435200,8192,-821248,-1939456,-425984,-866304,71680,222208,-1057792,-409600,-276480,-1399808,529408,-1708032,688128,-1460224,27648,-819200,-594944,-1273856,-187392,-670720,-646144,-334848,-763904,143360,-700416,-95232,-1062912,-939008,-619520,-150528,-468992,-893952,-51200,-391168,901120,-958464,-325632,-234496,-659456,-1467392,564224,-371712,-787456,-579584,210944,-1577984,-656384,-1611776,-1476608,327680,-1073152,500736,26624,-1459200,-609280,-166912,39936,757760,-1405952,280576,-400384,128000,-720896,-504832,-291840,-1001472,-555008,-355328,-762880,178176,-532480,-287744,1211392,-1338368,-971776,427008,-926720,-828416,-1034240,-743424,-610304,-246784,-1531904,-1202176,772096,134144,-803840,-645120,-330752,-313344,-734208,-603136,-78848,-722944,261120,-726016,-37888,-963584,218112,-342016,-785408,-1259520,-1997824,-1010688,-1755136,283648,-270336,41984,-74752,261120,1186816,212992,158720,429056,648192,-855040,119808,-482304,-1186816,158720,191488,-418816,-768000,-1179648,-607232,-533504,-756736,182272,566272,-782336,-146432,-794624,-851968,283648,38912,-334848,-369664,-152576,368640,171008,-402432,-862208,-389120,-1140736,-1675264,691200,-335872,-1315840,836608,224256,-859136
47104,-694272,-369664,270336,-55296,-69632,-1410048,-10240,194560,-1327104,-564224,-395264,-1174528,-295936,-1062912,-1751040,-512000,-1566720,-414720,-1016832,-527360,-783360,-618496,-97280,-1371136,-460800,-1144832,-830464,382976,-1346560,-163840,-388096,-1203200,-825344,-495616,-594944,-649216,-3344384,-953344,-784384,-149504,826368,391168,-60416,-652288,-874496,-1598464,-811008,-486400,54272,-312320,-876544,-24576,-743424,-1089536,-1379328,-497664,-250880,-1213440,-714752,-5120,284672,-126976,-935936,-1471488,-133120,-269312,-843776,-872448,-1203200,-141312,-1233920,359424,-1462272,-121856,-958464,-339968,-954368,-503808,165888,282624,-1298432,-498688,273408,-1285120,-506880,-9216,-654336,337920,-726016,-739328,-53248,-1476608,-671744,-652288,-770048,-731136,-607232,-1176576,-109568,-1015808,-1359872,635904,-45056,431104,-1592320,-1316864,-47104,957440,-62464,302080,-1040384,-960512,-2352128,-1769472,-438272,392192,-818176,83968,-759808,-1391616,157696,-775168,-601088,-733184,178176,78848,221184,438272,-257024,-1387520,-581632,-2009088,-353280,-1067008,419840,-1569792,-44032,-965632,-412672,-637952,-844800,-840704,-1047552,-1694720,-1182720,-412672,-1145856,-589824,-323584,-1284096,-1746944,-509952,-584704,-1128448,-135168,-1633280,-655360,-1204224,601088,-1148928,749568,-1199104,-679936,199680,-826368,457728,-398336,149504,-1665024,-1346560,382976,-323584,-236544,-106496,-714752,-1027072,-1302528,-714752,-122880,-531456,-1264640,-41984,-1418240,-256000,-1727488,-1141760,-720896,-819200,60416,-1779712,-606208,-619520,-669696,-847872,-1286144,-1779712,-1688576,-734208,-126976,-928768,-1085440,-115712,-661504,76800,-228352,-449536,-145408,-1436672,-221184,-794624,-964608,-2027520,-1713152,-514048,-4096,32768,-1040384,230400,91136,-576512,-286720,-1590272,-2201600,-1876992,-685056,-24576,-280576,-830464,-854016,-1259520,-1308672,-2033664,-1574912,-824320,-1843200,-1650688,-231424,677888,-1285120,-53248,-393216,-670720,-1666048,-278528,-694272,-486400,683008,-548864,-1547264,-424960,-376832,-916480,-540672,-202752,-1623040,-275456,400384,-1532928,-633856,-1345536,-2895872,-954368,-931840,-794624,-432128,-1122304,-487424,-1392640,-494592,-67584,-1310720,-205824,-498688,-1840128,-186368,-1155072,-1742848,-1722368,-1344512,-90112,-1569792,-1458176,39936,-783360,-53248,-574464,-149504,-1081344,73728,-2817024,-817152,-376832,-749568,108544,-343040,-1513472,72704,-651264,-2269184,-2068480,-1875968,-879616,-992256,-2069504,-1723392,-752640,-1855488,-9216,-1541120,-971776,144384,-804864,-848896,580608,-770048,366592,-1097728,-742400,830464
-596992,-1170432,-1309696,-1086464,-79872,266240,-171008,-141312,-499712,394240,-739328,-863232,-530432,-573440,-847872,-1310720,-940032,4096,-703488,-486400,8192,-253952,-99328,275456,-423936,-1004544,718848,-1400832,-561152,-1200128,-1334272,-269312,-1265664,-1167360,-1347584,-600064,374784,396288,448512,177152,1074176,-1469440,345088,703488,-982016,-134144,-586752,119808,930816,196608,-235520,-520192,-1245184,-1327104,-996352,-121856,-41984,-991232,-713728,369664,150528,-2506752,1221632,-415744,120832,-215040,496640,103424,-105472,-520192,-1282048,-445440,-131072,-2068480,-314368,-1340416,151552,-1689600,-918528,720896,248832,-108544,-82944,559104,139264,-37888,-467968,371712,-1667072,-551936,-1975296,288768,-299008,-1164288,402432,-447488,-217088,-1628160,-545792,-598016,-802816,-486400,-1628160,-263168,612352,301056,95232,-477184,-1150976,790528,-1671168,-1168384,22528,643072,617472,1658880,-855040,868352,48128,-823296,-487424,-334848,-993280,258048,-680960,-1861632,-887808,-319488,-2120704,-589824,-1364992,312320,-1293312,-96256,-60416,-195584,-789504,-335872,-285696,-1004544,190464,-638976,-1425408,-275456,-4096,-110592,-494592,272384,300032,-724992,-27648,76800,-215040,-1010688,-1816576,-993280,-939008,-1389568,-979968,-528384,-220160,-1521664,-3732480,377856,-520192,370688,235520,-648192,-490496,-789504,51200,-1311744,-403456,-1086464,-898048,-6144,-1059840,1520640,30720,149504,-14336,-1048576,-1810432,-526336,-634880,-487424,-1523712,-1256448,148480,-6144,-2193408,-863232,-1719296,-44032,-311296,-73728,-1309696,7168,-141312,-332800,-312320,-46080,-789504,-305152,278528,-164864,-2088960,-2061312,-561152,-704512,-646144,-1225728,-2356224,-564224,389120,-1888256,260096,-912384,-1211392,-550912,-1608704,-424960,-392192,-293888,-151552,226304,-343040,15360,-442368,-927744,-749568,-1252352,-808960,-18432,145408,-1025024,-783360,-1609728,-2154496,-334848,268288,175104,-640000,-163840,348160,501760,-1196032,-581632,-62464,-1018880,-971776,-124928,124928,-422912,379904,-394240,-950272,-746496,463872,-1019904,-121856,-2075648,-411648,664576,23552,-627712,99328,-1270784,2048,516096,-506880,456704,-1076224,-1162240,-1255424,-331776,-1383424,-118784,-591872,-720896,-343040,-640000,-696320,-348160,-2012160,-1694720,-1146880,-324608,-632832,-221184,-1475584,1395712,-2006016,-1468416,-491520,-398336,-684032,-771072,-784384,-609280,-236544,131072,-548864,-654336,92160,-1781760,-1341440,-812032,-710656,-1636352,183296,-209920,-263168,-349184,-1900544,-1004544,-995328,-697344,-583680,-68608
-175104,-813056,196608,263168,-624640,278528,-405504,-151552,-409600,1008640,-480256,217088,-849920,465920,-786432,164864,25600,609280,-640000,-102400,56320,-1438720,543744,-646144,582656,-763904,-439296,351232,157696,-418816,-78848,-940032,-147456,315392,1397760,548864,280576,199680,-1143808,952320,366592,-768000,175104,95232,508928,-323584,370688,-1104896,463872,-323584,-228352,124928,70656,62464,-112640,79872,644096,662528,-157696,942080,-635904,-437248,-311296,465920,348160,415744,500736,-2608128,471040,228352,1043456,-197632,1239040,-376832,-364544,-499712,67584,40960,482304,384000,-1038336,-277504,-802816,-710656,-1110016,-24576,-718848,-949248,-515072,-668672,-289792,1108992,418816,421888,-1451008,-1522688,-391168,-726016,-1155072,-233472,-888832,-1319936,-527360,193536,-1406976,837632,-1082368,1357824,-30720,391168,-475136,464896,-1192960,25600,-911360,339968,806912,176128,621568,498688,-588800,258048,456704,-287744,820224,-1292288,484352,462848,-310272,472064,79872,289792,264192,-958464,-963584,-189440,642048,-620544,-61440,257024,-177152,-243712,-10240,58368,1222656,-403456,-773120,520192,-517120,-714752,-568320,-568320,-1847296,4096,183296,-329728,-730112,517120,8192,-189440,-1043456,92160,-556032,-392192,828416,-376832,-777216,-405504,-1743872,-766976,110592,-1533952,823296,-95232,998400,100352,941056,-1594368,-613376,-205824,602112,1278976,-935936,-222208,701440,-793600,-1913856,1419264,-123904,718848,194560,100352,211968,55296,321536,-848896,-544768,-411648,-410624,-525312,-173056,650240,-851968,-710656,-415744,-87040,-1799168,-224256,-245760,-1923072,-22528,-1053696,25600,-432128,835584,-703488,-866304,-46080,664576,185344,650240,965632,160768,524288,-325632,67584,1495040,-365568,882688,-142336,-455680,-524288,-258048,-490496,-12288,324608,230400,234496,-103424,424960,96256,-77824,91136,-1441792,-540672,-350208,-1382400,262144,8192,214016,-236544,-547840,-400384,-412672,187392,261120,72704,509952,-578560,-1790976,595968,407552,-345088,-283648,-151552,-764928,737280,-573440,-462848,-194560,-509952,-817152,-849920,-100352,-623616,-443392,495616,281600,-79872,-273408,-1417216,1005568,-1684480,27648,-1495040,-1137664,505856,-513024,-104448,-718848,-257024,-1234944,-1525760,319488,-1253376,388096,242688,492544,1760256,-635904,-173056,-227328,-296960,-50176,-169984,387072,833536,-771072,-1099776,-928768,-766976,-368640,-134144,-621568,-1076224,282624,-706560,-305152,504832,-498688
-1539072,368640,-1390592,-791552,-677888,-1301504,-1901568,-912384,-1065984,-541696,-53248,-870400,-657408,-31744,-875520,-956416,-451584,-16384,-500736,-742400,-644096,-462848,-161792,234496,-1214464,-1819648,-448512,-17408,512000,-737280,-1199104,-973824,-331776,437248,-3072,-1202176,-1801216,61440,-146432,-1288192,-529408,-556032,735232,68608,-2874368,-73728,-336896,-596992,165888,-661504,-575488,-519168,-671744,-59392,1114112,-1207296,-1235968,-374784,-280576,-782336,322560,-984064,-440320,-471040,-1480704,66560,195584,-730112,617472,-479232,-655360,-1340416,-278528,10240,-664576,-348160,-606208,66560,-598016,-1176576,-941056,-385024,-1616896,884736,-788480,-144384,-1070080,-675840,-498688,-1827840,26624,-1205248,-944128,-1697792,-697344,-333824,15360,-326656,-551936,-1227776,-829440,-35840,-770048,180224,-46080,-717824,807936,-667648,-1782784,247808,-878592,-1463296,-406528,677888,-932864,860160,293888,-1097728,-161792,-152576,-1983488,-845824,-131072,-152576,-1691648,-654336,-349184,-45056,-52224,-558080,-145408,612352,-1434624,-445440,-1158144,-1487872,-209920,-76800,-417792,-1694720,-1228800,-935936,-608256,-370688,-362496,-1160192,-435200,-581632,-1654784,-881664,-799744,-518144,-874496,-334848,-817152,-71680,-628736,-224256,-538624,-1005568,-950272,-524288,24576,-1010688,-1170432,-206848,152576,-154624,-1038336,-372736,-1645568,-1571840,-25600,-458752,-452608,-1373184,-1226752,-1139712,-1136640,-1181696,-1712128,-190464,-113664,113664,754688,-289792,-657408,-873472,-354304,-2167808,-563200,-914432,-1619968,-568320,-1058816,-489472,-647168,-675840,153600,152576,-252928,-817152,-801792,258048,-394240,-252928,-317440,181248,-733184,-184320,-1058816,86016,-1641472,-709632,-492544,-1358848,-354304,-1845248,-256000,-1573888,-1506304,-1512448,-1622016,-780288,-531456,187392,236544,-259072,-216064,-1446912,-584704,491520,-131072,-972800,-1457152,-1306624,-429056,-890880,-355328,-543744,-1188864,-649216,-381952,-1083392,710656,248832,301056,-808960,-755712,-1001472,-2003968,-323584,220160,172032,-985088,-467968,286720,-676864,-31744,-463872,-661504,-498688,68608,112640,-859136,282624,443392,-1599488,-1787904,-132096,-610304,-1229824,-391168,-1582080,-1551360,-463872,-1305600,-69632,-990208,-500736,-169984,-614400,-1041408,-413696,-644096,-420864,-1438720,-226304,-351232,-1319936,-1227776,-393216,-576512,-1711104,-681984,-1062912,-147456,-1315840,-947200,-940032,-261120,-43008,438272,-566272,190464,-1684480,-3355648,-513024,-975872,-722944,57344,-635904,-742400,-1068032,-163840,-1252352,-904192,-1732608,-1520640,589824
1166336,-940032,23552,433152,-154624,-347136,801792,1438720,-416768,-999424,-48128,165888,-440320,106496,228352,772096,484352,84992,-588800,-302080,916480,-901120,-1241088,462848,546816,645120,-820224,1129472,-1024,-393216,217088,113664,-108544,467968,-805888,-60416,-828416,-536576,-475136,-473088,-329728,-534528,599040,-242688,45056,-1895424,333824,-667648,51200,1118208,-1902592,-131072,-406528,268288,-287744,276480,97280,-289792,363520,-2324480,-237568,129024,285696,661504,-1173504,-860160,-389120,-913408,-762880,-243712,-219136,355328,-1436672,-1420288,457728,472064,253952,-1031168,-532480,-763904,-8192,-356352,450560,-6144,-463872,-896000,976896,-1174528,-667648,-988160,960512,288768,837632,197632,539648,595968,23552,-1605632,-774144,-398336,-803840,430080,626688,-281600,-477184,-944128,-331776,-156672,238592,-1147904,611328,-520192,-671744,-243712,-519168,-415744,275456,-94208,659456,216064,-289792,-537600,-646144,-472064,-455680,122880,269312,-561152,-742400,-53248,681984,-70656,-157696,528384,-218112,-541696,1045504,-547840,1201152,894976,-435200,-474112,564224,-542720,-829440,-871424,717824,-1375232,228352,99328,434176,-1034240,-766976,-1361920,-30720,173056,-344064,22528,63488,-598016,-1167360,-151552,-253952,-980992,-761856,861184,439296,76800,-272384,-1120256,-714752,-814080,-959488,666624,-1083392,-679936,-609280,-1136640,-526336,-667648,183296,-990208,-1027072,-1546240,219136,41984,-751616,-367616,-1053696,-722944,-1633280,-512000,947200,-14336,112640,-159744,-49152,650240,665600,-435200,-745472,600064,133120,1084416,-854016,698368,110592,-1762304,-323584,220160,-866304,611328,741376,-113664,22528,23552,-1271808,-1128448,-569344,-320512,-123904,-1178624,-519168,228352,-239616,-812032,409600,-1180672,87040,-381952,-23552,272384,-536576,167936,-941056,-2201600,-2085888,-783360,-510976,-251904,381952,-1613824,-98304,184320,504832,-1253376,-922624,-301056,205824,420864,-727040,-171008,-1448960,-757760,295936,-1280000,-147456,-211968,-190464,123904,94208,-614400,989184,-1642496,-363520,-168960,-875520,-52224,-961536,-596992,-1308672,-535552,-1131520,153600,-832512,-406528,-402432,-429056,92160,-479232,-332800,46080,-769024,-706560,-1036288,-878592,-130048,185344,-825344,-1599488,-388096,-252928,-1150976,-1391616,-570368,-662528,-379904,-358400,-112640,-953344,23552,-219136,-169984,-546816,-1107968,31744,-115712,110592,138240,266240,-564224,-174080,-186368,-1009664,-874496,-136192,-672768,91136,-414720,151552
-1099776,-722944,-5120,-713728,-576512,-648192,-1060864,-261120,-380928,-404480,-995328,-437248,52224,37888,611328,-130048,-1393664,-608256,-99328,104448,-778240,-684032,-145408,-1378304,-996352,-1070080,-789504,780288,-802816,703488,-609280,1156096,-146432,755712,-941056,-267264,-1438720,-169984,-139264,-440320,631808,-37888,-663552,-90112,-498688,-215040,191488,-402432,-628736,-817152,-215040,-650240,622592,-129024,-1324032,-1252352,-97280,-936960,-1390592,243712,607232,275456,-970752,-1360896,-951296,-1058816,172032,-31744,-1344512,-81920,-550912,-834560,-1776640,804864,-1204224,-2006016,-416768,-518144,20480,-150528,-439296,-117760,-1570816,-1330176,-193536,424960,-917504,-572416,-1496064,-1086464,-284672,-919552,-1234944,-887808,-842752,-912384,-190464,-728064,913408,481280,-648192,119808,-233472,-506880,-106496,-1271808,791552,-688128,244736,-111616,-692224,-1067008,-1792000,228352,180224,332800,-587776,-79872,-81920,-806912,-1331200,-1927168,-888832,-866304,-1651712,488448,-372736,29696,-777216,-342016,-1838080,-1131520,-882688,-1196032,-748544,-379904,-621568,-859136,-1705984,-808960,-504832,-538624,-685056,-757760,-229376,-466944,-463872,-99328,-962560,-279552,-1534976,-135168,-1054720,-831488,-172032,-506880,-1269760,-728064,-591872,96256,380928,517120,-433152,-150528,-1189888,-866304,-956416,289792,-936960,-789504,-620544,-774144,-264192,-899072,-483328,-1230848,184320,-978944,-857088,237568,-671744,86016,365568,-1002496,-1946624,-21504,-335872,-65536,-529408,-1328128,-236544,-785408,-545792,-1710080,-1264640,179200,-1125376,61440,481280,-1434624,261120,-1637376,-983040,-53248,-467968,-439296,267264,23552,709632,-573440,-913408,285696,-1223680,-658432,95232,-1075200,-679936,364544,-122880,-583680,-1108992,-1548288,-1716224,-541696,-108544,-649216,15360,-1357824,-741376,-656384,-1343488,-1122304,-1617920,-376832,-1105920,-887808,-325632,-712704,647168,-825344,-199680,-1405952,189440,-316416,-113664,148480,-268288,-808960,-615424,-1526784,-584704,-1089536,-190464,746496,-310272,-754688,-789504,229376,-1541120,-1313792,-1798144,-894976,-821248,-746496,-313344,-721920,-992256,533504,-96256,-2004992,98304,39936,48128,-1604608,-186368,550912,54272,-201728,-1332224,-1651712,-1571840,-1700864,-521216,-252928,-164864,-714752,-145408,-1378304,-156672,-1534976,-917504,-391168,-664576,-1319936,22528,-983040,-1052672,-1530880,-2040832,-638976,-417792,-1893376,581632,-1047552,-1419264,-582656,-417792,-460800,-841728,-829440,-1588224,514048,-773120,31744,7168,129024,-1570816,-1175552,-644096,-1081344
-978944,-875520,-399360,-1987584,-1005568,-261120,-106496,-122880,-259072,-423936,-627712,-603136,-1078272,-2091008,-304128,-1207296,579584,784384,-703488,-1357824,-472064,-1474560,-670720,-1183744,514048,-387072,-1026048,-223232,-246784,-1206272,-437248,87040,-1534976,-847872,-842752,-574464,150528,-288768,-242688,-415744,-1185792,378880,-282624,241664,89088,124928,-884736,-239616,-485376,-544768,-134144,111616,-1698816,46080,-1255424,-1998848,-287744,-976896,-478208,-236544,-1712128,-378880,92160,-600064,287744,-1506304,231424,-887808,-97280,90112,-168960,-377856,420864,37888,-1378304,419840,-619520,145408,-771072,-774144,-1524736,-230400,-1382400,-858112,-88064,-463872,563200,474112,-1024,-883712,-844800,-1079296,777216,-306176,-1079296,-302080,-88064,-961536,-2022400,-616448,262144,-671744,91136,924672,-1434624,-1233920,188416,-595968,-237568,-1653760,-198656,-237568,-437248,-665600,-898048,1209344,-470016,-1658880,75776,-590848,258048,-1161216,-983040,-557056,-571392,263168,-1729536,-2959360,-397312,-686080,-437248,1457152,-1740800,-1309696,-196608,-1462272,-1923072,-530432,-2363392,-1054720,-1016832,60416,-872448,-78848,-16384,-1057792,-387072,-702464,-588800,-19456,-852992,-1104896,67584,336896,-1494016,-464896,-1561600,-1000448,-612352,-1129472,-1557504,-694272,-726016,-871424,-3072,744448,-1323008,187392,-696320,-663552,-1789952,816128,-223232,-755712,1307648,-1088512,-718848,-737280,-650240,-443392,-2048,-1050624,-818176,248832,-824320,432128,-582656,-1233920,-681984,-1633280,-1173504,-1523712,16384,-588800,873472,-533504,340992,800768,-1189888,-1212416,-1341440,-1011712,-978944,556032,-1117184,82944,-122880,-1816576,-1116160,-122880,-238592,-2166784,-1081344,-642048,-407552,-49152,-402432,-1631232,-1128448,267264,-1642496,269312,328704,-360448,-1920000,-397312,-583680,-95232,-1465344,-388096,770048,731136,-164864,-1560576,233472,-956416,202752,-1564672,-1435648,-1199104,-122880,39936,600064,-388096,-1122304,-560128,-189440,-427008,-16384,-557056,-278528,180224,-627712,-880640,-753664,-1434624,-155648,-857088,-1064960,241664,-975872,65536,-1307648,538624,-1130496,132096,-1440768,-863232,140288,-1331200,-999424,-30720,-623616,704512,-549888,-370688,-1065984,866304,-355328,-932864,-96256,290816,486400,252928,-1531904,-633856,-1182720,-735232,27648,-2364416,1085440,917504,237568,-139264,-484352,-1752064,-958464,409600,-893952,598016,-331776,-1009664,619520,-107520,-974848,-1002496,-275456,-470016,-76800,-1554432,-1273856,-745472,-1168384,-2594816,-1367040,-1260544,5196800,-1592320,-34816,91136
7168,1256448,991232,264192,-550912,-20480,67584,649216,1034240,1210368,1748992,120832,741376,436224,-914432,-26624,955392,-193536,120832,-330752,68608,647168,-275456,555008,238592,281600,-337920,56320,-2022400,365568,-49152,-817152,-152576,40960,519168,-392192,515072,-889856,466944,-449536,1044480,430080,-877568,719872,-398336,158720,12288,-468992,560128,493568,-252928,925696,-90112,294912,176128,323584,205824,1348608,-415744,-1016832,-5120,-64512,141312,1469440,-787456,173056,-1256448,738304,-226304,-151552,-598016,702464,808960,626688,-299008,-476160,878592,1140736,-205824,1646592,-618496,881664,563200,92160,-156672,228352,987136,-681984,-34816,244736,1964032,521216,153600,-875520,0,-39936,1042432,1006592,371712,-593920,487424,699392,1200128,-974848,-1355776,-944128,-400384,-590848,-766976,-900096,338944,-780288,-1310720,-541696,-860160,182272,877568,-708608,783360,-1142784,658432,409600,941056,771072,760832,536576,122880,360448,-259072,825344,-339968,793600,-789504,279552,562176,305152,761856,1349632,-35840,-4096,-396288,743424,-1087488,558080,-533504,466944,-500736,-261120,616448,-777216,-234496,45056,15360,-76800,412672,774144,225280,404480,-747520,352256,-268288,292864,1492992,863232,636928,487424,-113664,-719872,441344,312320,-261120,706560,1049600,-573440,-248832,87040,-1343488,-1576960,-345088,-323584,1101824,-65536,1118208,-132096,-382976,-1128448,704512,741376,74752,478208,-990208,-315392,568320,736256,-1973248,930816,67584,-1146880,1692672,475136,1577984,-246784,108544,-392192,-1292288,-545792,-353280,-142336,-1617920,489472,795648,731136,743424,-73728,-1076224,-166912,496640,516096,1084416,454656,-108544,393216,534528,102400,101376,621568,561152,-1598464,-107520,843776,-704512,573440,-247808,788480,-581632,-320512,82944,384000,504832,-427008,745472,-227328,1483776,-285696,842752,81920,202752,13312,607232,-1062912,5120,185344,-1330176,606208,-397312,-717824,886784,395264,256000,-249856,388096,-100352,556032,475136,273408,-495616,523264,917504,-1111040,-181248,278528,404480,92160,244736,-640000,1339392,94208,-336896,145408,-720896,326656,657408,-829440,-14336,-1221632,-1047552,-793600,-858112,-154624,39936,-1533952,-432128,126976,588800,180224,94208,-106496,-1445888,57344,-660480,321536,-394240,-774144,795648,616448,-161792,525312,-841728,-123904,14336,-768000,360448,152576,205824,1880064,-863232,-2628608,8062976,-239616,-687104
203776,312320,-1312768,-352256,545792,-1425408,-1452032,-219136,-731136,361472,-1400832,17408,-2227200,-516096,-388096,-1558528,-273408,985088,-965632,-927744,-248832,-1188864,-1370112,-663552,-1120256,-692224,-1572864,-1613824,-301056,-775168,-538624,312320,-620544,62464,-820224,-1231872,-328704,-625664,-217088,-377856,-1666048,-1103872,-1695744,-1344512,-634880,-434176,-1557504,-622592,-395264,-684032,-994304,4096,-1029120,-41984,-531456,-1043456,490496,394240,-24576,-301056,-1820672,-863232,-812032,-1478656,-529408,465920,-973824,-711680,-1583104,-423936,-667648,-667648,-73728,-1423360,-949248,-1742848,1381376,241664,-955392,-988160,-646144,-2199552,-953344,680960,-526336,-1396736,967680,-1129472,-41984,-1264640,-325632,-474112,-413696,-271360,-131072,-1321984,-457728,-1042432,-801792,201728,-130048,-267264,-1746944,-488448,-1707008,-1348608,-174080,-38912,-1292288,-1249280,-934912,-702464,101376,-26624,2097152,-485376,-49152,-745472,-513024,-1852416,-887808,-416768,-1406976,-301056,307200,2048,-396288,-1501184,-2376704,-722944,-1021952,-1945600,526336,-563200,-818176,-187392,-1210368,-53248,114688,-861184,-649216,362496,-1404928,-705536,-975872,-271360,-261120,-482304,344064,-1274880,-947200,-117760,641024,-898048,-171008,-504832,252928,-1710080,-867328,755712,-583680,-1476608,-2093056,-614400,-1905664,410624,-233472,372736,-494592,-27648,63488,-1981440,-1101824,-1214464,-1565696,-339968,-1033216,-763904,130048,-835584,-1307648,-657408,-1007616,-385024,-573440,-538624,-391168,-831488,-1341440,-612352,-2162688,-2539520,-623616,-629760,-201728,-599040,-253952,-331776,-837632,-722944,-1860608,-763904,-1362944,-498688,776192,-118784,222208,-1168384,-2026496,-1669120,-945152,-1395712,-547840,-722944,-1090560,464896,-523264,-850944,-562176,-2144256,-2063360,-1830912,-2442240,-1270784,222208,-800768,-271360,-616448,-903168,-646144,-1384448,380928,-631808,-32768,-833536,-206848,-828416,-1495040,-781312,195584,-1431552,-967680,-719872,-1938432,-417792,-491520,-714752,-954368,-811008,138240,-1394688,-616448,-2130944,-1416192,-1393664,161792,-2721792,-850944,-2737152,-792576,-88064,-240640,-1728512,-538624,-979968,-1303552,172032,-1526784,-557056,-1252352,-1416192,95232,-81920,-967680,-1038336,-485376,458752,-1768448,-570368,-1492992,-501760,-802816,-575488,-107520,-990208,391168,-67584,-1246208,-1351680,207872,-1575936,294912,-1818624,-410624,-4096,-700416,-1469440,-1524736,167936,-173056,391168,-289792,244736,-1058816,-834560,-2138112,-1685504,-356352,-1674240,-144384,-1374208,-559104,-546816,-980992,-1984512,1366016,9800704,1753088,-1543168,-2239488
74752,-919552,384000,-258048,1423360,562176,1505280,970752,-561152,-291840,-377856,348160,-846848,-409600,524288,329728,611328,194560,-989184,-1643520,-1364992,517120,1503232,631808,628736,-74752,-617472,1256448,260096,-1088512,891904,-262144,937984,-292864,-7168,-653312,1317888,-45056,644096,-618496,634880,412672,-67584,891904,340992,105472,574464,-279552,108544,-1024,650240,939008,542720,934912,-33792,789504,619520,-644096,-738304,-612352,-245760,-209920,1205248,65536,-43008,472064,561152,-403456,583680,-399360,37888,-1197056,774144,1090560,456704,87040,-154624,-566272,-87040,411648,826368,-71680,822272,-68608,1617920,-124928,156672,-410624,-1136640,289792,-1499136,1038336,-390144,-118784,-610304,-555008,-1718272,20480,781312,797696,1021952,813056,-582656,-467968,-336896,688128,84992,1010688,787456,490496,437248,1253376,-75776,351232,-284672,581632,-63488,-1092608,-899072,-618496,848896,-662528,-49152,427008,75776,-618496,-235520,885760,830464,787456,1048576,-509952,573440,489472,-1468416,1147904,1235968,-283648,1108992,-115712,-389120,-114688,-140288,-1002496,-884736,246784,-1248256,1165312,-370688,-74752,-596992,400384,1219584,299008,-65536,713728,905216,969728,-504832,-431104,21504,-116736,-442368,278528,-756736,282624,-478208,-108544,-1994752,-919552,252928,-512000,747520,1692672,1208320,-313344,787456,-82944,1591296,-1297408,-352256,66560,1990656,-177152,-431104,-406528,-399360,-430080,-296960,-148480,504832,-927744,-253952,166912,-10240,340992,251904,-522240,-229376,-393216,-123904,1060864,493568,-154624,93184,-2352128,-1199104,541696,-552960,482304,-275456,-203776,-89088,448512,-27648,291840,-173056,303104,-168960,399360,370688,392192,-11264,-310272,-557056,333824,229376,667648,583680,-24576,-347136,-34816,274432,-892928,1284096,12288,887808,48128,-386048,75776,-545792,-757760,-53248,-136192,-1227776,846848,703488,-1596416,237568,283648,-821248,1392640,294912,-563200,-667648,-2002944,-381952,428032,-1064960,-7168,-700416,91136,1438720,443392,704512,-125952,-893952,881664,48128,-371712,908288,644096,-574464,-237568,415744,425984,240640,1169408,93184,-215040,323584,1112064,-420864,-236544,221184,-390144,1854464,822272,220160,-706560,717824,686080,394240,101376,574464,772096,-288768,124928,-68608,473088,-104448,-270336,242688,23552,1168384,229376,740352,-205824,61440,-1399808,-364544,-400384,190464,1477632,482304,448512,-1637376,-2998272,11906048,-1388544
-252928,-153600,-259072,-886784,-1980416,-858112,-1964032,-1131520,-337920,-245760,364544,-115712,453632,-1294336,-1177600,-564224,-756736,-1073152,326656,-635904,294912,118784,335872,-209920,-109568,182272,-290816,1528832,-134144,-464896,-146432,-217088,-124928,-47104,-244736,-1653760,-529408,-570368,-864256,590848,-172032,-208896,-516096,-539648,-782336,-943104,421888,334848,-345088,-412672,382976,-909312,-1419264,-1126400,-931840,-689152,-434176,-437248,96256,416768,-551936,163840,609280,-171008,-245760,-380928,-718848,-320512,851968,-683008,-326656,-301056,54272,-481280,-729088,-1006592,-496640,-104448,118784,31744,-90112,-1829888,-963584,-479232,-333824,-627712,-971776,529408,428032,-628736,-84992,-15360,327680,-1264640,-219136,253952,-560128,-230400,-664576,-38912,-1996800,-716800,-268288,-1287168,325632,-822272,424960,301056,492544,-272384,-328704,-969728,-1527808,-384000,-931840,82944,-1196032,532480,-572416,-97280,-1377280,-1025024,7168,-1570816,-678912,686080,-480256,-758784,-224256,447488,-977920,-53248,-854016,35840,431104,522240,-195584,203776,276480,-190464,68608,-1051648,1298432,561152,5120,-32768,-531456,-147456,-552960,-1660928,-1048576,-1084416,-672768,-59392,12288,-1901568,-1377280,-1575936,-88064,-363520,-972800,-841728,-327680,83968,286720,-926720,-28672,-1471488,857088,-771072,-1086464,-544768,-503808,-686080,-1303552,-43008,-499712,11264,831488,-734208,-32768,-813056,-1007616,-1063936,-2048,-152576,-752640,-1131520,-1852416,-1004544,-696320,-1385472,-658432,-933888,-254976,-894976,-407552,-1133568,-609280,-957440,484352,-1557504,-440320,-1364992,-2084864,-612352,-354304,83968,-50176,-607232,-1560576,-640000,-1075200,50176,-134144,-651264,575488,-1225728,-240640,-837632,-1945600,-686080,143360,-829440,-338944,106496,432128,-997376,-136192,-1516544,-165888,-883712,-453632,-638976,-414720,-533504,-332800,-517120,-790528,-1088512,17408,327680,133120,1146880,-638976,582656,-1078272,89088,-1347584,-24576,-1714176,-1775616,-965632,-1099776,629760,144384,-964608,-772096,-630784,-740352,-111616,-758784,-656384,829440,-1053696,-559104,-265216,212992,-757760,66560,-693248,-607232,-913408,-258048,92160,-245760,77824,-195584,-23552,-315392,-847872,883712,118784,69632,83968,326656,15360,215040,-774144,-941056,112640,1487872,228352,-652288,-260096,-650240,237568,-549888,-1607680,-176128,-338944,-1899520,-363520,306176,-1710080,-655360,-263168,-696320,-200704,-477184,406528,76800,-405504,-176128,-939008,-1970176,13938688,-646144,-1176576,-1230848
-1278976,-1729536,-760832,-363520,-713728,-433152,-367616,-721920,602112,-144384,-761856,-1071104,-2608128,96256,-928768,-174080,1123328,-1576960,-1506304,-1420288,-1082368,-1059840,-783360,-1402880,-1419264,505856,-1738752,-1375232,-86016,-1479680,-1792000,-176128,-133120,-942080,-1030144,-1100800,-809984,-1924096,-1042432,-164864,-657408,-209920,-1334272,-252928,-21504,257024,-243712,-1581056,-307200,-709632,-1413120,-432128,-2183168,-161792,-141312,-521216,-167936,-1240064,-1340416,-1158144,-1618944,-827392,-590848,-385024,-237568,-1209344,415744,-1552384,-855040,-737280,-552960,-145408,-102400,-784384,-453632,-539648,-1643520,-701440,-906240,-783360,-706560,-849920,-1769472,-1414144,-378880,-305152,-1431552,-267264,-1599488,-1759232,-1025024,-607232,-679936,463872,-69632,-1476608,-1652736,-1332224,-2544640,-354304,-266240,-211968,-141312,-1087488,-1148928,-878592,-1908736,-390144,-1476608,-866304,-1844224,-691200,-435200,543744,-797696,39936,-254976,398336,-1081344,5120,-1061888,-1045504,-1477632,260096,-1091584,-677888,-2191360,-724992,-864256,-933888,-694272,-950272,-574464,-1905664,-1702912,-1874944,-1775616,-466944,-1625088,-417792,-732160,-693248,12288,-497664,-457728,-1213440,-1038336,10240,-1458176,-852992,-345088,-1219584,-1264640,-1394688,-1058816,-235520,-710656,-1179648,-1482752,-1614848,-2368512,179200,-115712,-906240,-377856,-998400,-1399808,-806912,-889856,-302080,-1212416,-1056768,-476160,134144,-1055744,-856064,-982016,-1156096,-601088,30720,-728064,360448,-99328,373760,-998400,-2098176,-658432,-959488,-790528,-1927168,-872448,-2108416,-956416,-580608,-583680,-1100800,-876544,708608,-2070528,-770048,-1769472,-910336,-738304,-1227776,-434176,-587776,-1142784,-589824,-1156096,693248,243712,-1017856,-1404928,-890880,-901120,-786432,-1772544,-575488,-857088,-1448960,-673792,-1098752,-622592,-1678336,-928768,-684032,-1395712,-1412096,-1051648,-1079296,-537600,78848,-1473536,-1012736,-445440,273408,-3138560,-1332224,-823296,-636928,-583680,-87040,-1234944,-92160,216064,-2147328,-729088,-840704,-893952,-546816,-713728,-142336,-1207296,-1690624,-1176576,-1062912,-396288,-1413120,-962560,-1049600,900096,-1192960,473088,-2199552,-1047552,-1728512,-566272,-2197504,-771072,-612352,-775168,-636928,-1130496,-1036288,-1937408,-1089536,-61440,-512000,-1252352,-2259968,-450560,-171008,-625664,160768,-724992,-1543168,-709632,-372736,-1101824,-1030144,-263168,-846848,204800,-947200,-1789952,-1291264,180224,-558080,309248,-945152,-1329152,-1673216,-1188864,-1160192,-564224,-1618944,-261120,-891904,-1045504,-974848,-1168384,-864256,-1111040,-661504,-992256,324608,-1114112,-337920,-2508800,-473088
-786432,-887808,649216,-1442816,-364544,133120,-153600,-76800,716800,81920,-585728,315392,-13312,514048,111616,-10240,-630784,-858112,300032,1155072,596992,-663552,1122304,-472064,751616,848896,-440320,-1943552,1024,-961536,212992,1090560,190464,-229376,-384000,1035264,-997376,-74752,-2161664,-479232,493568,-731136,-498688,-390144,-910336,-1304576,179200,-881664,681984,72704,357376,996352,-229376,-132096,-7168,401408,-1075200,-685056,-205824,510976,225280,-905216,18432,418816,543744,-1778688,-243712,221184,-314368,288768,-766976,44032,-1973248,603136,-57344,-239616,-599040,226304,1031168,344064,606208,-441344,256000,-288768,-272384,-752640,165888,-482304,834560,642048,405504,971776,613376,-1136640,-536576,287744,398336,774144,294912,1140736,-610304,-1059840,427008,-582656,0,-123904,1036288,-106496,-920576,-1487872,-89088,-370688,-487424,-584704,437248,285696,804864,-11264,1004544,-588800,911360,-867328,-635904,20480,-192512,400384,-771072,894976,-708608,-219136,102400,64512,-1894400,-640000,-677888,296960,220160,485376,1457152,-1118208,-983040,-1406976,-576512,139264,-1016832,-210944,-548864,250880,-888832,-581632,-1036288,-697344,-5120,-438272,-206848,-364544,-132096,748544,-95232,-364544,-389120,-233472,44032,-437248,-1284096,-545792,-2030592,-386048,-1059840,-717824,566272,-1041408,-203776,109568,-30720,-1112064,-1246208,-685056,395264,-406528,399360,89088,-1657856,-209920,-1275904,698368,-672768,141312,-118784,338944,702464,-32768,-41984,-524288,-329728,579584,-552960,664576,-860160,-1105920,564224,-327680,-381952,1039360,-589824,-1051648,662528,516096,-474112,-1551360,-548864,-806912,-180224,-589824,-1092608,-1502208,100352,61440,-811008,-248832,-1333248,-187392,-47104,-379904,365568,-361472,23552,266240,-815104,-1425408,-152576,-866304,-21504,2035712,-1283072,-790528,-736256,23552,-288768,1101824,-74752,105472,-1879040,-581632,-441344,-737280,397312,377856,-604160,-506880,-230400,-1854464,-345088,-380928,-475136,372736,-404480,-487424,808960,707584,-317440,-442368,-659456,290816,-507904,-580608,265216,-885760,-1615872,-1059840,-1140736,-716800,32768,758784,-1718272,956416,-757760,143360,-777216,-881664,-1327104,-505856,319488,-444416,671744,-456704,392192,-1453056,166912,-997376,-949248,48128,-917504,128000,-700416,-1602560,-712704,-1061888,-545792,296960,-78848,-1035264,293888,460800,-138240,-49152,592896,-467968,-392192,1344512,-1377280,131072,-230400,542720,-112640,450560,-428032,-567296,-2679808,-572416
633856,102400,-323584,-451584,-2338816,-1329152,-1222656,-319488,351232,-870400,-568320,-183296,-720896,-909312,-529408,829440,-594944,-680960,-659456,-48128,1144832,-545792,745472,175104,-135168,18432,1536000,979968,-40960,353280,-314368,-817152,-110592,-984064,4096,-98304,-366592,930816,-106496,-422912,534528,-473088,-1856512,-1345536,266240,382976,-58368,-548864,-1375232,268288,-702464,-380928,-567296,-493568,-1300480,1337344,-1232896,-44032,-468992,389120,194560,-185344,-1083392,-8192,-1134592,-897024,-53248,-671744,-1068032,-151552,-1197056,-830464,-176128,434176,681984,1118208,-396288,-325632,-722944,-549888,-825344,-856064,-832512,307200,-831488,-474112,-914432,71680,-474112,-1926144,-1125376,-868352,84992,-1152000,-932864,-1449984,-66560,-305152,-1314816,-284672,-596992,-1309696,130048,-1086464,1234944,1015808,-921600,-448512,0,-704512,-283648,-319488,764928,-327680,-98304,-893952,-726016,-1418240,-978944,-732160,46080,-173056,317440,-891904,-1220608,-852992,-221184,-147456,-998400,-58368,-531456,-50176,-103424,-419840,325632,-30720,-265216,-5120,558080,243712,94208,-51200,389120,-146432,-406528,534528,-1371136,-339968,-791552,-276480,-506880,-584704,128000,1182720,-165888,-873472,-652288,145408,-407552,-520192,-613376,-568320,-478208,-907264,-2000896,450560,115712,-247808,-453632,-1484800,-1295360,-481280,-1195008,-796672,451584,-1149952,-62464,-570368,-867328,43008,-1088512,-1298432,-279552,242688,-73728,-219136,-140288,-296960,352256,1002496,-1741824,296960,913408,256000,-230400,-81920,-698368,-662528,-400384,777216,-1075200,57344,195584,635904,610304,-312320,-387072,6144,-1479680,-1558528,-646144,-270336,-89088,350208,285696,-1490944,392192,-3072,553984,-2150400,332800,283648,-1000448,634880,-280576,-608256,-246784,-1452032,-1763328,1225728,362496,-453632,121856,-660480,-934912,113664,-1280000,257024,-596992,-647168,-944128,-705536,-196608,-302080,390144,-325632,-198656,-356352,-1528832,-721920,-746496,-83968,-690176,-61440,112640,-750592,796672,-290816,-463872,436224,-204800,-281600,-563200,1440768,267264,-1139712,-1143808,-339968,602112,-26624,613376,-59392,-1030144,-582656,58368,-867328,-547840,-1116160,-1051648,1018880,-80896,222208,-809984,765952,-699392,-393216,-460800,-165888,-1302528,668672,666624,-5120,-420864,-288768,-290816,-1487872,-191488,-27648,-249856,-1002496,-577536,-292864,-678912,-1472512,-411648,-485376,-723968,-1918976,-329728,-1026048,550912,-30720,-270336,63488,1016832,-452608,289792,233472,891904,-3008512
-256000,225280,1234944,370688,-1370112,12043264,-1400832,62464,444416,512000,-398336,732160,942080,55296,-588800,363520,-440320,-588800,1468416,-1185792,791552,-78848,601088,1694720,463872,718848,-606208,176128,-877568,-928768,-418816,-306176,1393664,922624,792576,380928,768000,1437696,625664,-180224,1643520,875520,898048,760832,1212416,-527360,-48128,1349632,1346560,1380352,1273856,-158720,1644544,-103424,821248,491520,749568,-1011712,81920,830464,156672,920576,221184,-34816,59392,-773120,-934912,1171456,2065408,865280,710656,0,-99328,-236544,419840,-7168,-568320,-756736,291840,438272,-514048,788480,-23552,623616,-617472,-1479680,-201728,94208,506880,1081344,503808,-571392,446464,-1474560,-38912,-393216,584704,905216,825344,923648,532480,1064960,91136,0,-1167360,1511424,-282624,-784384,1353728,514048,38912,-496640,-505856,-504832,693248,190464,415744,1649664,-120832,-740352,-235520,-441344,485376,-745472,-67584,331776,-47104,-53248,-13312,411648,34816,-326656,-64512,-84992,-629760,1347584,390144,439296,1129472,533504,185344,653312,-371712,-261120,536576,-45056,326656,-350208,389120,340992,622592,951296,803840,648192,749568,2131968,1689600,320512,-277504,-997376,-21504,23552,566272,1044480,1148928,-558080,184320,-1982464,1376256,1031168,1732608,954368,669696,243712,-199680,-110592,135168,97280,1804288,140288,-269312,1937408,19456,258048,1201152,-226304,1203200,662528,61440,1172480,919552,1061888,355328,108544,680960,962560,-1022976,-171008,-765952,-105472,1482752,908288,927744,356352,-896000,-852992,1022976,-1119232,1069056,-45056,1379328,-130048,430080,6144,230400,-674816,844800,864256,903168,-420864,1024000,-1192960,-107520,-155648,1403904,63488,1288192,139264,509952,1317888,13312,416768,438272,174080,-238592,279552,79872,-790528,1870848,119808,-177152,690176,-487424,-1590272,364544,242688,-454656,524288,671744,-63488,600064,138240,658432,133120,41984,612352,1970176,-277504,939008,150528,35840,945152,-1403904,431104,691200,-29696,-296960,986112,1149952,854016,813056,590848,-2180096,-7168,278528,-680960,436224,-98304,13312,-41984,775168,-287744,443392,151552,-411648,286720,392192,-181248,-203776,286720,393216,345088,856064,-814080,864256,820224,540672,828416,720896,-1448960,200704,-845824,564224,-381952,-237568,306176,-239616,-1050624,1666048,-1211392,173056,674816,181248,-37888,1817600,1635328,715776,528384,-2076672,14833664
1800192,-722944,335872,-666624,173056,-2526208,-653312,-434176,1362944,957440,-87040,1133568,-231424,601088,-77824,112640,596992,169984,-279552,80896,884736,482304,118784,282624,798720,-328704,-1372160,-46080,652288,-317440,98304,-1470464,-482304,-586752,-198656,-94208,710656,-889856,2080768,-254976,269312,-611328,625664,-536576,945152,1026048,684032,285696,-1057792,367616,-742400,-276480,-582656,-510976,-829440,-132096,669696,627712,526336,-248832,-572416,40960,119808,1459200,-256000,660480,-553984,253952,181248,250880,-126976,589824,-1509376,223232,811008,314368,492544,66560,1442816,-869376,104448,-2396160,466944,664576,-826368,186368,-41984,698368,862208,1400832,-429056,-425984,876544,93184,971776,-401408,-208896,303104,-323584,916480,-1141760,-633856,631808,-552960,241664,995328,-532480,711680,-39936,227328,468992,-110592,-80896,288768,1312768,382976,-88064,708608,-338944,-117760,-1024,297984,59392,75776,18432,-138240,-711680,-1595392,-865280,218112,-1471488,-371712,-458752,519168,500736,-193536,-66560,-558080,937984,-772096,-910336,215040,-1104896,409600,590848,804864,-521216,1098752,-359424,-437248,1312768,-232448,238592,-656384,-224256,238592,-794624,527360,-716800,291840,5120,354304,779264,190464,-593920,-850944,-475136,603136,-326656,335872,-811008,-188416,920576,-473088,-1277952,507904,-122880,120832,248832,-582656,-413696,-452608,-319488,-396288,624640,-765952,801792,-986112,-1179648,-168960,1431552,-507904,-313344,-387072,29696,367616,-77824,1283072,236544,180224,-27648,66560,-1755136,-923648,588800,-807936,827392,381952,-115712,379904,258048,817152,-391168,-229376,253952,-144384,818176,-132096,-157696,186368,762880,240640,-361472,1299456,982016,32768,220160,-196608,-1553408,262144,-239616,-914432,-402432,190464,115712,-1024,-1205248,115712,-380928,348160,-178176,-215040,-446464,984064,-712704,233472,-177152,250880,-789504,-1761280,287744,-259072,-1094656,610304,315392,-891904,87040,-473088,-180224,43008,551936,-75776,612352,-436224,338944,-62464,359424,-672768,-823296,205824,-161792,-344064,-114688,1780736,-933888,153600,523264,-847872,269312,246784,21504,-362496,-118784,-909312,284672,17408,-794624,-1055744,-968704,262144,602112,906240,519168,797696,-526336,-1454080,-1064960,-406528,-558080,-462848,-842752,-205824,309248,-67584,272384,-860160,15360,-589824,-333824,582656,392192,-131072,-136192,-1385472,-353280,315392,-184320,-281600,409600,-2584576
-1240064,-1016832,-644096,-499712,-245760,-173056,-425984,76800,-1050624,-939008,39936,-1969152,-1494016,-1090560,451584,-91136,324608,-2646016,-990208,-710656,-1597440,-224256,-157696,-140288,-849920,-873472,-537600,-311296,-783360,-1656832,-1111040,-1013760,356352,-1282048,439296,-1008640,-1336320,-723968,-991232,-319488,-1434624,-1107968,429056,-1013760,-1029120,-806912,-217088,-864256,10240,-336896,-636928,-771072,-820224,-225280,-1361920,-1443840,-1733632,-486400,-182272,-432128,-1118208,-575488,-450560,-1956864,-1085440,-244736,-1479680,-1019904,-821248,-186368,89088,-1409024,-2356224,-4096,-496640,-793600,-614400,254976,-188416,-19456,-872448,163840,-970752,-1099776,-440320,-756736,-844800,-2842624,-1956864,-836608,-1338368,-305152,-718848,-1006592,-279552,-196608,-1382400,-1026048,141312,-1752064,886784,-358400,-1093632,-914432,-1002496,-2117632,-1720320,-913408,-1296384,-83968,-646144,-560128,-655360,-702464,-92160,-481280,-1041408,-716800,-616448,-156672,135168,-1013760,-581632,-1188864,-1790976,-2378752,-2039808,-401408,-150528,435200,-950272,-603136,-855040,-1355776,-1187840,-1324032,-2144256,-83968,52224,602112,520192,-47104,546816,-1187840,5120,-522240,-941056,-1176576,-1205248,-38912,153600,-716800,-152576,-683008,-1768448,-198656,-879616,-846848,-1611776,-1956864,-1036288,-573440,-134144,-304128,-851968,846848,-1177600,-770048,-1671168,501760,-205824,-350208,-828416,-471040,-1707008,-835584,-1477632,-1937408,-743424,-943104,-525312,-323584,-768000,154624,-577536,485376,-1370112,-1826816,-2326528,-241664,-347136,-1743872,-552960,-381952,-1046528,-711680,-1871872,-2496512,-88064,-1533952,-818176,-703488,-1317888,-709632,-452608,-1148928,-1616896,-1657856,-400384,-910336,-635904,-272384,-758784,-284672,-1628160,-1492992,-2020352,-960512,-1790976,-364544,313344,-1740800,-706560,-984064,-757760,-821248,-603136,-751616,402432,-620544,920576,612352,-1313792,-1344512,-2001920,-1908736,-295936,-1851392,-748544,-167936,-971776,-1403904,-721920,263168,-1038336,-1006592,-318464,-151552,235520,-1733632,-161792,-875520,-1270784,-1249280,-629760,-851968,-980992,-750592,495616,-13312,-785408,-2054144,-1696768,-1354752,-2657280,-1089536,-1052672,-1354752,-430080,-788480,-364544,-1550336,428032,-840704,-720896,-1502208,-1831936,25600,-465920,-1122304,-38912,-1537024,-1435648,-687104,-1361920,-1324032,599040,-329728,-636928,311296,-276480,-756736,-1234944,-1829888,-1508352,-1064960,422912,81920,-1567744,-829440,751616,-2017280,-2420736,-699392,-518144,-1546240,3072,-561152,-1536000,64512,-266240,-1410048,-1100800,-1431552,-1169408,521216,-824320,-919552,-2275328,13687808
-579584,-99328,-887808,-468992,-243712,-110592,997376,-344064,-26624,-1608704,-928768,617472,368640,-588800,-1478656,-1081344,-1545216,0,-1289216,76800,96256,128000,-694272,485376,-535552,-602112,-1666048,-357376,-413696,321536,-72704,-892928,-124928,-178176,23552,-766976,-634880,-169984,-180224,-600064,-361472,710656,249856,-194560,-495616,357376,-370688,292864,453632,254976,-323584,517120,32768,172032,164864,-761856,-166912,-389120,-702464,301056,-2061312,-274432,-906240,-1656832,-731136,-291840,-1203200,754688,20480,-311296,-1069056,439296,-1045504,-397312,39936,-1181696,-620544,393216,-883712,-3072,290816,-94208,-796672,32768,-73728,-949248,112640,-1075200,-572416,-1050624,592896,-1037312,-126976,-683008,226304,413696,-1202176,58368,-483328,-470016,-46080,-605184,-1474560,-759808,-61440,-351232,1214464,-329728,-1315840,-288768,-751616,-6144,-1396736,-1807360,-290816,-582656,351232,-403456,-1799168,264192,-381952,201728,-157696,360448,1059840,504832,-229376,270336,-1486848,-514048,-79872,26624,-1150976,-571392,365568,-691200,-1000448,-522240,-1900544,-1080320,-1894400,-955392,671744,-1531904,732160,-3072,-678912,-901120,557056,-615424,-119808,-797696,107520,288768,-35840,-36864,1160192,-123904,106496,74752,-237568,-551936,625664,-306176,-1111040,-965632,326656,-306176,-731136,-405504,74752,1014784,-943104,-2237440,-398336,-493568,-267264,1024,-266240,-438272,-514048,-512000,272384,-679936,-974848,-340992,-1492992,-101376,22528,-292864,-835584,765952,-1435648,53248,519168,-1855488,-969728,-51200,-16384,-1774592,669696,-840704,67584,-1817600,-1598464,-861184,165888,586752,-186368,-735232,-15360,-250880,-1095680,-757760,872448,-1160192,-279552,461824,491520,209920,11264,266240,-543744,-39936,-54272,-605184,399360,498688,-1485824,-438272,328704,-880640,-817152,-446464,-709632,464896,-338944,-531456,306176,-1338368,-644096,-2208768,-812032,-713728,-663552,786432,-173056,-1072128,-909312,-795648,-2368512,-238592,-136192,-1469440,-394240,-256000,-1001472,951296,-415744,-2043904,-1221632,375808,-188416,307200,-249856,-1045504,-173056,-932864,-77824,-1959936,-1425408,603136,82944,-404480,-726016,-633856,-913408,55296,-49152,-492544,245760,-744448,-1132544,-248832,-129024,869376,721920,-1217536,-1599488,43008,625664,11264,-244736,-919552,-399360,-629760,-1865728,-712704,345088,110592,-1173504,-53248,607232,55296,353280,60416,-792576,141312,411648,-780288,-538624,-957440,332800,230400,-374784,-456704,-492544,-2156544,11264,-1549312
551936,-267264,585728,-1835008,-655360,563200,-419840,-360448,931840,-1702912,1217536,336896,364544,325632,795648,-1202176,-31744,188416,-348160,635904,-1071104,-723968,-409600,359424,77824,-859136,-74752,-153600,578560,-381952,-227328,364544,45056,1352704,458752,-618496,-224256,-551936,-656384,-15360,-788480,-1767424,-271360,-125952,-23552,945152,454656,-106496,-855040,152576,-1710080,-95232,-272384,271360,868352,365568,-493568,-634880,-101376,-925696,368640,-8192,-7168,38912,-304128,709632,283648,-629760,1367040,-592896,-231424,-97280,-594944,-142336,181248,371712,-147456,1080320,-949248,-623616,-1091584,-148480,275456,1360896,-681984,-270336,-184320,-421888,-923648,598016,-22528,61440,-577536,-319488,-482304,-462848,377856,-398336,62464,-1246208,-312320,-522240,1040384,325632,-551936,-155648,390144,-439296,821248,211968,-87040,-66560,613376,-931840,-329728,369664,650240,-1100800,-172032,461824,685056,1311744,91136,264192,184320,-1014784,652288,631808,-536576,282624,-281600,354304,99328,558080,-635904,-825344,-78848,876544,1159168,-227328,446464,-186368,553984,92160,124928,-292864,101376,450560,-226304,160768,569344,481280,-360448,-681984,168960,-689152,-308224,-873472,-295936,-15360,-1087488,-47104,-1024,185344,-101376,307200,17408,363520,-790528,-583680,-506880,-371712,97280,542720,-224256,858112,46080,-540672,252928,-596992,-1989632,-192512,656384,-39936,715776,427008,882688,-225280,621568,-316416,575488,571392,-443392,-240640,681984,176128,-369664,618496,720896,-473088,33792,-596992,-520192,-481280,8192,-600064,81920,-105472,-1421312,-452608,154624,704512,502784,464896,-337920,278528,592896,405504,-509952,-1754112,-76800,2142208,503808,714752,-91136,-238592,-873472,-1698816,-809984,-164864,-333824,114688,-363520,-648192,762880,-376832,-589824,27648,-630784,592896,157696,-833536,993280,808960,-272384,-419840,-343040,1165312,211968,204800,193536,1447936,-1003520,303104,-322560,-80896,-701440,818176,-640000,-1162240,162816,369664,-558080,-92160,-229376,-1371136,152576,-57344,-1086464,538624,1004544,-901120,-412672,38912,-1349632,51200,-1743872,-1025024,1793024,-1077248,781312,-288768,-973824,-772096,77824,-760832,-178176,834560,26624,628736,-268288,530432,-175104,-195584,-1595392,777216,100352,-431104,312320,-2029568,-1269760,-535552,-737280,-1447936,514048,-68608,-664576,131072,167936,178176,964608,-580608,-159744,-576512,-120832,-1079296,-632832,200704,-925696,82944
-110592,-1512448,-999424,-612352,-635904,-1625088,-1807360,8548352,-1937408,-564224,-467968,-394240,-768000,-93184,684032,390144,-1726464,-1000448,48128,34816,243712,-1062912,-762880,-422912,-181248,-408576,-713728,-1432576,-476160,-585728,-71680,883712,-1116160,-937984,-939008,-413696,45056,-167936,-1325056,-926720,-483328,-19456,587776,30720,-1517568,-500736,-185344,-816128,869376,160768,-380928,292864,-478208,-265216,-1251328,-1276928,-1941504,-200704,-620544,728064,650240,-482304,503808,-609280,5120,194560,38912,-527360,-120832,-525312,313344,317440,1050624,-660480,-496640,-248832,-312320,-692224,366592,701440,-872448,25600,-1123328,-823296,-973824,-508928,-921600,-259072,-464896,1086464,-869376,719872,-950272,-300032,-1796096,831488,-500736,-533504,939008,537600,-837632,-775168,132096,-2306048,-1295360,-40960,-214016,-1906688,-782336,-1640448,-638976,-155648,1102848,-931840,-461824,-9216,216064,1192960,184320,-681984,13312,-1001472,-1043456,-607232,-187392,-1049600,-294912,-372736,-407552,-585728,-721920,-1152000,-490496,-196608,-396288,-1336320,-257024,-865280,308224,-607232,214016,-454656,-16384,429056,-1072128,-559104,204800,-224256,-607232,1307648,-392192,-417792,-317440,191488,-76800,-748544,-609280,-2048,-1061888,-1131520,-1212416,-251904,-730112,-1235968,15360,-654336,-877568,14336,419840,-869376,-615424,-622592,-1112064,-565248,-1436672,416768,-899072,-1105920,-336896,34816,216064,-245760,-391168,-729088,-1563648,392192,-686080,-130048,-393216,-644096,-129024,-1143808,-1489920,-377856,591872,-2223104,-208896,-747520,-772096,769024,254976,-783360,-1302528,-517120,-1043456,-1029120,-119808,-735232,-258048,-825344,-1577984,-8192,-505856,-1415168,567296,-382976,-694272,-340992,-702464,865280,-1394688,-20480,-118784,-622592,-135168,-531456,796672,564224,288768,990208,-997376,65536,-1419264,-1382400,-235520,-89088,-355328,-1004544,246784,290816,-313344,-1309696,-384000,198656,-571392,285696,61440,-718848,-922624,13312,-1310720,-961536,-1077248,537600,-27648,199680,-514048,332800,-753664,-191488,-1448960,-17408,74752,-263168,559104,-668672,-1017856,-717824,556032,-201728,-261120,-1265664,-879616,-821248,-354304,357376,155648,-1265664,-1679360,-1075200,-1499136,-402432,579584,-319488,526336,-1800192,-214016,-228352,87040,-2026496,-901120,-129024,-1163264,596992,-1468416,233472,385024,-79872,1100800,-674816,-760832,833536,809984,-407552,650240,24576,-729088,-609280,-378880,-2027520,387072,-1249280,-671744,438272,-802816,-898048,-1509376,-206848,-880640,-1338368
-707584,-321536,-310272,317440,-600064,448512,-826368,259072,-403456,50176,35840,657408,-241664,-510976,-852992,-289792,325632,500736,-12288,-1008640,120832,-311296,-473088,-697344,1166336,-1142784,410624,791552,254976,443392,-156672,-21504,-1093632,-420864,-205824,299008,188416,844800,283648,917504,681984,531456,-178176,-535552,-961536,333824,1069056,-535552,-46080,692224,626688,87040,1010688,-348160,26624,369664,-267264,351232,-291840,431104,850944,254976,191488,630784,395264,35840,1489920,-51200,-1453056,-248832,539648,-1619968,-326656,-145408,1867776,26624,209920,-240640,570368,1059840,-604160,1297408,552960,-220160,561152,-742400,216064,378880,305152,-916480,616448,637952,726016,1114112,498688,1160192,622592,-172032,571392,-301056,-1803264,114688,1997824,-675840,246784,-55296,-82944,-29696,-12288,-54272,147456,-66560,185344,1090560,1116160,430080,-592896,-142336,-203776,259072,278528,710656,656384,932864,-87040,-136192,37888,444416,-881664,-392192,50176,953344,-282624,-367616,-904192,1055744,-988160,-305152,-134144,-221184,-1210368,-479232,470016,581632,219136,229376,487424,-685056,-660480,1021952,-129024,1393664,836608,-741376,562176,-49152,-1239040,-55296,-835584,674816,735232,826368,514048,278528,232448,713728,462848,751616,1296384,154624,832512,-580608,444416,463872,253952,36864,1423360,63488,-48128,-654336,-549888,-845824,467968,1027072,517120,866304,-328704,752640,-335872,-332800,-655360,-745472,-8192,1166336,363520,-550912,144384,-171008,-439296,233472,316416,-1086464,-14336,293888,415744,924672,-1054720,-881664,-531456,-579584,-1741824,-589824,328704,-774144,657408,-309248,675840,1229824,-487424,702464,507904,319488,0,1502208,814080,-454656,-168960,602112,687104,-404480,1048576,252928,60416,10240,-706560,160768,400384,-133120,-1325056,59392,544768,832512,-177152,-658432,354304,-21504,-151552,296960,505856,697344,131072,1642496,1733632,709632,1829888,-720896,-98304,567296,477184,-705536,-102400,-530432,82944,-120832,-513024,-120832,-182272,-513024,-955392,-275456,361472,210944,1074176,233472,-702464,-692224,-864256,-324608,-278528,335872,-17408,991232,-35840,-882688,2069504,523264,-1506304,-704512,826368,696320,763904,918528,1159168,561152,-256000,-62464,134144,-295936,1847296,1577984,-473088,-618496,-757760,1233920,-322560,221184,801792,542720,-410624,259072,-60416,721920,116736,490496,176128,-1063936,1043456,726016,187392,-110592
-303104,-822272,-222208,-14336,543744,-394240,-476160,-768000,-1654784,-781312,-1767424,-930816,-944128,-745472,12288,462848,-678912,-447488,-1561600,62464,-399360,-261120,-826368,-332800,-258048,-448512,-994304,-1201152,-706560,-1026048,-808960,-832512,221184,-1319936,456704,-685056,-1597440,-1326080,-242688,-1298432,-778240,503808,391168,-550912,-996352,-207872,-1423360,-845824,-2149376,-1420288,247808,-664576,-882688,297984,-425984,-1832960,-306176,-26624,-306176,-724992,-289792,-496640,149504,-721920,-711680,-581632,-1300480,-241664,-984064,-522240,787456,-643072,-996352,1208320,431104,-654336,-1173504,-576512,-1229824,-1122304,-2164736,1006592,-40960,-340992,-727040,-940032,-1897472,-1506304,18432,-1289216,-2048,-1305600,-1564672,-613376,-573440,-1981440,-1788928,202752,-565248,390144,-958464,-1587200,-818176,-627712,-417792,-628736,-2013184,-1779712,-462848,-1622016,-980992,-1184768,-2028544,-1634304,-984064,-871424,-2403328,-1462272,-736256,-448512,203776,8192,-732160,-146432,-1434624,-1127424,498688,99328,622592,-1451008,910336,-349184,430080,-807936,-1001472,431104,-550912,-568320,-96256,-278528,-670720,-134144,222208,-1221632,-709632,524288,149504,47104,-1101824,-776192,58368,-774144,-1448960,-1173504,468992,-425984,-1079296,410624,-2039808,-68608,-17408,-651264,-1420288,-578560,-784384,-679936,-802816,-893952,-604160,-1321984,-1829888,49152,-574464,-1451008,-1447936,-562176,-659456,-1626112,-1416192,-1793024,550912,-477184,466944,-237568,651264,-992256,-806912,-159744,-234496,15360,-777216,-399360,-918528,-346112,-466944,-1430528,-2152448,-674816,107520,187392,-894976,-378880,462848,-848896,372736,-1054720,-1288192,-404480,-483328,61440,-531456,311296,-1445888,-1214464,-299008,-1211392,165888,263168,-1153024,303104,662528,-887808,916480,-1371136,270336,-2053120,-643072,-87040,529408,-714752,-823296,-104448,-493568,-714752,-2007040,-777216,123904,-771072,-353280,-978944,-917504,-425984,-913408,-2752512,-2426880,-1505280,-546816,61440,-1115136,-396288,-834560,-1309696,-868352,-690176,-1178624,-460800,-576512,-270336,1243136,-1196032,-1170432,-694272,489472,-1054720,-650240,81920,-1187840,460800,-839680,-466944,-1242112,-294912,-861184,-1519616,-1394688,-713728,-23552,-425984,-859136,-305152,-634880,-922624,817152,-1988608,-1418240,-693248,-1549312,-463872,-286720,-1839104,-1442816,189440,-1076224,-226304,-1718272,-675840,-179200,-529408,-1506304,-628736,-490496,-2147328,-413696,-1384448,-234496,-99328,-1469440,-815104,-525312,-1458176,-1477632,-692224,-223232,-38912,-232448,-1227776,-335872,-1162240,-721920,-1822720
977920,-162816,209920,1174528,-113664,-558080,592896,457728,1495040,179200,-532480,399360,552960,-519168,795648,463872,-36864,309248,-52224,-357376,773120,-375808,67584,780288,-780288,-200704,-745472,1623040,710656,-28672,488448,53248,1104896,-68608,-56320,1243136,433152,-177152,-31744,-585728,1007616,460800,516096,-305152,-461824,191488,-209920,1282048,297984,759808,1734656,276480,-1589248,67584,-646144,674816,1155072,1222656,169984,-174080,315392,-31744,190464,-372736,132096,196608,496640,-69632,339968,-126976,-891904,-832512,-1158144,-372736,1082368,195584,262144,869376,315392,1196032,1404928,-1143808,-309248,84992,353280,357376,43008,304128,117760,-236544,-998400,228352,933888,-1121280,1008640,-1037312,1100800,502784,155648,-587776,192512,-531456,835584,493568,-254976,129024,1541120,158720,312320,-104448,-846848,-303104,619520,-297984,-155648,548864,237568,-11264,942080,544768,-870400,-775168,-205824,1095680,1811456,890880,828416,-366592,1225728,726016,658432,-195584,377856,-1298432,1219584,-352256,876544,-53248,1087488,-529408,350208,1335296,1647616,528384,470016,33792,-799744,543744,-22528,886784,832512,-816128,646144,-448512,1024000,-158720,423936,253952,-316416,424960,171008,239616,-1052672,1416192,-1673216,532480,521216,-893952,558080,386048,16384,146432,-64512,138240,614400,356352,-1218560,1841152,-96256,686080,151552,632832,-759808,623616,743424,1355776,136192,-521216,611328,-468992,1334272,-702464,-1876992,15360,901120,-1333248,967680,427008,-628736,-63488,236544,71680,-1124352,278528,1320960,-222208,904192,-304128,-349184,236544,-869376,-965632,933888,-500736,1073152,-100352,464896,249856,-736256,-570368,-949248,738304,227328,-252928,580608,12288,713728,-456704,-334848,117760,280576,-221184,1046528,917504,1081344,749568,-76800,-646144,-240640,-887808,-913408,1284096,677888,319488,1599488,-396288,-769024,-794624,291840,-1435648,-533504,91136,368640,172032,263168,-911360,13312,1117184,-391168,-145408,-161792,489472,1884160,615424,505856,612352,-568320,-528384,-121856,-816128,936960,335872,407552,-6144,-540672,-118784,-792576,-234496,-1033216,-182272,256000,-237568,183296,-1031168,350208,811008,659456,-1086464,-378880,243712,325632,-1270784,-180224,78848,-112640,322560,-167936,-100352,681984,-1132544,1108992,961536,-560128,-165888,163840,-968704,10240,92160,380928,861184,-1753088,355328,1298432,230400,1019904,593920,-1185792,939008,1127424,852992
-777216,-448512,-762880,-953344,-1081344,-1049600,236544,-505856,-136192,-361472,-62464,-1435648,507904,152576,-123904,-538624,-1785856,-976896,-404480,-264192,-1954816,-1373184,-783360,-601088,514048,68608,194560,219136,428032,56320,-1114112,256000,-642048,-576512,-280576,-76800,-147456,-1204224,-1033216,264192,66560,-1131520,1103872,98304,-650240,-1916928,-547840,-733184,1269760,-1400832,-49152,-340992,-146432,-38912,565248,-377856,-668672,-870400,-1226752,-523264,-1172480,-1557504,-493568,-555008,1997824,-468992,-232448,-1036288,-279552,-287744,-1152000,-329728,-115712,-318464,-804864,-952320,-1174528,-876544,-1501184,-51200,-1211392,-788480,186368,-422912,-608256,-489472,270336,-884736,-720896,-96256,-421888,-208896,-1743872,-663552,-519168,27648,-180224,-675840,-166912,-1094656,-662528,-78848,-690176,187392,-1143808,-627712,-1072128,1032192,-799744,93184,17408,1081344,-878592,-114688,274432,-175104,-2640896,-120832,483328,-620544,401408,314368,-345088,-1440768,534528,-1430528,-666624,303104,-1198080,790528,-510976,263168,-566272,-263168,312320,-504832,-1262592,-1110016,-889856,-607232,430080,-677888,564224,-699392,-1135616,-1195008,837632,241664,-378880,-154624,622592,-764928,-1759232,-753664,-22528,-1134592,-758784,-561152,711680,-1014784,-101376,29696,88064,558080,406528,282624,200704,-943104,-1177600,-553984,-1063936,-1321984,263168,209920,-292864,-350208,11264,-958464,-890880,-962560,-815104,129024,-440320,764928,-1177600,-580608,-314368,144384,-1120256,330752,-54272,-1512448,798720,-732160,-295936,-646144,-875520,268288,828416,-947200,-557056,26624,-998400,-393216,418816,-479232,-992256,-363520,-617472,-1007616,379904,-29696,246784,-629760,274432,-561152,-1191936,-1646592,-1230848,344064,-409600,-94208,-112640,-364544,-747520,81920,-2061312,344064,-496640,-1044480,-438272,-1178624,-590848,-1227776,-937984,-1236992,-112640,-1699840,232448,-825344,-422912,-529408,512000,-1402880,-803840,-515072,-1116160,-132096,299008,-1245184,80896,-1110016,69632,87040,-701440,-1842176,-1148928,689152,-100352,902144,45056,372736,-54272,-1124352,-1465344,-482304,-310272,-307200,-562176,892928,951296,-819200,-409600,-1517568,-239616,-857088,-453632,-488448,-910336,451584,-537600,-1530880,-264192,-1084416,-961536,-1462272,-172032,259072,-198656,48128,173056,-647168,-472064,-1840128,692224,-392192,-724992,-244736,-567296,296960,241664,-821248,-1182720,-1081344,-1526784,-363520,-528384,587776,-237568,9216,-257024,-1211392,-61440,-293888,-1352704,-649216,-474112,-10240,-1416192,-378880
-1608704,-530432,-2268160,87040,-841728,-837632,-542720,-457728,351232,-265216,-443392,-1052672,152576,-1029120,-1174528,-2555904,-836608,-1401856,-1071104,-595968,-880640,236544,1384448,-903168,-1056768,-325632,-2567168,35840,-666624,-885760,-1189888,249856,-604160,-2117632,724992,-772096,430080,-674816,-106496,-208896,-901120,-1449984,1197056,-764928,893952,-1673216,-427008,-499712,-89088,411648,-1581056,-1105920,-1092608,-174080,-1854464,-1773568,-2156544,-703488,-277504,227328,-397312,-860160,-470016,-1212416,-818176,-1326080,-1007616,-259072,566272,-589824,-573440,29696,-1069056,-1326080,-387072,-577536,-672768,-204800,-744448,-894976,-1001472,-1851392,-777216,-434176,-1860608,-1359872,-946176,-412672,-278528,-24576,-1165312,-1250304,-74752,-726016,219136,16384,-529408,-7168,-1303552,-126976,-382976,-203776,-1112064,-1187840,-480256,-1110016,-148480,-1464320,-743424,-497664,-493568,-1247232,-21504,-1409024,-2490368,-611328,-547840,535552,-1326080,98304,-1269760,95232,-1780736,-75776,1201152,225280,-923648,-1177600,246784,-1751040,-881664,-1880064,-211968,261120,-706560,86016,-681984,68608,-1623040,324608,-2138112,-646144,-418816,-856064,-742400,-634880,-605184,74752,-562176,-1385472,-774144,-822272,-410624,-1543168,-591872,-1594368,-648192,-379904,-1083392,-1294336,-1573888,72704,-910336,-260096,-136192,-1038336,-1156096,-427008,-373760,-477184,-1368064,443392,692224,-234496,-2112512,-378880,-899072,-1576960,53248,-1262592,-450560,-1273856,-183296,-933888,-386048,-2163712,-731136,-365568,-1344512,-1487872,-1315840,-203776,-815104,-360448,-733184,-135168,-964608,-997376,-193536,727040,-1096704,-669696,-437248,-1016832,106496,-260096,-31744,101376,-915456,39936,-1355776,-719872,-1009664,-1359872,-897024,-1668096,86016,-148480,135168,-412672,-608256,-743424,-1600512,920576,-196608,-389120,378880,-963584,-676864,-1549312,-1987584,-3164160,-1482752,-879616,-1039360,-697344,-1029120,-1982464,562176,-1479680,-542720,-890880,-588800,139264,-187392,-9216,-903168,-450560,-664576,-513024,-365568,-651264,-441344,-1381376,-1049600,-1084416,-785408,100352,-1274880,117760,-607232,-1900544,93184,-1455104,409600,-480256,-1082368,-393216,-562176,-933888,-770048,-50176,-1725440,-851968,-386048,-661504,53248,-1512448,-1198080,-1387520,-800768,-396288,-388096,1178624,-137216,-61440,-951296,112640,-1145856,-1227776,-461824,-1195008,696320,-387072,22528,-1273856,871424,-635904,-1283072,-769024,-1240064,356352,-650240,368640,330752,-1520640,-975872,-552960,-2425856,-306176,-825344,-1586176,369664,-1096704,-347136,-1607680,257024,-1002496,-1471488,-868352
-209920,291840,-1120256,-56320,260096,73728,-772096,1937408,-880640,-1277952,-1235968,-648192,650240,483328,-777216,744448,944128,-140288,-33792,-125952,-965632,357376,447488,369664,295936,-931840,-93184,748544,427008,-340992,160768,-1086464,-2063360,-594944,-288768,472064,601088,536576,-183296,-29696,-131072,-656384,56320,-176128,393216,551936,-209920,-399360,-418816,-1231872,-653312,428032,-256000,591872,100352,504832,794624,262144,593920,462848,630784,371712,645120,353280,-638976,206848,-812032,-572416,276480,378880,-1028096,164864,1013760,-1001472,625664,515072,-606208,-1176576,212992,-466944,-719872,-413696,-413696,553984,-408576,947200,-496640,225280,-162816,-830464,-1112064,-499712,276480,-177152,584704,-484352,-559104,1247232,240640,-699392,538624,737280,62464,112640,189440,-743424,-821248,-357376,-1902592,-781312,288768,-253952,319488,-860160,-1488896,-247808,-885760,-19456,-308224,915456,-31744,234496,330752,-1286144,-232448,-646144,-1349632,199680,460800,-935936,934912,149504,961536,306176,-15360,1001472,334848,-594944,-135168,-183296,-1635328,1243136,826368,-801792,-40960,-579584,-873472,48128,-239616,-50176,1340416,694272,534528,-112640,237568,-1000448,-200704,557056,399360,-600064,-306176,-82944,734208,-218112,575488,5120,189440,-408576,380928,899072,502784,-559104,-592896,415744,82944,-10240,259072,1001472,307200,738304,-1363968,451584,557056,-1143808,872448,-733184,136192,-11264,-313344,-492544,408576,-1142784,-291840,537600,-1772544,631808,-860160,-621568,-698368,-206848,-303104,-523264,-244736,577536,-205824,-168960,-188416,251904,-687104,-367616,-331776,-27648,467968,668672,-422912,63488,-116736,-1057792,-1400832,-779264,652288,-218112,602112,780288,-1060864,-464896,117760,-375808,334848,-111616,219136,580608,99328,103424,-143360,74752,-356352,1011712,-63488,322560,-457728,-325632,401408,-156672,157696,313344,-1411072,-930816,-66560,-284672,1232896,661504,249856,670720,332800,-408576,-19456,-68608,-549888,345088,-258048,-403456,-3072,102400,-45056,3072,-395264,59392,217088,1216512,190464,-790528,112640,-789504,-1205248,770048,-968704,-109568,620544,-74752,-252928,416768,-312320,-345088,-709632,-1446912,-556032,-398336,373760,1142784,-1344512,-404480,-282624,-327680,-443392,-37888,778240,-98304,677888,68608,-434176,-77824,236544,-566272,-251904,140288,-139264,-562176,-521216,508928,-44032,-961536,-910336,-1015808,-755712,-726016,648192,57344,-729088,261120
-905216,751616,-336896,-405504,1491968,-320512,-643072,210944,-923648,-1550336,-536576,366592,-271360,409600,-563200,-1214464,-132096,295936,-216064,100352,-759808,-368640,-149504,568320,-634880,-197632,970752,492544,371712,-651264,-110592,948224,198656,233472,-753664,-293888,-574464,164864,257024,-698368,-737280,108544,-179200,-1455104,-1103872,-1020928,-1126400,-1423360,-848896,-1525760,-479232,199680,373760,-445440,-471040,-245760,628736,-403456,-355328,-1426432,267264,-956416,1346560,462848,731136,-673792,-437248,-661504,-1098752,-327680,-451584,-738304,-488448,233472,150528,-1108992,-1160192,-894976,21504,-440320,425984,-1165312,-552960,-929792,-456704,-1606656,-529408,-138240,-76800,163840,-752640,936960,-193536,-629760,-903168,-1189888,847872,-697344,-500736,-14336,-388096,-859136,-114688,-567296,-199680,-1110016,188416,936960,-764928,-1376256,-1005568,-1154048,-66560,-402432,-1461248,65536,-1420288,-1062912,314368,-318464,311296,-1040384,-948224,-432128,-156672,-577536,263168,-687104,-782336,-136192,50176,-503808,-329728,-546816,-994304,217088,285696,-1009664,31744,-53248,16384,195584,-91136,492544,-1370112,151552,252928,-218112,-353280,-1316864,-271360,-317440,-1661952,-1113088,-108544,-514048,1249280,-224256,640000,24576,-456704,396288,777216,-458752,-604160,161792,264192,-611328,964608,100352,-359424,-1246208,-358400,-1127424,337920,346112,-173056,-509952,1041408,1205248,457728,-228352,-1105920,34816,-69632,-611328,-1149952,22528,1303552,-864256,338944,-910336,-1608704,-1223680,-947200,-733184,274432,-239616,-697344,-251904,335872,86016,-223232,310272,-950272,-528384,-1186816,-1372160,528384,-1088512,1226752,-406528,-1019904,206848,-2144256,-1190912,-659456,23552,-812032,57344,-1395712,-1301504,413696,-935936,-2435072,-717824,-174080,-46080,-220160,-824320,400384,-186368,-273408,-171008,-346112,797696,-436224,-831488,-965632,-36864,-1755136,-193536,-366592,-456704,-1079296,-1171456,290816,-1680384,-147456,-683008,-168960,-1136640,-340992,-923648,370688,-243712,-1377280,-45056,-1422336,-2063360,-233472,-845824,-1643520,-1013760,-1368064,-990208,-800768,-674816,241664,-1404928,-1145856,-2074624,-642048,-517120,222208,-549888,376832,-802816,-798720,-425984,-776192,-2158592,-477184,-570368,-792576,-26624,99328,449536,-489472,629760,-196608,826368,-1025024,-594944,-637952,-20480,320512,-769024,-843776,-422912,-2603008,-205824,446464,-411648,55296,590848,-386048,-474112,-235520,-764928,502784,-2321408,11384832,-347136,-932864,350208,-624640,-346112,-630784,-1518592
-808960,185344,629760,-678912,-524288,-187392,603136,882688,781312,-99328,1552384,-236544,-219136,248832,-190464,-429056,104448,-1030144,-167936,1154048,444416,147456,1398784,-381952,-390144,637952,-590848,1497088,1804288,614400,-212992,-278528,-310272,-710656,468992,584704,1681408,957440,86016,-241664,-58368,1752064,-758784,863232,-854016,66560,1421312,-463872,-310272,1462272,-408576,1013760,279552,441344,633856,1916928,758784,1275904,412672,-94208,-95232,537600,10240,198656,1857536,103424,1254400,345088,49152,-33792,995328,691200,1001472,-1248256,155648,948224,-350208,438272,713728,-384000,657408,-6144,-66560,1544192,436224,-193536,2006016,-68608,-132096,327680,119808,-550912,772096,-182272,355328,210944,388096,246784,122880,755712,-806912,947200,-304128,722944,200704,-253952,-628736,-504832,1210368,-702464,1771520,20480,-273408,560128,461824,138240,993280,283648,304128,1075200,190464,270336,1852416,1105920,1378304,-344064,263168,-1060864,-567296,-51200,-32768,1509376,630784,-613376,0,508928,1236992,393216,-198656,-183296,665600,-82944,55296,-982016,1451008,928768,1419264,-1359872,975872,-134144,-125952,698368,234496,1250304,-165888,902144,-973824,145408,1400832,541696,-582656,-567296,732160,-1053696,1202176,413696,359424,1678336,-253952,603136,154624,391168,-254976,741376,242688,-288768,319488,-772096,1987584,1142784,1123328,-135168,-294912,-717824,-51200,337920,36864,302080,564224,301056,-588800,-122880,-577536,193536,386048,143360,-432128,-681984,-774144,700416,-556032,-295936,-529408,1062912,75776,2753536,624640,233472,-611328,-407552,-599040,1090560,-171008,407552,1097728,97280,-496640,978944,913408,-709632,449536,-339968,1028096,515072,390144,317440,1003520,476160,41984,-1143808,408576,1325056,119808,-292864,541696,-291840,1311744,-681984,-173056,-244736,-464896,-921600,178176,-521216,625664,-33792,-427008,198656,-1509376,381952,-327680,592896,-72704,-48128,407552,-209920,1357824,-209920,-790528,-949248,1175552,366592,-474112,761856,1350656,76800,-48128,-310272,710656,-14336,-280576,-643072,1254400,232448,-425984,-1029120,-1024,-707584,1268736,-776192,812032,382976,690176,65536,46080,-246784,358400,-713728,864256,584704,1136640,102400,-80896,535552,99328,54272,86016,1339392,50176,-81920,440320,187392,742400,867328,-898048,-299008,1347584,614400,658432,-347136,828416,70656,-381952,-805888,-65536,-1635328,471040,667648,422912,162816
-1215488,-893952,-961536,223232,-418816,227328,73728,-243712,-99328,497664,-1285120,-720896,-9216,-387072,670720,-735232,-462848,-444416,387072,-698368,-563200,-637952,-924672,-309248,-679936,524288,-304128,-647168,-328704,-722944,-1101824,923648,-441344,-1154048,777216,631808,61440,-207872,-548864,-2100224,-275456,-1491968,-719872,-732160,-1253376,-73728,-962560,-776192,-1116160,-877568,-340992,-179200,-505856,-467968,-838656,-1721344,-521216,-1074176,-852992,-142336,-612352,-175104,871424,-952320,78848,387072,121856,-796672,-44032,-665600,441344,855040,-582656,666624,-592896,-902144,173056,-1078272,-137216,-717824,-858112,-187392,-1555456,-139264,175104,-1040384,-1188864,-493568,-623616,-827392,266240,-148480,-772096,-1466368,-820224,257024,-698368,-663552,172032,-169984,-1257472,-166912,-254976,-410624,-178176,-269312,-312320,97280,-1393664,-1387520,-581632,-800768,-187392,394240,-953344,-862208,-1179648,488448,-613376,-628736,41984,-92160,-112640,-749568,-1411072,-736256,-1034240,-1144832,-479232,-1190912,1224704,-956416,55296,-575488,607232,-836608,-1547264,-308224,-1019904,230400,913408,-585728,-28672,518144,-1456128,1856512,-883712,-417792,801792,-650240,430080,-423936,-1750016,-2010112,-946176,107520,-813056,253952,-1251328,-642048,183296,708608,90112,-871424,218112,-1732608,-20480,-135168,-210944,81920,82944,-952320,399360,-1090560,-1096704,93184,-824320,-169984,-881664,541696,-281600,506880,-158720,-899072,-480256,-290816,521216,-1424384,-984064,130048,334848,400384,-550912,-851968,130048,-1264640,-109568,-310272,-1909760,371712,239616,-173056,-154624,-406528,-1072128,-215040,-421888,43008,533504,-454656,-1129472,477184,-1072128,-1868800,-1058816,-1961984,-504832,-839680,-156672,-424960,-497664,-660480,-728064,-940032,-352256,-1347584,-385024,16384,-637952,-397312,-175104,-474112,-1256448,-1506304,-932864,-836608,-1566720,273408,-1052672,224256,-861184,-211968,-1369088,-499712,-729088,-730112,622592,124928,-1134592,1004544,-667648,-712704,-197632,-220160,-1119232,-515072,-1575936,-322560,-17408,-215040,-690176,-1203200,-657408,-1586176,-1005568,405504,-162816,73728,-670720,124928,-1460224,-233472,-1661952,-74752,-404480,-1863680,-95232,-147456,-954368,-1033216,846848,-741376,168960,-1225728,-516096,-369664,-887808,-1534976,-332800,-1195008,-302080,-1600512,-389120,-544768,7168,-22528,-111616,-262144,-678912,-1315840,-1328128,-220160,-996352,304128,-398336,-1190912,-363520,-108544,-1576960,-292864,140288,-389120,-561152,-896000,-593920,660480,-1055744,790528,-884736,-521216
-512000,-1112064,-463872,-859136,-1484800,-508928,-1123328,-502784,-302080,-61440,-28672,88064,-1664000,-1310720,-268288,-542720,-2081792,-1580032,-145408,-515072,196608,-1529856,-1074176,-1294336,-1013760,-750592,-830464,-1012736,-332800,162816,-534528,545792,-679936,-193536,-1185792,424960,-754688,706560,-883712,-398336,748544,-2058240,-235520,-181248,-266240,-986112,378880,-508928,-773120,0,-1591296,-675840,-1550336,-724992,-1977344,-1565696,-769024,673792,1004544,8192,336896,-480256,-453632,-915456,-132096,-518144,-549888,1329152,-305152,222208,-114688,-989184,-846848,-1049600,-1131520,-769024,-1206272,-806912,-1063936,-1373184,-723968,-205824,-1425408,-1693696,-2224128,-629760,-171008,793600,-949248,-1128448,-847872,-710656,-798720,-183296,462848,-806912,69632,-1481728,224256,-289792,-734208,-737280,334848,-98304,50176,-979968,-1316864,-878592,-539648,-854016,-1316864,-711680,-415744,-702464,-265216,153600,-747520,-1155072,536576,-1025024,-181248,-72704,-2274304,-217088,-1107968,377856,-865280,253952,-1311744,-759808,-1711104,161792,-198656,125952,-823296,-236544,-1083392,-2286592,-758784,-1190912,-1897472,-1254400,-926720,272384,-1163264,-790528,-710656,94208,-945152,-480256,-908288,-880640,388096,-494592,-704512,171008,-684032,-668672,-520192,-1820672,-991232,-813056,-1159168,-533504,-1260544,100352,-730112,-1288192,-309248,-1395712,-1041408,95232,-402432,-124928,-109568,233472,-817152,216064,-1020928,-233472,-11264,521216,-1400832,-743424,-1192960,-543744,-445440,-526336,-1875968,-56320,-319488,-95232,-793600,-1264640,-1931264,-2194432,231424,-1133568,180224,-1303552,-1564672,-931840,-1370112,-490496,497664,621568,-630784,-2083840,-1989632,-996352,72704,-739328,-698368,-1107968,-536576,-596992,-505856,-439296,-1210368,-1544192,-894976,-941056,-1019904,-386048,-262144,-1328128,-38912,-1638400,-1552384,269312,-693248,-2434048,-993280,-1229824,-1270784,-94208,-1213440,325632,109568,-862208,-1934336,-1085440,-175104,-349184,-1733632,-2129920,-960512,-1647616,220160,-1532928,-705536,-1550336,-1053696,540672,-1201152,-1223680,-990208,-1593344,-837632,-1420288,-915456,-1282048,-500736,-611328,-1589248,-1132544,-1553408,28672,-1028096,-1331200,331776,-437248,-652288,1832960,-549888,-1028096,369664,-1018880,-1539072,-918528,-232448,-1457152,-1349632,-1148928,364544,-821248,-758784,-130048,-567296,-819200,-1003520,-285696,-1619968,-1201152,-777216,-798720,-1509376,-627712,-158720,-445440,-280576,-350208,-1089536,1101824,-457728,-167936,-734208,-1863680,-746496,-1116160,-1870848,-12288,-283648,-361472,-1202176,-1171456,-208896,-759808,-479232,-674816
310272,506880,-960512,598016,-885760,-1079296,748544,192512,-51200,974848,305152,-645120,-18432,-1144832,-499712,235520,1024,-13312,-268288,899072,-978944,-509952,1113088,-395264,-318464,265216,211968,4096,-480256,143360,210944,-1309696,-375808,-508928,-128000,211968,-1199104,556032,369664,-294912,-82944,-809984,748544,-527360,-133120,674816,-522240,-534528,-517120,-96256,132096,166912,-1204224,-750592,367616,801792,645120,-492544,372736,-227328,-611328,-448512,-278528,241664,96256,-233472,276480,-549888,-608256,-1400832,-1081344,77824,999424,968704,-400384,-906240,-670720,-698368,-159744,24576,531456,89088,-135168,-54272,-89088,1047552,777216,58368,-177152,223232,-531456,1119232,-1293312,1417216,1018880,-123904,1144832,-656384,-883712,-926720,-641024,-473088,1639424,719872,307200,-763904,-1840128,-784384,-1071104,920576,-778240,932864,-861184,-203776,172032,-396288,-343040,-1434624,33792,638976,618496,-565248,418816,-15360,275456,-35840,-400384,-390144,439296,-199680,-891904,706560,357376,-610304,889856,1119232,104448,137216,403456,769024,497664,313344,247808,-850944,200704,-439296,1290240,40960,-86016,-199680,773120,405504,346112,273408,-1113088,52224,-677888,831488,31744,-659456,-163840,-233472,447488,-15360,-228352,-264192,-656384,-295936,-149504,266240,-617472,-184320,25600,-21504,1254400,796672,-25600,229376,-235520,-538624,585728,180224,-998400,471040,363520,-199680,758784,200704,65536,322560,201728,1002496,40960,-310272,754688,-1529856,-245760,-224256,-249856,-1447936,-17408,877568,-312320,1003520,-340992,23552,-797696,-973824,-701440,-52224,-622592,228352,450560,-1363968,894976,-92160,696320,-157696,-1170432,306176,149504,-1255424,-544768,476160,-919552,-650240,237568,239616,-876544,-52224,-458752,674816,616448,786432,-234496,-61440,227328,757760,1267712,448512,425984,259072,-1048576,-120832,-13312,-171008,-2048000,-221184,625664,-235520,121856,-803840,180224,-141312,-553984,-621568,-311296,-421888,-850944,425984,109568,270336,-225280,-706560,-69632,123904,-143360,-109568,-1006592,-583680,1630208,-1306624,-440320,-300032,-880640,-832512,-489472,-119808,-1233920,-836608,-638976,58368,558080,770048,-928768,-1271808,-215040,113664,110592,-348160,182272,-193536,304128,726016,1140736,628736,-417792,-75776,-246784,724992,203776,-1344512,-631808,288768,-242688,-36864,463872,498688,671744,-403456,566272,655360,-145408,-402432,919552,1088512,-290816,-948224,-935936,-318464
-276480,-295936,-1200128,-178176,-1370112,343040,-239616,-237568,-2734080,-970752,-1439744,-1293312,1532928,75776,425984,-542720,-1376256,-1601536,-1010688,-657408,266240,228352,-129024,-10240,-1097728,77824,515072,113664,-762880,276480,-178176,144384,908288,533504,-216064,-406528,-273408,-209920,-225280,-305152,-1141760,311296,-1568768,-911360,-677888,234496,-1036288,262144,-479232,604160,-81920,-749568,-97280,-393216,-625664,-993280,-927744,-1157120,-430080,794624,-1248256,-1638400,-1056768,717824,-1164288,-292864,-529408,960512,314368,-587776,459776,-713728,-710656,-953344,-592896,-1033216,-2192384,-14336,-92160,914432,-408576,-385024,-470016,-1165312,356352,195584,686080,1006592,-410624,-161792,-792576,-474112,514048,-883712,-646144,-902144,-398336,-722944,-752640,-224256,749568,349184,-1093632,-662528,-1669120,-250880,655360,474112,-613376,82944,-240640,-51200,460800,-1562624,-402432,-89088,-558080,30720,-178176,-36864,-67584,-529408,-1259520,-735232,461824,-555008,211968,175104,-744448,-998400,-655360,-721920,26624,-986112,134144,-1421312,-509952,375808,-679936,663552,-2000896,-875520,-1405952,-247808,-319488,29696,919552,175104,-352256,-1382400,203776,-858112,-247808,694272,-934912,991232,1059840,-248832,-451584,-839680,796672,-1088512,561152,-243712,-1110016,-958464,-128000,930816,-390144,16384,-461824,154624,-1358848,-544768,81920,-220160,-565248,1034240,-677888,-348160,281600,-454656,-698368,-185344,-1078272,-1397760,-1326080,-1210368,319488,-237568,-330752,-613376,-1299456,-46080,-1094656,-475136,-1471488,-650240,-1313792,-889856,-472064,-1133568,154624,-618496,28672,-998400,-1168384,710656,108544,-499712,-482304,188416,-627712,-953344,-1848320,-499712,-2176000,-762880,-95232,-219136,743424,-206848,-1350656,-1412096,376832,-945152,1401856,-181248,439296,-185344,47104,-147456,-1336320,-1135616,-543744,-845824,-765952,321536,-674816,-712704,-515072,-400384,4096,-1764352,-2352128,-875520,-1035264,-920576,-180224,-220160,-1238016,177152,-645120,-928768,681984,-479232,-523264,120832,340992,-251904,-289792,-2255872,-1044480,-78848,-179200,-146432,133120,-484352,-543744,-498688,-1726464,-385024,-281600,-1364992,77824,-33792,-30720,156672,-1890304,872448,-962560,-160768,-650240,-585728,603136,916480,-430080,985088,-1682432,-827392,-556032,-1012736,-852992,-1155072,-227328,-96256,-1427456,-2048,-908288,-1542144,-909312,-722944,180224,748544,-149504,-1579008,389120,-997376,-814080,-604160,239616,-221184,861184,-1485824,-1457152,-542720,-880640,439296,-471040,-79872
742400,19456,70656,-439296,794624,1010688,105472,480256,1018880,836608,482304,-288768,290816,576512,-1127424,296960,261120,122880,-380928,-941056,-117760,881664,864256,-1184768,-344064,432128,757760,-46080,-20480,-400384,694272,-308224,-214016,393216,198656,-867328,783360,268288,-659456,-34816,525312,-1296384,-266240,126976,1459200,208896,57344,79872,701440,-230400,-253952,-516096,1269760,254976,1153024,98304,558080,337920,553984,-1050624,145408,-1140736,-243712,-57344,122880,-186368,835584,-216064,-525312,1960960,-284672,923648,-935936,-1285120,380928,-1303552,139264,465920,-830464,518144,752640,431104,577536,497664,-118784,3072,205824,644096,-418816,-720896,249856,405504,-19456,1010688,-1068032,395264,863232,-83968,569344,758784,301056,-44032,87040,-3072,-779264,-44032,-70656,216064,-457728,-1498112,1213440,1006592,-51200,1715200,1138688,-118784,1675264,-848896,592896,318464,584704,1767424,-850944,196608,392192,-555008,1024,74752,-316416,-1063936,273408,162816,1054720,302080,-366592,1670144,-157696,-950272,-81920,359424,436224,1248256,-320512,556032,-637952,-2048,274432,1133568,-248832,175104,481280,-130048,711680,-217088,282624,-461824,-182272,900096,-623616,1057792,629760,2671616,-1281024,-291840,-699392,-690176,-57344,566272,-715776,-920576,-807936,-451584,499712,368640,97280,-412672,323584,-408576,272384,-318464,-457728,834560,-46080,917504,809984,-351232,377856,262144,-653312,-1015808,-656384,545792,-547840,193536,317440,281600,-368640,-91136,-1682432,-650240,356352,-97280,-504832,-316416,-939008,-718848,168960,411648,616448,-1052672,-250880,1116160,-102400,548864,1669120,178176,508928,365568,269312,-363520,133120,-414720,-323584,16384,577536,-543744,-39936,-1240064,672768,211968,126976,686080,1553408,539648,-164864,-909312,1033216,-203776,-1342464,-930816,188416,32768,713728,-349184,29696,636928,-17408,-902144,1575936,191488,455680,-412672,270336,-294912,-1337344,-771072,-662528,199680,41984,387072,177152,58368,902144,-580608,959488,-1449984,-664576,652288,89088,-796672,19456,847872,-57344,-259072,-579584,168960,-1256448,111616,342016,-353280,1205248,356352,821248,-1272832,-931840,-1992704,510976,340992,-148480,606208,-71680,-220160,198656,91136,-1153024,847872,-297984,447488,975872,355328,-349184,569344,832512,-800768,210944,-811008,115712,140288,-642048,547840,-164864,-349184,-290816,-340992,-59392,-192512,-312320,-277504,8192,607232
-1083392,-129024,-395264,-185344,634880,-233472,-195584,-684032,-992256,-666624,-58368,76800,-733184,-1758208,-1397760,191488,-187392,-57344,211968,-245760,-75776,514048,92160,-36864,-1011712,-44032,57344,-1585152,-773120,-493568,-1606656,-694272,-489472,-1095680,-436224,-1036288,-693248,-171008,-2000896,-666624,1206272,-876544,625664,-148480,-282624,-470016,-526336,-408576,-1345536,-1191936,-373760,-218112,466944,-903168,-623616,-1213440,-436224,-435200,-1691648,-672768,277504,2135040,918528,-310272,-361472,88064,205824,-708608,-1314816,-1074176,293888,128000,949248,-671744,-1581056,288768,-645120,67584,-2048,-140288,-95232,-1205248,-481280,-2226176,-988160,-396288,-325632,-588800,-815104,-1484800,-581632,-643072,-731136,-1433600,-1096704,-728064,-612352,12288,-363520,-1111040,-139264,-672768,-505856,17408,-929792,-791552,-1526784,168960,-477184,159744,-1635328,-1100800,1030144,51200,-2651136,12288,-1295360,-935936,184320,569344,-304128,96256,971776,-16384,-723968,268288,-823296,-257024,12288,921600,-783360,91136,152576,-881664,-1242112,855040,-291840,196608,458752,-906240,304128,-284672,-343040,-1351680,61440,55296,199680,-742400,809984,-700416,190464,160768,559104,6144,840704,-211968,372736,202752,-1305600,-249856,-879616,935936,-572416,684032,120832,-210944,-339968,-362496,-53248,-405504,-420864,-344064,-573440,-838656,-612352,-216064,-149504,-1697792,-1261568,-435200,-795648,-333824,-562176,-777216,-29696,-1438720,-1368064,-196608,310272,-839680,292864,-484352,-875520,165888,550912,-600064,-601088,-232448,-504832,31744,-245760,-738304,-1057792,-1062912,-912384,-186368,-726016,339968,-1285120,-902144,-1358848,-446464,714752,-1225728,-366592,-61440,-219136,-331776,-1171456,-431104,-294912,35840,-1376256,-1131520,-1206272,176128,-430080,310272,-676864,-288768,624640,-1736704,-795648,-2029568,-1697792,926720,-669696,-564224,-303104,-244736,-814080,-522240,-1438720,-799744,-290816,-823296,-568320,87040,-742400,-163840,-884736,-2048,-154624,-1501184,-297984,157696,-539648,11264,-619520,-838656,-609280,-350208,-1316864,-882688,-556032,-532480,-182272,-359424,259072,-802816,-699392,32768,-843776,22528,-297984,-411648,-68608,-55296,-1379328,-962560,-7168,-1261568,444416,-545792,-1750016,-10240,-658432,-338944,-243712,-1362944,-1030144,-1768448,-796672,-1331200,-1411072,-72704,-233472,-1169408,69632,-24576,-2002944,-2035712,-593920,123904,337920,-709632,-467968,793600,-1586176,-856064,-673792,98304,-398336,-457728,-211968,125952,22528,-187392,-1093632,-1186816
643072,-1864704,-365568,-721920,-1273856,-987136,-1315840,-2651136,251904,-345088,-73728,-668672,-749568,-486400,15360,-1697792,-1051648,-676864,-53248,-828416,-1068032,-536576,-830464,-678912,-264192,-225280,-203776,-1150976,-88064,-423936,132096,-62464,-1435648,-1399808,-781312,-882688,-677888,-516096,-790528,-550912,-1199104,-1270784,-773120,-369664,-590848,-1828864,-891904,7168,-369664,-164864,84992,-723968,-254976,-1629184,-1014784,-1392640,-763904,-479232,-55296,484352,325632,-165888,-1072128,-965632,-941056,-175104,-32768,-690176,-1359872,-904192,-2077696,-1342464,-755712,-217088,-1219584,209920,-731136,-752640,-763904,-867328,-453632,-1075200,-941056,-1058816,163840,-788480,-111616,-1404928,-1625088,-1001472,-1075200,-3361792,-1936384,-34816,-703488,-156672,-114688,-826368,-1080320,-1082368,-1137664,-2403328,299008,-1379328,-669696,-434176,-413696,-1878016,-1485824,-1471488,-471040,-584704,-2048000,216064,-795648,-15360,-15360,-414720,-1499136,-257024,-1753088,38912,-428032,-1057792,789504,821248,624640,-778240,-1409024,-1135616,-242688,-355328,-665600,492544,-1484800,-724992,-974848,-2350080,-352256,-862208,-1189888,-1233920,-376832,-520192,-1583104,-1577984,12288,100352,-547840,-728064,-1051648,-649216,225280,-723968,-1691648,-934912,-1011712,-831488,863232,-684032,-1085440,-771072,425984,-2594816,-342016,551936,-1887232,1025024,-129024,-969728,-850944,-337920,-1288192,-1546240,-515072,-1417216,-227328,-808960,-1052672,-3325952,-690176,-1178624,-877568,-561152,79872,505856,-1894400,-897024,-1824768,-766976,-889856,-1105920,-2566144,-2111488,1057792,-316416,800768,-526336,-820224,-179200,-1161216,-1217536,-1004544,-376832,-1716224,155648,-1733632,-1585152,-41984,-1430528,-1883136,-1065984,-1500160,-1424384,-1396736,-206848,-1530880,-807936,-798720,-428032,-551936,-1686528,-701440,-417792,-631808,-229376,-287744,-1044480,-608256,-601088,-3267584,566272,-693248,-1104896,-419840,-1655808,-1015808,-1984512,-877568,-2542592,-1029120,-868352,-1302528,-122880,-1013760,-342016,-1144832,-1040384,-1688576,-878592,-919552,223232,-139264,-602112,-697344,-403456,-1079296,-340992,-2436096,-1684480,-1894400,-1176576,-540672,-573440,-2008064,103424,-1099776,-2428928,-2472960,-985088,-684032,-972800,-523264,-126976,-294912,-969728,-730112,-22528,117760,-477184,-1330176,-1832960,-1520640,-1005568,-61440,-956416,-961536,-1205248,-1135616,-93184,-607232,-570368,-283648,-980992,1287168,-1414144,-1665024,-584704,-1223680,-448512,-982016,-768000,-1247232,585728,-1308672,-548864,-2228224,-876544,-836608,251904,703488,-893952,-1714176,-1069056,-1098752,-820224,-442368,-1401856,-961536,-1392640
261120,703488,139264,-287744,-234496,1215488,-226304,-384000,-466944,689152,164864,-957440,-305152,-60416,-362496,-270336,150528,-280576,578560,-1202176,452608,-174080,-608256,471040,-347136,160768,746496,724992,-221184,251904,-1789952,-31744,-117760,358400,2131968,-348160,-675840,-815104,-180224,-279552,-435200,-203776,-1032192,378880,-871424,-1085440,183296,-227328,-190464,-1453056,284672,-328704,-60416,1273856,1777664,-145408,-334848,-582656,668672,980992,-228352,385024,1175552,-637952,-225280,782336,-490496,147456,-1174528,-360448,985088,585728,-448512,171008,1441792,-932864,645120,-1945600,243712,-492544,-1253376,1059840,496640,-575488,-547840,-419840,-1013760,358400,-407552,-1102848,417792,162816,-518144,-519168,-430080,412672,-78848,-202752,-649216,266240,31744,900096,-401408,-955392,-1201152,347136,-1807360,73728,-577536,-69632,-1229824,34816,484352,109568,-742400,-1478656,-312320,-557056,-889856,-101376,-797696,67584,-344064,254976,114688,-745472,-40960,306176,-310272,-362496,1005568,-287744,-493568,-898048,574464,-399360,400384,99328,-703488,687104,-101376,-82944,-608256,-885760,-1224704,-1227776,277504,155648,1140736,502784,73728,-800768,556032,-683008,663552,943104,778240,-447488,-534528,-189440,-492544,-607232,1004544,434176,425984,-1094656,160768,-431104,-779264,-705536,-764928,-406528,-512000,-606208,595968,-788480,-558080,61440,-300032,-475136,-739328,391168,-1117184,39936,-297984,-1070080,349184,-1076224,94208,-1533952,-337920,55296,-768000,-1005568,-146432,-1432576,-686080,328704,59392,-785408,-525312,27648,582656,-391168,82944,307200,543744,-1654784,438272,936960,797696,-99328,-683008,64512,-804864,-582656,-452608,-728064,-373760,27648,-765952,609280,-471040,192512,-1254400,605184,-830464,356352,373760,428032,1358848,-506880,-129024,-1539072,-1106944,726016,-799744,-253952,-253952,-270336,580608,349184,-487424,-573440,-1090560,-1349632,-841728,-1463296,-360448,625664,-629760,538624,-1031168,-1255424,-138240,258048,67584,47104,-723968,-779264,1436672,704512,245760,-838656,-190464,-154624,56320,-249856,-352256,130048,-307200,-68608,-677888,112640,-566272,-693248,-292864,43008,649216,-487424,871424,-687104,-523264,-1848320,513024,-141312,-791552,642048,-69632,261120,503808,-448512,-463872,-761856,-838656,113664,-616448,-1519616,-513024,-589824,-1426432,-1096704,-636928,-187392,211968,985088,-889856,17408,33792,485376,74752,-261120,3396608,-297984,-546816,224256,364544,7168,-86016,-1202176
-436224,-1029120,-573440,-280576,-1311744,1547264,-1913856,-1487872,-1855488,-569344,-332800,790528,308224,-280576,-605184,-1422336,-1004544,-886784,-1451008,-1040384,577536,-172032,-453632,-701440,-555008,-278528,-703488,-600064,-1361920,-1144832,80896,-235520,-1288192,-1045504,-701440,424960,-631808,-402432,-429056,-1174528,-424960,452608,-271360,-1317888,27648,-2129920,-1213440,-355328,-2643968,-151552,1024,-1061888,-1276928,-1757184,-1854464,-642048,-1024000,-23552,499712,-526336,-291840,872448,493568,-1443840,976896,-1246208,1638400,-256000,-1182720,-137216,340992,-1436672,-1270784,-1462272,-2530304,-1038336,-69632,1027072,330752,-558080,-816128,-388096,-1160192,-876544,1098752,-1168384,-1004544,305152,212992,-526336,-783360,-714752,134144,-686080,-71680,-389120,-256000,-591872,-1180672,-1254400,136192,-1256448,-401408,-618496,-198656,370688,-1660928,273408,258048,-1601536,-723968,174080,-676864,-324608,300032,-86016,-911360,-50176,-8192,-107520,151552,-1136640,-870400,-80896,-676864,69632,-915456,-1549312,-1609728,156672,-758784,-40960,-613376,40960,-187392,579584,570368,-416768,-707584,345088,-541696,-2074624,-972800,-872448,-54272,37888,-693248,405504,-1045504,-484352,-2801664,-734208,-793600,-752640,691200,-1160192,-334848,183296,-1843200,-736256,241664,-559104,-367616,-1133568,-494592,218112,266240,-162816,88064,-975872,-431104,-1580032,-609280,-846848,-378880,-1077248,-448512,-929792,-872448,-461824,-1234944,-421888,-178176,-1199104,-2265088,-1471488,34816,-1034240,-438272,-765952,-14336,-914432,-1223680,-363520,-1032192,-44032,389120,-158720,-1189888,-686080,72704,-621568,258048,-696320,-647168,-1468416,96256,-912384,-550912,-1164288,-310272,-996352,-447488,-454656,-869376,-606208,-735232,143360,-1338368,-1716224,556032,-1046528,-1896448,-404480,-525312,-1087488,-732160,-875520,-262144,-96256,-937984,-538624,-944128,303104,-350208,-34816,-2788352,-910336,-594944,304128,-1143808,-400384,-167936,-923648,785408,-1258496,-406528,-2137088,-1333248,-1719296,-830464,-870400,-1494016,-1018880,-19456,-849920,-199680,-1261568,-243712,-1186816,-2033664,-613376,-456704,-1052672,46080,-618496,-29696,-46080,-51200,-695296,-775168,-564224,450560,-583680,-686080,-313344,-1021952,-806912,-878592,-885760,-721920,-872448,191488,-1115136,-2236416,-329728,-1325056,-1384448,-1159168,-1174528,-241664,-160768,-1311744,-679936,-1113088,-156672,-598016,-910336,-1516544,-560128,-765952,-148480,496640,-721920,-649216,-1694720,5120,-982016,-1790976,-822272,-878592,-441344,-365568,45056,-833536,-232448,-1384448,-929792,-151552,-662528
221184,81920,-832512,-1221632,946176,319488,742400,498688,-713728,18432,1102848,461824,201728,476160,408576,226304,58368,997376,295936,530432,-6144,-418816,-922624,640000,168960,1211392,314368,137216,-1118208,428032,315392,-539648,-320512,529408,-585728,843776,432128,-458752,-334848,-233472,1224704,719872,177152,-178176,808960,46080,1589248,-283648,-294912,-300032,830464,651264,-667648,-434176,188416,894976,171008,114688,-43008,1132544,-1395712,571392,835584,-41984,496640,-271360,189440,669696,-491520,-343040,-456704,1537024,125952,1805312,823296,315392,-159744,-809984,-1220608,1051648,692224,-177152,-508928,-688128,-368640,13312,-233472,-349184,-3072,-543744,705536,690176,-165888,1145856,408576,94208,139264,684032,-1854464,-396288,752640,265216,443392,-1275904,-54272,386048,-67584,621568,-611328,338944,821248,1594368,-285696,-68608,477184,728064,301056,-884736,1090560,-250880,863232,-303104,854016,693248,649216,-291840,496640,-672768,-631808,-283648,732160,1330176,-241664,-660480,-57344,-240640,-683008,-774144,168960,325632,239616,300032,-325632,-788480,-563200,323584,-521216,568320,-384000,595968,-312320,1949696,366592,-284672,287744,1078272,-438272,74752,1185792,82944,60416,-1264640,-406528,-246784,1228800,968704,689152,-546816,60416,467968,-872448,-20480,550912,431104,991232,-415744,-314368,522240,-470016,-1661952,334848,851968,-688128,878592,931840,491520,82944,1142784,-626688,1140736,-150528,629760,1224704,-1248256,-265216,1895424,-46080,456704,-1203200,-1485824,-176128,741376,-396288,-109568,50176,-325632,-1277952,-768000,-339968,-419840,-43008,-26624,1598464,-449536,-214016,19456,-7168,-456704,523264,264192,-480256,-540672,719872,349184,-780288,279552,90112,-599040,46080,-832512,-22528,-1473536,775168,-871424,500736,-48128,531456,-518144,-57344,-294912,-252928,634880,517120,399360,-615424,-489472,-933888,146432,388096,-483328,377856,-208896,-960512,308224,3072,387072,-847872,366592,48128,-1093632,-530432,864256,444416,89088,-370688,80896,309248,185344,643072,-46080,-438272,-461824,224256,-620544,113664,-1282048,-1227776,201728,-221184,807936,251904,731136,474112,604160,-402432,-753664,-387072,-131072,630784,488448,-77824,406528,856064,499712,-781312,230400,1409024,1136640,63488,-589824,-67584,419840,850944,-343040,-333824,-790528,-174080,-1203200,676864,-332800,-109568,123904,-186368,490496,847872,-59392,-14336,-209920,-269312,-1027072
185344,852992,69632,779264,-315392,211968,-641024,-1389568,-1389568,-804864,-510976,-562176,-62464,-656384,-96256,-1015808,-937984,-563200,8192,-884736,-1196032,264192,-1223680,1218560,-843776,209920,-990208,-779264,-332800,91136,920576,-1331200,-966656,24576,79872,205824,-703488,-1998848,-372736,93184,-1460224,204800,-296960,-540672,-628736,161792,-715776,-696320,-62464,-1068032,-308224,-166912,-732160,-537600,-674816,-1346560,-911360,-119808,-837632,-951296,-319488,-51200,31744,271360,172032,132096,-1280000,-34816,-721920,-303104,240640,125952,-934912,376832,-859136,-632832,-225280,-844800,-155648,-222208,-288768,169984,-1028096,-181248,-937984,-508928,-281600,342016,355328,-205824,1018880,-479232,-694272,-727040,-260096,-50176,-312320,-450560,551936,923648,-425984,240640,-615424,-551936,-1138688,-542720,-46080,-1077248,-357376,444416,-84992,-171008,-163840,373760,-211968,-514048,-966656,-488448,-242688,370688,238592,-1270784,-24576,-903168,-1601536,-1489920,-5120,-25600,-30720,-2101248,-1362944,-619520,-82944,-396288,-696320,-512000,-240640,-953344,-32768,-1081344,365568,-644096,304128,282624,264192,-525312,628736,694272,-1527808,-1043456,564224,-806912,-297984,100352,241664,804864,31744,-1274880,333824,323584,1569792,-162816,-138240,-150528,-72704,-264192,-138240,510976,196608,1011712,447488,-161792,-416768,-509952,-789504,-1355776,-1280000,-1120256,282624,-1374208,873472,-1677312,-1155072,-925696,-765952,-1265664,-789504,-968704,717824,93184,766976,-567296,-28672,227328,-1200128,-1810432,544768,-1881088,1176576,-1330176,328704,890880,-1085440,-338944,-807936,-1782784,301056,67584,703488,1015808,80896,-437248,-702464,-159744,-3167232,-937984,-973824,-813056,-404480,-200704,-258048,-203776,-381952,-505856,-264192,-715776,711680,-909312,102400,-978944,-1585152,217088,335872,-2123776,-32768,-612352,-692224,-761856,-633856,-113664,478208,141312,-68608,-195584,124928,196608,99328,-105472,-648192,-1370112,-576512,151552,-1599488,446464,-1311744,67584,-43008,-204800,-154624,-935936,-155648,-1131520,-1336320,-1116160,171008,-30720,-1074176,-589824,-269312,-856064,-1043456,-605184,412672,-764928,-965632,-964608,-405504,-1481728,269312,355328,-65536,145408,531456,-720896,290816,-660480,245760,234496,-129024,-1443840,-1944576,-190464,-408576,734208,-22528,303104,-828416,-1863680,-1232896,-582656,111616,-63488,-549888,889856,-296960,69632,-685056,2048,-1039360,-510976,-1403904,-1632256,9216,-509952,-4096,1385472,-350208,-551936,-2044928,-1448960
918528,-867328,-1616896,-1230848,-677888,-1014784,408576,-1201152,-750592,-1201152,-503808,219136,-590848,-422912,-1928192,-971776,-2163712,-1224704,-1136640,-278528,55296,-153600,-1132544,-1620992,351232,-67584,-592896,643072,-1262592,424960,-1246208,-906240,-1010688,-178176,-1580032,-868352,1007616,-772096,-284672,-372736,-1442816,-513024,-2335744,-1016832,-1231872,610304,-1128448,1001472,-568320,-522240,-980992,-175104,-896000,-893952,-256000,-318464,586752,-1063936,64512,-590848,-1019904,-1017856,-1116160,-940032,-863232,-877568,-1196032,-402432,-1248256,-996352,-536576,517120,-348160,184320,617472,-806912,-632832,-502784,-993280,-1147904,-19456,-363520,72704,-378880,-777216,413696,-210944,364544,-153600,-771072,-2588672,-112640,-1267712,-546816,-435200,-705536,-1485824,-625664,-991232,-684032,-1680384,-821248,-802816,1088512,-323584,-1993728,-164864,-270336,-1002496,315392,-1245184,-1408000,-930816,-913408,-270336,-901120,-427008,-1560576,-775168,-2660352,-228352,-908288,-1032192,587776,-835584,-512000,-889856,-560128,-1913856,749568,-1448960,-1965056,-1246208,-1260544,-231424,1263616,-1445888,-1866752,-651264,261120,-1235968,-547840,-1418240,-148480,-1120256,-809984,-220160,-1872896,-1214464,-1171456,-1422336,-1148928,-610304,792576,58368,-1327104,-1451008,-837632,-836608,347136,-385024,847872,-330752,-575488,-572416,-836608,-806912,-809984,99328,-841728,-982016,-916480,-576512,-2252800,-1357824,482304,-1259520,-240640,1123328,-921600,-158720,-1269760,-1343488,165888,40960,-533504,-309248,-1571840,-1896448,-1564672,-1425408,-3051520,-131072,-256000,-627712,-523264,299008,-1021952,-1290240,-1103872,-843776,-1189888,-624640,-113664,-627712,-878592,-535552,-604160,-689152,-1041408,96256,-1025024,-1447936,-1943552,-1388544,-403456,-634880,-1391616,-1830912,-860160,-1643520,-1353728,-84992,-612352,-100352,-879616,-71680,-825344,107520,-1758208,-587776,-299008,-359424,-104448,288768,-551936,-753664,-1282048,-706560,-1739776,-1709056,-58368,-942080,253952,-1042432,-120832,-1077248,-370688,-2072576,758784,-791552,-913408,-1593344,331776,-1175552,-617472,-980992,-683008,-360448,-1358848,-382976,-602112,-728064,417792,-300032,-1161216,-1259520,-1111040,-161792,-1340416,-946176,-677888,-985088,-128000,44032,273408,-869376,-1486848,-385024,-1519616,-786432,-724992,-684032,-283648,-514048,-458752,-779264,-1006592,-701440,-684032,-1095680,-967680,-1442816,-1182720,-1143808,-1064960,-855040,643072,-1452032,-1574912,-194560,-1573888,-604160,-2076672,-219136,-3085312,-1012736,-793600,-286720,534528,-520192,-2247680,-1297408,-1923072,-2655232,-498688,-674816,-2565120,13885440,-1754112
-913408,120832,866304,-240640,474112,-1014784,-410624,161792,-558080,353280,-771072,-75776,409600,87040,-193536,578560,-783360,237568,-687104,-672768,-1191936,715776,-1679360,-315392,-1362944,-1358848,-453632,-112640,253952,-515072,151552,784384,-697344,880640,419840,128000,-20480,700416,-52224,167936,368640,-89088,-436224,-201728,1255424,-247808,-813056,-804864,-956416,-428032,-963584,73728,-724992,70656,227328,-82944,-575488,-982016,-1060864,-129024,45056,-152576,991232,-173056,-1316864,-1989632,633856,-1328128,-608256,-1647616,1463296,281600,-796672,-337920,-1089536,303104,62464,-481280,552960,51200,-154624,59392,156672,780288,-630784,433152,-462848,1214464,498688,-90112,9216,694272,-716800,-996352,-625664,532480,-1125376,-920576,-858112,96256,952320,-343040,-183296,924672,-64512,-54272,-1147904,-56320,-169984,1343488,-781312,-941056,763904,-1128448,-918528,396288,204800,786432,826368,548864,758784,-783360,-1043456,-892928,-1057792,-470016,-598016,-1086464,-1135616,821248,-1244160,-204800,-878592,-541696,-2905088,-216064,-302080,454656,14336,-5120,1132544,-39936,-1122304,-685056,-838656,51200,-53248,-1114112,-459776,-1767424,1157120,-1243136,-662528,851968,-1882112,468992,780288,-1647616,-503808,-421888,73728,-212992,-410624,36864,-370688,-708608,-542720,421888,-1065984,-561152,-770048,-106496,906240,-113664,26624,243712,397312,-704512,-483328,1238016,-428032,-466944,591872,-924672,736256,-90112,-1494016,181248,-1251328,-972800,572416,-419840,-1127424,203776,28672,-1589248,-1447936,15360,-1021952,-670720,-108544,395264,-313344,-71680,-899072,-594944,-2509824,-250880,-681984,-252928,1009664,-1087488,394240,-1201152,-70656,-1652736,-603136,-533504,-48128,1016832,-807936,-379904,-1140736,-345088,-1276928,205824,-587776,-352256,-354304,-1709056,1005568,-1265664,-651264,-604160,-274432,-102400,-451584,536576,520192,-117760,-5120,671744,-254976,322560,-710656,-330752,-21504,-875520,-1381376,-368640,-1000448,-985088,-883712,-762880,568320,249856,120832,-150528,741376,-1314816,295936,-885760,-956416,385024,-374784,-428032,54272,-253952,1379328,-445440,-539648,-595968,37888,-1103872,440320,401408,-1334272,-842752,20480,-723968,-1284096,-486400,-2036736,-104448,1261568,-506880,-275456,-1015808,-631808,-1367040,-311296,-811008,269312,-861184,-967680,1702912,-471040,-1094656,174080,244736,-557056,-1102848,-458752,-223232,-488448,-140288,4096,-822272,-1093632,-1281024,-1987584,15407104,2376704,-1106944,-87040,61440,-139264,-221184,-1293312,716800
-835584,-1453056,-683008,-1232896,-353280,-801792,-2027520,577536,-791552,-1354752,-356352,26624,-1231872,-683008,-1327104,-471040,831488,1069056,-210944,-275456,-806912,-360448,-152576,-1137664,-157696,-386048,-2155520,-670720,-1142784,137216,75776,627712,-462848,-376832,-999424,-483328,-960512,-161792,-1454080,11264,-1114112,1075200,437248,-822272,-2194432,-1103872,-433152,-1583104,-228352,-424960,-244736,-182272,-210944,-2051072,552960,-1258496,-1890304,83968,117760,-354304,-823296,-534528,-840704,-1153024,-719872,13312,-470016,-374784,645120,-317440,-531456,-703488,-290816,-788480,-687104,-759808,-1520640,-1084416,-918528,358400,-631808,-1995776,-1419264,763904,-1612800,-867328,-918528,-634880,-25600,-1083392,-1187840,-1960960,-720896,-1192960,-140288,-700416,-288768,-521216,-1428480,-1333248,-1295360,-586752,-173056,-159744,-268288,-444416,-517120,-57344,20480,-1993728,146432,-479232,13312,-811008,-329728,-621568,59392,1583104,-13312,-567296,-2019328,324608,-781312,-1810432,-1567744,-473088,-232448,-687104,-1110016,507904,-364544,-1212416,410624,-1281024,-332800,530432,-1682432,-1886208,-529408,-168960,-1241088,-716800,-1903616,-391168,-1673216,-1528832,-785408,-287744,-559104,-1303552,-172032,-839680,-753664,-1068032,-585728,-1276928,-728064,-1965056,-222208,-1475584,-302080,-382976,-610304,-2237440,156672,-1781760,-780288,-261120,-909312,-959488,-83968,76800,-1039360,-1634304,-3186688,-1361920,-950272,-840704,-1129472,-1218560,-973824,-1533952,-718848,-1505280,-592896,-274432,-772096,-178176,-788480,-1006592,-542720,-672768,-1756160,-1123328,-718848,-1233920,-993280,-1249280,111616,-2775040,-117760,-990208,-604160,-1272832,-580608,-596992,-873472,-1277952,-1193984,-121856,-584704,-1782784,-735232,-874496,452608,-592896,600064,-733184,-1184768,-259072,446464,-2780160,-196608,-504832,-1440768,-276480,-735232,-779264,-283648,-883712,-956416,-1080320,-695296,-712704,-1065984,-1624064,267264,-1823744,-854016,-722944,122880,-926720,-738304,-596992,-1008640,-1006592,-1034240,-1502208,-1016832,-1189888,-2560000,-1112064,-897024,-327680,-1562624,-136192,-905216,-1376256,39936,-1901568,-1088512,-326656,-1011712,-607232,-974848,-1481728,-620544,-691200,-1979392,-960512,-2171904,-564224,123904,-366592,-608256,-56320,-1262592,-2408448,-1027072,-1729536,-883712,186368,-1406976,161792,549888,-552960,-346112,-807936,-1703936,-949248,-664576,-1162240,-1281024,-897024,-1567744,-560128,-1083392,-1584128,-866304,-568320,-1004544,-418816,167936,-945152,-821248,-1379328,-1565696,-1126400,-409600,-1505280,-538624,-2695168,-1355776,-775168,-990208,36864,-773120,-971776,-585728,184320
-755712,662528,-248832,-262144,-527360,-1145856,-35840,-334848,-518144,205824,-866304,-1952768,-517120,-474112,-416768,-1108992,-173056,-1152000,130048,-396288,366592,-2076672,348160,-242688,-655360,-72704,289792,-1011712,-1049600,-487424,-2393088,25600,-1009664,-16384,-124928,449536,-13312,-657408,-1180672,-145408,64512,-839680,-772096,-671744,204800,536576,603136,-1122304,-539648,478208,-260096,252928,-616448,-91136,-701440,-330752,20480,97280,-1048576,-999424,1004544,-465920,-1718272,-707584,672768,985088,-807936,-985088,850944,348160,21504,-559104,-802816,-219136,237568,-837632,-512000,-1027072,-416768,-745472,-819200,621568,-507904,-1671168,-582656,-1330176,-1861632,-434176,-2021376,-497664,-251904,540672,1119232,-1244160,-1264640,-323584,421888,-1060864,-486400,274432,-285696,-618496,-535552,104448,555008,-206848,-280576,-893952,-581632,1193984,-94208,-904192,-143360,489472,498688,-1034240,-1242112,-44032,250880,787456,-12288,-600064,-393216,-143360,493568,-354304,-842752,-803840,-90112,-862208,1642496,-625664,-1711104,-705536,-680960,-2100224,92160,-225280,-841728,60416,-496640,-450560,-405504,-653312,-1049600,-1115136,202752,-743424,-932864,78848,-137216,-1043456,39936,183296,-548864,282624,-372736,39936,45056,-567296,-2405376,-834560,-857088,491520,641024,-1551360,499712,-1371136,-408576,121856,-995328,-1342464,-216064,283648,-541696,-402432,-200704,-222208,-747520,-120832,-277504,-397312,-1165312,989184,408576,179200,-370688,-177152,-716800,73728,-970752,783360,-624640,309248,-755712,-378880,-696320,90112,-1888256,-1092608,986112,179200,-468992,-175104,-1026048,-404480,-1164288,-874496,-903168,-432128,292864,-829440,-997376,194560,-1927168,-50176,-4096,-1716224,-1773568,514048,386048,134144,204800,-515072,-1974272,-633856,322560,579584,-728064,1550336,-768000,-1091584,-325632,87040,-1257472,-647168,-1637376,-1281024,206848,-398336,186368,-566272,-175104,-1257472,393216,-310272,-897024,-459776,-1173504,-602112,348160,-842752,-730112,-966656,-1519616,-1782784,692224,-80896,-413696,910336,-488448,-665600,-1094656,-290816,-137216,-1197056,-80896,-965632,1363968,-147456,-327680,-915456,-6144,-1081344,-2089984,-101376,-819200,-97280,771072,471040,-1144832,-324608,-290816,-497664,-143360,-766976,-1249280,-866304,-505856,1197056,-1221632,120832,-372736,-417792,-1303552,-409600,-947200,-975872,290816,941056,-852992,656384,384000,-1789952,-1157120,-479232,-276480,790528,-959488,-311296,-199680,-787456,-1735680,-845824,-38912,-502784,219136,-507904,-1694720,290816
577536,-1024000,-52224,112640,-103424,-512000,291840,-1086464,-235520,219136,-221184,284672,-2048,343040,873472,472064,-590848,-339968,1126400,280576,-228352,-144384,685056,401408,434176,1254400,41984,-464896,-1843200,-26624,701440,711680,1264640,-223232,20480,1435648,-1615872,112640,761856,619520,-1033216,622592,-39936,-1200128,507904,-1131520,463872,695296,472064,-499712,202752,-1315840,184320,-104448,292864,-445440,374784,-236544,-263168,-601088,79872,-849920,-740352,878592,133120,-323584,-716800,-825344,675840,762880,-240640,115712,88064,-574464,-343040,598016,1355776,835584,494592,-406528,-138240,-460800,-165888,-493568,-313344,1387520,479232,1826816,-1581056,355328,63488,-934912,-819200,-1052672,-740352,-293888,156672,130048,-662528,665600,912384,603136,132096,-1356800,-191488,-188416,645120,1007616,-37888,-660480,-316416,909312,-1067008,346112,-389120,589824,1814528,424960,-522240,294912,-540672,417792,451584,-129024,68608,-374784,-840704,1042432,329728,-910336,-246784,53248,1179648,815104,723968,-613376,1119232,112640,330752,-65536,-325632,-741376,178176,1257472,914432,-220160,267264,883712,-188416,-139264,-751616,-471040,291840,775168,-134144,504832,-734208,339968,-130048,893952,96256,748544,-49152,-491520,4096,-274432,-402432,460800,723968,-172032,1312768,-577536,253952,391168,729088,-1733632,529408,67584,1015808,2026496,-1095680,-794624,-263168,-517120,299008,398336,-637952,535552,-920576,574464,565248,-437248,-296960,462848,-440320,-512000,-995328,1265664,-645120,-348160,-481280,-920576,-81920,691200,-1753088,-259072,917504,1053696,71680,-347136,-391168,253952,-371712,-701440,-509952,-352256,-633856,1340416,580608,-124928,1051648,-472064,-967680,1167360,-70656,439296,-25600,531456,-436224,-848896,290816,307200,-557056,-38912,203776,377856,-598016,-366592,-705536,-140288,-331776,625664,-342016,982016,-457728,1110016,-791552,22528,325632,-655360,-136192,-1089536,268288,466944,608256,980992,1129472,-575488,-1032192,-317440,-676864,-331776,-1626112,65536,666624,634880,-675840,234496,336896,-806912,-720896,-572416,55296,815104,647168,23552,-77824,764928,-304128,-418816,-304128,327680,1110016,788480,958464,-221184,-408576,-40960,-397312,-1739776,-228352,592896,-142336,844800,-297984,139264,-715776,-270336,-917504,-303104,-671744,10240,406528,863232,809984,-856064,913408,-1246208,-541696,54272,448512,35840,286720,1492992,-89088,-942080,7002112,-2142208,15896576,-1037312
-390144,-1219584,-899072,-624640,472064,-414720,-1515520,-488448,822272,-461824,-464896,-926720,-293888,-2006016,-1246208,-99328,-1504256,-651264,-351232,-1598464,-1262592,-389120,-945152,-164864,-568320,-1457152,198656,-630784,-208896,-582656,-470016,-1461248,-1313792,-1544192,-87040,-733184,-1760256,-915456,-924672,-1383424,-548864,-1156096,-2132992,-959488,-236544,-1439744,939008,-1326080,-1116160,-95232,-775168,-1155072,-1249280,-1370112,-733184,-449536,-530432,-1337344,-1899520,-259072,-829440,-100352,-382976,-773120,-654336,206848,-579584,-848896,-572416,275456,-1306624,-60416,-567296,-1429504,-421888,-650240,-627712,146432,89088,310272,-2154496,-1382400,-677888,-431104,-843776,59392,-69632,-409600,-480256,-2220032,-371712,-644096,-926720,-1175552,-1985536,-380928,-702464,-909312,-624640,-522240,-2605056,1074176,1229824,-759808,-381952,-50176,180224,-556032,-836608,-1391616,-1222656,-249856,-12288,-1209344,-1336320,-468992,-1560576,-130048,-1664000,-1078272,99328,-1286144,489472,-366592,-1002496,-1422336,-1035264,-1219584,-806912,813056,18432,-1452032,-1287168,-1641472,-872448,-1171456,-935936,-718848,-633856,-1070080,-271360,-132096,-544768,-115712,-695296,-1505280,-860160,-1686528,-72704,-1198080,-1575936,-296960,-593920,-537600,-17408,-958464,-1981440,-1111040,521216,-1053696,-387072,-283648,-376832,-638976,-39936,-1754112,-1372160,-1344512,-503808,-897024,-802816,-1423360,-796672,-612352,500736,-210944,-1447936,-135168,-1093632,-1524736,-882688,-870400,-391168,120832,-787456,-598016,-27648,-1557504,-360448,-701440,-2787328,-1096704,-624640,-1118208,-1360896,-957440,74752,313344,-667648,-1089536,-193536,-954368,-1183744,-250880,-838656,-990208,-1242112,-1697792,-2358272,-1107968,-99328,-182272,-115712,-774144,-1576960,-596992,-358400,-1482752,24576,-1297408,-985088,-1280000,-1206272,590848,-817152,-858112,-699392,100352,-1604608,-655360,166912,-431104,-534528,-1226752,-422912,-1684480,-326656,-1605632,-1032192,-1271808,-1153024,-407552,-2002944,-1897472,-1195008,-1224704,-1050624,-1016832,-1259520,545792,-1240064,-348160,-1622016,-88064,-1001472,-996352,-785408,-1445888,-468992,-1199104,-1370112,-450560,-1242112,91136,-1104896,-884736,-2441216,-119808,-1297408,-729088,-650240,-1220608,-1135616,-1126400,327680,-1137664,-144384,-1859584,-1268736,66560,-908288,-229376,114688,-794624,-651264,-321536,333824,-216064,-369664,-971776,-545792,-343040,510976,-254976,-1503232,134144,-918528,-55296,-587776,-81920,-589824,-911360,-1111040,-1080320,-2402304,-362496,-178176,-1120256,-1628160,-655360,-356352,-765952,-1636352,-874496,-259072,-1448960,-1132544,-1329152,-1566720,-1096704
617472,-373760,-848896,-1241088,-400384,-384000,337920,526336,-248832,397312,53248,737280,654336,-124928,349184,-128000,-377856,-83968,-843776,509952,-635904,227328,-221184,-1362944,-1226752,-1214464,-1168384,-226304,-1004544,-1620992,-773120,-1641472,-484352,-890880,-729088,-1012736,-317440,-428032,813056,455680,-370688,54272,-6144,-478208,-73728,-272384,-977920,-746496,-484352,-1036288,-1836032,236544,353280,-135168,-1055744,-1442816,-432128,36864,-447488,-475136,-531456,-84992,-10240,-983040,451584,-840704,-1258496,493568,-714752,158720,-851968,-482304,-849920,-117760,-574464,-251904,-411648,-190464,364544,-317440,-766976,-235520,-625664,148480,-210944,-158720,1117184,345088,117760,-585728,287744,515072,236544,-536576,727040,-36864,-316416,615424,-819200,111616,221184,-394240,-243712,-897024,-1532928,-1091584,-915456,-1314816,18432,-29696,-455680,-1214464,-438272,-249856,-683008,-980992,118784,-1999872,-484352,904192,-2388992,-193536,-217088,-1371136,-459776,320512,-142336,326656,123904,-544768,-41984,-148480,-621568,-1286144,-1189888,-510976,-649216,556032,-239616,50176,-2163712,-1364992,1093632,-17408,1642496,-634880,-868352,-1149952,-342016,-851968,-1000448,-860160,-180224,-587776,-1599488,843776,-1020928,356352,-217088,-1637376,977920,-828416,803840,-789504,-212992,-1226752,-314368,-648192,-110592,-792576,-856064,147456,157696,347136,-734208,1070080,-792576,-110592,-1074176,11264,-1048576,-633856,-1507328,-970752,-110592,-743424,-485376,211968,-935936,-609280,-249856,-615424,-364544,-596992,-340992,-1092608,-755712,-171008,-470016,-1444864,524288,-1172480,-624640,-1021952,-271360,-3010560,-2035712,-1338368,-1343488,-1058816,252928,-933888,55296,-787456,-402432,355328,92160,-301056,663552,424960,-1314816,-847872,-738304,-1129472,-995328,-565248,159744,80896,-229376,-346112,-428032,-843776,-1950720,179200,-904192,-280576,-199680,-1316864,-933888,-1138688,-1736704,-1238016,44032,-585728,-13312,-809984,-1324032,-156672,-303104,-1655808,201728,-429056,-1397760,-455680,-686080,-2196480,-1503232,-1093632,-1386496,-683008,-158720,-1088512,-318464,-232448,-301056,-192512,-40960,355328,-1354752,-854016,329728,-433152,690176,125952,-59392,859136,-89088,-913408,-846848,-665600,-572416,-60416,625664,-472064,-451584,865280,-1238016,-225280,-1503232,-800768,103424,-172032,-584704,-593920,363520,-265216,198656,-998400,-160768,112640,-1060864,-405504,-176128,325632,-292864,267264,-1177600,-119808,-612352,-1406976,-742400,-1063936,672768,-384000,722944,-455680,931840,-730112,-1089536,-2004992
584704,-818176,-147456,-1619968,-1028096,-2042880,-1071104,-417792,-185344,-25600,620544,-1099776,-984064,-261120,-1132544,-1069056,-610304,98304,301056,-590848,99328,-485376,-1069056,250880,-155648,-531456,-135168,-703488,-1124352,-96256,-350208,-2066432,-1377280,-586752,-465920,677888,-432128,-1571840,521216,-872448,-1168384,-1846272,-281600,-1334272,-968704,-1084416,-558080,773120,819200,8192,-898048,-441344,-1524736,-677888,-1257472,-672768,-560128,-160768,-351232,-1548288,-1094656,-724992,-884736,-461824,-1414144,-446464,50176,-691200,522240,-842752,-913408,-1016832,-1995776,1287168,-373760,-2162688,1195008,-460800,-406528,-441344,-973824,-2069504,-482304,-1465344,8192,6144,-430080,-1690624,-279552,-547840,-476160,-780288,-791552,-921600,718848,-1131520,-416768,261120,539648,-1039360,-439296,-1039360,-310272,-915456,-111616,-159744,-1191936,-802816,-1196032,-1190912,-1454080,-346112,-309248,186368,544768,-503808,41984,-871424,-1036288,-1555456,544768,481280,-543744,900096,-297984,-2016256,1570816,-155648,-2216960,275456,-947200,-719872,653312,-2291712,-1024,-68608,-157696,-1338368,-1024000,-644096,-60416,-10240,-1335296,-278528,-584704,-1607680,-1528832,-670720,-638976,-1096704,-785408,979968,-258048,-1044480,-96256,-234496,-731136,-1183744,-224256,-159744,-149504,-406528,-564224,-1742848,-1272832,180224,-694272,-577536,-283648,-1104896,851968,-22528,-536576,-403456,-704512,-612352,-709632,-286720,-439296,-995328,-1488896,-310272,-1448960,-317440,-1054720,-646144,-678912,-30720,-1037312,-24576,-2702336,-1462272,-1475584,-603136,-67584,-596992,-1449984,-1009664,-153600,-1357824,-20480,-1855488,-1156096,-262144,413696,-1225728,-234496,-567296,-909312,-793600,-1513472,-340992,-435200,-1111040,162816,-429056,402432,-1025024,-690176,-222208,-1402880,-188416,-1232896,-1527808,-537600,-944128,-463872,-246784,-746496,-996352,-471040,-542720,-1523712,-679936,-1285120,-1221632,-1774592,-773120,-953344,-1405952,-862208,-648192,375808,-401408,-285696,244736,-1534976,-520192,-1897472,-751616,-1520640,-232448,-1142784,-394240,-26624,-297984,-1000448,-656384,-3101696,-1779712,-942080,-470016,-799744,5120,-857088,-1369088,-1701888,-1792000,-1336320,-886784,-914432,-39936,-1004544,-741376,-1029120,-362496,631808,-352256,-985088,-364544,-686080,136192,-1776640,-571392,-2118656,-770048,-1363968,188416,-1469440,-1260544,-2074624,-1966080,-763904,-823296,-1561600,-1000448,-1074176,-1826816,-504832,-833536,-249856,-698368,-506880,-1015808,-926720,-2153472,-1560576,-1080320,-730112,-567296,-2325504,-23552,-346112,858112,-199680,-1245184,-1454080,-306176,53248,152576
-1713152,-449536,-571392,-1047552,-874496,-1742848,747520,-321536,-1071104,-320512,-1380352,-1571840,-800768,-40960,-1631232,-586752,-1479680,-780288,-789504,-1832960,-1158144,-748544,495616,799744,447488,94208,-340992,-232448,-1014784,-1666048,-538624,4096,495616,-715776,-54272,-1234944,146432,-44032,-1182720,-1122304,-421888,-695296,-1229824,-1297408,-829440,-190464,-1005568,-1053696,-1281024,-1633280,-352256,-416768,-286720,1276928,-514048,-427008,-203776,-1258496,-2356224,-1213440,-328704,-749568,132096,498688,-1125376,-1977344,-1973248,776192,-496640,-1726464,-3072,-674816,151552,-647168,-1110016,-1029120,68608,313344,-1010688,-1227776,-1886208,274432,-135168,452608,-943104,-1131520,-675840,-1504256,-1209344,-439296,-687104,126976,-1704960,-769024,-1516544,-306176,-1588224,-1965056,-1328128,-160768,8192,380928,38912,-2442240,-1238016,290816,296960,-533504,-711680,-571392,-852992,-997376,-896000,-675840,-563200,-1941504,-307200,-662528,-518144,825344,-1170432,-862208,351232,-313344,54272,-1494016,-473088,-199680,-729088,400384,-137216,-747520,-1424384,-720896,-1906688,-845824,-487424,364544,-240640,1302528,-475136,-1140736,-795648,-1904640,-973824,110592,-760832,-123904,-475136,-741376,-942080,-1017856,-1353728,-525312,-1258496,-1254400,-157696,-339968,-546816,-2326528,-848896,-366592,-189440,-89088,-280576,-948224,-1266688,-1847296,-1774592,-356352,389120,-1022976,1120256,-77824,-675840,-248832,-1154048,539648,-1421312,101376,-249856,-151552,-1064960,-918528,-881664,-280576,-1347584,-369664,-1717248,-916480,-1780736,-365568,-661504,17408,-215040,-1270784,-802816,-2187264,-1153024,-2053120,-366592,-483328,164864,-463872,-1220608,-1541120,-1418240,-515072,-823296,-1094656,-1745920,-1177600,-482304,-867328,-495616,21504,-995328,-979968,-826368,-175104,-883712,225280,-918528,-665600,-525312,-1317888,402432,-796672,102400,-486400,-703488,-900096,-985088,405504,-75776,-1342464,112640,-758784,-1183744,29696,-589824,43008,-184320,-1116160,-1313792,-407552,-1557504,138240,-585728,189440,-964608,-1001472,-867328,-871424,-1517568,-1150976,-1806336,-331776,-455680,760832,-1245184,-664576,-1078272,-1352704,-1019904,-722944,-613376,190464,-949248,-1215488,-286720,-837632,-909312,-1423360,-982016,-661504,-405504,699392,-444416,-751616,-513024,489472,-1128448,-871424,-468992,-742400,-1239040,244736,-235520,-595968,-191488,-630784,-250880,-924672,-374784,-1006592,-177152,-22528,-1953792,-357376,-894976,-1999872,-1376256,-698368,503808,-1301504,-1000448,-946176,-190464,-1105920,-470016,-1830912,-1228800,-672768,288768,-743424,-463872,-1513472,-1731584,-2072576
211968,1254400,275456,102400,15848448,-827392,-1998848,1127424,529408,-23552,699392,165888,-704512,345088,-389120,-1032192,-723968,-1025024,-661504,1181696,-5120,435200,395264,-236544,-1040384,-1313792,-1429504,550912,519168,-291840,1437696,539648,-703488,778240,-910336,-961536,547840,436224,-972800,539648,-696320,-443392,510976,655360,-723968,-471040,229376,480256,157696,514048,9216,63488,-278528,-506880,-437248,722944,714752,380928,-294912,-276480,400384,-762880,640000,-194560,-631808,260096,-524288,-1189888,1076224,691200,523264,-388096,713728,-1068032,-574464,296960,-1225728,923648,599040,-333824,163840,-791552,228352,700416,94208,322560,435200,-52224,-4096,798720,-293888,243712,-538624,57344,683008,-18432,169984,274432,-87040,-144384,-155648,-365568,-754688,-640000,949248,-329728,675840,1239040,-970752,-201728,-543744,-1355776,-48128,273408,-1120256,578560,-1086464,-414720,789504,12288,-80896,-358400,-168960,-645120,176128,237568,99328,-199680,-507904,-1184768,-1253376,-66560,931840,872448,112640,1056768,202752,917504,1225728,-477184,-1331200,1024,-243712,1262592,140288,167936,-440320,-36864,680960,-788480,-280576,455680,1024,-55296,-601088,-946176,-101376,-900096,615424,73728,1412096,999424,702464,569344,-599040,237568,-419840,1083392,-424960,-1038336,-155648,230400,-236544,-716800,-2045952,259072,211968,65536,606208,1312768,1301504,-667648,235520,645120,901120,-428032,1119232,312320,1059840,457728,-61440,-1316864,-482304,-1128448,490496,47104,997376,461824,984064,-320512,-1341440,-1396736,-470016,623616,-586752,-769024,1073152,714752,934912,323584,786432,1254400,-975872,-168960,612352,-548864,1318912,-90112,-5120,-509952,-517120,-1930240,429056,128000,431104,568320,-222208,-1233920,-374784,-208896,-742400,-918528,50176,192512,1132544,-621568,586752,-549888,365568,-654336,-1350656,-381952,580608,-230400,50176,-259072,-1345536,-927744,-516096,-728064,-2836480,125952,474112,-266240,752640,284672,146432,36864,201728,-1681408,150528,199680,-20480,-196608,754688,174080,1309696,-172032,-1413120,-78848,-45056,404480,61440,-235520,-649216,-250880,842752,-987136,246784,-609280,-401408,328704,-468992,263168,65536,230400,227328,-1538048,10240,-652288,896000,-140288,992256,821248,283648,896000,726016,-386048,429056,-372736,88064,-307200,-356352,32768,-844800,-958464,-716800,-1251328,-252928,-392192,144384,-1036288,291840,1118208,638976,261120,-128000,-1309696,-1858560,21220352
-1239040,-1300480,-1592320,-3059712,-2402304,-659456,-1155072,-35840,-618496,-1490944,-990208,-1145856,-1772544,-1591296,224256,-333824,-690176,-1369088,499712,-1867776,-2006016,-772096,-527360,-674816,-1121280,457728,-335872,-1476608,-1425408,-1362944,-1241088,-753664,-966656,-1363968,-1106944,95232,-256000,-1471488,-462848,-900096,-231424,-204800,-40960,-986112,-336896,-1496064,-2152448,-1297408,-1107968,-1639424,-2100224,-963584,297984,-1372160,-119808,-546816,-797696,-992256,-1363968,-1027072,-1747968,-1276928,-798720,616448,-7168,-1760256,636928,-206848,-2028544,-916480,-956416,-1187840,-664576,390144,-1208320,-106496,-1277952,-1031168,-1585152,-948224,-671744,-591872,-456704,-1585152,-442368,-523264,-1120256,-337920,-894976,-979968,6144,-850944,155648,-1465344,-1505280,-1001472,35840,-1216512,31744,-2274304,84992,-624640,-897024,-128000,-560128,-669696,-598016,108544,760832,-240640,-560128,-868352,-582656,-698368,-1667072,-424960,-1589248,-2108416,-283648,126976,-299008,-284672,-654336,-867328,-846848,-1802240,-1355776,-414720,-707584,-202752,-1403904,-822272,-2032640,-2425856,-193536,-1792000,-535552,-464896,-977920,-93184,-577536,-503808,486400,-1063936,-1052672,-1189888,-1134592,-116736,268288,-1989632,-157696,-2733056,-806912,-689152,-1470464,-2992128,-1729536,-1536000,-1670144,-711680,-1593344,-221184,-703488,-294912,-643072,185344,-1800192,310272,-880640,-2297856,-958464,-173056,-602112,-636928,-1558528,-369664,-210944,-1779712,-2109440,224256,-1742848,-1043456,100352,-384000,204800,-1355776,-143360,-353280,-798720,-669696,-1317888,-944128,-702464,-1379328,-1158144,-534528,-1388544,-508928,-1211392,-541696,-1253376,-734208,-789504,-802816,-1007616,-758784,6144,-1088512,-2132992,-1133568,-964608,-237568,-1152000,-712704,-963584,-607232,-136192,-706560,-504832,-900096,-2240512,-135168,558080,-1400832,-1675264,-1005568,-676864,-3108864,-1007616,-1253376,-1729536,-520192,595968,-1063936,-2289664,-162816,-1956864,-461824,-586752,-1591296,-286720,-144384,-546816,-549888,-15360,733184,-424960,-503808,-107520,460800,-1095680,-1581056,-954368,-1298432,-1269760,-1217536,-1689600,-1808384,-1206272,-777216,39936,-563200,-562176,-1278976,-1225728,-2533376,-504832,299008,-1154048,285696,-704512,179200,15360,-976896,-1521664,-1102848,-1209344,-1349632,323584,-1466368,-2697216,-2359296,-84992,-1527808,-818176,-401408,-1394688,-773120,349184,-365568,-1593344,-183296,-891904,-1723392,-2278400,-1708032,-1652736,-173056,-27648,-1141760,-1467392,-856064,-733184,-1048576,-1303552,-362496,-1990656,-2519040,-855040,-873472,-2210816,7596032,-1099776,-1124352,-1327104,-1147904,-783360,-345088,53248,-3243008
-777216,-1081344,1165312,34816,-238592,162816,-346112,-526336,474112,-1012736,-959488,967680,-937984,146432,577536,30720,-89088,1783808,-1453056,1071104,-1386496,-250880,-84992,493568,-277504,-309248,-1032192,-40960,256000,-300032,-182272,-1161216,185344,-267264,-1083392,154624,-700416,-230400,-799744,-605184,-806912,294912,-279552,1013760,-839680,189440,-316416,-860160,1050624,-195584,-425984,-135168,-636928,582656,-1215488,315392,-1459200,-120832,874496,-1209344,1143808,-556032,600064,302080,244736,-2496512,-434176,-722944,-666624,-558080,116736,-1143808,417792,-648192,-163840,392192,-1531904,-443392,376832,-183296,533504,226304,-500736,-465920,-1551360,-201728,502784,-642048,190464,550912,749568,1547264,407552,-588800,-267264,-33792,13312,-306176,-96256,-763904,880640,98304,587776,-1353728,146432,-736256,533504,217088,55296,-862208,5120,-39936,-1624064,1364992,-274432,-217088,615424,-86016,-514048,517120,-125952,-222208,-762880,-714752,-112640,588800,-1354752,500736,-219136,143360,-708608,355328,-636928,-608256,325632,-713728,1191936,183296,506880,-1759232,-693248,-863232,1019904,331776,396288,519168,-335872,99328,-601088,553984,-779264,573440,268288,-616448,-918528,79872,-927744,362496,-624640,375808,-398336,408576,460800,-317440,-416768,-262144,-1820672,-25600,-756736,278528,1009664,-25600,388096,-1250304,-778240,-2168832,-495616,-695296,260096,-1026048,712704,-32768,-843776,-392192,-351232,292864,184320,-1727488,481280,-362496,-712704,-710656,-354304,-1042432,-406528,-650240,-196608,525312,-631808,18432,-994304,-487424,-72704,-302080,-657408,-647168,-604160,-778240,150528,-72704,-279552,708608,386048,-1119232,-888832,-1053696,240640,-126976,-686080,-537600,-1065984,172032,28672,-1878016,-1129472,-562176,-32768,-565248,1089536,-608256,-789504,-1191936,-142336,-406528,-738304,-1661952,-1039360,257024,174080,314368,-316416,-1406976,-1725440,-411648,-230400,541696,70656,-524288,-1888256,-259072,561152,59392,-667648,-674816,205824,721920,-1482752,746496,57344,-84992,-835584,-1589248,-1210368,-356352,-754688,11264,-202752,1684480,-418816,28672,-960512,-172032,-572416,-154624,400384,553984,60416,762880,91136,-1125376,-2311168,-297984,-777216,-766976,-491520,-1188864,-1197056,-926720,-706560,-1227776,94208,-1122304,651264,30720,349184,-1101824,-301056,-946176,-595968,-563200,-119808,1285120,-579584,86016,-130048,-524288,-560128,-812032,-545792,-90112,-506880,-1367040,-373760,-1562624,49152,-1080320,196608,-507904,-937984,-335872
-1601536,-547840,-249856,-1186816,-1428480,-372736,498688,-38912,-905216,-562176,-1211392,-856064,-432128,-1249280,-847872,-212992,-888832,-1517568,-1249280,-1232896,-601088,-1561600,-1674240,-2009088,-844800,-596992,-1257472,-658432,56320,-1137664,-1584128,-1170432,-675840,-1789952,-531456,-2477056,-1119232,796672,395264,-856064,265216,-1254400,-2289664,-1034240,-855040,-1462272,-397312,-553984,-1717248,-969728,-81920,-328704,-1134592,-891904,-378880,-219136,-1218560,-419840,-646144,-93184,-1486848,-1772544,-1831936,-1145856,-1386496,347136,446464,-9216,347136,-1508352,212992,-1076224,-436224,-857088,-1509376,-105472,-222208,50176,-521216,-975872,-2353152,-805888,-746496,-955392,238592,-1382400,-1505280,-634880,-1102848,-991232,-463872,-1190912,-104448,-567296,-579584,-501760,-858112,-1617920,-1078272,-444416,-729088,-711680,-202752,-182272,-584704,-2227200,-431104,-468992,-2338816,-1282048,-1123328,-971776,-972800,-1410048,-796672,-759808,-1723392,-713728,-1653760,-678912,-1798144,-616448,281600,371712,-1903616,-389120,-547840,-1943552,-626688,-1299456,-288768,59392,-790528,-345088,-480256,-1206272,90112,-1974272,-1589248,-1296384,-2097152,-2311168,-651264,-1878016,-430080,-287744,-1411072,-1854464,-169984,-499712,-360448,838656,-1094656,-856064,-531456,94208,-1564672,-1216512,739328,-921600,-905216,-1916928,-1191936,-483328,-695296,-555008,-2186240,-665600,-698368,-50176,-1167360,-142336,-394240,-73728,-66560,-1996800,482304,-1018880,-457728,-877568,-1041408,-2394112,-1335296,-1196032,-941056,-1147904,-844800,158720,-253952,-1541120,-2770944,-1847296,-552960,-396288,-229376,-1189888,-721920,-1037312,-1110016,-723968,-2643968,-1266688,-739328,-479232,-276480,-952320,-1150976,826368,-1330176,-2035712,-1202176,-1355776,-1404928,-2340864,-829440,-563200,-281600,-1158144,-1416192,-2001920,106496,222208,-1460224,-118784,-306176,-1210368,-1093632,-902144,-2114560,-1466368,-462848,-301056,-529408,-988160,-816128,-565248,-1327104,-1255424,-733184,-743424,-943104,-450560,-850944,-257024,-513024,-777216,-1455104,-363520,-970752,-226304,-1189888,-123904,-1604608,-770048,-770048,-962560,-689152,-2584576,-433152,-186368,-1863680,-1033216,-1430528,-1241088,399360,-848896,-2239488,-1390592,-416768,-1398784,-852992,-59392,-1271808,-2722816,-183296,-560128,-1150976,-785408,-1502208,-1600512,-313344,-228352,-273408,-1348608,-2379776,303104,-1711104,-472064,-92160,-794624,-1765376,-964608,-382976,-788480,-5120,-2765824,-1389568,-1314816,-743424,-1116160,-479232,-368640,-954368,-667648,-2283520,-1084416,-812032,-220160,-382976,-797696,-1199104,370688,-1463296,-671744,-2020352,-1104896,-334848,-1317888,-4795392,-777216
-1370112,-1527808,-794624,227328,-708608,-448512,-727040,-678912,-1676288,-1183744,-1484800,-1368064,-319488,-1662976,547840,-997376,-189440,-899072,-1676288,-1927168,-467968,-792576,-403456,-181248,-1259520,-336896,-536576,-1303552,-1063936,-521216,-65536,-805888,-26624,-330752,-540672,-1634304,-454656,-1292288,-1037312,-927744,-1270784,-503808,-73728,-648192,309248,-221184,-990208,549888,-2226176,-1882112,372736,-617472,1186816,88064,-882688,-395264,-367616,-510976,-966656,-419840,-1742848,-309248,-863232,-495616,-340992,-748544,-2285568,372736,-1468416,-1377280,-12288,-977920,-1157120,-2017280,-818176,-1088512,-65536,-65536,-1294336,411648,1433600,176128,-145408,-56320,-1719296,-286720,-1327104,-98304,-1523712,-1849344,-315392,157696,240640,-831488,-488448,-1200128,-571392,-1275904,-915456,-1257472,-759808,-1216512,-1955840,-559104,509952,-330752,120832,-716800,-104448,-917504,-1420288,-1104896,-135168,-446464,-724992,-433152,-297984,-1047552,-476160,450560,-1744896,14336,257024,-1741824,-1549312,-417792,583680,-105472,-1325056,-159744,-19456,-1357824,-360448,-1595392,-954368,-650240,-96256,-144384,-1014784,-1973248,-1825792,-1659904,-2226176,-932864,-579584,-1044480,-1129472,-361472,-402432,-991232,160768,31744,-565248,-931840,-1175552,616448,-934912,-306176,-2585600,-556032,-283648,-1061888,-348160,-826368,-2008064,-399360,-44032,-534528,-644096,-1484800,-546816,411648,-336896,-282624,-504832,-1375232,310272,-385024,-557056,763904,-77824,-395264,-1422336,-1198080,-1123328,-3158016,-881664,-1586176,-1264640,-1766400,-736256,-556032,-914432,-178176,-982016,131072,-2241536,-1248256,-474112,-889856,-1141760,131072,-272384,48128,-1094656,-882688,-1887232,-785408,-573440,-232448,-1101824,326656,-1226752,-2105344,-1417216,-1424384,-2496512,436224,-1043456,-877568,-1012736,-707584,-2015232,-1228800,-1947648,-914432,-476160,678912,-1069056,-167936,-589824,-1705984,31744,458752,-1917952,-1304576,-772096,-1957888,60416,-752640,-1280000,-1769472,-876544,-1542144,-1242112,-650240,-625664,66560,-728064,-1037312,-1456128,-1354752,-742400,-1948672,-1946624,-954368,-445440,-1248256,-960512,-342016,-1195008,-41984,-1934336,-1486848,-531456,316416,-1287168,-637952,-1034240,112640,-1687552,-1220608,-1896448,-2467840,-1202176,-369664,355328,-122880,-1002496,-345088,-894976,-1374208,-512000,-495616,627712,130048,-586752,-772096,-897024,-355328,-110592,-903168,-1273856,-1030144,-509952,-1172480,-625664,-1640448,-425984,-1149952,-1249280,-1859584,743424,-1905664,-1080320,356352,-372736,-946176,-598016,-2006016,-1607680,-722944,-1034240,-1073152,-890880,-336896,-39936,-1377280,-116736,-1475584
509952,11264,1457152,-837632,-363520,-652288,-620544,-143360,388096,159744,1757184,5120,-844800,-290816,-1274880,-874496,-713728,-61440,1208320,-259072,-416768,498688,-678912,-445440,-897024,-358400,-135168,-1008640,-957440,-129024,-461824,-47104,-394240,-561152,-3808256,-73728,308224,615424,1122304,-209920,-510976,-297984,-695296,-320512,-463872,-755712,-180224,1168384,-764928,108544,317440,-621568,-71680,113664,-1516544,-914432,-933888,-1086464,-520192,274432,758784,807936,-1490944,-1335296,291840,30720,-1386496,30720,253952,-1792000,-417792,786432,-534528,-59392,-779264,-1500160,207872,312320,-955392,743424,1238016,391168,301056,-703488,-823296,-109568,-476160,-510976,-553984,-1324032,319488,294912,-1477632,-911360,-78848,-568320,-80896,162816,-994304,-1224704,-1671168,-1662976,293888,-674816,-361472,-340992,777216,746496,-684032,-1494016,-244736,233472,-282624,-1966080,430080,-1018880,778240,159744,346112,233472,-961536,-459776,-842752,673792,-424960,459776,179200,-718848,-1567744,-245760,-434176,-203776,1085440,-1051648,939008,-986112,-637952,-621568,587776,-1187840,-1400832,-817152,285696,-494592,-123904,-637952,-137216,310272,-689152,-261120,1116160,-33792,-29696,190464,879616,-806912,-494592,-610304,-988160,-237568,-350208,-1002496,-389120,-855040,-126976,345088,5120,-718848,-56320,523264,778240,-1316864,800768,-886784,-1412096,231424,724992,-238592,-1069056,-309248,-1530880,494592,-1399808,295936,-740352,441344,-696320,-698368,111616,-647168,-825344,-731136,-277504,267264,-369664,-651264,-1011712,-976896,316416,-456704,-453632,-521216,-549888,314368,-180224,-872448,96256,-939008,-183296,-719872,-569344,-1989632,-358400,-820224,-471040,912384,191488,-613376,-650240,-771072,223232,-1286144,-920576,-550912,503808,-759808,-528384,243712,-829440,-1115136,-149504,-115712,253952,-673792,-972800,-1425408,-313344,22528,436224,565248,-684032,-190464,267264,433152,1188864,30720,-254976,-856064,185344,-1530880,360448,-412672,609280,161792,-1918976,-1290240,-1205248,-411648,-487424,366592,-195584,-701440,962560,-474112,286720,-365568,27648,-218112,-743424,-148480,-494592,776192,530432,-81920,-235520,162816,-1163264,-843776,-169984,-929792,-2048,451584,286720,185344,-1037312,-1245184,-904192,-315392,-188416,-385024,-745472,1050624,-310272,-247808,615424,-674816,-1449984,-361472,-856064,-11264,-97280,-962560,-424960,-566272,155648,-1184768,-541696,-124928,448512,-840704,-1566720,15360,-334848,-445440,517120,-177152,211968,-2500608,-3353600,311296
-1780736,2808832,-129024,-2088960,-1405952,-709632,-129024,551936,-1524736,-436224,-960512,-1358848,-416768,-397312,542720,786432,-1762304,399360,-309248,-598016,-1747968,-471040,-503808,-634880,-1166336,-1148928,-445440,-1558528,-643072,-215040,-733184,1141760,-1024000,-657408,-1028096,-496640,-612352,337920,971776,70656,-852992,-946176,867328,-1383424,-335872,-1210368,-818176,-703488,-533504,-2165760,-1525760,364544,-1631232,48128,-772096,-115712,-647168,-425984,-405504,-1440768,-489472,-1041408,904192,446464,-385024,-1829888,-1542144,-1128448,-986112,-132096,-60416,45056,-1058816,314368,-1179648,-1471488,-990208,-884736,-2371584,-1190912,-738304,-722944,-627712,-156672,-926720,-550912,164864,-908288,-207872,146432,-772096,-512000,-350208,-761856,-565248,-1249280,-1658880,-1563648,-1603584,241664,-1199104,-442368,-1120256,-41984,-37888,-937984,-585728,-946176,-545792,-570368,-386048,1024,-177152,-717824,-1153024,-207872,-733184,-492544,-1177600,-675840,-436224,58368,-964608,-2193408,-969728,-153600,-740352,-302080,252928,-1000448,-1145856,-970752,-1751040,-403456,-825344,-76800,-1304576,-1206272,449536,-704512,47104,-1079296,-235520,-753664,32768,497664,-907264,-520192,-1436672,-172032,246784,-484352,-1359872,-395264,-905216,-722944,-740352,-1792000,-56320,-2554880,-480256,-764928,245760,-211968,-1654784,-702464,9216,-910336,-757760,-1302528,-860160,-553984,550912,-221184,-165888,-1175552,-931840,-1053696,-1352704,-644096,691200,-717824,-565248,-294912,-132096,295936,-1352704,-696320,-1231872,-272384,-1124352,860160,-166912,-199680,-661504,-1499136,190464,-652288,-2115584,-1217536,-479232,812032,-138240,-640000,-796672,-879616,-1303552,-1826816,-1497088,-315392,494592,-1159168,-772096,-879616,-1918976,-270336,-835584,-790528,-198656,-872448,-585728,-609280,999424,-26624,-382976,-1116160,-1569792,680960,-647168,539648,-430080,-1585152,-1144832,-844800,-970752,-873472,-273408,363520,-1447936,-169984,-624640,462848,-441344,-1202176,-296960,-396288,-677888,-504832,110592,215040,-1552384,78848,-233472,-722944,-964608,8192,-233472,-861184,-1971200,395264,-625664,-1409024,-1148928,-126976,-1501184,-1505280,-1117184,-1658880,-623616,-1284096,-1576960,-496640,-1561600,-1923072,-299008,-995328,-337920,-159744,-1061888,-491520,-430080,-452608,-1339392,-1648640,-1532928,-229376,-845824,-504832,508928,-1371136,-800768,-1679360,-787456,-1610752,-441344,-136192,-795648,600064,-1486848,-287744,-636928,34816,-1906688,-474112,-439296,144384,-613376,631808,-1124352,-866304,45056,-1214464,-1605632,-727040,-1314816,4496384,-647168,-578560,-911360,-1217536
626688,2094080,-1185792,590848,-33792,953344,-375808,-236544,-1602560,-1429504,-121856,-534528,-108544,1483776,-1045504,-896000,846848,-661504,1248256,147456,730112,944128,618496,710656,496640,1113088,-1315840,492544,1012736,-328704,1376256,520192,-781312,184320,-602112,-289792,484352,-376832,-211968,-775168,611328,308224,16384,590848,-183296,47104,-62464,43008,-273408,-633856,1155072,-231424,774144,-374784,-399360,-632832,519168,238592,-163840,30720,-447488,-108544,-1073152,126976,-1157120,264192,313344,235520,731136,-791552,-466944,491520,-257024,-254976,665600,-471040,-245760,64512,358400,399360,-98304,-57344,519168,556032,-961536,-15360,296960,-528384,16384,-366592,35840,67584,156672,-1419264,134144,355328,-778240,-11264,-431104,711680,423936,371712,-205824,-112640,595968,180224,-1169408,833536,-1069056,-452608,504832,-807936,-1095680,614400,692224,144384,-544768,154624,-358400,-604160,-635904,492544,56320,154624,-468992,-188416,924672,512000,991232,-501760,291840,-818176,35840,483328,137216,789504,365568,130048,490496,-156672,-700416,-742400,1006592,30720,1181696,131072,-137216,162816,119808,-309248,576512,937984,455680,494592,1142784,887808,59392,604160,-1297408,570368,756736,689152,-218112,-961536,147456,-1541120,-24576,175104,-321536,1198080,2066432,-625664,-759808,-120832,-1093632,-1217536,360448,468992,317440,244736,-939008,-24576,-1156096,-508928,178176,-363520,-167936,63488,-524288,-500736,-1234944,75776,-1152000,-779264,26624,1057792,-272384,-212992,1222656,-1839104,907264,-173056,-388096,-661504,310272,-595968,-1546240,-100352,1008640,-467968,-560128,-133120,-1352704,487424,456704,830464,413696,610304,-372736,-12288,-1311744,-487424,-1519616,137216,465920,-1310720,-1046528,-393216,-887808,-728064,-609280,-1296384,-416768,431104,-923648,-619520,71680,950272,-15360,-217088,568320,-530432,-1034240,280576,-146432,409600,-533504,-132096,-53248,919552,-942080,-416768,268288,-1157120,-121856,-578560,-90112,-683008,11264,761856,444416,-441344,-540672,-153600,949248,380928,-229376,-83968,-539648,-495616,846848,185344,399360,-585728,226304,-224256,-1454080,-268288,-704512,-2029568,100352,-129024,458752,148480,-465920,203776,-154624,-272384,-1067008,280576,-1838080,796672,773120,-473088,-958464,-509952,-589824,-577536,-1119232,-948224,-385024,150528,-563200,608256,-444416,-257024,228352,-632832,-435200,287744,-802816,165888,-544768,-1118208,32768,-1222656,-423936,-1432576,-1382400,7168
136192,-516096,-670720,-1499136,-866304,-596992,-332800,-610304,-1145856,419840,-742400,-483328,-1848320,-434176,-1000448,115712,-528384,-931840,-434176,-822272,-728064,-1083392,143360,-254976,135168,186368,-510976,890880,-485376,-11264,-1909760,-480256,-1369088,-1908736,122880,-607232,-277504,-829440,-878592,-502784,598016,-2244608,-158720,-246784,-1113088,-97280,-749568,-891904,-685056,-1427456,-1156096,-622592,-320512,-738304,-627712,-425984,1025024,-482304,237568,-729088,-290816,-403456,-1229824,-313344,-808960,-471040,60416,-760832,-918528,-343040,-1339392,15360,-474112,338944,-279552,55296,-665600,-1264640,-533504,-1133568,-370688,-17408,-1918976,627712,-845824,-979968,-1001472,-1193984,-1345536,-74752,449536,-452608,-702464,-256000,32768,-1254400,-1729536,-288768,-635904,-1617920,-118784,550912,-1217536,1150976,-152576,310272,502784,-111616,-857088,-1111040,-2142208,345088,328704,-498688,-70656,-533504,-1875968,-775168,-991232,-668672,551936,-749568,-1003520,-330752,-30720,-367616,543744,-1287168,-450560,-1713152,-1657856,-595968,-1394688,-1103872,-960512,-765952,830464,-1909760,-898048,304128,118784,-224256,-1212416,-916480,-955392,-612352,-3436544,-704512,-294912,-866304,-391168,-524288,-1835008,-717824,593920,-1396736,-1039360,-294912,-55296,-1969152,-914432,-428032,-894976,-901120,-731136,486400,-1254400,-856064,-222208,-1082368,105472,-227328,-228352,-1733632,-604160,-499712,-913408,481280,-573440,-245760,-2210816,311296,276480,-670720,283648,-774144,-1038336,-691200,-958464,-1373184,-660480,-961536,709632,365568,-1930240,-300032,467968,-642048,-488448,-575488,148480,-839680,241664,-563200,669696,-41984,-180224,-429056,-1182720,-1303552,-743424,-1464320,-1106944,1003520,-821248,-1211392,-1003520,-147456,-2763776,-986112,-436224,-563200,149504,-1303552,311296,-497664,-2613248,-65536,-649216,-129024,375808,-237568,496640,-6144,-2430976,-1353728,-277504,-1464320,-1710080,-1276928,-474112,-269312,-28672,-396288,-657408,-1341440,-94208,-560128,-1207296,-1741824,-78848,605184,-1176576,-408576,-1581056,-825344,-1659904,-880640,116736,-568320,386048,-60416,-539648,-118784,-923648,-1795072,-937984,-115712,-1286144,427008,-467968,-615424,-2554880,-876544,-698368,-455680,-1049600,-573440,-236544,101376,-295936,-1259520,-1041408,-891904,-323584,-828416,435200,-924672,-19456,367616,-389120,-966656,-926720,-43008,-2816000,-566272,-429056,-1568768,50176,-1049600,-325632,-1027072,-634880,-907264,-793600,417792,-779264,-143360,-1174528,11264,-269312,198656,-1925120,-1229824,-1170432,-1304576,252928,-407552,661504,353280
-1395712,-1840128,-1069056,-459776,-1638400,-297984,-847872,-2666496,-703488,-2153472,-449536,-338944,-234496,-953344,-2401280,-1870848,-839680,-1767424,-860160,-543744,-2550784,-891904,-1230848,-848896,128000,-1778688,-744448,-902144,-1431552,-1169408,-651264,-1064960,47104,-709632,146432,116736,-2343936,-552960,-931840,-148480,-32768,-2637824,358400,-1994752,-684032,-1267712,-1328128,-2876416,-1252352,-1166336,-710656,-1654784,-461824,-36864,-729088,-918528,-1124352,192512,-749568,-1267712,-194560,-780288,-1745920,-994304,191488,-1355776,-1017856,-2258944,-239616,-52224,-1702912,-1032192,-349184,-1531904,-1805312,-939008,-610304,-1373184,-1728512,-1529856,-264192,-805888,-790528,-1001472,-483328,-1510400,-722944,-2184192,-520192,-1022976,-1455104,-1438720,-235520,-1747968,-2533376,-326656,-1242112,-1141760,-642048,-811008,-1399808,-739328,-1728512,-1098752,-1214464,-724992,-897024,368640,1443840,-1508352,-733184,-1179648,-365568,-1178624,-463872,-1155072,-479232,-1611776,-913408,-1399808,-1776640,-1065984,-663552,-1759232,-1697792,-807936,-1748992,-1694720,-858112,-1303552,294912,-1945600,-832512,-1135616,-1900544,-868352,-193536,-1133568,-649216,-657408,-1467392,-1999872,-1206272,-1026048,-1083392,77824,337920,-140288,-761856,-526336,-623616,-676864,-1683456,-729088,-721920,-21504,337920,-1274880,-1841152,-292864,-1994752,-966656,-1386496,-1094656,-1409024,-315392,-1981440,-1510400,-1390592,-762880,-238592,-1765376,-957440,-435200,-2048000,-764928,-613376,-1309696,-1076224,-726016,-472064,-1754112,-2246656,-667648,-1976320,-1103872,-508928,-861184,-301056,-541696,-446464,-1617920,-1575936,-791552,-400384,-2182144,614400,-857088,-2526208,-1479680,-275456,-1775616,-1208320,-477184,-2266112,-843776,209920,-845824,-1268736,-764928,-46080,-1963008,-729088,-523264,-1574912,-144384,-1470464,-1342464,-710656,-1196032,-643072,-1077248,-1502208,-1875968,-1559552,-434176,-1316864,-1551360,-549888,-918528,209920,-1743872,-1190912,-1969152,-1272832,-1282048,-1521664,-1015808,-1239040,-1303552,-1462272,-1314816,-1249280,-1224704,-1446912,-1431552,-615424,-1257472,-1825792,-1525760,-1523712,-1904640,-566272,-910336,-1046528,-190464,-1520640,-136192,-1291264,-1398784,-1073152,-1009664,-1687552,-676864,-1596416,23552,-1335296,-666624,-1577984,-1667072,-648192,-1589248,-1039360,-2307072,-1705984,-20480,-1615872,-1997824,-2588672,-1148928,-1575936,-943104,-704512,-2055168,-903168,-888832,-978944,-542720,-1511424,-499712,-753664,-633856,-313344,-1418240,-1221632,-1378304,-1733632,-1821696,-540672,-860160,-1648640,-1064960,-837632,-638976,-1354752,-1642496,-768000,-632832,-883712,-1294336,-74752,-1099776,-1317888,-547840,-726016,-1453056,-1288192,-1126400,-2290688,-984064
20480,-1306624,-686080,-489472,-832512,-315392,-1355776,-921600,1274880,8192,-512000,-1688576,180224,-1668096,-1631232,-91136,-1370112,-543744,249856,-1370112,-950272,-1176576,-1273856,-1120256,-81920,-101376,-1262592,269312,-306176,611328,-635904,33792,-415744,-1694720,-1598464,-155648,-871424,-633856,1025024,-338944,-861184,-107520,-1134592,-73728,-2103296,380928,-1229824,-640000,536576,-1711104,-611328,-1366016,675840,-2224128,373760,-479232,-1676288,1201152,-1587200,15360,-178176,-1318912,-191488,-193536,-458752,-1911808,-584704,-947200,141312,-552960,-1183744,-543744,-849920,-141312,-490496,-134144,-1653760,-46080,-635904,-1275904,-1599488,-995328,-1009664,-1267712,-562176,-1157120,-560128,-52224,-205824,-698368,-768000,-1238016,-618496,-190464,-1423360,-422912,11264,-722944,-1074176,-570368,-1002496,-324608,-1463296,-1613824,736256,-260096,289792,-1243136,984064,-1038336,80896,200704,-1079296,-395264,-153600,791552,-1163264,-335872,-1417216,-259072,234496,-2620416,-415744,-951296,89088,-432128,-573440,-1783808,-321536,-1101824,-844800,-848896,-432128,-340992,-1446912,-1207296,-302080,-1295360,-1008640,-825344,441344,288768,-379904,-1836032,-585728,-698368,-144384,-1961984,-304128,-263168,-1460224,398336,-631808,-21504,-474112,-628736,-1443840,-1906688,-530432,-739328,-1118208,-421888,-382976,-1119232,-570368,-1541120,406528,-143360,-172032,-567296,-1142784,-852992,-2418688,-1392640,-168960,-241664,491520,243712,-599040,111616,-903168,-140288,-815104,-1107968,118784,-736256,-123904,-1045504,-1581056,-669696,-772096,-940032,-526336,-199680,771072,-1598464,-617472,-448512,-898048,-1851392,-78848,-798720,-1394688,-939008,-198656,-886784,-267264,-752640,-726016,-545792,-1986560,-1107968,-616448,889856,-125952,-924672,-486400,628736,-1533952,-505856,-1196032,-1510400,-297984,-2385920,-107520,-911360,-1184768,-492544,-1289216,-990208,-1579008,-295936,-289792,-643072,-313344,-706560,-1278976,-751616,-2212864,-1160192,-549888,-613376,183296,215040,730112,408576,-348160,-1354752,-2053120,-626688,384000,-1130496,-261120,-66560,-656384,-101376,-3072,-2365440,-902144,-503808,-225280,161792,-715776,-294912,-1490944,-953344,-1331200,-656384,-1188864,-314368,-11264,-159744,-841728,-2372608,-19456,-1949696,163840,-1254400,-1201152,-1290240,-437248,-98304,-427008,-1471488,-1091584,-371712,-1376256,-1828864,-1003520,-211968,178176,280576,-654336,-793600,-1245184,-911360,-447488,-560128,-473088,-553984,-487424,-1236992,409600,-1764352,-1336320,-535552,-1267712,-1168384,-371712,-730112,-651264,-7168,-1113088,-1280000,-1247232,-200704,-1586176,-291840,-627712,869376
-1293312,-26624,-773120,-763904,-1405952,-31744,-975872,-1689600,761856,-1028096,-2914304,-680960,-637952,-1150976,1001472,804864,-963584,-1027072,-729088,-57344,-1737728,-1214464,-821248,-975872,-296960,262144,-97280,-1244160,141312,-1546240,-140288,-1835008,403456,-1044480,-882688,-394240,-811008,-1970176,-811008,69632,-695296,1147904,355328,1348608,-1914880,-1754112,349184,-901120,-1756160,24576,184320,-1272832,816128,-1860608,-764928,-1430528,-1162240,-1682432,-709632,-880640,-775168,-259072,-905216,-2048,-594944,-606208,-1504256,-1259520,-87040,-451584,397312,-557056,-524288,-1981440,141312,-484352,-963584,-1729536,-473088,-372736,-599040,-770048,-503808,-732160,-1148928,-1333248,-1604608,-1310720,-548864,260096,-637952,-220160,-1574912,-370688,1498112,-987136,-573440,143360,-544768,501760,-955392,-728064,-327680,-1584128,-1020928,545792,-751616,-520192,831488,-211968,-1080320,-179200,-833536,-1436672,-712704,-2274304,-1909760,-1371136,-80896,-369664,-906240,-653312,-1174528,-59392,-1428480,221184,179200,900096,-573440,-1381376,-947200,-1585152,-1204224,-1390592,-697344,-230400,-3178496,-807936,-555008,666624,-941056,-1326080,-607232,-414720,-399360,-64512,-156672,-1397760,-833536,-716800,-372736,-545792,-2018304,-1558528,-1283072,-867328,-547840,-483328,-2311168,-452608,-1251328,-1528832,17408,-196608,-2529280,-413696,-1632256,-1022976,-890880,-1182720,331776,-659456,-241664,-592896,-1059840,-651264,-687104,-172032,-1350656,-307200,-1955840,-1294336,-1009664,-1373184,-773120,345088,-525312,-1637376,-2237440,-2118656,-1029120,-386048,-709632,-2560000,-729088,-1829888,-1397760,-1331200,-1166336,-221184,717824,-269312,-487424,-562176,-314368,-958464,-1534976,-887808,-541696,-146432,-912384,-1285120,-1443840,-1362944,-2863104,-1343488,-219136,-1386496,-1350656,-928768,-592896,-353280,-1045504,-985088,-636928,-2232320,-1170432,-726016,-762880,-1258496,-1318912,-62464,-1333248,-1931264,-2806784,-1074176,-544768,-1224704,-870400,-2103296,-743424,-1320960,-865280,-1296384,-974848,-2100224,-870400,-1197056,203776,-449536,-1698816,-1487872,-1190912,-707584,-1451008,-1167360,-609280,-47104,-1408000,-205824,602112,-1439744,-1402880,-2191360,-1433600,-355328,-2667520,-741376,-673792,-962560,-792576,-25600,-1481728,-499712,-247808,-201728,-549888,-1344512,-1022976,-154624,-1032192,-1178624,-1482752,-267264,-464896,-561152,-798720,-77824,-1641472,-1758208,-1914880,-846848,-962560,-1063936,-1077248,-674816,-1619968,-1111040,-3072,-2244608,-493568,-1243136,-583680,-606208,-673792,0,-1081344,-1089536,-2080768,-2165760,-3402752,-1019904,-344064,-1149952,-840704,-1408000,-962560,-1085440,-1059840,-1814528
2583552,399360,-78848,-1803264,-609280,627712,-826368,-212992,-830464,901120,-579584,-269312,378880,-363520,-610304,-290816,-510976,-508928,-89088,-137216,372736,-15360,-390144,-465920,-744448,-419840,-261120,53248,-1039360,1085440,-272384,-727040,-517120,536576,-363520,-718848,-233472,-195584,-502784,305152,722944,-410624,-243712,-111616,-295936,-610304,168960,-780288,379904,1201152,447488,-487424,394240,-986112,-1103872,-570368,368640,-539648,154624,-584704,-59392,-540672,118784,-280576,-931840,-384000,-497664,1024,204800,-246784,-16384,834560,-866304,-458752,-960512,-1024,780288,-56320,339968,199680,-653312,-115712,-1273856,-1705984,33792,608256,-351232,237568,-703488,40960,121856,-858112,-1867776,819200,149504,212992,-128000,586752,565248,-60416,-333824,822272,-143360,788480,-69632,1247232,191488,152576,-1121280,-1260544,-613376,-1116160,-605184,-878592,-237568,-899072,-483328,916480,-1289216,53248,-704512,78848,-291840,-729088,648192,1610752,579584,-766976,219136,257024,-990208,645120,-472064,1367040,29696,-705536,-1280000,-348160,-1075200,-161792,-1032192,-1461248,-413696,1423360,1735680,-622592,-850944,-907264,-247808,274432,-1078272,-690176,-140288,306176,1021952,499712,-832512,-676864,235520,-781312,151552,166912,-715776,-694272,-629760,418816,-251904,-1593344,354304,-748544,-192512,553984,-674816,-1480704,-784384,489472,96256,844800,-480256,507904,-824320,529408,-1899520,791552,-305152,62464,-518144,346112,-1333248,-273408,-1051648,-1061888,-1396736,-1070080,283648,-496640,1024,-274432,558080,111616,698368,-269312,-1598464,-108544,-1084416,-231424,432128,-840704,-1325056,-90112,-2048,-113664,-560128,-550912,-243712,-435200,-617472,214016,-187392,-136192,-1053696,-51200,-451584,-503808,690176,-1145856,-123904,-339968,974848,-40960,375808,-259072,-789504,-169984,-732160,1579008,-417792,-1335296,-462848,-260096,-2723840,-76800,-855040,205824,752640,730112,-130048,-603136,202752,-875520,-605184,1175552,-369664,645120,-176128,-764928,-805888,348160,251904,-644096,1550336,-625664,-951296,-1015808,-1201152,-1435648,-688128,-195584,-408576,-1230848,931840,-215040,607232,636928,-997376,-321536,560128,-188416,-1383424,-401408,-1705984,-268288,-242688,125952,-1328128,-681984,-145408,-206848,-41984,883712,293888,-888832,-172032,-781312,-50176,-747520,-847872,-327680,-925696,53248,-839680,-821248,1172480,-728064,-277504,-381952,-959488,-1269760,-843776,-2180096,17674240,-922624,-47104,-653312,-1116160,-1339392,-1929216,-893952,-1268736,-660480
-23543808,417792,-1044480,-234496,-390144,307200,352256,-646144,-1161216,752640,-118784,-922624,244736,-449536,-4096,67584,162816,-499712,537600,-1268736,156672,-632832,485376,113664,-712704,-892928,-447488,-338944,73728,-434176,135168,-1012736,-1742848,-552960,236544,59392,-77824,110592,-168960,-1090560,-1334272,96256,916480,-728064,-466944,-178176,486400,104448,345088,-1227776,-382976,-693248,367616,392192,-611328,-580608,-250880,-463872,-1512448,291840,308224,-265216,-124928,-1653760,-61440,-645120,-5120,-257024,-587776,-1104896,-120832,-152576,939008,274432,-355328,-1340416,-254976,-3072,-1961984,-121856,836608,-622592,1124352,-493568,-760832,-1414144,-1162240,-761856,-702464,-5120,-445440,-947200,461824,830464,279552,-736256,-39936,192512,-214016,-186368,1262592,-727040,524288,-950272,864256,-151552,790528,-1930240,-1081344,231424,264192,276480,96256,-857088,-489472,-867328,-1087488,994304,-787456,-573440,-386048,-223232,711680,-1175552,-1904640,-1021952,-489472,-759808,-1398784,167936,-396288,278528,-994304,-620544,-1168384,-632832,-215040,-664576,491520,-210944,-177152,-798720,-37888,-1184768,-333824,-1778688,-791552,-115712,232448,59392,-379904,-1941504,-716800,-242688,376832,194560,81920,-112640,-103424,241664,-738304,-509952,-189440,-686080,162816,1142784,-465920,-270336,-1022976,-477184,188416,-821248,181248,-648192,1044480,-208896,-608256,-13312,-52224,-1252352,627712,-323584,-681984,249856,-77824,630784,-582656,-1411072,-1875968,-716800,-135168,811008,-353280,-2065408,-95232,-414720,215040,-923648,-785408,-633856,-824320,211968,-655360,-5120,-1437696,112640,402432,-969728,-565248,-1232896,230400,153600,931840,-180224,-335872,-409600,-948224,-892928,-851968,-517120,-460800,248832,-1051648,-862208,176128,-1476608,-395264,-823296,-82944,-648192,-55296,-1335296,-708608,-260096,-754688,-796672,-189440,-732160,-565248,-660480,115712,-723968,11264,230400,-692224,-65536,-1541120,-423936,-861184,-724992,-603136,-1060864,-1006592,-1864704,-48128,-1500160,-960512,142336,437248,478208,-612352,-371712,-1220608,-632832,-126976,0,-51200,487424,673792,-689152,20480,-399360,-1010688,-1039360,835584,379904,-361472,-646144,-449536,375808,350208,-455680,-832512,-741376,-141312,-798720,355328,-139264,408576,-1263616,-542720,-558080,-1063936,-2055168,-1781760,-762880,-173056,-634880,-439296,-20480,263168,-439296,-2216960,-1624064,-843776,218112,-273408,-291840,15360,-573440,-2647040,-1734656,-1478656,30720,-972800,655360,130048,-969728,4908032,-2854912
1759232,-1206272,-825344,-101376,-676864,-954368,-765952,275456,-2166784,-1359872,15360,234496,318464,-702464,-531456,-493568,-541696,-2333696,542720,-495616,-319488,-699392,-808960,-130048,13312,-378880,-1021952,-416768,-1345536,-78848,-43008,150528,239616,-451584,-1425408,-1287168,-1153024,-675840,-174080,-311296,-293888,460800,-1890304,-1084416,-528384,-200704,176128,-394240,-351232,-1013760,-72704,1072128,268288,-33792,149504,-935936,-1070080,-890880,-464896,-91136,130048,-365568,-582656,176128,-1157120,377856,-175104,-537600,-378880,-2048,-710656,-659456,-1127424,-799744,-612352,2212864,273408,324608,-1135616,-380928,-1123328,-715776,784384,303104,-919552,-614400,-1653760,-439296,594944,-1620992,-1708032,-1195008,-742400,-880640,-786432,-275456,150528,186368,-1074176,258048,-933888,1031168,-1267712,-407552,-1212416,-2245632,-362496,0,-106496,409600,-626688,-1218560,-346112,-969728,-280576,774144,568320,-190464,-172032,66560,-1765376,-1234944,-1854464,11264,-963584,-1307648,219136,-113664,-183296,99328,-230400,-982016,-1243136,-1060864,-598016,-130048,-1187840,-302080,-705536,-509952,-1513472,-1039360,-840704,-423936,1031168,-1009664,-73728,-746496,71680,-1627136,-560128,-1078272,-477184,-441344,-1297408,1623040,-1113088,-309248,-936960,-225280,-1231872,-614400,-182272,-1421312,-1099776,-1184768,103424,-1250304,-570368,-133120,-69632,-1003520,-1003520,-1402880,-1172480,-1823744,-613376,844800,385024,-367616,-260096,-558080,-222208,-771072,-776192,-249856,-1240064,-118784,-309248,-146432,-633856,-142336,378880,-1625088,-2237440,-700416,429056,-1371136,372736,-125952,-1626112,-969728,-1974272,-1015808,-526336,381952,-933888,449536,-1488896,-578560,-1596416,-949248,-893952,-433152,-854016,295936,-388096,-245760,480256,-826368,-1698816,-591872,-944128,-821248,-590848,-822272,-1530880,-32768,432128,-749568,621568,-1968128,-1011712,-1397760,-1250304,-12288,3072,-8192,200704,-1265664,-351232,-876544,71680,-234496,-462848,-669696,-892928,837632,-529408,194560,-476160,-212992,-1807360,-1488896,-37888,-1816576,-1090560,-277504,8192,-968704,-919552,-260096,-562176,-1805312,-277504,-689152,-274432,493568,-1692672,-1041408,-683008,-1917952,-1768448,-186368,-489472,-1148928,-1079296,-1456128,195584,-1757184,-21504,-1815552,-741376,-738304,359424,-995328,259072,-675840,-1382400,-1073152,-1592320,-2278400,-461824,-635904,-834560,-185344,-450560,-17408,-304128,-1135616,-1222656,-645120,-613376,193536,-329728,-708608,-211968,49152,-2265088,-354304,-1021952,-1129472,-487424,-764928,-367616,-2480128,1772544,-1565696,-1681408,-875520
-19456,-447488,-1511424,283648,681984,-330752,627712,-487424,561152,935936,5120,-1111040,404480,664576,849920,-930816,-230400,251904,0,-655360,-690176,350208,678912,-752640,-710656,598016,132096,-378880,270336,1193984,432128,705536,-1291264,-174080,735232,-712704,916480,-243712,-1070080,-218112,-97280,-496640,-504832,-1087488,-473088,-172032,1183744,258048,-267264,-1133568,-27648,-96256,-41984,-501760,316416,-608256,285696,-612352,-1213440,-187392,-976896,-851968,-581632,-560128,-44032,319488,27648,589824,1353728,306176,-303104,-1050624,-206848,-309248,-1036288,-1462272,-193536,-356352,-642048,-605184,-877568,982016,-40960,794624,-642048,-418816,-283648,-648192,-1601536,146432,-309248,324608,486400,424960,811008,231424,-572416,-1033216,275456,-828416,-355328,287744,-391168,-162816,-1255424,-1528832,-1811456,-496640,-991232,-661504,685056,-32768,47104,-1157120,-236544,-929792,249856,-1294336,-728064,803840,-180224,598016,-290816,137216,10240,179200,-1231872,-430080,-278528,393216,-437248,-240640,97280,-514048,400384,141312,-250880,-1408000,-1367040,-628736,-1064960,-839680,146432,-1026048,-1291264,-918528,-1565696,-438272,-391168,-680960,-1097728,-48128,124928,-185344,-519168,222208,-1797120,-1628160,-449536,-2188288,-734208,-411648,-445440,13312,764928,-205824,163840,-583680,697344,-342016,198656,-2365440,-316416,-955392,-467968,-1113088,-523264,-369664,-1402880,102400,-1678336,281600,-40960,-1157120,672768,-140288,-1516544,-686080,-84992,-51200,-763904,-824320,-145408,-590848,-17408,-89088,222208,73728,-405504,755712,230400,-203776,-801792,-1730560,-824320,-844800,-603136,-254976,665600,-2898944,-2169856,-903168,-428032,-700416,-409600,-1314816,-171008,-212992,-932864,5120,700416,-1232896,463872,343040,-579584,-458752,-547840,-1360896,47104,-422912,-257024,662528,379904,28672,-1220608,-761856,-2334720,-819200,-412672,-323584,293888,-974848,581632,967680,651264,-755712,-372736,-1950720,121856,-559104,-1192960,152576,252928,-1519616,93184,-238592,-2420736,438272,-287744,-1536000,1601536,-2073600,-558080,198656,221184,-149504,-1359872,-560128,-850944,-439296,-50176,624640,-1537024,-1019904,480256,-702464,251904,-627712,-825344,-232448,-565248,-126976,161792,-2009088,-401408,-1934336,-1674240,191488,-95232,-30720,251904,335872,-1111040,-643072,-536576,-726016,-1468416,-369664,81920,-678912,151552,-695296,-307200,-598016,-997376,-584704,-635904,481280,-443392,458752,-709632,-653312,-618496,-672768,-733184,-668672,-1281024,-747520,126976,-688128
-549888,-768000,-396288,-607232,771072,-1103872,-1376256,-193536,-896000,-2508800,-203776,-544768,-1361920,-122880,-130048,-640000,-891904,-821248,-858112,-711680,-722944,-208896,-247808,264192,1492992,-647168,-1011712,-205824,-575488,-343040,-420864,-997376,-770048,-171008,-306176,1014784,-564224,-615424,-2717696,-433152,-209920,-1297408,63488,-974848,-1133568,160768,-36864,-1972224,-1703936,-798720,-158720,-404480,-1454080,-1234944,-703488,-1341440,-1856512,-1224704,-1484800,-1286144,-937984,-1278976,-167936,-1148928,-661504,-946176,10240,-874496,604160,-1251328,211968,1417216,-849920,-1352704,-2077696,-979968,-633856,-571392,-448512,-2195456,665600,-750592,297984,-1398784,-1260544,498688,-2423808,-677888,-1694720,-1025024,-1430528,-908288,-1296384,-613376,-1256448,-239616,-1253376,-276480,181248,643072,-91136,-1240064,421888,-543744,-465920,-1591296,-1478656,-55296,276480,-1292288,-275456,-1914880,-1240064,-1728512,-1994752,-1628160,-26624,-1478656,337920,-239616,-498688,-1690624,-1309696,-704512,99328,-312320,814080,621568,-1561600,-887808,-765952,-620544,-1717248,-774144,-532480,-987136,-653312,-235520,-1410048,-1011712,-1415168,-673792,-791552,-1697792,-961536,-419840,-378880,-157696,-451584,-446464,26624,-794624,-1033216,-1838080,908288,-84992,-1104896,-1280000,-537600,-894976,-1115136,294912,-775168,-952320,-1519616,-690176,-913408,-322560,-686080,-380928,-362496,-1045504,-864256,-718848,-196608,-691200,-1058816,-1719296,-633856,205824,-2039808,-760832,-1037312,-922624,-488448,-1380352,-2272256,-1131520,84992,-1624064,-162816,-305152,-257024,-1042432,-1542144,-1662976,-1024000,-1149952,-678912,-726016,-922624,-862208,-961536,-1153024,-369664,-945152,-1099776,-1597440,-410624,-140288,-1280000,-224256,-779264,-1815552,-517120,-815104,-1169408,-986112,-1585152,-340992,-1031168,-1638400,-16384,-717824,-2495488,-1127424,-1897472,-353280,-371712,-279552,-873472,-785408,-1599488,-764928,1024,-739328,-1726464,-250880,-821248,-1605632,-1186816,-429056,-1598464,-1551360,-1734656,-1314816,-973824,-629760,-109568,110592,-610304,-596992,-994304,-1022976,94208,-1324032,-339968,-120832,-2417664,-1424384,-1415168,-1067008,-1520640,-1046528,-1476608,-167936,-523264,-37888,-1850368,296960,-1049600,-948224,-1112064,-134144,-924672,-715776,-945152,-1235968,-40960,-1472512,-277504,-1127424,-1723392,-321536,262144,-1111040,-876544,282624,-1263616,-657408,-1325056,-1764352,-955392,-1401856,-765952,-96256,-824320,-826368,-1464320,-1976320,-1947648,-1346560,-660480,1465344,347136,-1508352,-896000,-834560,-468992,-738304,-1028096,-172032,-815104,-615424,-1524736,-2078720,-1412096,345088,-1506304,-640000
-1471488,-631808,256000,-1627136,-440320,-1158144,-838656,82944,-405504,-852992,-129024,-989184,-715776,-1392640,424960,-1239040,-1565696,812032,-671744,-420864,-746496,-1499136,-295936,-1314816,-1979392,-1016832,-858112,-1198080,-406528,-717824,-209920,69632,-461824,-834560,194560,-875520,243712,-225280,-1331200,-445440,-24576,-451584,524288,-1262592,-605184,-110592,-1282048,-2144256,495616,265216,-399360,-1265664,-1409024,-260096,-1087488,52224,-558080,-496640,-142336,-215040,-1012736,-1569792,-86016,-1552384,-865280,-985088,-189440,-289792,-951296,584704,801792,260096,-764928,-1462272,-2041856,107520,378880,-545792,-281600,-1622016,-249856,-228352,-1202176,-350208,-333824,-1073152,100352,-730112,-16384,-378880,-1591296,-1320960,-233472,-685056,-148480,214016,-202752,-362496,-1810432,-1352704,-266240,-345088,-1211392,-1043456,-559104,373760,-967680,-521216,-551936,-271360,-1290240,-119808,-802816,344064,-1079296,-1178624,-2058240,-476160,-624640,-930816,-741376,-673792,-711680,-1143808,1348608,-1522688,-100352,-1008640,210944,-1423360,-1370112,852992,-688128,448512,-289792,-292864,-737280,-992256,-3039232,-1093632,-338944,529408,-135168,351232,-3072,-143360,-1178624,-1285120,-1263616,518144,-1820672,-875520,-929792,1166336,-743424,-330752,-963584,-189440,219136,-176128,-1076224,-333824,-547840,-2140160,-1538048,260096,-1607680,308224,-271360,-330752,-1374208,-608256,-565248,-254976,-1267712,-902144,-1376256,-222208,-428032,-92160,-1193984,90112,-447488,-129024,-933888,-317440,-599040,100352,-753664,679936,-800768,-595968,45056,-337920,553984,-875520,449536,-950272,-976896,231424,-559104,-2166784,-47104,884736,-217088,-571392,-761856,851968,41984,-1545216,-312320,-2025472,-1394688,-1179648,-1102848,-1597440,-1350656,-794624,-864256,-477184,-801792,-1205248,-1405952,-195584,-892928,-1486848,-280576,-642048,237568,742400,-464896,-45056,-219136,19456,-83968,-1003520,-856064,-807936,-477184,-2733056,-1265664,-361472,50176,-825344,-778240,-250880,-1125376,-182272,-784384,-348160,142336,-251904,-139264,86016,-264192,-1358848,-515072,-147456,-128000,-1329152,234496,-2323456,-1007616,1018880,-1750016,-1316864,-1478656,-2784256,-1079296,463872,-463872,88064,-32768,-237568,-888832,-111616,-628736,-2663424,-739328,-25600,-828416,-1143808,105472,-141312,-1702912,-1573888,-921600,284672,751616,-1099776,-1332224,325632,-602112,-518144,-415744,-1519616,-1363968,-1059840,-928768,-130048,-183296,-245760,-801792,-1133568,-596992,-514048,-1336320,-21504,336896,-1046528,1158144,-1260544,-1369088,-1004544,-1316864,-1880064,-2259968,-956416,-833536,-315392
-416768,-1126400,-735232,173056,-414720,1206272,-253952,22528,-1108992,-1146880,302080,-1087488,-93184,883712,140288,-297984,1580032,-526336,133120,439296,-448512,817152,-295936,-1405952,-1018880,596992,-658432,-122880,264192,360448,386048,-1417216,384000,-910336,604160,268288,-927744,792576,-903168,-850944,1046528,1283072,-6144,26624,499712,206848,-3072,558080,-446464,634880,-899072,-119808,404480,-270336,-366592,598016,-1346560,-761856,820224,-605184,-514048,1108992,430080,661504,427008,-387072,211968,-513024,-438272,196608,-191488,24576,1191936,594944,544768,-686080,723968,-34816,-547840,377856,-1797120,-344064,-1044480,-552960,470016,329728,-414720,-302080,88064,-293888,84992,1088512,-129024,392192,-140288,-930816,-991232,177152,282624,578560,64512,481280,-161792,-1300480,205824,214016,-1174528,-497664,-1026048,-36864,6144,-389120,-752640,50176,17408,-1251328,75776,-719872,604160,628736,236544,-580608,147456,-252928,-343040,-100352,-844800,3072,290816,1015808,-326656,1157120,-473088,-380928,-215040,-684032,368640,461824,308224,-9216,-31744,25600,553984,1318912,-789504,-567296,237568,-491520,-77824,-1252352,-962560,-1216512,24576,533504,-542720,-101376,328704,754688,1099776,119808,6144,-14336,1135616,790528,505856,-24576,358400,-526336,276480,-16384,402432,-349184,662528,365568,-124928,457728,-803840,715776,13312,367616,99328,115712,118784,424960,-755712,540672,523264,-1090560,-61440,-231424,-1098752,-250880,620544,91136,-163840,-565248,-1056768,250880,349184,-788480,90112,768000,276480,-169984,-72704,-835584,13312,-500736,749568,863232,1139712,-843776,-217088,-1133568,753664,84992,-1321984,567296,1103872,419840,240640,-972800,726016,439296,164864,-859136,342016,-116736,-347136,-225280,-152576,-2048,-347136,-145408,80896,-805888,-1029120,179200,-423936,-444416,-43008,-204800,6144,-458752,-882688,-971776,-402432,-212992,20480,337920,-1115136,56320,-1339392,-690176,-1418240,-929792,-705536,-1987584,608256,-708608,-71680,-365568,1408000,346112,-1203200,-514048,59392,547840,-419840,413696,624640,935936,-112640,-2436096,-277504,-1103872,-1083392,299008,1337344,-986112,-431104,-394240,-61440,-1120256,359424,-1200128,9216,1244160,48128,10240,619520,-715776,-166912,-887808,737280,373760,142336,-1169408,189440,-462848,-51200,17408,-1104896,-636928,59392,-416768,-520192,573440,685056,141312,-631808,693248,-869376,-1147904,495616,-2774016,18539520,-8192,-1095680,1387520
525312,-1427456,-1022976,189440,422912,-1368064,-164864,-1577984,-1167360,-1092608,-1332224,-766976,-23552,-489472,-906240,-506880,-1698816,-690176,-744448,-1186816,1031168,-1765376,-1219584,-972800,-819200,-1680384,-653312,228352,-1942528,1016832,112640,171008,-337920,-1042432,-1474560,-312320,-826368,-605184,-796672,-300032,-50176,-766976,-542720,-209920,101376,-1991680,-1054720,-288768,-1013760,138240,107520,177152,-870400,10240,-906240,-605184,89088,-436224,-674816,-1228800,-1034240,-376832,-1573888,349184,361472,-754688,-931840,792576,-391168,-326656,200704,-402432,-1088512,-2194432,-1286144,-1531904,-837632,-929792,-519168,-645120,-423936,-962560,115712,-520192,79872,-464896,-280576,251904,-351232,-655360,-432128,-1537024,-1545216,-1460224,-445440,-371712,-846848,-1680384,-1374208,-209920,-272384,-1208320,-665600,102400,-1126400,454656,-762880,-560128,-902144,-821248,-1077248,-1467392,-1586176,540672,-986112,-863232,-1317888,-764928,-1347584,-437248,-1367040,-1312768,-1938432,-217088,-1464320,21504,-847872,-498688,-994304,-131072,-1500160,744448,-1158144,567296,253952,-90112,-845824,661504,-286720,-1080320,988160,-488448,-1179648,363520,-488448,-470016,-1201152,-801792,-1154048,-367616,-408576,-80896,-669696,-854016,-287744,-358400,-1075200,-184320,-334848,-891904,-693248,-1330176,-24576,-243712,-1005568,-1308672,-250880,-22528,-1089536,-1107968,-1062912,153600,-872448,-1638400,-123904,-1800192,-36864,1134592,108544,-1396736,-1684480,-2678784,-248832,-1634304,-557056,-1466368,-5120,-1114112,-464896,-2152448,-477184,-1180672,-321536,-347136,-381952,-712704,-653312,356352,-1249280,235520,-1102848,-744448,-1313792,-415744,-1144832,-210944,-738304,-994304,-80896,-103424,-1305600,-1086464,-1465344,-1199104,-1123328,-325632,-273408,-491520,-1547264,-875520,-659456,-820224,120832,-566272,-31744,300032,-795648,-663552,-466944,-302080,-696320,-3028992,-408576,-561152,-241664,-134144,-913408,-1560576,-855040,-909312,-1969152,-1531904,-444416,-490496,-603136,-110592,-153600,-387072,-293888,-444416,-919552,-321536,-1246208,-647168,-658432,-610304,-1252352,721920,-183296,-1336320,-1505280,-381952,-264192,750592,376832,-1415168,-742400,-966656,-969728,-2248704,-1254400,-461824,304128,-1536000,253952,-1497088,-413696,-1569792,-2311168,-745472,-832512,-1887232,-1046528,-875520,-560128,-1405952,-113664,-332800,-920576,-1289216,-1193984,229376,-133120,-166912,-787456,-717824,-2322432,-1308672,-191488,-754688,-1064960,-858112,-325632,-833536,-1534976,279552,-1217536,417792,-689152,-598016,-217088,321536,-875520,-76800,-223232,-1800192,-2291712,-1308672,-971776,8301568
-428032,125952,-699392,633856,-347136,-472064,901120,-550912,-118784,-48128,427008,-409600,-286720,-696320,-792576,-747520,288768,929792,418816,-427008,-373760,1184768,-1196032,698368,1296384,1135616,-684032,-499712,-976896,-437248,532480,-1221632,356352,-443392,-215040,491520,429056,-425984,390144,675840,-672768,860160,1159168,-369664,518144,-136192,8192,-443392,828416,-179200,-707584,179200,128000,-446464,-416768,701440,340992,45056,-575488,345088,-740352,-1170432,873472,380928,1466368,-253952,802816,813056,543744,-229376,-881664,694272,764928,280576,336896,217088,-892928,-119808,-654336,-1104896,164864,-250880,306176,396288,-456704,-790528,-889856,-272384,-30720,-359424,-635904,209920,117760,519168,556032,154624,797696,-467968,-722944,-38912,843776,756736,788480,462848,420864,31744,-177152,-489472,-1127424,1477632,-152576,540672,556032,475136,-45056,480256,-795648,-133120,-20480,-964608,-311296,266240,197632,-931840,17408,-462848,78848,192512,-1142784,-578560,-252928,32768,-1036288,-1313792,-608256,11264,-1195008,-1161216,-35840,553984,1047552,-228352,-800768,-676864,-693248,-903168,404480,477184,-29696,-152576,-115712,-516096,-179200,-559104,522240,586752,362496,-762880,-796672,-1502208,23552,-313344,-647168,-225280,-266240,-516096,-1101824,-666624,915456,-570368,-967680,-659456,1170432,-227328,901120,151552,-179200,-424960,70656,-427008,-729088,-367616,-347136,568320,-286720,-905216,230400,-736256,-1064960,-155648,48128,70656,-568320,879616,-313344,171008,96256,-28672,395264,-52224,-547840,162816,560128,218112,-785408,-610304,-204800,-1389568,-770048,-953344,-363520,-932864,1445888,-256000,688128,540672,-996352,-1319936,-404480,74752,-799744,1133568,-186368,485376,-1119232,-612352,-406528,-440320,22528,60416,-68608,-104448,5120,-26624,336896,-1260544,-321536,-745472,-1119232,-409600,178176,92160,-962560,-675840,-948224,14336,-1619968,953344,-871424,-676864,74752,993280,905216,1056768,1048576,439296,-362496,228352,-105472,1449984,-912384,-1255424,-690176,-760832,493568,1446912,-4096,-986112,-168960,-916480,-86016,397312,-590848,656384,-641024,-1076224,1214464,537600,972800,832512,-366592,353280,-759808,-305152,-1553408,-752640,-351232,-802816,418816,136192,-931840,271360,-958464,-1574912,-286720,151552,175104,-125952,281600,-1565696,-38912,569344,-997376,-551936,-821248,-875520,-531456,-347136,-1142784,649216,-395264,-953344,-996352,-144384,39936,82944,9216,301056,-326656,-327680
-1217536,-955392,-229376,266240,1380352,-1459200,-862208,-300032,-1492992,94208,-1069056,-1676288,-355328,-12288,10240,7168,-423936,-686080,-90112,-1025024,-1181696,-1218560,-1173504,186368,-634880,-786432,-1171456,-551936,-171008,157696,-71680,-820224,-172032,350208,117760,-779264,-883712,-2070528,-81920,-520192,-405504,374784,-809984,-1307648,-1307648,-283648,-74752,-463872,-208896,-370688,-796672,175104,-1459200,-957440,-516096,-787456,-888832,596992,-776192,-311296,-656384,-1460224,122880,636928,502784,-1018880,-108544,-271360,1147904,-1395712,780288,-543744,970752,347136,-705536,-2907136,571392,402432,-52224,-73728,-324608,-538624,-685056,-454656,-458752,-630784,-1115136,-1265664,-1130496,-206848,-808960,-582656,-134144,-966656,-876544,-368640,-157696,801792,-1987584,74752,-151552,-943104,-970752,-1287168,140288,-397312,-343040,-866304,81920,-704512,-581632,-1173504,-310272,-1413120,265216,-16384,382976,-959488,-1302528,-1222656,-556032,-1362944,324608,-611328,-171008,-997376,23552,139264,-466944,-740352,-359424,-713728,647168,-216064,1033216,-434176,-367616,-1551360,-441344,-139264,-1285120,-386048,-846848,-1092608,-848896,503808,344064,-222208,-408576,-291840,-238592,-724992,-537600,77824,-354304,961536,328704,-488448,112640,769024,420864,-1049600,410624,-586752,-679936,-822272,-1208320,7168,-490496,18432,-361472,-646144,-1630208,-52224,-360448,-417792,-713728,-1019904,-646144,-1681408,-174080,-269312,-350208,570368,-1343488,-2617344,-115712,-1012736,-660480,224256,94208,380928,697344,-541696,-1682432,-948224,-166912,-594944,-449536,-559104,857088,433152,-1166336,-311296,1027072,-1454080,479232,510976,-677888,480256,-856064,337920,321536,-1157120,-595968,-300032,622592,514048,-109568,-148480,-1148928,-1221632,-104448,-1373184,-468992,-500736,174080,463872,81920,-2081792,-601088,111616,-1384448,-450560,-67584,-338944,1150976,-617472,-238592,-925696,755712,-1868800,-608256,-901120,-190464,-903168,86016,473088,-1000448,-1464320,-615424,-604160,-223232,-943104,-1388544,-609280,-130048,-402432,-302080,-332800,413696,-422912,-1032192,798720,-936960,-691200,-263168,-833536,-519168,-342016,-1216512,-131072,-877568,-967680,-1301504,-1696768,-1778688,-173056,101376,-338944,-1681408,-546816,-372736,-772096,403456,940032,-470016,-435200,-585728,-949248,-1859584,-1098752,-56320,-765952,707584,-406528,-329728,-81920,-372736,-1750016,-1633280,-612352,830464,-372736,-591872,342016,-1117184,136192,-1635328,-2084864,-954368,-891904,449536,58368,-656384,95232,-1000448,-1255424,-541696,-7660544
-1048576,-802816,-414720,-242688,-690176,447488,557056,-1496064,-303104,-30720,-388096,-963584,-435200,-1002496,-1332224,-1504256,-577536,-689152,-820224,-674816,-1258496,-1368064,-773120,-1321984,-2073600,20480,-534528,-1166336,8192,-1693696,-1172480,368640,-1678336,-2248704,-1251328,-101376,593920,-1383424,-308224,-933888,-1732608,-1720320,-1337344,-2388992,-702464,-575488,-392192,-241664,-518144,-496640,15360,-932864,-2251776,-893952,-1636352,-462848,-822272,-972800,199680,-662528,-1231872,-1108992,-264192,-142336,-488448,-2048,-657408,-1035264,152576,-965632,-744448,-1105920,-1946624,-2099200,-556032,-297984,-131072,-1694720,-1256448,-1119232,-2236416,-360448,-410624,-79872,-77824,27648,-178176,-720896,-945152,322560,-2940928,-897024,326656,-27648,-684032,-235520,-1019904,-233472,-1022976,-647168,-503808,-187392,-979968,-1781760,-919552,-1720320,-428032,-108544,-30720,-827392,-986112,-456704,475136,-1077248,-835584,-874496,322560,-173056,-455680,22528,-1517568,-319488,-2289664,-471040,-48128,500736,-527360,-1039360,-1527808,-467968,-220160,-1702912,-334848,-250880,-1364992,-1155072,-787456,-146432,-1004544,-824320,-1678336,274432,-232448,-591872,-144384,-585728,-1168384,-500736,-837632,-1690624,586752,-816128,-706560,-599040,-253952,-701440,-959488,-1378304,-1410048,-1333248,-82944,-1164288,-1847296,518144,-1704960,699392,302080,-792576,-573440,-984064,-952320,-1714176,-675840,-896000,183296,-39936,-373760,-611328,-1854464,-1412096,-474112,-1121280,-911360,-752640,424960,-319488,-320512,-1339392,-12288,-1367040,-1265664,-257024,-1174528,-1381376,-769024,-908288,41984,-488448,-60416,-823296,-2135040,-1567744,-979968,-603136,-727040,-1319936,-355328,-790528,-1210368,-1506304,-167936,-561152,-1131520,-643072,-1506304,-1148928,-512000,-689152,-1252352,-1392640,-1192960,320512,88064,-225280,117760,-1421312,-1050624,-792576,-1046528,-367616,-459776,-12288,-690176,438272,-1944576,-106496,415744,-958464,-2733056,19456,91136,385024,-97280,-3072,-922624,-912384,-355328,-1599488,-967680,-119808,-1778688,-186368,-1507328,-1146880,-544768,-1044480,-777216,-1926144,-1861632,-376832,-344064,-1056768,327680,-908288,-994304,-1747968,-1276928,-1371136,-1236992,-709632,-172032,-88064,-1903616,-183296,-1515520,-375808,-1658880,-1119232,-1466368,-547840,609280,-647168,-423936,-421888,-197632,-1013760,-766976,-201728,-462848,-588800,480256,-1334272,-28672,-840704,-1858560,-1236992,-423936,-1858560,-662528,-589824,-1387520,-25600,-1249280,-1293312,-893952,-1000448,-1288192,-91136,-1179648,-1030144,-1954816,-1304576,-1609728,-904192,-3260416,-1038336,-570368,-1053696,-1799168,-814080
-1705984,-1312768,1179648,-193536,-406528,-848896,584704,647168,-131072,395264,-827392,510976,779264,1166336,1206272,238592,615424,-34816,-223232,76800,-613376,143360,-734208,-731136,-58368,-745472,330752,-1113088,80896,-1134592,-143360,239616,546816,565248,-68608,172032,-987136,-228352,-1775616,1060864,-684032,684032,394240,863232,-350208,-371712,0,-1689600,223232,1315840,-223232,206848,1384448,-354304,13312,382976,800768,-169984,-433152,-603136,692224,-637952,1346560,-763904,-683008,-2063360,229376,-1030144,-314368,1251328,-892928,236544,-153600,-1073152,-372736,-419840,-1008640,575488,91136,46080,-369664,-450560,184320,-50176,912384,-1045504,622592,569344,-481280,494592,-121856,623616,-759808,-595968,-1311744,-1902592,411648,274432,-680960,-123904,-464896,-1274880,-349184,-1149952,807936,-642048,-586752,-421888,770048,940032,-939008,-866304,-1582080,-663552,-1546240,288768,-154624,531456,829440,676864,560128,-262144,-66560,-56320,-64512,641024,-872448,347136,-428032,678912,-121856,243712,-152576,147456,-843776,-628736,385024,-108544,920576,728064,-677888,685056,-766976,-803840,-177152,-54272,768000,-1248256,-297984,454656,-499712,-233472,-89088,311296,-339968,223232,-472064,-288768,-190464,-501760,-312320,-576512,-1253376,500736,-718848,-520192,-1321984,500736,-297984,-985088,-190464,655360,781312,-533504,-562176,-1072128,-724992,-2131968,-110592,636928,-793600,122880,687104,59392,17408,-1084416,99328,100352,585728,518144,-57344,-686080,-598016,-93184,-45056,-155648,-1107968,118784,-429056,92160,-891904,-918528,-985088,-567296,-2279424,-1354752,-380928,-888832,268288,320512,-497664,354304,69632,-1273856,-1229824,-172032,-1278976,236544,980992,-234496,-242688,75776,-974848,128000,-1103872,-324608,-167936,-509952,143360,-80896,-516096,441344,-1234944,-1674240,-528384,75776,540672,196608,-733184,-372736,551936,-193536,-771072,185344,8192,-192512,-31744,580608,-439296,-36864,431104,449536,176128,-1341440,-1317888,246784,1254400,325632,619520,390144,-821248,-1028096,-124928,-125952,-595968,-333824,380928,-873472,914432,-10240,422912,-507904,764928,-1446912,-1085440,558080,43008,3072,-470016,-1442816,266240,-46080,-1090560,645120,144384,-63488,698368,-305152,-372736,815104,-675840,-1944576,-399360,-69632,692224,933888,-132096,-377856,-380928,-1339392,392192,-541696,-245760,-452608,513024,1003520,-387072,-1773568,-822272,-191488,-1071104,-678912,19456,-1358848,15907840,-1156096,-813056,-953344,416768,403456
-1403904,-1045504,692224,-1032192,-2756608,-1586176,-1639424,-51200,-173056,-1233920,-758784,-422912,-467968,-892928,-576512,-1796096,-1458176,-167936,-1295360,-723968,283648,-1296384,-647168,-662528,-1694720,-2180096,-640000,-1485824,219136,-437248,-353280,-595968,-91136,-1413120,-1034240,-1057792,-564224,422912,-892928,230400,-784384,-700416,-242688,-558080,-1813504,163840,-498688,567296,164864,-1071104,-998400,-558080,-1761280,-2013184,-2271232,-848896,-389120,543744,145408,-1195008,-1426432,-887808,-753664,-575488,-1549312,-1433600,-1059840,-818176,508928,-939008,-655360,-1209344,-851968,-1147904,-741376,225280,-415744,277504,-1603584,-1423360,-1009664,1024,-1250304,302080,-685056,-1558528,-35840,-753664,-1658880,-752640,-123904,-1855488,-230400,303104,-1044480,-581632,-1735680,-1200128,-973824,-517120,-1232896,-2825216,-1813504,-1296384,-1005568,-696320,-1160192,-1675264,14336,-674816,-900096,-378880,-600064,-1458176,-151552,1041408,-572416,-819200,-709632,45056,-1320960,145408,-8192,-44032,-1734656,277504,-1554432,-1244160,-321536,-1638400,-1147904,408576,-1355776,-665600,38912,-945152,-1233920,-351232,-1777664,-936960,-92160,-1146880,-539648,-1120256,-450560,-117760,-1231872,-534528,-2015232,-844800,-1294336,-352256,-871424,-444416,-1608704,-1265664,-798720,-67584,-726016,-1874944,43008,-883712,-220160,-1156096,115712,1105920,-378880,-894976,-516096,-1366016,-310272,-716800,-789504,-668672,-395264,-1594368,977920,221184,-516096,-1386496,-101376,-851968,-1235968,-931840,-1796096,-267264,-1388544,256000,-658432,-874496,-1338368,-1591296,-829440,-1782784,-562176,-1129472,-1790976,-190464,-1499136,-1443840,-1856512,-364544,-390144,-983040,158720,-229376,364544,-849920,-738304,-609280,-331776,-2183168,-1336320,-750592,-1913856,-1355776,-429056,-1002496,-912384,-837632,-2006016,-494592,-1317888,-408576,-1105920,-81920,-1633280,-403456,-1522688,176128,-1172480,-1998848,-454656,-1222656,-737280,68608,-1022976,-964608,-1081344,-1283072,-1486848,338944,-2139136,-1185792,-1420288,-1650688,-1711104,-630784,-1583104,-1060864,-837632,-453632,-566272,-91136,-232448,-1231872,-1252352,-1501184,-1423360,-2099200,-96256,-1701888,-1132544,357376,-873472,-249856,-752640,-1677312,-748544,550912,-1158144,-1241088,-1970176,-375808,-389120,-1157120,-1034240,-1136640,-1257472,-960512,-1655808,-746496,-707584,-813056,-1009664,-365568,-621568,527360,-677888,-354304,-378880,-310272,-594944,-1554432,-2156544,-2026496,-1175552,-1488896,-1328128,940032,-28672,655360,-1363968,-1102848,-1005568,-320512,-2003968,-485376,-763904,-637952,-147456,-819200,-1879040,-1820672,-2302976,-1107968,-1079296,-1899520,-1651712,-1304576
174080,-387072,1208320,-325632,14134272,-719872,-3087360,716800,-19456,-547840,-246784,260096,1162240,-1229824,990208,-187392,1264640,349184,708608,294912,353280,345088,131072,877568,-165888,240640,-280576,-483328,-235520,-914432,139264,1019904,259072,516096,914432,159744,414720,419840,-250880,34816,269312,236544,222208,-411648,429056,345088,147456,431104,719872,911360,226304,526336,1014784,-594944,182272,89088,875520,1610752,-1063936,-1024000,-602112,617472,138240,582656,-504832,-954368,676864,-23552,216064,80896,-581632,-607232,1166336,-803840,125952,-857088,633856,-727040,179200,708608,-102400,1744896,847872,-335872,880640,496640,-1783808,294912,-382976,-99328,529408,753664,601088,-275456,580608,280576,969728,-1515520,221184,350208,-326656,1092608,796672,417792,-499712,761856,-932864,400384,33792,-533504,3072,485376,449536,96256,-726016,-523264,-128000,-598016,77824,899072,471040,374784,173056,579584,615424,-10240,-763904,602112,1238016,-78848,466944,848896,59392,-181248,-99328,132096,918528,159744,183296,665600,1280000,604160,-122880,224256,-697344,184320,530432,-97280,1301504,-851968,584704,990208,1250304,-37888,393216,-287744,-433152,1255424,645120,376832,-21504,-147456,-214016,-306176,204800,280576,-591872,864256,-119808,-2016256,605184,449536,839680,-215040,577536,663552,-77824,258048,1079296,239616,-420864,1021952,-1124352,307200,807936,778240,-347136,-430080,-611328,221184,-133120,1166336,393216,825344,479232,799744,-721920,569344,235520,-70656,-41984,129024,353280,11264,1042432,1410048,559104,-238592,-660480,-123904,-487424,1287168,-211968,424960,-327680,-50176,-851968,165888,905216,-166912,347136,-818176,-353280,19456,-73728,178176,266240,-1092608,382976,-161792,838656,1233920,1117184,-236544,926720,40960,-559104,-881664,-446464,602112,1098752,80896,648192,-831488,-993280,-128000,-732160,377856,-11264,609280,-527360,1133568,-349184,70656,-41984,-204800,-168960,-923648,608256,642048,356352,548864,278528,102400,-406528,-410624,51200,350208,-875520,-183296,-89088,-206848,1395712,-553984,168960,274432,-464896,-2048,1144832,445440,-216064,64512,600064,-1189888,355328,382976,-238592,1292288,494592,1337344,-254976,-830464,-1239040,-447488,-820224,715776,-720896,-601088,-97280,-312320,366592,11264,747520,-438272,-971776,92160,1002496,939008,547840,-1149952,-706560,366592,-1549312,-413696,1845248,652288,1130496,-326656,-599040,-618496
-1326080,-556032,-1603584,-760832,-1951744,-407552,-88064,295936,-945152,-549888,283648,93184,932864,-1400832,-394240,411648,-1628160,-364544,-1158144,254976,98304,-1013760,-232448,-740352,-823296,-1056768,53248,-949248,25600,726016,-305152,884736,915456,-567296,12288,-1306624,-1107968,-787456,-1199104,-89088,-26624,831488,611328,-312320,-530432,-122880,-501760,361472,-675840,319488,303104,130048,-508928,-726016,6144,-606208,-382976,137216,-863232,641024,-449536,-1370112,404480,-1328128,-1125376,149504,479232,179200,192512,-804864,-1300480,-342016,-705536,146432,-1221632,93184,20480,458752,1106944,-14336,-459776,231424,757760,-1300480,278528,-811008,243712,886784,-1089536,-270336,281600,-378880,-477184,-625664,-2048,-1125376,1233920,-256000,-585728,-399360,-685056,288768,805888,-516096,377856,575488,797696,343040,622592,-423936,-439296,-173056,-547840,-841728,-245760,1104896,-144384,-756736,-1063936,-815104,-1516544,23552,-1620992,231424,-1060864,-291840,-195584,216064,262144,-526336,153600,-1231872,-455680,-841728,-376832,632832,485376,264192,-1583104,-163840,-201728,-769024,-372736,-1267712,-915456,-319488,225280,121856,-238592,-130048,-1431552,-528384,-1506304,90112,-729088,358400,94208,-2120704,587776,-1041408,-1039360,-1229824,-664576,-384000,-159744,-1208320,-775168,-412672,-246784,-1286144,179200,-452608,-613376,-600064,-510976,-536576,-1160192,-1308672,-195584,615424,-1012736,-24576,-504832,468992,-2069504,-357376,160768,-590848,479232,-1244160,-86016,-1665024,-294912,-2256896,-1143808,759808,-1818624,49152,-851968,637952,-141312,-811008,-564224,-201728,-593920,-572416,-783360,307200,1025024,-567296,29696,-1888256,-717824,-1319936,36864,-1042432,-131072,391168,-2168832,-926720,-246784,-1829888,-456704,-1201152,-98304,-803840,-302080,384000,-796672,-1025024,-671744,-206848,-1373184,-1651712,-1142784,-1399808,657408,-445440,-8192,-1097728,-1314816,-133120,-1639424,-550912,106496,-1014784,612352,-512000,-437248,-256000,-1442816,-425984,-1312768,-484352,-777216,-1024000,-419840,-31744,-492544,273408,-718848,194560,214016,-257024,-756736,649216,-536576,-980992,399360,-299008,-331776,-477184,-1114112,256000,-785408,-1127424,-734208,-1508352,-1411072,-503808,-702464,-1010688,-12288,897024,-161792,8192,-1466368,715776,17408,-484352,-434176,535552,56320,382976,-851968,-1056768,-534528,-62464,-2146304,-21504,-456704,-331776,-598016,-1297408,-1352704,-79872,-655360,-2110464,482304,-76800,-1206272,1137664,-302080,19456,-485376,306176,-432128,182272,11264,-1502208
10127360,-2458624,-2486272,-771072,-1522688,-1053696,-299008,-1054720,926720,-619520,-2123776,-1318912,-533504,-714752,95232,-996352,-1693696,-1833984,-2334720,-2364416,-2212864,-1769472,-2444288,-1299456,-1740800,-866304,-1487872,-1224704,-1782784,-1511424,-353280,-1249280,-295936,-1242112,-1273856,13312,-625664,-1849344,-1291264,-1496064,-1902592,-1177600,-2526208,-457728,139264,-291840,-1293312,-352256,-1466368,-367616,-627712,-1810432,-1011712,-413696,-585728,-494592,-613376,-650240,-829440,-1143808,-1058816,-640000,-1303552,-1489920,-1652736,-1595392,-1024000,-162816,-666624,-570368,-1321984,-136192,-2157568,-207872,-1822720,-672768,-1292288,-1630208,-1564672,-1776640,-664576,-1343488,-1208320,-2107392,-1132544,-1037312,-588800,-1059840,-1524736,-2089984,-1416192,-1118208,-73728,332800,327680,-930816,-2275328,-888832,-2287616,-425984,-124928,-510976,-1112064,-1680384,-844800,-1325056,-481280,-2889728,-2656256,-1939456,-798720,-454656,-2191360,-1295360,-514048,-1872896,-1716224,-1542144,-1185792,-237568,-587776,-363520,-624640,-1465344,-241664,-1951744,-1477632,-841728,-1694720,-1833984,-200704,-1744896,-1680384,-1756160,-856064,-1587200,-512000,-1243136,-850944,-1246208,-1460224,-791552,3072,-670720,-1002496,-2606080,-332800,-666624,-1464320,-701440,36864,-964608,-614400,-1085440,-948224,-717824,-945152,-899072,-2784256,-1325056,-158720,-1743872,-1146880,-742400,-203776,-226304,-325632,-1876992,-657408,-1814528,-2144256,391168,-1564672,-1013760,-845824,-1226752,-747520,-1341440,-1476608,-340992,-1839104,-1227776,-1357824,-943104,-1124352,-522240,-611328,26624,-1104896,-1200128,310272,-413696,-594944,-1603584,-212992,-547840,281600,-840704,-1814528,-1860608,-1761280,-894976,-261120,61440,-918528,-1022976,-2373632,-2029568,-1911808,-677888,-952320,-559104,-773120,-1582080,-310272,-1928192,-237568,-1675264,-1876992,-1188864,-50176,-960512,-2134016,-528384,-3262464,-1634304,-729088,-886784,-1163264,-457728,-556032,-1371136,-1903616,-120832,-576512,-788480,-684032,-387072,-1953792,-436224,-1546240,-1852416,-1284096,-401408,-826368,-2749440,-1331200,-879616,-1763328,-1539072,-552960,-1282048,-1175552,-12288,-1719296,-1887232,-2625536,-1788928,-1579008,-1412096,-2053120,-1012736,-1764352,-1645568,-1472512,-340992,-1980416,-989184,-486400,-675840,-939008,-1009664,-905216,-916480,-1618944,-1387520,-1683456,-1633280,-1464320,-1522688,-1191936,-587776,-1896448,-1507328,-1193984,-1011712,-602112,-783360,-892928,-452608,-492544,-1856512,-874496,-1161216,-2140160,-1234944,-1104896,-1071104,-1978368,-1181696,-1465344,-1334272,-310272,-571392,-1252352,-1117184,-1423360,-1717248,-1144832,-1282048,-663552,-544768,-1290240,-3381248,-699392,-246784,-1215488,280576,-1361920,-1029120
-2273280,-975872,-888832,151552,-933888,-2351104,-840704,-638976,-695296,-331776,-547840,-236544,-406528,-1196032,290816,324608,-299008,-1031168,-1866752,-1195008,590848,990208,-1615872,-350208,-769024,-66560,382976,-185344,-1121280,-551936,-1107968,-715776,-771072,-232448,-1292288,-837632,-1463296,-924672,-1591296,-187392,-490496,17408,-533504,-256000,-736256,-183296,375808,-1688576,-553984,-462848,355328,-580608,-747520,-729088,-960512,-309248,-352256,-668672,-1613824,487424,391168,970752,-630784,256000,-903168,223232,-1423360,-179200,392192,-222208,44032,530432,-753664,-770048,65536,-990208,553984,-667648,-359424,-530432,-1778688,-365568,-1102848,-181248,-540672,-68608,666624,-223232,83968,-903168,22528,-206848,-27648,-1072128,-237568,-124928,240640,-685056,392192,523264,-344064,-943104,-1103872,-375808,-2170880,-799744,-248832,-239616,503808,833536,-188416,462848,-321536,-1208320,-1850368,311296,-672768,284672,-703488,-277504,470016,-449536,-155648,-114688,559104,-1379328,829440,553984,-93184,-844800,98304,10240,-1161216,334848,266240,-380928,-1843200,-781312,1164288,-334848,-1124352,-370688,-989184,-626688,-957440,11264,1022976,-713728,894976,641024,-1047552,-1712128,135168,78848,-73728,-556032,-369664,5120,-734208,-503808,194560,-567296,-64512,-957440,-1554432,-959488,-112640,-1442816,-1171456,219136,-1019904,-290816,-296960,-1585152,-1500160,641024,-482304,-1134592,-896000,-1003520,-1180672,-666624,-1033216,-532480,-870400,-1317888,-1342464,-253952,-1247232,-796672,-548864,-472064,304128,-764928,-235520,-609280,-150528,-607232,-746496,-646144,408576,677888,-769024,-371712,-1050624,-190464,-483328,-568320,330752,-202752,-109568,-1112064,-1624064,-1602560,-1790976,-117760,-1419264,-287744,-382976,-1287168,-710656,-151552,4096,-1986560,-401408,-687104,-195584,-335872,-869376,-683008,-248832,-96256,-1134592,-1210368,-1958912,-950272,480256,1091584,-267264,-389120,744448,-202752,-1576960,-268288,247808,-693248,-1009664,1269760,-942080,-740352,-56320,-863232,-2080768,-816128,-700416,-440320,759808,-691200,-839680,206848,-474112,-1434624,740352,-180224,-463872,458752,-940032,79872,344064,-513024,-584704,-1060864,-491520,-1229824,-453632,-24576,-76800,-187392,-807936,77824,-892928,-2254848,-288768,-1158144,-2102272,-389120,-707584,-744448,-930816,-290816,-1094656,-1409024,-890880,-1584128,695296,-1207296,-18432,-8192,-560128,378880,-267264,-734208,-1274880,-38912,-826368,-563200,-471040,-1148928,-480256,357376,-1156096,-1094656,-719872,-222208,662528,-326656,-1042432,-631808,-367616,-862208
980992,-613376,-1462272,-126976,-775168,-1324032,-920576,-832512,-874496,389120,-446464,-1139712,-951296,-1219584,-1071104,-108544,-392192,-539648,-105472,-24576,-1843200,112640,-1585152,-1616896,-780288,-174080,-40960,-1270784,-1646592,-1112064,-876544,-509952,-65536,-361472,-555008,-1676288,-82944,-954368,-900096,-1628160,139264,-630784,-1502208,-2609152,-772096,-1195008,-599040,422912,-457728,-331776,-248832,-703488,-1293312,-1244160,-264192,-1395712,-1098752,-191488,-692224,-1338368,-718848,-1832960,-221184,-2364416,-1819648,376832,-84992,-890880,212992,-1290240,-1071104,-839680,-262144,7168,-444416,-1758208,-551936,-1606656,-754688,-578560,-636928,-2522112,-1306624,-1311744,-429056,-82944,-205824,-951296,-456704,440320,-1239040,-796672,-616448,-464896,-390144,-1062912,-1361920,60416,-659456,-658432,-934912,-509952,-843776,-98304,-315392,-1483776,-1487872,135168,-1381376,270336,-574464,-459776,50176,-503808,-276480,-765952,423936,-1249280,-897024,-1958912,-730112,-101376,491520,-856064,-436224,-1118208,-496640,-372736,-968704,-1532928,1024,-395264,-1193984,-404480,-1059840,-355328,-1521664,-1288192,-915456,-263168,-624640,-619520,-684032,-711680,-408576,-1076224,-230400,9216,-863232,-680960,-693248,-259072,-238592,-586752,-209920,-110592,-905216,-2644992,-185344,-2367488,-121856,-919552,-2012160,-1024000,-149504,-627712,-109568,-1502208,-658432,-1461248,874496,107520,-1721344,-1353728,-1337344,-931840,260096,-633856,-1656832,-421888,-928768,-681984,-693248,-986112,-671744,-664576,700416,-1458176,-563200,-1430528,-432128,-1712128,-1925120,-1696768,-2343936,433152,-1628160,-807936,-777216,-1067008,-1332224,-1241088,-6144,-1155072,292864,-991232,-803840,-1275904,-989184,-1031168,8192,-1614848,-1494016,253952,-1426432,-1472512,-1057792,-866304,-485376,-807936,-1295360,-1166336,-904192,-1410048,689152,382976,-252928,-883712,-527360,-2016256,-825344,-312320,-941056,-1719296,-151552,-517120,-1436672,-1139712,-1147904,-2072576,269312,-691200,-988160,-613376,-192512,-1111040,-984064,-885760,-472064,-2302976,-231424,-366592,-894976,-332800,11264,-1860608,-1182720,-386048,-1219584,87040,-1104896,-1501184,-1201152,-614400,-371712,-392192,-2147328,-1267712,-1051648,-943104,-361472,26624,-2491392,-2232320,-1309696,-1459200,-704512,-464896,-504832,-665600,141312,-1390592,-988160,-1145856,-521216,-1678336,-441344,433152,-190464,-420864,-494592,-354304,-418816,-706560,-2333696,130048,-2471936,-113664,-928768,-1018880,-779264,-109568,-801792,-618496,-804864,-2950144,-1118208,-357376,-1980416,-1549312,-35840,-1009664,-601088,535552,-1528832,-1193984,-1817600,-1069056,-162816,-2213888
-2503680,-3380224,-245760,-707584,1620992,765952,-69632,13312,-1143808,-1077248,0,306176,30720,336896,226304,-260096,-1228800,401408,799744,-331776,-1136640,-917504,224256,-577536,625664,646144,-370688,-57344,-1227776,567296,-313344,633856,-691200,-97280,619520,-336896,391168,70656,-605184,-1699840,-244736,-288768,258048,339968,420864,146432,694272,-529408,-739328,75776,181248,-564224,-846848,-322560,-1563648,-401408,-359424,866304,-1707008,1231872,-734208,609280,225280,-888832,318464,174080,351232,-59392,-75776,-937984,117760,830464,-884736,-559104,-875520,-58368,-1167360,-769024,-1006592,648192,147456,906240,811008,-728064,-916480,-693248,-875520,-384000,-455680,92160,-599040,931840,-762880,65536,-34816,-1215488,-1019904,-391168,343040,1136640,16384,-117760,-504832,-138240,-831488,-1026048,-343040,-387072,68608,-433152,-759808,913408,429056,-616448,-243712,231424,94208,194560,-46080,564224,881664,160768,-104448,-544768,745472,-1165312,-452608,-221184,-15360,666624,908288,487424,793600,-111616,-1559552,787456,-6144,-844800,650240,-456704,-740352,-204800,-647168,473088,-10240,-477184,-1220608,-609280,-562176,146432,400384,-139264,-8192,-589824,-382976,343040,55296,-423936,-927744,-109568,-1259520,-621568,92160,271360,134144,-1336320,-1371136,-540672,-1218560,-1180672,374784,-397312,352256,-802816,296960,545792,-335872,-516096,338944,-459776,448512,266240,-492544,259072,-108544,-1230848,1199104,1056768,-871424,-1440768,261120,-1244160,-763904,-163840,-110592,-162816,542720,-450560,247808,-1654784,-457728,236544,-576512,199680,-631808,-1355776,-935936,-839680,939008,-12288,169984,59392,-78848,-517120,196608,-806912,-294912,-941056,-727040,202752,-956416,45056,134144,-1736704,-631808,15360,-542720,-993280,268288,-875520,661504,375808,-126976,-828416,-284672,-180224,-614400,-203776,-521216,709632,-226304,-1186816,-1216512,-421888,-884736,-614400,-1768448,784384,744448,-1590272,77824,-1147904,-643072,-215040,-676864,538624,1596416,-598016,599040,-576512,-970752,-2122752,-1020928,-3072,1171456,-356352,283648,62464,-859136,-391168,-868352,306176,-242688,-1206272,-857088,-362496,-407552,-44032,-324608,-1089536,-445440,-183296,-2229248,-837632,888832,-959488,412672,-786432,-922624,654336,-2014208,-1093632,-381952,-1299456,-433152,-657408,-13312,1072128,-1116160,-1013760,-1421312,-935936,-885760,-1231872,-187392,14336,246784,-1353728,-1425408,-931840,-70656,-165888,-1389568,132096,863232,-536576,1029120,266240,16384,1268736
-24576,285696,-463872,-503808,-980992,-710656,-539648,-1224704,-164864,-222208,-145408,-355328,229376,-502784,-313344,-875520,-1035264,-2024448,-1024,-1143808,-1092608,240640,-188416,-735232,-470016,-1017856,-997376,-743424,259072,-780288,976896,149504,184320,-600064,-726016,-1190912,-430080,521216,-476160,177152,-1319936,-561152,-1107968,-374784,-1857536,-70656,304128,-1118208,157696,-338944,-1213440,131072,-743424,-297984,-786432,-703488,-1070080,570368,666624,-637952,-1056768,-306176,-1042432,-1741824,-660480,-1290240,222208,-1101824,1027072,-692224,-898048,-744448,-630784,-2182144,-717824,-636928,-517120,-932864,287744,243712,-835584,158720,-360448,-1163264,371712,-9216,-400384,-657408,-485376,-5120,-625664,-1481728,-773120,81920,164864,-611328,-249856,-783360,-470016,-1149952,-2204672,-892928,-1034240,-937984,-267264,-1536000,1042432,91136,-835584,382976,-1329152,-1215488,-971776,-541696,-728064,459776,-406528,-574464,-271360,-1187840,-993280,-903168,148480,-1095680,-904192,-1579008,-391168,249856,-791552,-73728,-265216,-782336,-1522688,-532480,-920576,27648,5120,-252928,194560,-434176,304128,-305152,-1350656,-1021952,-1222656,-756736,-1078272,-1168384,-1188864,-560128,-780288,-566272,-1378304,-533504,667648,-668672,670720,-1319936,40960,-57344,-215040,-67584,-353280,-141312,-944128,-713728,-1547264,-188416,-1559552,-522240,52224,-33792,-1532928,-896000,145408,-159744,-569344,34816,-369664,-945152,-151552,-1389568,-369664,-2260992,-408576,784384,-78848,-790528,-1230848,-120832,-389120,417792,-1306624,-241664,-989184,-815104,159744,-595968,-956416,-1233920,-693248,-738304,-1947648,-1307648,-558080,12288,-454656,-203776,-173056,-975872,-235520,-888832,-1643520,-254976,-424960,-279552,97280,-791552,-534528,-587776,-2282496,-720896,-1309696,-1191936,-1267712,-234496,-105472,-749568,-1787904,-962560,-1549312,73728,-1336320,-1685504,-452608,-320512,-1287168,-295936,-100352,-1848320,-918528,-608256,-1644544,179200,-996352,-1337344,-156672,-1208320,-1454080,-138240,-2006016,8192,-425984,-423936,-2048,-1383424,-1497088,-233472,-230400,-972800,580608,-612352,-775168,-219136,-934912,-2049024,141312,-1033216,-1218560,-158720,-942080,-900096,-579584,-602112,-715776,-1270784,-541696,-2093056,-1113088,-650240,-1443840,-18432,-1680384,159744,-1139712,-1162240,-883712,-1295360,-2321408,-1965056,-1168384,-976896,227328,67584,-1672192,477184,-1347584,-2962432,-541696,-506880,169984,-176128,-695296,-723968,-917504,-1065984,-1603584,-1176576,-1360896,-194560,345088,-304128,307200,-578560,-1359872,-891904,-266240,-69632,-958464,-1103872
-592896,-716800,-758784,-783360,-862208,-1169408,138240,-1052672,-1056768,-397312,-230400,-506880,-2368512,-235520,201728,-479232,-574464,220160,-869376,-2245632,-951296,-900096,-1384448,304128,-520192,-493568,-502784,-1840128,-1482752,-997376,-654336,-2224128,-270336,-881664,-1263616,-695296,-1462272,-423936,679936,-1754112,-794624,-629760,-1278976,-1077248,-963584,-724992,-201728,-1366016,-1165312,-1103872,-1299456,-67584,-1607680,-1327104,592896,-2048,-699392,-319488,-197632,-700416,-557056,-2428928,116736,61440,173056,-128000,-124928,-769024,-2015232,-13312,-804864,-964608,-1387520,-616448,-995328,-357376,-891904,-1092608,-765952,-1295360,-1772544,-36864,-849920,992256,188416,-817152,-740352,-998400,-201728,-1110016,-660480,-1729536,-1971200,-160768,-1533952,-315392,-1258496,-897024,-904192,323584,-356352,-794624,-1005568,-551936,-1399808,-1216512,-2130944,-1213440,870400,-2125824,335872,-747520,-202752,-927744,-677888,-125952,-430080,-893952,-356352,-1492992,225280,-457728,-721920,-1479680,-92160,-144384,-93184,-943104,-825344,-91136,376832,-1177600,-1513472,-1613824,326656,-1504256,-446464,-663552,-845824,-543744,-1240064,-962560,-344064,-1138688,-484352,-1169408,-6144,-899072,176128,-68608,-391168,-901120,-119808,-735232,-925696,-1283072,-1261568,-1280000,-1298432,-1370112,-1491968,-231424,-1217536,-176128,-497664,1198080,-840704,-1301504,-1130496,-1196032,-1387520,-909312,844800,-356352,-1218560,-1965056,-768000,-894976,-452608,-1395712,-1303552,-197632,-1492992,-1262592,-172032,-619520,-124928,-316416,-1138688,-1060864,88064,-1192960,438272,-848896,-545792,142336,-178176,-1724416,-2935808,-1202176,-1492992,-435200,139264,-1742848,-95232,-1227776,-550912,-412672,-2393088,-1256448,-1475584,-659456,-1245184,-359424,-135168,-643072,-2596864,-1047552,-1375232,-1497088,1128448,-321536,-759808,-642048,-1321984,-232448,-2056192,-1714176,-1770496,-62464,-858112,-238592,-581632,-933888,-822272,-1668096,-1844224,-1296384,-1095680,-2508800,-1104896,-1297408,218112,-650240,-1064960,-296960,-2525184,-942080,-332800,-771072,-1259520,-1804288,-1204224,-1382400,-1003520,-985088,-2432000,-1476608,-1620992,53248,-65536,254976,-1383424,-2065408,-1294336,-750592,-863232,12288,-450560,-788480,-400384,-1946624,-505856,-1116160,-882688,-787456,-1164288,-1182720,-558080,-727040,594944,-1908736,-1468416,-2053120,-939008,-1042432,-1324032,-1432576,-897024,-380928,-944128,-1236992,-1748992,-1044480,-1617920,-789504,-1174528,-2630656,-752640,-410624,-1772544,-1612800,-1124352,-1679360,-1856512,-294912,-743424,-690176,-921600,-800768,-1595392,-1405952,-1305600,519168,-837632,-535552,-1119232,375808,-12319744,-231424
-856064,-799744,-576512,-251904,-444416,497664,152576,-1351680,583680,387072,-313344,-122880,-363520,-1671168,232448,154624,214016,350208,-761856,-166912,-269312,534528,348160,-1502208,-6144,-163840,-218112,-887808,-214016,-822272,-8192,1184768,-1659904,-877568,-303104,-262144,47104,257024,-31744,-491520,61440,1512448,-177152,-58368,534528,-348160,-161792,-457728,766976,-806912,-1657856,-703488,204800,-763904,-92160,-1030144,-360448,-790528,263168,-975872,303104,-2012160,-659456,-191488,-1049600,-178176,-577536,-32768,-44032,-66560,-196608,662528,-823296,-411648,-1052672,-16384,360448,-1364992,-863232,-557056,-837632,-458752,-1105920,-809984,-527360,257024,1055744,714752,-414720,277504,-508928,-468992,-424960,124928,-780288,-118784,-178176,204800,415744,794624,-734208,-477184,-503808,-2088960,207872,-344064,-768000,741376,-226304,-253952,-1063936,-1198080,-1564672,-264192,-397312,-190464,209920,152576,-202752,-1418240,-69632,-963584,-732160,898048,428032,256000,606208,-703488,-228352,-139264,-1646592,918528,-1193984,-259072,-304128,-567296,-267264,3072,-654336,415744,-893952,-1257472,-806912,-1032192,-838656,369664,-1359872,-4096,136192,389120,-263168,374784,-245760,-434176,-379904,339968,658432,-48128,379904,346112,-493568,-163840,-455680,-736256,271360,14336,-141312,-815104,-215040,-361472,-595968,-822272,-334848,-820224,397312,-1767424,-1361920,920576,-748544,649216,-166912,-427008,-1433600,-133120,-974848,-215040,-678912,-1160192,-319488,696320,-567296,-257024,222208,-1285120,-507904,-1112064,-637952,-1287168,-177152,102400,-816128,373760,805888,-971776,-973824,-284672,-1007616,268288,673792,-799744,-242688,30720,-892928,-1024000,-667648,-1452032,-61440,33792,-18432,-575488,-153600,212992,-393216,-1569792,376832,-766976,-263168,-1245184,149504,106496,1568768,-600064,-510976,-398336,-540672,266240,-385024,1040384,-397312,-215040,-673792,-178176,-2176000,-598016,-41984,-51200,-361472,442368,-444416,-698368,-1633280,-1653760,-100352,-240640,379904,274432,-492544,-77824,147456,-110592,-1077248,-430080,-1076224,466944,-866304,412672,-870400,-1230848,295936,-552960,-1443840,-121856,-592896,-292864,-565248,-889856,-792576,391168,-1728512,-161792,-622592,-1110016,-40960,193536,843776,505856,-918528,-1105920,-475136,-1857536,-56320,-386048,-1653760,-1211392,-144384,793600,857088,-407552,-982016,-1542144,-1006592,-1173504,1071104,-570368,-509952,947200,-364544,-1056768,-133120,-46080,-335872,-535552,-1056768,-661504,-513024,-401408,-87040,429056,-1002496,-591872
162816,305152,-398336,-167936,-1078272,847872,-257024,-1102848,628736,-1049600,324608,714752,-959488,-245760,-1223680,604160,-123904,215040,405504,-694272,-344064,-473088,-53248,-821248,1028096,165888,898048,-353280,-439296,141312,-636928,1599488,496640,-136192,-111616,600064,102400,813056,-1177600,-674816,-453632,-800768,-1401856,-517120,-260096,612352,613376,154624,-704512,-276480,-1077248,-81920,816128,-548864,226304,589824,72704,-1225728,-34816,-832512,-506880,-1024000,-1287168,647168,579584,984064,1087488,-324608,-692224,-55296,-150528,-715776,-483328,258048,148480,-142336,-206848,84992,-791552,499712,-1114112,506880,-933888,-794624,1139712,-238592,-1127424,-249856,-319488,-112640,-696320,-753664,-744448,155648,-407552,-291840,1176576,-870400,477184,-1462272,413696,-569344,-827392,-233472,346112,-475136,-535552,-1816576,-461824,-1162240,183296,-504832,-802816,-102400,-657408,-524288,-102400,-1289216,-3076096,-506880,1293312,-391168,163840,365568,512000,98304,-58368,-10240,358400,-453632,-333824,-1015808,177152,420864,-607232,-515072,-542720,621568,248832,-629760,418816,-206848,3072,839680,-71680,708608,-785408,-380928,-263168,267264,-1081344,-522240,381952,-464896,-1095680,-480256,-821248,-943104,-405504,-281600,-115712,-2231296,-535552,-250880,-1049600,-1024,-599040,11264,-1560576,-361472,-498688,-502784,-1038336,94208,-522240,-7168,242688,-700416,1301504,132096,834560,-491520,440320,-777216,423936,-1458176,192512,-154624,-1097728,83968,-935936,-807936,-203776,-1053696,227328,342016,1165312,-440320,752640,67584,-93184,-177152,768000,57344,-200704,338944,-687104,-1528832,-232448,-356352,822272,164864,-439296,-1079296,-95232,-1359872,-40960,818176,-44032,-266240,565248,135168,76800,1694720,-964608,-4096,811008,-778240,-1149952,717824,-122880,-534528,376832,-110592,1005568,568320,157696,-1089536,-276480,660480,-747520,-1309696,1076224,585728,-544768,-198656,-1211392,-131072,-195584,594944,-18432,-652288,-779264,37888,-476160,-1077248,-1440768,-1454080,-513024,-50176,159744,445440,647168,-312320,257024,-442368,-1269760,-561152,-410624,-394240,134144,-102400,-1145856,-802816,-522240,-564224,-770048,-457728,-584704,-178176,344064,-545792,-688128,-601088,7168,-1080320,-1568768,-66560,-99328,-685056,-492544,-364544,-1547264,-448512,-1267712,-1117184,-656384,-686080,-113664,-701440,-98304,-661504,883712,1111040,97280,-756736,-905216,-233472,-916480,133120,-998400,-1780736,-1624064,-482304,-847872,504832,-565248,-317440,-1240064,-295936
-456704,-244736,151552,846848,-488448,159744,-594944,-292864,935936,-1990656,48128,-676864,134144,-410624,509952,-1055744,-75776,-397312,-2048,-1463296,-279552,-231424,-135168,771072,51200,-965632,-1364992,-1213440,-1429504,920576,75776,480256,-423936,-1173504,285696,536576,-475136,-920576,-563200,63488,-456704,-1014784,203776,-37888,-847872,-14336,-1838080,-667648,-928768,-320512,-889856,-643072,374784,-1149952,-378880,157696,-1373184,-115712,56320,-1415168,-479232,-246784,-526336,75776,-354304,-969728,-1167360,656384,-904192,-1024000,831488,116736,319488,98304,-270336,-600064,-712704,-122880,-305152,1142784,605184,152576,536576,86016,-226304,267264,-522240,-69632,-203776,-378880,315392,550912,-544768,629760,-406528,-700416,-430080,-1086464,592896,843776,16384,-302080,-734208,-12288,-352256,618496,-169984,617472,228352,-1096704,139264,-1009664,-214016,-1735680,556032,-796672,-846848,1489920,-352256,499712,-226304,-333824,-342016,388096,-698368,-1027072,-681984,-1472512,-222208,-1231872,131072,-370688,312320,-1513472,-340992,177152,37888,382976,97280,-1354752,1215488,-1413120,-1475584,-199680,125952,-284672,-197632,273408,-777216,-1053696,-1119232,-1293312,-547840,219136,-752640,248832,18432,1090560,226304,-154624,877568,-1325056,-420864,-697344,-1355776,-1653760,-221184,135168,268288,45056,404480,559104,110592,-591872,241664,498688,651264,-948224,468992,-798720,610304,390144,188416,-157696,-1019904,-4096,-1015808,337920,-535552,-43008,-26624,1369088,-867328,3072,193536,-13312,-627712,-458752,-787456,-770048,366592,-962560,393216,-356352,-287744,-548864,-929792,-528384,-47104,-691200,-1263616,-41984,-1483776,-774144,-79872,-21504,-880640,-1471488,377856,-600064,-1100800,-752640,139264,134144,84992,-28672,-747520,-1286144,-696320,225280,315392,-876544,-1074176,-400384,-2413568,-913408,-1415168,-161792,690176,32768,670720,130048,-24576,-1999872,-99328,55296,727040,-94208,-774144,1441792,-937984,-1311744,-1922048,-626688,31744,-580608,678912,-992256,-29696,-604160,-160768,564224,-487424,-526336,-872448,-1373184,221184,-897024,-287744,-1635328,-1608704,-432128,-1143808,-717824,1096704,-510976,-325632,647168,-803840,-376832,-612352,202752,-1313792,-680960,-882688,-757760,-658432,-142336,-1405952,-840704,-840704,-328704,-806912,-591872,756736,-1638400,-430080,-962560,-720896,-138240,-1484800,859136,-1420288,-24576,-64512,-92160,-1656832,-438272,669696,-2173952,-503808,-1507328,-141312,-388096,156672,-641024,-506880,-44032,-920576,-1810432
-144384,1155072,594944,-1026048,-81920,-969728,-1289216,-856064,2025472,-5288960,-94208,-388096,999424,2452480,-945152,241664,896000,1128448,184320,183296,688128,-344064,296960,-407552,566272,718848,-573440,497664,926720,117760,128000,788480,-231424,1064960,-1338368,-1267712,-294912,-269312,831488,528384,843776,1356800,-513024,-728064,1302528,748544,399360,1015808,237568,-26624,636928,887808,81920,-768000,528384,285696,742400,562176,360448,1167360,1387520,28672,354304,508928,418816,627712,671744,120832,93184,-277504,686080,167936,1224704,381952,776192,1222656,1147904,88064,656384,-330752,-130048,357376,1159168,363520,-551936,1053696,-877568,2197504,533504,671744,-692224,44032,-284672,-508928,1113088,339968,328704,-29696,-363520,618496,329728,-369664,-532480,855040,411648,1924096,-19456,403456,-18432,1647616,-496640,769024,-132096,-544768,131072,470016,137216,-815104,-27648,358400,280576,-38912,23552,-345088,1048576,781312,181248,-765952,-437248,735232,1257472,-728064,-162816,374784,-329728,-798720,83968,-703488,-688128,-324608,763904,236544,-221184,618496,1176576,-12288,339968,363520,-754688,166912,144384,736256,684032,972800,1215488,-219136,138240,-692224,-299008,706560,878592,-280576,-748544,-56320,650240,-117760,-98304,952320,658432,794624,863232,201728,-908288,-524288,992256,-88064,73728,-537600,1072128,371712,263168,409600,310272,-231424,1267712,360448,328704,-87040,-497664,-867328,346112,102400,-487424,756736,86016,1340416,-449536,-1155072,-152576,605184,-1439744,-943104,139264,223232,1343488,1131520,1028096,372736,-339968,863232,63488,-1662976,103424,251904,33792,114688,365568,-216064,678912,-237568,-367616,-29696,-64512,215040,533504,-1376256,520192,-737280,-520192,-967680,-22528,-334848,-393216,739328,-98304,-691200,-215040,134144,-71680,815104,-26624,729088,86016,462848,599040,-165888,-1166336,-512000,-39936,11264,-38912,-1216512,-774144,1637376,-339968,-83968,867328,640000,-1299456,865280,759808,-814080,91136,76800,-868352,8192,345088,-1026048,-86016,771072,-927744,473088,-324608,322560,305152,-308224,-77824,9216,-95232,592896,-565248,361472,1012736,-69632,-180224,-827392,-1646592,-845824,-1434624,139264,-353280,-14336,320512,-616448,-1276928,366592,-956416,-444416,-541696,-817152,1599488,-200704,910336,806912,-618496,-1716224,-479232,-599040,-273408,451584,-999424,277504,305152,-696320,-1315840,-549888,-89088,22528,70656,391168
-663552,-1419264,-1275904,-680960,602112,-206848,1031168,115712,1233920,350208,-277504,-1235968,-615424,159744,-1077248,-67584,-111616,63488,-277504,-6144,-463872,263168,-761856,-801792,-633856,-272384,-152576,-454656,-278528,318464,585728,-962560,408576,103424,633856,-523264,-1933312,-116736,515072,-390144,820224,27648,295936,-638976,-598016,-848896,492544,-1181696,822272,-1557504,-447488,-177152,347136,-649216,-95232,-16384,-506880,-477184,-898048,-1701888,-847872,210944,288768,275456,-35840,486400,-917504,-1326080,-2043904,1041408,115712,-33792,-788480,5120,-163840,-1462272,402432,294912,395264,-346112,138240,-979968,955392,10240,-254976,-842752,6144,-1339392,-772096,-869376,254976,968704,-238592,-1456128,-976896,-1316864,-1419264,-909312,-8192,587776,-83968,-513024,-742400,-834560,-272384,-1242112,-1579008,-622592,-675840,957440,-603136,609280,17408,643072,-1658880,713728,-454656,-636928,-412672,-543744,157696,-847872,439296,-200704,-1389568,-2568192,-602112,1306624,-10240,911360,-143360,-720896,-1169408,459776,-260096,-836608,233472,60416,-960512,-1836032,-1442816,-150528,-194560,238592,-633856,1104896,-297984,-922624,-1088512,256000,-1312768,-219136,-1000448,-657408,-75776,78848,-823296,-18432,-1257472,-508928,-1184768,247808,-25600,712704,288768,-476160,-1567744,-839680,-1529856,1561600,9216,-489472,1316864,-816128,-439296,-780288,151552,-1160192,-53248,-291840,75776,-587776,8192,-641024,480256,-325632,-870400,-1096704,-1008640,-80896,-852992,-49152,1522688,-708608,-467968,-311296,-857088,-1309696,-203776,96256,591872,989184,-390144,-198656,-1538048,122880,70656,817152,-1178624,158720,196608,-404480,-935936,-861184,-838656,-557056,188416,-602112,112640,-904192,188416,1115136,-6144,-20480,-823296,-832512,-943104,-576512,19456,-780288,520192,-532480,-141312,-819200,-302080,-959488,-1537024,-382976,-286720,-593920,-179200,-171008,-1225728,-432128,-623616,-1295360,-1143808,465920,-140288,182272,396288,-1543168,-633856,156672,-811008,565248,-824320,1015808,570368,602112,-1225728,-687104,-457728,-1056768,-869376,229376,-729088,205824,453632,91136,451584,-574464,-1169408,-2270208,-172032,694272,-658432,579584,-377856,-979968,-159744,-2082816,399360,-627712,-1537024,-131072,102400,291840,179200,-893952,-1282048,-714752,-2240512,-462848,70656,471040,-669696,-248832,-785408,35840,134144,-749568,-244736,419840,141312,-247808,-701440,-265216,52224,-1383424,317440,-2740224,-523264,-1139712,-1531904,-312320,43008,-925696,-194560,-1325056
1197056,861184,587776,634880,441344,117760,198656,-687104,793600,258048,-678912,1253376,-693248,-622592,293888,364544,443392,704512,-691200,547840,-80896,1043456,642048,192512,-355328,59392,-534528,-488448,719872,271360,-172032,193536,549888,192512,-113664,-315392,-50176,-458752,171008,38912,582656,499712,-177152,728064,-412672,646144,-75776,-12288,344064,402432,721920,338944,-1024,-317440,-788480,1189888,131072,-829440,248832,154624,529408,674816,872448,450560,-390144,-311296,570368,288768,2003968,-33792,343040,785408,-263168,432128,1401856,106496,1286144,1230848,1077248,-757760,65536,457728,384000,184320,267264,734208,-157696,346112,568320,-596992,386048,348160,-197632,1012736,949248,845824,396288,65536,48128,-28672,791552,79872,54272,-17408,-376832,1043456,777216,1125376,1297408,-6144,-825344,89088,400384,296960,817152,1598464,-95232,1139712,681984,14336,208896,-679936,370688,-177152,-691200,278528,485376,221184,-604160,33792,-387072,1361920,477184,-206848,283648,604160,849920,-625664,-1186816,-47104,-545792,-543744,-41984,-1136640,1599488,702464,-253952,409600,1141760,1420288,456704,-401408,289792,1019904,-553984,509952,-248832,-325632,-454656,184320,-15360,69632,534528,-565248,560128,381952,-174080,-410624,720896,1018880,483328,489472,1130496,545792,-360448,-806912,1175552,888832,-334848,-506880,404480,222208,-550912,-1188864,-905216,17408,-378880,-316416,-429056,-848896,1604608,19456,-271360,-522240,537600,-864256,785408,292864,171008,67584,-1143808,710656,-914432,681984,315392,166912,1149952,1441792,-355328,407552,64512,-428032,-1086464,-176128,-466944,569344,103424,328704,1356800,-258048,-187392,261120,116736,2374656,935936,360448,22528,1134592,-328704,801792,-1133568,-841728,1095680,132096,686080,-73728,741376,-191488,471040,-29696,-102400,-1313792,1652736,674816,215040,768000,831488,-839680,-799744,139264,-1406976,-696320,-932864,-716800,1011712,-234496,493568,1165312,910336,-171008,598016,-200704,-586752,514048,842752,384000,-636928,-440320,-977920,-580608,292864,844800,-267264,347136,650240,-1160192,626688,1024000,114688,-796672,-84992,-1150976,273408,349184,153600,-259072,522240,157696,-275456,313344,-238592,-49152,-750592,228352,-779264,1072128,-293888,-399360,-821248,-407552,-588800,245760,-155648,1306624,585728,-476160,-292864,336896,-925696,-112640,-438272,274432,935936,-674816,-589824,-744448,-944128,-324608,-622592,-702464
222208,-322560,-416768,-1664000,1051648,336896,-577536,284672,-565248,101376,-605184,-921600,-834560,-1630208,-1101824,153600,-109568,-369664,698368,415744,411648,-1051648,-590848,-75776,73728,-233472,40960,1915904,-4096,-674816,-390144,191488,-1481728,249856,-668672,-1030144,260096,-1968128,-612352,-344064,-791552,-2314240,452608,480256,-544768,1193984,-300032,-190464,429056,208896,-701440,858112,-251904,196608,106496,1044480,-192512,409600,661504,-3072,-615424,-876544,31744,-560128,-607232,813056,-27648,679936,-1160192,-254976,11264,-1602560,715776,22528,977920,-685056,470016,1049600,-750592,-580608,-1205248,93184,-845824,118784,1024,-1243136,967680,-843776,-245760,-1359872,-205824,-910336,198656,644096,-967680,635904,-882688,-611328,-29696,142336,-1522688,-756736,45056,-229376,-51200,387072,-444416,443392,-296960,-833536,-186368,220160,435200,203776,-1212416,-1110016,679936,-1541120,-246784,-987136,15360,-9216,2086912,-59392,-253952,-1566720,-1847296,1101824,-1121280,33792,946176,-543744,422912,-210944,-411648,-783360,-1377280,327680,-297984,974848,-577536,-991232,-611328,-309248,-1219584,-1545216,-1206272,-732160,-869376,-649216,214016,436224,125952,-482304,510976,-1177600,-604160,-194560,557056,-819200,-183296,-365568,-430080,438272,-16384,414720,-582656,-143360,242688,-838656,884736,-1476608,-584704,214016,-481280,406528,172032,-1251328,-338944,212992,28672,139264,-37888,-202752,4096,-1166336,576512,-371712,144384,-1049600,-222208,-791552,195584,-1330176,-102400,-259072,-315392,-540672,-864256,106496,-825344,-805888,-625664,-398336,-112640,-279552,489472,-982016,-198656,31744,-454656,-91136,-18432,71680,1033216,250880,-313344,-608256,-1671168,-258048,44032,-794624,538624,161792,-864256,-179200,-498688,-1912832,1043456,-431104,-1097728,-338944,-486400,-415744,-169984,-106496,-31744,-240640,-1203200,-915456,202752,-773120,568320,907264,-514048,-1025024,83968,392192,-98304,11264,-1149952,-33792,58368,-124928,-279552,-1263616,-1427456,-148480,-475136,268288,-493568,666624,-1130496,117760,301056,-2337792,50176,646144,869376,496640,-960512,-1483776,-1256448,-178176,-1283072,-688128,131072,-1155072,3766272,-1232896,332800,484352,-562176,-451584,-613376,330752,229376,-581632,226304,673792,-1053696,104448,321536,-952320,-2315264,-1471488,-1658880,-305152,648192,-257024,926720,-1637376,-826368,-1658880,22528,-6144,401408,-375808,661504,-827392,-676864,-607232,84992,60416,546816,-433152,472064,-785408,-927744,139264
-681984,-852992,-75776,318464,-55296,126976,-1255424,-2355200,646144,-820224,324608,1158144,-1796096,-258048,117760,-335872,-129024,1763328,-648192,239616,-1209344,-901120,568320,-830464,-616448,-1889280,-1267712,-1677312,-650240,-391168,-1577984,-495616,-82944,-570368,-1116160,-678912,-171008,450560,-435200,-1634304,-416768,73728,800768,-178176,-38912,-726016,446464,-965632,78848,587776,-423936,332800,-154624,-829440,-428032,-1697792,-1616896,-897024,-345088,1135616,1384448,-952320,809984,-882688,-19456,-945152,-160768,935936,76800,-910336,30720,-635904,-724992,193536,342016,-898048,-63488,-1025024,172032,-234496,-405504,694272,14336,280576,-93184,-1018880,299008,-509952,4096,185344,-864256,-998400,-1123328,-197632,321536,756736,-819200,-591872,-832512,-707584,-1105920,-375808,-197632,-1253376,-789504,-320512,-1367040,-562176,451584,-477184,102400,-1219584,-807936,-1409024,-1258496,-447488,209920,-730112,45056,235520,138240,-1969152,-1257472,-289792,-804864,-1403904,-805888,-72704,927744,-404480,-321536,-78848,-1269760,-327680,887808,-651264,-1039360,184320,856064,624640,-629760,-930816,502784,-287744,-455680,179200,-283648,-94208,-116736,-56320,-835584,-1150976,-1089536,-1239040,-542720,396288,131072,-1325056,199680,224256,-1085440,485376,-299008,-424960,-1361920,-1626112,-370688,-460800,156672,-293888,-95232,244736,-352256,-148480,-884736,-90112,-923648,-80896,-1157120,971776,-1055744,241664,268288,128000,-1262592,-80896,-946176,-744448,476160,572416,312320,-471040,-258048,250880,-1010688,-630784,-333824,123904,-431104,-1111040,-614400,-1233920,-712704,89088,706560,-654336,-653312,-827392,-54272,-559104,39936,100352,-536576,-559104,47104,365568,-1434624,69632,-182272,452608,-1158144,72704,-1374208,-882688,376832,-126976,475136,676864,229376,-476160,-1383424,-558080,133120,-1286144,-1075200,117760,419840,-140288,-524288,-498688,-491520,579584,-1394688,-207872,415744,-1382400,763904,720896,569344,328704,-757760,-1125376,-642048,109568,-791552,-536576,-492544,-999424,-951296,-553984,446464,-414720,-482304,-774144,48128,839680,-333824,215040,-1216512,305152,-242688,-892928,-1005568,-287744,-133120,74752,-10240,-336896,-2109440,-172032,-1797120,-1104896,-30720,544768,-605184,44032,1252352,-820224,-1953792,-719872,-302080,456704,59392,183296,-1393664,222208,-474112,-687104,204800,-1748992,-650240,-116736,-685056,-752640,-496640,94208,-912384,-599040,-110592,-2241536,-598016,-239616,-196608,-983040,-1748992,184320,208896,-95232,-564224,-979968
313344,545792,1734656,-129024,-986112,329728,-1595392,116736,694272,596992,317440,-125952,103424,-80896,1021952,57344,-362496,392192,592896,-543744,-1076224,909312,294912,-689152,-290816,-245760,-976896,-225280,1115136,155648,-360448,152576,850944,-831488,-1506304,369664,349184,1392640,-214016,754688,652288,1112064,-803840,49152,-706560,638976,1419264,8192,32768,1078272,-222208,-177152,328704,-155648,599040,444416,-253952,-594944,-49152,-3072,860160,-232448,-464896,-615424,204800,1528832,1075200,811008,1446912,1103872,47104,-410624,1025024,1335296,-803840,-176128,1613824,80896,-37888,8192,-241664,77824,465920,-92160,189440,527360,1137664,98304,509952,-483328,-1539072,898048,961536,993280,742400,836608,-302080,-774144,-1204224,-949248,-169984,675840,-494592,-265216,1438720,761856,-1209344,-32768,94208,-440320,390144,611328,-7168,499712,-769024,1098752,-688128,436224,-1071104,979968,1211392,-872448,1020928,-944128,-378880,-467968,691200,436224,-246784,-861184,887808,683008,122880,-157696,-519168,-202752,-212992,801792,-363520,-684032,-850944,875520,742400,-146432,152576,834560,-267264,-1582080,-986112,1115136,145408,966656,506880,-156672,774144,-665600,-208896,261120,-225280,1142784,-1118208,-619520,72704,-402432,514048,751616,-983040,409600,717824,-529408,-533504,1191936,-34816,573440,-666624,1013760,1002496,-661504,357376,523264,-67584,-769024,-260096,793600,1261568,269312,-13312,595968,-856064,-1361920,25600,-610304,-1043456,1141760,848896,1338368,372736,64512,130048,189440,-128000,-133120,-391168,205824,-1092608,-496640,34816,-420864,-142336,-619520,-141312,-174080,57344,-644096,1529856,415744,-173056,36864,739328,-744448,74752,825344,-178176,614400,-862208,1569792,619520,-389120,-463872,683008,-671744,626688,125952,440320,-547840,929792,-427008,1041408,-1677312,45056,413696,1672192,332800,360448,-117760,-505856,-436224,277504,703488,-263168,-100352,482304,589824,476160,-905216,-456704,632832,-316416,-300032,307200,-270336,-154624,443392,-54272,261120,-766976,-961536,1069056,-434176,111616,36864,-1448960,481280,-182272,-525312,-573440,-400384,-748544,-369664,299008,354304,-80896,-634880,871424,-514048,-116736,-645120,910336,406528,15360,325632,945152,877568,-771072,-187392,-1283072,-58368,910336,-148480,271360,-518144,-207872,-402432,-584704,-331776,-931840,-820224,-250880,728064,-288768,-43008,-871424,-913408,-362496,7421952,-293888,-390144,-545792,-1082368,33792
-404480,-1378304,-50176,-474112,-957440,370688,250880,-1183744,-904192,-43008,-1163264,-947200,-1153024,486400,-360448,-1366016,-1477632,-117760,-662528,-1113088,-1539072,-311296,276480,-352256,-1700864,-419840,-1409024,-571392,-187392,-145408,536576,-630784,545792,-1099776,-1009664,1054720,-1295360,-557056,-1235968,-974848,-727040,-474112,823296,515072,-370688,-117760,-75776,-602112,-2295808,-1244160,178176,-1013760,1433600,-86016,-1038336,-1146880,69632,-251904,-1216512,-488448,-1002496,-656384,-751616,-446464,-562176,-756736,-1006592,-568320,-1513472,-1035264,-312320,41984,648192,-76800,-419840,-140288,-1177600,-1618944,381952,-369664,-270336,-236544,-1152000,-53248,-1449984,-567296,-1797120,-1115136,-566272,-168960,320512,-2438144,-376832,-1011712,-528384,-1010688,-1611776,-327680,-964608,964608,33792,-1235968,-493568,-344064,-123904,175104,-448512,-352256,-1137664,-428032,176128,1024,-1415168,-235520,-1573888,-604160,-787456,48128,-638976,-354304,370688,1303552,191488,643072,-783360,-1072128,172032,-174080,5120,-1800192,457728,-972800,-243712,-1753088,-237568,-1398784,-840704,-247808,23552,-191488,-757760,-653312,109568,-550912,-509952,-750592,81920,-1123328,129024,-621568,-1048576,-1047552,-398336,-871424,-1175552,-257024,-49152,-285696,-1105920,-710656,-859136,-1040384,-746496,-1402880,-1573888,-263168,988160,-1503232,-1422336,595968,348160,-10240,-135168,-706560,-428032,-585728,-994304,-439296,-943104,273408,-654336,-1033216,-12288,-1632256,-1316864,-1426432,-454656,-1995776,-429056,-863232,-882688,-118784,-39936,-860160,-217088,-704512,-933888,630784,-201728,-482304,143360,115712,688128,216064,67584,1024,-2341888,-217088,-1019904,-167936,-1306624,-703488,-368640,437248,-1431552,-154624,-862208,-901120,-2143232,-240640,-871424,347136,-496640,-2096128,1097728,-3661824,-1183744,558080,-269312,-222208,-173056,-1693696,-1542144,-1516544,-2445312,-463872,-679936,1069056,235520,-1695744,-669696,-964608,-1647616,-760832,-1034240,-1473536,-724992,-1603584,-240640,-452608,-429056,-215040,-1069056,-456704,-379904,-368640,-237568,-663552,-358400,167936,-182272,-1085440,-675840,-1503232,-1016832,17408,735232,-854016,-1368064,239616,684032,-802816,-1856512,-1481728,-280576,-2206720,132096,89088,-845824,-1506304,-431104,362496,-670720,-987136,-581632,958464,-830464,584704,-395264,-134144,-1111040,-296960,-1341440,-887808,-892928,-407552,-24576,-120832,-716800,-1014784,-1651712,-951296,-106496,-113664,-1025024,715776,-459776,-704512,-125952,-567296,-733184,-2135040,-1300480,325632,-835584,-817152,65536,36864,-1442816,-1411072
23552,807936,77824,-397312,824320,455680,385024,721920,-163840,1196032,-3901440,244736,788480,-576512,-849920,-809984,-643072,741376,322560,1636352,733184,1218560,1489920,-169984,499712,540672,2186240,826368,771072,182272,446464,231424,720896,-636928,-1152000,-653312,-294912,269312,-400384,-43008,271360,231424,-234496,501760,-343040,-55296,412672,1058816,1729536,89088,444416,485376,-823296,519168,137216,1082368,281600,1226752,-159744,-178176,103424,63488,25600,-1473536,865280,697344,257024,-65536,1241088,1124352,376832,277504,-1384448,-90112,867328,997376,803840,311296,1020928,249856,1117184,-243712,561152,508928,684032,1332224,817152,1298432,593920,24576,4096,466944,19456,167936,910336,513024,599040,487424,-372736,-345088,387072,-1650688,1576960,-120832,45056,291840,1582080,732160,820224,-63488,-507904,472064,88064,505856,259072,-183296,-466944,208896,-311296,513024,-568320,-376832,1533952,-30720,-518144,67584,-172032,-592896,-836608,397312,696320,584704,1289216,158720,1124352,-552960,880640,-535552,610304,532480,481280,606208,-184320,540672,-762880,1710080,307200,1227776,-902144,422912,754688,-234496,2521088,1611776,60416,948224,1396736,-77824,-177152,77824,300032,-131072,795648,392192,632832,21504,549888,603136,-631808,356352,814080,1228800,-698368,-1438720,670720,708608,623616,283648,312320,-253952,169984,1099776,690176,896000,184320,708608,336896,58368,335872,158720,-720896,-295936,308224,-750592,-1543168,1276928,-763904,999424,491520,133120,-326656,190464,353280,487424,685056,861184,891904,758784,-96256,238592,-545792,-153600,-1008640,67584,1734656,524288,-210944,1222656,-323584,1038336,-247808,-668672,548864,739328,1150976,-228352,1599488,677888,592896,620544,-359424,-169984,479232,-194560,1361920,-323584,1284096,1672192,188416,593920,-1966080,991232,215040,-50176,71680,-565248,-528384,1400832,-28672,-991232,-234496,102400,-1304576,1482752,-62464,995328,239616,953344,780288,834560,791552,280576,1090560,375808,-297984,1271808,269312,8192,287744,1676288,1184768,-369664,394240,-294912,-1289216,916480,-86016,373760,282624,357376,-427008,519168,1348608,625664,378880,89088,274432,65536,326656,1045504,678912,498688,-146432,-340992,1034240,-728064,-1406976,814080,-612352,163840,459776,-117760,380928,-442368,542720,-985088,809984,-971776,1413120,190464,54272,874496,1160192,3575808,1111040,278528,753664,607232,402432,43008
621568,-102400,-389120,125952,-1487872,-321536,366592,-1987584,5753856,-1281024,-135168,-1566720,-367616,-628736,183296,319488,-1715200,-791552,344064,-221184,-986112,-55296,377856,-1060864,-258048,1352704,-10249216,931840,365568,-544768,-717824,883712,-447488,-563200,288768,553984,-1417216,-794624,-1696768,-624640,-819200,-666624,-464896,-564224,553984,-735232,-434176,-409600,-1126400,-2115584,-313344,194560,-521216,960512,-180224,-247808,-240640,-307200,466944,-65536,-701440,-359424,-680960,-945152,-1476608,-1008640,-300032,-462848,16384,50176,38912,90112,124928,-234496,-679936,-206848,715776,-209920,-1794048,900096,140288,719872,253952,-1041408,-813056,-691200,52224,-1943552,271360,-66560,-402432,-230400,134144,-320512,-830464,-301056,-934912,-900096,-772096,-774144,-431104,-189440,578560,405504,34816,-561152,-585728,184320,385024,524288,-607232,-288768,-1357824,-1387520,174080,-1134592,-920576,186368,-516096,-1943552,378880,-1155072,-248832,-89088,92160,-605184,-538624,-1052672,-628736,451584,-1818624,-669696,-133120,-1124352,-209920,-407552,591872,-826368,-537600,-197632,860160,93184,48128,35840,-648192,-1615872,-832512,155648,-202752,1303552,-482304,545792,-808960,-211968,25600,-742400,-578560,-621568,228352,-55296,507904,187392,808960,18432,-244736,-1033216,-1265664,81920,-947200,-650240,-55296,-378880,493568,-1436672,-483328,-955392,-842752,-538624,-716800,-688128,-543744,-1187840,-501760,-65536,-192512,-1428480,-129024,-32768,-986112,-409600,936960,852992,-262144,-1331200,342016,-324608,168960,-585728,-1082368,-299008,-546816,-489472,449536,-784384,414720,660480,-785408,-498688,-748544,296960,-501760,533504,-724992,-685056,-1001472,-1512448,-802816,-547840,-908288,-434176,-503808,229376,-1548288,-385024,-397312,-1071104,-1179648,-1476608,-734208,-1185792,218112,-1049600,128000,-576512,-1177600,-400384,-449536,664576,-5120,-14336,-664576,3139584,-1628160,-1195008,157696,-914432,-1596416,-118784,697344,-609280,312320,-160768,-338944,-1081344,-749568,-1835008,-471040,476160,-758784,926720,653312,-7168,-304128,283648,-710656,732160,1078272,1072128,305152,-1253376,415744,335872,542720,-914432,-472064,-442368,6411264,-641024,-935936,-512000,-1297408,-1010688,317440,-726016,-307200,-1633280,361472,-328704,1412096,-525312,1389568,-202752,-713728,-1650688,-1046528,-1620992,-336896,404480,-708608,-482304,-658432,-237568,-303104,-113664,-1210368,119808,-417792,-950272,-1056768,-1300480,-181248,533504,770048,-14247936,-95232,-541696,288768,229376,292864,-1584128
-1954816,-1217536,-120832,679936,-825344,-1047552,-1125376,-1406976,49152,-837632,-473088,-722944,-2086912,8926208,-1410048,-218112,-713728,-2247680,288768,-357376,-1073152,143360,-207872,-884736,-559104,-1626112,-2057216,-541696,-633856,-512000,-888832,-91136,-883712,-521216,-1395712,-480256,-729088,-1220608,-1256448,-378880,373760,-738304,-173056,-256000,-1314816,-300032,-1356800,-1224704,-231424,-989184,748544,-1397760,-1032192,416768,450560,-2012160,0,-39936,-823296,-646144,-822272,905216,-276480,-385024,-1251328,-2207744,-491520,-1396736,45056,-808960,-657408,-1192960,-166912,-1438720,-248832,576512,-879616,241664,-2565120,-873472,-522240,-675840,-1018880,-459776,223232,-1515520,-675840,-474112,-675840,-613376,-780288,-547840,-869376,-3419136,-2020352,-52224,-325632,761856,-498688,126976,-565248,-626688,-1692672,764928,-657408,-877568,-541696,-169984,-548864,-428032,-776192,-401408,-243712,-552960,719872,-893952,752640,-199680,19456,-608256,-964608,-1068032,-684032,-2179072,-1243136,203776,-187392,-2153472,-1004544,-736256,-738304,-2033664,-768000,-761856,-521216,-155648,-415744,-920576,-982016,-688128,-2050048,-748544,-1544192,-761856,144384,-741376,-757760,-272384,-496640,-1000448,1024,-1409024,189440,-1112064,-495616,-1336320,-1211392,-784384,-386048,-431104,-243712,-194560,-886784,-1052672,-116736,-158720,-466944,-1282048,-1047552,-823296,-570368,138240,-1434624,-312320,-1742848,-1421312,-1626112,-206848,-1427456,-960512,-1356800,-307200,-1507328,-1472512,-2349056,-1697792,-1309696,48128,-711680,217088,-762880,-2529280,-1665024,-874496,-1360896,-254976,-457728,-759808,-1833984,-535552,-1067008,-927744,-220160,-2850816,-1281024,-1572864,-759808,831488,-24576,-1202176,-510976,-1102848,-2768896,-829440,-89088,-384000,-263168,-1753088,-477184,-1046528,-1540096,-2087936,-1200128,-1416192,-1490944,-1213440,-883712,-2588672,-1132544,-1571840,-762880,-88064,-1246208,-1002496,-1506304,-497664,-958464,-481280,-1547264,-572416,-1007616,-3426304,-581632,791552,-871424,277504,-1747968,-996352,-886784,-1220608,-1312768,-856064,-1839104,37888,634880,-602112,40960,-763904,-600064,-458752,-816128,-388096,-244736,-1486848,-688128,-281600,-1529856,-735232,-1247232,-1107968,-2009088,-1346560,-1331200,113664,-217088,266240,-1852416,-1301504,-549888,-1989632,-540672,-163840,424960,676864,-351232,-432128,-1206272,-260096,-1373184,-828416,-864256,-1358848,-391168,-92160,-1776640,-497664,-239616,-265216,-423936,604160,207872,-168960,-1457152,-899072,-728064,-1330176,-1579008,-2049024,-2483200,-529408,-1057792,-524288,421888,-323584,-719872,144384,-869376,-1491968,-531456,-339968
-64512,116736,-616448,798720,887808,902144,320512,964608,966656,-557056,-949248,-378880,624640,-833536,-1348608,596992,301056,1501184,324608,-664576,344064,567296,443392,-800768,-373760,589824,-925696,1149952,-1754112,-1388544,-575488,-470016,-1828864,-504832,-126976,465920,-414720,-319488,196608,-457728,264192,-1804288,-1022976,132096,672768,377856,-661504,655360,1287168,2177024,98304,596992,-562176,-509952,2023424,-540672,-473088,1048576,226304,77824,1313792,-1203200,-797696,-162816,150528,4096,316416,427008,-309248,-302080,-1141760,-634880,-801792,1124352,422912,519168,-684032,-329728,-438272,-996352,-401408,-312320,351232,1711104,866304,18432,-446464,-199680,78848,-1713152,-25600,1090560,236544,211968,-2060288,494592,-1529856,336896,330752,1147904,676864,267264,627712,267264,-333824,-1203200,-745472,-216064,-2355200,830464,664576,-866304,-212992,-70656,110592,141312,1112064,-1019904,1065984,824320,773120,516096,689152,-402432,-340992,232448,188416,333824,-500736,904192,-303104,-83968,784384,-906240,-95232,-106496,138240,1119232,570368,-287744,1218560,-173056,-1330176,-479232,58368,-1296384,-2234368,-1418240,220160,954368,1085440,-353280,-486400,432128,917504,-1855488,-462848,945152,542720,-249856,122880,-473088,733184,-1077248,-161792,-33792,-304128,263168,-628736,436224,885760,-413696,-1192960,137216,-518144,651264,545792,-359424,-436224,138240,-1486848,505856,-1221632,504832,-1131520,95232,-439296,-313344,-56320,-435200,-424960,-515072,-420864,-15360,66560,-73728,242688,1117184,832512,-1136640,323584,-1058816,1579008,673792,68608,529408,-949248,-420864,943104,-1381376,-388096,-333824,-381952,-25600,-283648,-1125376,-110592,-303104,-1443840,-1361920,-885760,419840,222208,-786432,567296,146432,-457728,-1074176,-779264,-901120,-8192,54272,866304,-24576,-923648,-200704,-118784,-1477632,-550912,158720,70656,-186368,-439296,688128,-706560,-1366016,-612352,-599040,-941056,626688,-54272,738304,311296,541696,-7001088,458752,-1082368,553984,1675264,-133120,111616,-889856,-134144,415744,49152,-247808,-620544,706560,878592,694272,1418240,948224,-131072,-136192,-34816,142336,216064,455680,-643072,212992,935936,537600,-869376,-1430528,-545792,-1336320,-563200,-864256,8192,1217536,436224,506880,-437248,-666624,-420864,32768,346112,139264,525312,-260096,-589824,-1262592,447488,-412672,1274880,811008,-311296,757760,205824,261120,771072,-847872,-336896,-1033216,-901120,-33792,-222208,400384,91136,618496
