path,shape,dtype,size,min,max,mean,sum,sha256,value,array_file,text_file
BG_DATA/1/AUTOX,[1],|S5,1,,,,,1139b6cfb47a3711e96a77cadebafafd1a7809f362f9acb3dbc6de118cab6269,"""NotOn""",,
BG_DATA/1/BADPIXELCORRECTED,[1],|S5,1,,,,,1139b6cfb47a3711e96a77cadebafafd1a7809f362f9acb3dbc6de118cab6269,"""NotOn""",,
BG_DATA/1/COMMENT,[1],|S1,1,,,,,6e340b9cffb37a989ca544e6bb780a2c78901d3fb33738768511a30617afa01d,"""""",,
BG_DATA/1/DATA,[102400],int32,102400,-23543808.0,1638488064.0,20108.68,2059128832.0,8b76fba6d37d8d6521f057ee592ac42960bf7ad41b4757c5049b72b9a6f544d4,null,DataBase\bgdata_extract\180.binary\arrays\BG_DATA__1__DATA.npy,
BG_DATA/1/DATA_TYPE,[1],|S12,1,,,,,fe79efc3abe7cdc3dd806975a11087f872f8064bdeb4f69fc6b61fcef97fed6a,"""IntegerArray""",,
BG_DATA/1/GAINCORRECTED,[1],|S5,1,,,,,1139b6cfb47a3711e96a77cadebafafd1a7809f362f9acb3dbc6de118cab6269,"""NotOn""",,
BG_DATA/1/GAMMACORRECTED,[1],|S5,1,,,,,1139b6cfb47a3711e96a77cadebafafd1a7809f362f9acb3dbc6de118cab6269,"""NotOn""",,
BG_DATA/1/HASDATA,[1],uint8,1,1.0,1.0,1.0,1.0,4bf5122f344554c53bde2ebb8cd2b7e3d1600ad631c385a5d7cce23c7785459a,1,,
BG_DATA/1/METADATA/SATURATED,[1],uint8,1,0.0,0.0,0.0,0.0,6e340b9cffb37a989ca544e6bb780a2c78901d3fb33738768511a30617afa01d,0,,
BG_DATA/1/RAWFRAME/BINNINGX,[1],int32,1,1.0,1.0,1.0,1.0,67abdd721024f0ff4e0b3f4c2fc13bc5bad42d0b7851d456d88d203d15aaa450,1,,
BG_DATA/1/RAWFRAME/BINNINGY,[1],int32,1,1.0,1.0,1.0,1.0,67abdd721024f0ff4e0b3f4c2fc13bc5bad42d0b7851d456d88d203d15aaa450,1,,
BG_DATA/1/RAWFRAME/BINTYPE,[1],|S7,1,,,,,20c53aaf99ace14d2f2ebf82719f3933da7e44bf1171440025ce0d40de7fbac9,"""Binning""",,
BG_DATA/1/RAWFRAME/BITENCODING,[1],|S3,1,,,,,8662203314894f22d31a3a96ed75d7acfdfd221da89226a3a687e3c4bf6e5986,"""S16""",,
BG_DATA/1/RAWFRAME/BLACKLEVELSTAMP,[1],int32,1,-1.0,-1.0,-1.0,-1.0,ad95131bc0b799c0b1af477fb14fcf26a6a9f76079e48bf090acb7e8367bfd0e,-1,,
BG_DATA/1/RAWFRAME/ENERGY/ENERGYOFBEAM,[1],float64,1,0.0,0.0,0.0,0.0,af5570f5a1810b7af78caf4bc70a660f0df51e42baf91d4de5b2328de0e83dfc,0.0,,
BG_DATA/1/RAWFRAME/ENERGY/ENERGYOFBEAMSTATUS,[1],|S4,1,,,,,c627c09c14e58e44bc51622dac392958ec88244e414b508020634f53cfcd1e69,"""NONE""",,
BG_DATA/1/RAWFRAME/ENERGY/ENERGYOFFRAME,[1],float64,1,0.0,0.0,0.0,0.0,af5570f5a1810b7af78caf4bc70a660f0df51e42baf91d4de5b2328de0e83dfc,0.0,,
BG_DATA/1/RAWFRAME/ENERGY/ENERGY_BASE,[1],|S4,1,,,,,c627c09c14e58e44bc51622dac392958ec88244e414b508020634f53cfcd1e69,"""NONE""",,
BG_DATA/1/RAWFRAME/ENERGY/ENERGY_QUANTIFIER,[1],|S4,1,,,,,c627c09c14e58e44bc51622dac392958ec88244e414b508020634f53cfcd1e69,"""NONE""",,
BG_DATA/1/RAWFRAME/ENERGY/POWER_CALIBRATION_MULTIPLIER,[1],float64,1,0.0,0.0,0.0,0.0,af5570f5a1810b7af78caf4bc70a660f0df51e42baf91d4de5b2328de0e83dfc,0.0,,
BG_DATA/1/RAWFRAME/EXPOSURESTAMP,[1],float64,1,0.05,0.05,0.05,0.05,7f925b2036e92fe2f1f0697c3aedfff74d719c1ee2cb6b739d7c30484e75972c,0.05,,
BG_DATA/1/RAWFRAME/GAINSTAMP,[1],float64,1,0.0,0.0,0.0,0.0,af5570f5a1810b7af78caf4bc70a660f0df51e42baf91d4de5b2328de0e83dfc,0.0,,
BG_DATA/1/RAWFRAME/HEIGHT,[1],int32,1,320.0,320.0,320.0,320.0,874d4a57ec4bfe979629f5f5537f9926f71f6102abb4634ee48770d1ceb3384e,320,,
BG_DATA/1/RAWFRAME/MAXHEIGHT,[1],int32,1,0.0,0.0,0.0,0.0,df3f619804a92fdb4057192dc43dd748ea778adc52bc498ce80524c014b81119,0,,
BG_DATA/1/RAWFRAME/MAXWIDTH,[1],int32,1,0.0,0.0,0.0,0.0,df3f619804a92fdb4057192dc43dd748ea778adc52bc498ce80524c014b81119,0,,
BG_DATA/1/RAWFRAME/METADATA/SATURATED,[1],uint8,1,0.0,0.0,0.0,0.0,6e340b9cffb37a989ca544e6bb780a2c78901d3fb33738768511a30617afa01d,0,,
BG_DATA/1/RAWFRAME/OFFSETX,[1],int32,1,0.0,0.0,0.0,0.0,df3f619804a92fdb4057192dc43dd748ea778adc52bc498ce80524c014b81119,0,,
BG_DATA/1/RAWFRAME/OFFSETY,[1],int32,1,0.0,0.0,0.0,0.0,df3f619804a92fdb4057192dc43dd748ea778adc52bc498ce80524c014b81119,0,,
BG_DATA/1/RAWFRAME/ORIGINALGAMMA,[1],float64,1,1.0,1.0,1.0,1.0,6c3c396ed6b5c36dcae172271f462051b1266b851e92df3deea8ac65478fd712,1.0,,
BG_DATA/1/RAWFRAME/PIXELSCALEXUM,[1],float64,1,80.0,80.0,80.0,80.0,dfa3d204e7b87f4b013ab1df60c206160138f6a9437d8d6ba73fec3b0ff74a64,80.0,,
BG_DATA/1/RAWFRAME/PIXELSCALEYUM,[1],float64,1,80.0,80.0,80.0,80.0,dfa3d204e7b87f4b013ab1df60c206160138f6a9437d8d6ba73fec3b0ff74a64,80.0,,
BG_DATA/1/RAWFRAME/POWER_CALIBRATION_MULTIPLIER,[1],float64,1,0.0,0.0,0.0,0.0,af5570f5a1810b7af78caf4bc70a660f0df51e42baf91d4de5b2328de0e83dfc,0.0,,
BG_DATA/1/RAWFRAME/SEQUENCEID,[1],uint64,1,274.0,274.0,274.0,274.0,1a8d07b8a5cb557f5f6ac26591987dcc56db36caa4c0c8df3bf5e491f340e912,274,,
BG_DATA/1/RAWFRAME/SUBTRACTION_OFFSET,[1],int32,1,-410327.0,-410327.0,-410327.0,-410327.0,adad285b815a4656276aa75ad3fde5c8e373a22b8f34cbe201be02b85f69eb7b,-410327,,
BG_DATA/1/RAWFRAME/TIMESTAMP,[1],|S33,1,,,,,02a4bfd1298e4aa06c24e840dc4d587c22055d09d55b656b8eae3129ebde588d,"""2026-04-02T20:01:11.0291715+08:00""",,
BG_DATA/1/RAWFRAME/WIDTH,[1],int32,1,320.0,320.0,320.0,320.0,874d4a57ec4bfe979629f5f5537f9926f71f6102abb4634ee48770d1ceb3384e,320,,
BG_DATA/1/REFERENCESUBTRACTED,[1],|S5,1,,,,,1139b6cfb47a3711e96a77cadebafafd1a7809f362f9acb3dbc6de118cab6269,"""NotOn""",,
BG_DATA/1/ULTRACALED,[1],|S4,1,,,,,11a6767d5674c7e45f7e00dc525762275b3a48491ad6045427d2609cc496c516,"""Done""",,
BG_SETUP/Aperture/RIBBON_VISIBILITY_APERTURE_PRIVILEGE,[1],|S7,1,,,,,8411f5abb4c710b176d8f28c735f55a5f1e1ac648a8a48432ce4c10014a9bb91,"""Visible""",,
BG_SETUP/Aperture/RIBBON_VISIBILITY_AUTOAPERTURE_PRIVILEGE,[1],|S7,1,,,,,8411f5abb4c710b176d8f28c735f55a5f1e1ac648a8a48432ce4c10014a9bb91,"""Visible""",,
BG_SETUP/Aperture/RIBBON_VISIBILITY_BEAMWIDTHAPERTURE_PRIVILEGE,[1],|S7,1,,,,,8411f5abb4c710b176d8f28c735f55a5f1e1ac648a8a48432ce4c10014a9bb91,"""Visible""",,
BG_SETUP/Aperture/RIBBON_VISIBILITY_MANUALAPERTURE_PRIVILEGE,[1],|S7,1,,,,,8411f5abb4c710b176d8f28c735f55a5f1e1ac648a8a48432ce4c10014a9bb91,"""Visible""",,
BG_SETUP/Aperture/RIBBON_VISIBILITY_PARTITION_PRIVILEGE,[1],|S7,1,,,,,8411f5abb4c710b176d8f28c735f55a5f1e1ac648a8a48432ce4c10014a9bb91,"""Visible""",,
BG_SETUP/BEAM_DISPLAY/BEAM_DISPLAY_2D/MAX_PALETTE_SCALE,[1],float64,1,100.0,100.0,100.0,100.0,00754a39f7de30495780d4c6242f680316f56bf4bf735c3681b3ac1d14f1512e,100.0,,
BG_SETUP/BEAM_DISPLAY/BEAM_DISPLAY_2D/MIN_PALETTE_SCALE,[1],float64,1,0.0,0.0,0.0,0.0,af5570f5a1810b7af78caf4bc70a660f0df51e42baf91d4de5b2328de0e83dfc,0.0,,
BG_SETUP/BEAM_DISPLAY/BEAM_DISPLAY_2D/PALETTE,[1],|S22098,1,,,,,b5589b0c5b34e969414d3bc520c52465086b7b7cadc3a899cd8279586b797097,"""<?xml version=\""1.0\""?>\r\n<ArrayOfColor xmlns:xsd=\""http://www.w3.org/2001/XMLSchema\"" xmlns:xsi=\""http://www.w3.org/2001/XMLSchema-instance\"">\r\n  <Color>\r\n    <A>255</A>\r\n    <R>64</R>\r\n    <G>64</G>\r\n    <B>64</B>\r\n    <ScA>1</ScA>\r\n    <ScR>0.0512694567</ScR>\r\n    <ScG>0.0512694567</ScG>\r\n    <ScB>0.0512694567</ScB>\r\n  </Color>\r\n  <Color>\r\n    <A>255</A>\r\n    <R>40</R>\r\n    <G>0</G>\r\n    <B>60</B>\r\n    <ScA>1</ScA>\r\n    <ScR>0.02121901</ScR>\r\n    <ScG>0</ScG>\r\n    <ScB>0.045186203</ScB>\r\n  </Color>\r\n  <Color>\r\n    <A>255</A>\r\n    <R>50</R>\r\n    <G>0</G>\r\n    <B>70</B>\r\n    <ScA>1</ScA>\r\n    <ScR>0.0318960324</ScR>\r\n    <ScG>0</ScG>\r\n    <ScB>0.0612460524</ScB>\r\n  </Color>\r\n  <Color>\r\n    <A>255</A>\r\n    <R>60</R>\r\n    <G>0</G>\r\n    <B>80</B>\r\n    <ScA>1</ScA>\r\n    <ScR>0.045186203</ScR>\r\n    <ScG>0</ScG>\r\n    <ScB>0.08021982</ScB>\r\n  </Color>\r\n  <Color>\r\n    <A>255</A>\r\n    <R>70</R>\r\n    <G>0</G>\r\n    <B>85</B>\r\n    <ScA>1</ScA>\r\n    <ScR>0.0612460524</ScR>\r\n    <ScG>0</ScG>\r\n    <ScB>0.09084171</ScB>\r\n  </Color>\r\n  <Color>\r\n    <A>255</A>\r\n    <R>80</R>\r\n    <G>0</G>\r\n    <B>90</B>\r\n    <ScA>1</ScA>\r\n    <ScR>0.08021982</ScR>\r\n    <ScG>0</ScG>\r\n    <ScB>0.102241732</ScB>\r\n  </Color>\r\n  <Color>\r\n    <A>255</A>\r\n    <R>95</R>\r\n    <G>0</G>\r\n    <B>100</B>\r\n    <ScA>1</ScA>\r\n    <ScR>0.114435375</ScR>\r\n    <ScG>0</ScG>\r\n    <ScB>0.127437681</ScB>\r\n  </Color>\r\n  <Color>\r\n    <A>255</A>\r\n    <R>105</R>\r\n    <G>0</G>\r\n    <B>110</B>\r\n    <ScA>1</ScA>\r\n    <ScR>0.141263291</ScR>\r\n    <ScG>0</ScG>\r\n    <ScB>0.155926466</ScB>\r\n  </Color>\r\n  <Color>\r\n    <A>255</A>\r\n    <R>115</R>\r\n    <G>0</G>\r\n    <B>115</B>\r\n    <ScA>1</ScA>\r\n    <ScR>0.171441108</ScR>\r\n    <ScG>0</ScG>\r\n    <ScB>0.171441108</ScB>\r\n  </Color>\r\n  <Color>\r\n    <A>255</A>\r\n    <R>125</R>\r\n    <G>0</G>\r\n    <B>115</B>\r\n    <ScA>1</ScA>\r\n    <ScR>0.205078736</ScR>\r\n    <ScG>0</ScG>\r\n    <ScB>0.171441108</ScB>\r\n  </Color>\r\n  <Color>\r\n    <A>255</A>\r\n    <R>140</R>\r\n    <G>0</G>\r\n    <B>115</B>\r\n    <ScA>1</ScA>\r\n    <ScR>0.262250662</ScR>\r\n    <ScG>0</ScG>\r\n    <ScB>0.171441108</ScB>\r\n  </Color>\r\n  <Color>\r\n    <A>255</A>\r\n    <R>155</R>\r\n    <G>0</G>\r\n    <B>115</B>\r\n    <ScA>1</ScA>\r\n    <ScR>0.3277781</ScR>\r\n    <ScG>0</ScG>\r\n    <ScB>0.171441108</ScB>\r\n  </Color>\r\n  <Color>\r\n    <A>255</A>\r\n    <R>170</R>\r\n    <G>0</G>\r\n    <B>115</B>\r\n    <ScA>1</ScA>\r\n    <ScR>0.401977777</ScR>\r\n    <ScG>0</ScG>\r\n    <ScB>0.171441108</ScB>\r\n  </Color>\r\n  <Color>\r\n    <A>255</A>\r\n    <R>185</R>\r\n    <G>0</G>\r\n    <B>115</B>\r\n    <ScA>1</ScA>\r\n    <ScR>0.48514995</ScR>\r\n    <ScG>0</ScG>\r\n    <ScB>0.171441108</ScB>\r\n  </Color>\r\n  <Color>\r\n    <A>255</A>\r\n    <R>200</R>\r\n    <G>0</G>\r\n    <B>125</B>\r\n    <ScA>1</ScA>\r\n    <ScR>0.577580452</ScR>\r\n    <ScG>0</ScG>\r\n    <ScB>0.205078736</ScB>\r\n  </Color>\r\n  <Color>\r\n    <A>255</A>\r\n    <R>210</R>\r\n    <G>0</G>\r\n    <B>135</B>\r\n    <ScA>1</ScA>\r\n    <ScR>0.6444797</ScR>\r\n    <ScG>0</ScG>\r\n    <ScB>0.242281124</ScB>\r\n  </Color>\r\n  <Color>\r\n    <A>255</A>\r\n    <R>220</R>\r\n    <G>0</G>\r\n    <B>150</B>\r\n    <ScA>1</ScA>\r\n    <ScR>0.7156935</ScR>\r\n    <ScG>0</ScG>\r\n    <ScB>0.3049873</ScB>\r\n  </Color>\r\n  <Color>\r\n    <A>255</A>\r\n    <R>220</R>\r\n    <G>0</G>\r\n    <B>180</B>\r\n    <ScA>1</ScA>\r\n    <ScR>0.7156935</ScR>\r\n    <ScG>0</ScG>\r\n    <ScB>0.456411034</ScB>\r\n  </Color>\r\n  <Color>\r\n    <A>255</A>\r\n    <R>205</R>\r\n    <G>0</G>\r\n    <B>200</B>\r\n    <ScA>1</ScA>\r\n    <ScR>0.610495567</ScR>\r\n    <ScG>0</ScG>\r\n    <ScB>0.577580452</ScB>\r\n  </Color>\r\n  <Color>\r\n    <A>255</A>\r\n    <R>205</R>\r\n    <G>0</G>\r\n    <B>230</B>\r\n    <ScA>1</ScA>\r\n    <ScR>0.610495567</ScR>\r\n    <ScG>0</ScG>\r\n    <ScB>0.7912979</ScB>\r\n  </Color>\r\n  <Color>\r\n    <A>255</A>\r\n    <R>190</R>\r\n    <G>0</G>\r\n    <B>255</B>\r\n    <ScA>1</ScA>\r\n    <ScR>0.5149177</ScR>\r\n    <ScG>0</ScG>\r\n    <ScB>1</ScB>\r\n  </Color>\r\n  <Color>\r\n    <A>255</A>\r\n    <R>170</R>\r\n    <G>0</G>\r\n    <B>255</B>\r\n    <ScA>1</ScA>\r\n    <ScR>0.401977777</ScR>\r\n    <ScG>0</ScG>\r\n    <ScB>1</ScB>\r\n  </Color>\r\n  <Color>\r\n    <A>255</A>\r\n    <R>150</R>\r\n    <G>0</G>\r\n    <B>255</B>\r\n    <ScA>1</ScA>\r\n    <ScR>0.3049873</ScR>\r\n    <ScG>0</ScG>\r\n    <ScB>1</ScB>\r\n  </Color>\r\n  <Color>\r\n    <A>255</A>\r\n    <R>130</R>\r\n    <G>0</G>\r\n    <B>255</B>\r\n    <ScA>1</ScA>\r\n    <ScR>0.223227963</ScR>\r\n    <ScG>0</ScG>\r\n    <ScB>1</ScB>\r\n  </Color>\r\n  <Color>\r\n    <A>255</A>\r\n    <R>110</R>\r\n    <G>0</G>\r\n    <B>255</B>\r\n    <ScA>1</ScA>\r\n    <ScR>0.155926466</ScR>\r\n    <ScG>0</ScG>\r\n    <ScB>1</ScB>\r\n  </Color>\r\n  <Color>\r\n    <A>255</A>\r\n    <R>80</R>\r\n    <G>0</G>\r\n    <B>255</B>\r\n    <ScA>1</ScA>\r\n    <ScR>0.08021982</ScR>\r\n    <ScG>0</ScG>\r\n    <ScB>1</ScB>\r\n  </Color>\r\n  <Color>\r\n    <A>255</A>\r\n    <R>40</R>\r\n    <G>0</G>\r\n    <B>255</B>\r\n    <ScA>1</ScA>\r\n    <ScR>0.02121901</ScR>\r\n    <ScG>0</ScG>\r\n    <ScB>1</ScB>\r\n  </Color>\r\n  <Color>\r\n    <A>255</A>\r\n    <R>0</R>\r\n    <G>0</G>\r\n    <B>255</B>\r\n    <ScA>1</ScA>\r\n    <ScR>0</ScR>\r\n    <ScG>0</ScG>\r\n    <ScB>1</ScB>\r\n  </Color>\r\n  <Color>\r\n    <A>255</A>\r\n    <R>0</R>\r\n    <G>0</G>\r\n    <B>245</B>\r\n    <ScA>1</ScA>\r\n    <ScR>0</ScR>\r\n    <ScG>0</ScG>\r\n    <ScB>0.913098633</ScB>\r\n  </Color>\r\n  <Color>\r\n    <A>255</A>\r\n    <R>0</R>\r\n    <G>0</G>\r\n    <B>235</B>\r\n    <ScA>1</ScA>\r\n    <ScR>0</ScR>\r\n    <ScG>0</ScG>\r\n    <ScB>0.8307699</ScB>\r\n  </Color>\r\n  <Color>\r\n    <A>255</A>\r\n    <R>0</R>\r\n    <G>0</G>\r\n    <B>225</B>\r\n    <ScA>1</ScA>\r\n    <ScR>0</ScR>\r\n    <ScG>0</ScG>\r\n    <ScB>0.7529422</ScB>\r\n  </Color>\r\n  <Color>\r\n    <A>255</A>\r\n    <R>0</R>\r\n    <G>0</G>\r\n    <B>215</B>\r\n    <ScA>1</ScA>\r\n    <ScR>0</ScR>\r\n    <ScG>0</ScG>\r\n    <ScB>0.6795425</ScB>\r\n  </Color>\r\n  <Color>\r\n    <A>255</A>\r\n    <R>0</R>\r\n    <G>0</G>\r\n    <B>205</B>\r\n    <ScA>1</ScA>\r\n    <ScR>0</ScR>\r\n    <ScG>0</ScG>\r\n    <ScB>0.610495567</ScB>\r\n  </Color>\r\n  <Color>\r\n    <A>255</A>\r\n    <R>0</R>\r\n    <G>35</G>\r\n    <B>205</B>\r\n    <ScA>1</ScA>\r\n    <ScR>0</ScR>\r\n    <ScG>0.0168073755</ScG>\r\n    <ScB>0.610495567</ScB>\r\n  </Color>\r\n  <Color>\r\n    <A>255</A>\r\n    <R>0</R>\r\n    <G>50</G>\r\n    <B>205</B>\r\n    <ScA>1</ScA>\r\n    <ScR>0</ScR>\r\n    <ScG>0.0318960324</ScG>\r\n    <ScB>0.610495567</ScB>\r\n  </Color>\r\n  <Color>\r\n    <A>255</A>\r\n    <R>0</R>\r\n    <G>65</G>\r\n    <B>205</B>\r\n    <ScA>1</ScA>\r\n    <ScR>0</ScR>\r\n    <ScG>0.0528606474</ScG>\r\n    <ScB>0.610495567</ScB>\r\n  </Color>\r\n  <Color>\r\n    <A>255</A>\r\n    <R>0</R>\r\n    <G>80</G>\r\n    <B>205</B>\r\n    <ScA>1</ScA>\r\n    <ScR>0</ScR>\r\n    <ScG>0.08021982</ScG>\r\n    <ScB>0.610495567</ScB>\r\n  </Color>\r\n  <Color>\r\n    <A>255</A>\r\n    <R>0</R>\r\n    <G>95</G>\r\n    <B>205</B>\r\n    <ScA>1</ScA>\r\n    <ScR>0</ScR>\r\n    <ScG>0.114435375</ScG>\r\n    <ScB>0.610495567</ScB>\r\n  </Color>\r\n  <Color>\r\n    <A>255</A>\r\n    <R>0</R>\r\n    <G>105</G>\r\n    <B>210</B>\r\n    <ScA>1</ScA>\r\n    <ScR>0</ScR>\r\n    <ScG>0.141263291</ScG>\r\n    <ScB>0.6444797</ScB>\r\n  </Color>\r\n  <Color>\r\n    <A>255</A>\r\n    <R>0</R>\r\n    <G>115</G>\r\n    <B>220</B>\r\n    <ScA>1</ScA>\r\n    <ScR>0</ScR>\r\n    <ScG>0.171441108</ScG>\r\n    <ScB>0.7156935</ScB>\r\n  </Color>\r\n  <Color>\r\n    <A>255</A>\r\n    <R>0</R>\r\n    <G>125</G>\r\n    <B>225</B>\r\n    <ScA>1</ScA>\r\n    <ScR>0</ScR>\r\n    <ScG>0.205078736</ScG>\r\n    <ScB>0.7529422</ScB>\r\n  </Color>\r\n  <Color>\r\n    <A>255</A>\r\n    <R>0</R>\r\n    <G>125</G>\r\n    <B>235</B>\r\n    <ScA>1</ScA>\r\n    <ScR>0</ScR>\r\n    <ScG>0.205078736</ScG>\r\n    <ScB>0.8307699</ScB>\r\n  </Color>\r\n  <Color>\r\n    <A>255</A>\r\n    <R>0</R>\r\n    <G>135</G>\r\n    <B>240</B>\r\n    <ScA>1</ScA>\r\n    <ScR>0</ScR>\r\n    <ScG>0.242281124</ScG>\r\n    <ScB>0.8713671</ScB>\r\n  </Color>\r\n  <Color>\r\n    <A>255</A>\r\n    <R>0</R>\r\n    <G>145</G>\r\n    <B>250</B>\r\n    <ScA>1</ScA>\r\n    <ScR>0</ScR>\r\n    <ScG>0.283148736</ScG>\r\n    <ScB>0.9559733</ScB>\r\n  </Color>\r\n  <Color>\r\n    <A>255</A>\r\n    <R>0</R>\r\n    <G>155</G>\r\n    <B>255</B>\r\n    <ScA>1</ScA>\r\n    <ScR>0</ScR>\r\n    <ScG>0.3277781</ScG>\r\n    <ScB>1</ScB>\r\n  </Color>\r\n  <Color>\r\n    <A>255</A>\r\n    <R>0</R>\r\n    <G>170</G>\r\n    <B>255</B>\r\n    <ScA>1</ScA>\r\n    <ScR>0</ScR>\r\n    <ScG>0.401977777</ScG>\r\n    <ScB>1</ScB>\r\n  </Color>\r\n  <Color>\r\n    <A>255</A>\r\n    <R>0</R>\r\n    <G>185</G>\r\n    <B>255</B>\r\n    <ScA>1</ScA>\r\n    <ScR>0</ScR>\r\n    <ScG>0.48514995</ScG>\r\n    <ScB>1</ScB>\r\n  </Color>\r\n  <Color>\r\n    <A>255</A>\r\n    <R>0</R>\r\n    <G>195</G>\r\n    <B>255</B>\r\n    <ScA>1</ScA>\r\n    <ScR>0</ScR>\r\n    <ScG>0.545724452</ScG>\r\n    <ScB>1</ScB>\r\n  </Color>\r\n  <Color>\r\n    <A>255</A>\r\n    <R>0</R>\r\n    <G>210</G>\r\n    <B>255</B>\r\n    <ScA>1</ScA>\r\n    <ScR>0</ScR>\r\n    <ScG>0.6444797</ScG>\r\n    <ScB>1</ScB>\r\n  </Color>\r\n  <Color>\r\n    <A>255</A>\r\n    <R>0</R>\r\n    <G>230</G>\r\n    <B>255</B>\r\n    <ScA>1</ScA>\r\n    <ScR>0</ScR>\r\n    <ScG>0.7912979</ScG>\r\n    <ScB>1</ScB>\r\n  </Color>\r\n  <Color>\r\n    <A>255</A>\r\n    <R>0</R>\r\n    <G>245</G>\r\n    <B>255</B>\r\n    <ScA>1</ScA>\r\n    <ScR>0</ScR>\r\n    <ScG>0.913098633</ScG>\r\n    <ScB>1</ScB>\r\n  </Color>\r\n  <Color>\r\n    <A>255</A>\r\n    <R>0</R>\r\n    <G>255</G>\r\n    <B>235</B>\r\n    <ScA>1</ScA>\r\n    <ScR>0</ScR>\r\n    <ScG>1</ScG>\r\n    <ScB>0.8307699</ScB>\r\n  </Color>\r\n  <Color>\r\n    <A>255</A>\r\n    <R>0</R>\r\n    <G>255</G>\r\n    <B>220</B>\r\n    <ScA>1</ScA>\r\n    <ScR>0</ScR>\r\n    <ScG>1</ScG>\r\n    <ScB>0.7156935</ScB>\r\n  </Color>\r\n  <Color>\r\n    <A>255</A>\r\n    <R>0</R>\r\n    <G>255</G>\r\n    <B>180</B>\r\n    <ScA>1</ScA>\r\n    <ScR>0</ScR>\r\n    <ScG>1</ScG>\r\n    <ScB>0.456411034</ScB>\r\n  </Color>\r\n  <Color>\r\n    <A>255</A>\r\n    <R>0</R>\r\n    <G>255</G>\r\n    <B>140</B>\r\n    <ScA>1</ScA>\r\n    <ScR>0</ScR>\r\n    <ScG>1</ScG>\r\n    <ScB>0.262250662</ScB>\r\n  </Color>\r\n  <Color>\r\n    <A>255</A>\r\n    <R>0</R>\r\n    <G>255</G>\r\n    <B>80</B>\r\n    <ScA>1</ScA>\r\n    <ScR>0</ScR>\r\n    <ScG>1</ScG>\r\n    <ScB>0.08021982</ScB>\r\n  </Color>\r\n  <Color>\r\n    <A>255</A>\r\n    <R>0</R>\r\n    <G>255</G>\r\n    <B>0</B>\r\n    <ScA>1</ScA>\r\n    <ScR>0</ScR>\r\n    <ScG>1</ScG>\r\n    <ScB>0</ScB>\r\n  </Color>\r\n  <Color>\r\n    <A>255</A>\r\n    <R>0</R>\r\n    <G>240</G>\r\n    <B>0</B>\r\n    <ScA>1</ScA>\r\n    <ScR>0</ScR>\r\n    <ScG>0.8713671</ScG>\r\n    <ScB>0</ScB>\r\n  </Color>\r\n  <Color>\r\n    <A>255</A>\r\n    <R>0</R>\r\n    <G>235</G>\r\n    <B>0</B>\r\n    <ScA>1</ScA>\r\n    <ScR>0</ScR>\r\n    <ScG>0.8307699</ScG>\r\n    <ScB>0</ScB>\r\n  </Color>\r\n  <Color>\r\n    <A>255</A>\r\n    <R>0</R>\r\n    <G>230</G>\r\n    <B>0</B>\r\n    <ScA>1</ScA>\r\n    <ScR>0</ScR>\r\n    <ScG>0.7912979</ScG>\r\n    <ScB>0</ScB>\r\n  </Color>\r\n  <Color>\r\n    <A>255</A>\r\n    <R>0</R>\r\n    <G>225</G>\r\n    <B>0</B>\r\n    <ScA>1</ScA>\r\n    <ScR>0</ScR>\r\n    <ScG>0.7529422</ScG>\r\n    <ScB>0</ScB>\r\n  </Color>\r\n  <Color>\r\n    <A>255</A>\r\n    <R>0</R>\r\n    <G>220</G>\r\n    <B>0</B>\r\n    <ScA>1</ScA>\r\n    <ScR>0</ScR>\r\n    <ScG>0.7156935</ScG>\r\n    <ScB>0</ScB>\r\n  </Color>\r\n  <Color>\r\n    <A>255</A>\r\n    <R>0</R>\r\n    <G>215</G>\r\n    <B>0</B>\r\n    <ScA>1</ScA>\r\n    <ScR>0</ScR>\r\n    <ScG>0.6795425</ScG>\r\n    <ScB>0</ScB>\r\n  </Color>\r\n  <Color>\r\n    <A>255</A>\r\n    <R>0</R>\r\n    <G>210</G>\r\n    <B>0</B>\r\n    <ScA>1</ScA>\r\n    <ScR>0</ScR>\r\n    <ScG>0.6444797</ScG>\r\n    <ScB>0</ScB>\r\n  </Color>\r\n  <Color>\r\n    <A>255</A>\r\n    <R>0</R>\r\n    <G>205</G>\r\n    <B>0</B>\r\n    <ScA>1</ScA>\r\n    <ScR>0</ScR>\r\n    <ScG>0.610495567</ScG>\r\n    <ScB>0</ScB>\r\n  </Color>\r\n  <Color>\r\n    <A>255</A>\r\n    <R>0</R>\r\n    <G>200</G>\r\n    <B>0</B>\r\n    <ScA>1</ScA>\r\n    <ScR>0</ScR>\r\n    <ScG>0.577580452</ScG>\r\n    <ScB>0</ScB>\r\n  </Color>\r\n  <Color>\r\n    <A>255</A>\r\n    <R>0</R>\r\n    <G>195</G>\r\n    <B>0</B>\r\n    <ScA>1</ScA>\r\n    <ScR>0</ScR>\r\n    <ScG>0.545724452</ScG>\r\n    <ScB>0</ScB>\r\n  </Color>\r\n  <Color>\r\n    <A>255</A>\r\n    <R>0</R>\r\n    <G>190</G>\r\n    <B>0</B>\r\n    <ScA>1</ScA>\r\n    <ScR>0</ScR>\r\n    <ScG>0.5149177</ScG>\r\n    <ScB>0</ScB>\r\n  </Color>\r\n  <Color>\r\n    <A>255</A>\r\n    <R>30</R>\r\n    <G>195</G>\r\n    <B>0</B>\r\n    <ScA>1</ScA>\r\n    <ScR>0.0129830325</ScR>\r\n    <ScG>0.545724452</ScG>\r\n    <ScB>0</ScB>\r\n  </Color>\r\n  <Color>\r\n    <A>255</A>\r\n    <R>35</R>\r\n    <G>200</G>\r\n    <B>0</B>\r\n    <ScA>1</ScA>\r\n    <ScR>0.0168073755</ScR>\r\n    <ScG>0.577580452</ScG>\r\n    <ScB>0</ScB>\r\n  </Color>\r\n  <Color>\r\n    <A>255</A>\r\n    <R>40</R>\r\n    <G>205</G>\r\n    <B>0</B>\r\n    <ScA>1</ScA>\r\n    <ScR>0.02121901</ScR>\r\n    <ScG>0.610495567</ScG>\r\n    <ScB>0</ScB>\r\n  </Color>\r\n  <Color>\r\n    <A>255</A>\r\n    <R>50</R>\r\n    <G>210</G>\r\n    <B>0</B>\r\n    <ScA>1</ScA>\r\n    <ScR>0.0318960324</ScR>\r\n    <ScG>0.6444797</ScG>\r\n    <ScB>0</ScB>\r\n  </Color>\r\n  <Color>\r\n    <A>255</A>\r\n    <R>70</R>\r\n    <G>215</G>\r\n    <B>0</B>\r\n    <ScA>1</ScA>\r\n    <ScR>0.0612460524</ScR>\r\n    <ScG>0.6795425</ScG>\r\n    <ScB>0</ScB>\r\n  </Color>\r\n  <Color>\r\n    <A>255</A>\r\n    <R>90</R>\r\n    <G>220</G>\r\n    <B>0</B>\r\n    <ScA>1</ScA>\r\n    <ScR>0.102241732</ScR>\r\n    <ScG>0.7156935</ScG>\r\n    <ScB>0</ScB>\r\n  </Color>\r\n  <Color>\r\n    <A>255</A>\r\n    <R>118</R>\r\n    <G>225</G>\r\n    <B>0</B>\r\n    <ScA>1</ScA>\r\n    <ScR>0.18116425</ScR>\r\n    <ScG>0.7529422</ScG>\r\n    <ScB>0</ScB>\r\n  </Color>\r\n  <Color>\r\n    <A>255</A>\r\n    <R>137</R>\r\n    <G>230</G>\r\n    <B>0</B>\r\n    <ScA>1</ScA>\r\n    <ScR>0.25015828</ScR>\r\n    <ScG>0.7912979</ScG>\r\n    <ScB>0</ScB>\r\n  </Color>\r\n  <Color>\r\n    <A>255</A>\r\n    <R>156</R>\r\n    <G>234</G>\r\n    <B>0</B>\r\n    <ScA>1</ScA>\r\n    <ScR>0.332451522</ScR>\r\n    <ScG>0.822785735</ScG>\r\n    <ScB>0</ScB>\r\n  </Color>\r\n  <Color>\r\n    <A>255</A>\r\n    <R>174</R>\r\n    <G>238</G>\r\n    <B>0</B>\r\n    <ScA>1</ScA>\r\n    <ScR>0.423267663</ScR>\r\n    <ScG>0.8549926</ScG>\r\n    <ScB>0</ScB>\r\n  </Color>\r\n  <Color>\r\n    <A>255</A>\r\n    <R>191</R>\r\n    <G>241</G>\r\n    <B>0</B>\r\n    <ScA>1</ScA>\r\n    <ScR>0.520995557</ScR>\r\n    <ScG>0.8796224</ScG>\r\n    <ScB>0</ScB>\r\n  </Color>\r\n  <Color>\r\n    <A>255</A>\r\n    <R>207</R>\r\n    <G>245</G>\r\n    <B>0</B>\r\n    <ScA>1</ScA>\r\n    <ScR>0.6239604</ScR>\r\n    <ScG>0.913098633</ScG>\r\n    <ScB>0</ScB>\r\n  </Color>\r\n  <Color>\r\n    <A>255</A>\r\n    <R>221</R>\r\n    <G>248</G>\r\n    <B>0</B>\r\n    <ScA>1</ScA>\r\n    <ScR>0.7230551</ScR>\r\n    <ScG>0.9386857</ScG>\r\n    <ScB>0</ScB>\r\n  </Color>\r\n  <Color>\r\n    <A>255</A>\r\n    <R>233</R>\r\n    <G>250</G>\r\n    <B>0</B>\r\n    <ScA>1</ScA>\r\n    <ScR>0.8148466</ScR>\r\n    <ScG>0.9559733</ScG>\r\n    <ScB>0</ScB>\r\n  </Color>\r\n  <Color>\r\n    <A>255</A>\r\n    <R>242</R>\r\n    <G>252</G>\r\n    <B>0</B>\r\n    <ScA>1</ScA>\r\n    <ScR>0.8879231</ScR>\r\n    <ScG>0.9734453</ScG>\r\n    <ScB>0</ScB>\r\n  </Color>\r\n  <Color>\r\n    <A>255</A>\r\n    <R>249</R>\r\n    <G>254</G>\r\n    <B>0</B>\r\n    <ScA>1</ScA>\r\n    <ScR>0.9473065</ScR>\r\n    <ScG>0.9911021</ScG>\r\n    <ScB>0</ScB>\r\n  </Color>\r\n  <Color>\r\n    <A>255</A>\r\n    <R>254</R>\r\n    <G>255</G>\r\n    <B>0</B>\r\n    <ScA>1</ScA>\r\n    <ScR>0.9911021</ScR>\r\n    <ScG>1</ScG>\r\n    <ScB>0</ScB>\r\n  </Color>\r\n  <Color>\r\n    <A>255</A>\r\n    <R>255</R>\r\n    <G>255</G>\r\n    <B>0</B>\r\n    <ScA>1</ScA>\r\n    <ScR>1</ScR>\r\n    <ScG>1</ScG>\r\n    <ScB>0</ScB>\r\n  </Color>\r\n  <Color>\r\n    <A>255</A>\r\n    <R>255</R>\r\n    <G>254</G>\r\n    <B>0</B>\r\n    <ScA>1</ScA>\r\n    <ScR>1</ScR>\r\n    <ScG>0.9911021</ScG>\r\n    <ScB>0</ScB>\r\n  </Color>\r\n  <Color>\r\n    <A>255</A>\r\n    <R>255</R>\r\n    <G>252</G>\r\n    <B>0</B>\r\n    <ScA>1</ScA>\r\n    <ScR>1</ScR>\r\n    <ScG>0.9734453</ScG>\r\n    <ScB>0</ScB>\r\n  </Color>\r\n  <Color>\r\n    <A>255</A>\r\n    <R>255</R>\r\n    <G>249</G>\r\n    <B>0</B>\r\n    <ScA>1</ScA>\r\n    <ScR>1</ScR>\r\n    <ScG>0.9473065</ScG>\r\n    <ScB>0</ScB>\r\n  </Color>\r\n  <Color>\r\n    <A>255</A>\r\n    <R>255</R>\r\n    <G>244</G>\r\n    <B>0</B>\r\n    <ScA>1</ScA>\r\n    <ScR>1</ScR>\r\n    <ScG>0.9046612</ScG>\r\n    <ScB>0</ScB>\r\n  </Color>\r\n  <Color>\r\n    <A>255</A>\r\n    <R>255</R>\r\n    <G>238</G>\r\n    <B>0</B>\r\n    <ScA>1</ScA>\r\n    <ScR>1</ScR>\r\n    <ScG>0.8549926</ScG>\r\n    <ScB>0</ScB>\r\n  </Color>\r\n  <Color>\r\n    <A>255</A>\r\n    <R>255</R>\r\n    <G>231</G>\r\n    <B>0</B>\r\n    <ScA>1</ScA>\r\n    <ScR>1</ScR>\r\n    <ScG>0.7991027</ScG>\r\n    <ScB>0</ScB>\r\n  </Color>\r\n  <Color>\r\n    <A>255</A>\r\n    <R>255</R>\r\n    <G>223</G>\r\n    <B>0</B>\r\n    <ScA>1</ScA>\r\n    <ScR>1</ScR>\r\n    <ScG>0.7379104</ScG>\r\n    <ScB>0</ScB>\r\n  </Color>\r\n  <Color>\r\n    <A>255</A>\r\n    <R>255</R>\r\n    <G>215</G>\r\n    <B>0</B>\r\n    <ScA>1</ScA>\r\n    <ScR>1</ScR>\r\n    <ScG>0.6795425</ScG>\r\n    <ScB>0</ScB>\r\n  </Color>\r\n  <Color>\r\n    <A>255</A>\r\n    <R>255</R>\r\n    <G>206</G>\r\n    <B>0</B>\r\n    <ScA>1</ScA>\r\n    <ScR>1</ScR>\r\n    <ScG>0.6172066</ScG>\r\n    <ScB>0</ScB>\r\n  </Color>\r\n  <Color>\r\n    <A>255</A>\r\n    <R>255</R>\r\n    <G>196</G>\r\n    <B>0</B>\r\n    <ScA>1</ScA>\r\n    <ScR>1</ScR>\r\n    <ScG>0.55201143</ScG>\r\n    <ScB>0</ScB>\r\n  </Color>\r\n  <Color>\r\n    <A>255</A>\r\n    <R>255</R>\r\n    <G>187</G>\r\n    <B>0</B>\r\n    <ScA>1</ScA>\r\n    <ScR>1</ScR>\r\n    <ScG>0.496932983</ScG>\r\n    <ScB>0</ScB>\r\n  </Color>\r\n  <Color>\r\n    <A>255</A>\r\n    <R>255</R>\r\n    <G>177</G>\r\n    <B>0</B>\r\n    <ScA>1</ScA>\r\n    <ScR>1</ScR>\r\n    <ScG>0.439657182</ScG>\r\n    <ScB>0</ScB>\r\n  </Color>\r\n  <Color>\r\n    <A>255</A>\r\n    <R>255</R>\r\n    <G>168</G>\r\n    <B>0</B>\r\n    <ScA>1</ScA>\r\n    <ScR>1</ScR>\r\n    <ScG>0.391572475</ScG>\r\n    <ScB>0</ScB>\r\n  </Color>\r\n  <Color>\r\n    <A>255</A>\r\n    <R>255</R>\r\n    <G>160</G>\r\n    <B>0</B>\r\n    <ScA>1</ScA>\r\n    <ScR>1</ScR>\r\n    <ScG>0.3515326</ScG>\r\n    <ScB>0</ScB>\r\n  </Color>\r\n  <Color>\r\n    <A>255</A>\r\n    <R>255</R>\r\n    <G>152</G>\r\n    <B>0</B>\r\n    <ScA>1</ScA>\r\n    <ScR>1</ScR>\r\n    <ScG>0.313988715</ScG>\r\n    <ScB>0</ScB>\r\n  </Color>\r\n  <Color>\r\n    <A>255</A>\r\n    <R>255</R>\r\n    <G>145</G>\r\n    <B>0</B>\r\n    <ScA>1</ScA>\r\n    <ScR>1</ScR>\r\n    <ScG>0.283148736</ScG>\r\n    <ScB>0</ScB>\r\n  </Color>\r\n  <Color>\r\n    <A>255</A>\r\n    <R>255</R>\r\n    <G>139</G>\r\n    <B>0</B>\r\n    <ScA>1</ScA>\r\n    <ScR>1</ScR>\r\n    <ScG>0.258182853</ScG>\r\n    <ScB>0</ScB>\r\n  </Color>\r\n  <Color>\r\n    <A>255</A>\r\n    <R>255</R>\r\n    <G>134</G>\r\n    <B>0</B>\r\n    <ScA>1</ScA>\r\n    <ScR>1</ScR>\r\n    <ScG>0.238397568</ScG>\r\n    <ScB>0</ScB>\r\n  </Color>\r\n  <Color>\r\n    <A>255</A>\r\n    <R>255</R>\r\n    <G>131</G>\r\n    <B>0</B>\r\n    <ScA>1</ScA>\r\n    <ScR>1</ScR>\r\n    <ScG>0.226965874</ScG>\r\n    <ScB>0</ScB>\r\n  </Color>\r\n  <Color>\r\n    <A>255</A>\r\n    <R>255</R>\r\n    <G>129</G>\r\n    <B>0</B>\r\n    <ScA>1</ScA>\r\n    <ScR>1</ScR>\r\n    <ScG>0.2195262</ScG>\r\n    <ScB>0</ScB>\r\n  </Color>\r\n  <Color>\r\n    <A>255</A>\r\n    <R>255</R>\r\n    <G>128</G>\r\n    <B>0</B>\r\n    <ScA>1</ScA>\r\n    <ScR>1</ScR>\r\n    <ScG>0.2158605</ScG>\r\n    <ScB>0</ScB>\r\n  </Color>\r\n  <Color>\r\n    <A>255</A>\r\n    <R>255</R>\r\n    <G>127</G>\r\n    <B>0</B>\r\n    <ScA>1</ScA>\r\n    <ScR>1</ScR>\r\n    <ScG>0.212230757</ScG>\r\n    <ScB>0</ScB>\r\n  </Color>\r\n  <Color>\r\n    <A>255</A>\r\n    <R>255</R>\r\n    <G>125</G>\r\n    <B>0</B>\r\n    <ScA>1</ScA>\r\n    <ScR>1</ScR>\r\n    <ScG>0.205078736</ScG>\r\n    <ScB>0</ScB>\r\n  </Color>\r\n  <Color>\r\n    <A>255</A>\r\n    <R>255</R>\r\n    <G>122</G>\r\n    <B>0</B>\r\n    <ScA>1</ScA>\r\n    <ScR>1</ScR>\r\n    <ScG>0.194617838</ScG>\r\n    <ScB>0</ScB>\r\n  </Color>\r\n  <Color>\r\n    <A>255</A>\r\n    <R>255</R>\r\n    <G>117</G>\r\n    <B>0</B>\r\n    <ScA>1</ScA>\r\n    <ScR>1</ScR>\r\n    <ScG>0.177888423</ScG>\r\n    <ScB>0</ScB>\r\n  </Color>\r\n  <Color>\r\n    <A>255</A>\r\n    <R>255</R>\r\n    <G>111</G>\r\n    <B>0</B>\r\n    <ScA>1</ScA>\r\n    <ScR>1</ScR>\r\n    <ScG>0.158960834</ScG>\r\n    <ScB>0</ScB>\r\n  </Color>\r\n  <Color>\r\n    <A>255</A>\r\n    <R>255</R>\r\n    <G>104</G>\r\n    <B>0</B>\r\n    <ScA>1</ScA>\r\n    <ScR>1</ScR>\r\n    <ScG>0.138431609</ScG>\r\n    <ScB>0</ScB>\r\n  </Color>\r\n  <Color>\r\n    <A>255</A>\r\n    <R>255</R>\r\n    <G>96</G>\r\n    <B>0</B>\r\n    <ScA>1</ScA>\r\n    <ScR>1</ScR>\r\n    <ScG>0.116970666</ScG>\r\n    <ScB>0</ScB>\r\n  </Color>\r\n  <Color>\r\n    <A>255</A>\r\n    <R>255</R>\r\n    <G>87</G>\r\n    <B>0</B>\r\n    <ScA>1</ScA>\r\n    <ScR>1</ScR>\r\n    <ScG>0.09530747</ScG>\r\n    <ScB>0</ScB>\r\n  </Color>\r\n  <Color>\r\n    <A>255</A>\r\n    <R>255</R>\r\n    <G>78</G>\r\n    <B>0</B>\r\n    <ScA>1</ScA>\r\n    <ScR>1</ScR>\r\n    <ScG>0.07618538</ScG>\r\n    <ScB>0</ScB>\r\n  </Color>\r\n  <Color>\r\n    <A>255</A>\r\n    <R>255</R>\r\n    <G>69</G>\r\n    <B>0</B>\r\n    <ScA>1</ScA>\r\n    <ScR>1</ScR>\r\n    <ScG>0.0595112368</ScG>\r\n    <ScB>0</ScB>\r\n  </Color>\r\n  <Color>\r\n    <A>255</A>\r\n    <R>255</R>\r\n    <G>59</G>\r\n    <B>0</B>\r\n    <ScA>1</ScA>\r\n    <ScR>1</ScR>\r\n    <ScG>0.04373503</ScG>\r\n    <ScB>0</ScB>\r\n  </Color>\r\n  <Color>\r\n    <A>255</A>\r\n    <R>255</R>\r\n    <G>50</G>\r\n    <B>0</B>\r\n    <ScA>1</ScA>\r\n    <ScR>1</ScR>\r\n    <ScG>0.0318960324</ScG>\r\n    <ScB>0</ScB>\r\n  </Color>\r\n  <Color>\r\n    <A>255</A>\r\n    <R>255</R>\r\n    <G>41</G>\r\n    <B>0</B>\r\n    <ScA>1</ScA>\r\n    <ScR>1</ScR>\r\n    <ScG>0.0221738853</ScG>\r\n    <ScB>0</ScB>\r\n  </Color>\r\n  <Color>\r\n    <A>255</A>\r\n    <R>255</R>\r\n    <G>32</G>\r\n    <B>0</B>\r\n    <ScA>1</ScA>\r\n    <ScR>1</ScR>\r\n    <ScG>0.0144438436</ScG>\r\n    <ScB>0</ScB>\r\n  </Color>\r\n  <Color>\r\n    <A>255</A>\r\n    <R>255</R>\r\n    <G>24</G>\r\n    <B>0</B>\r\n    <ScA>1</ScA>\r\n    <ScR>1</ScR>\r\n    <ScG>0.009134059</ScG>\r\n    <ScB>0</ScB>\r\n  </Color>\r\n  <Color>\r\n    <A>255</A>\r\n    <R>255</R>\r\n    <G>17</G>\r\n    <B>0</B>\r\n    <ScA>1</ScA>\r\n    <ScR>1</ScR>\r\n    <ScG>0.00560539169</ScG>\r\n    <ScB>0</ScB>\r\n  </Color>\r\n  <Color>\r\n    <A>255</A>\r\n    <R>255</R>\r\n    <G>11</G>\r\n    <B>0</B>\r\n    <ScA>1</ScA>\r\n    <ScR>1</ScR>\r\n    <ScG>0.00334653584</ScG>\r\n    <ScB>0</ScB>\r\n  </Color>\r\n  <Color>\r\n    <A>255</A>\r\n    <R>255</R>\r\n    <G>6</G>\r\n    <B>0</B>\r\n    <ScA>1</ScA>\r\n    <ScR>1</ScR>\r\n    <ScG>0.001821162</ScG>\r\n    <ScB>0</ScB>\r\n  </Color>\r\n  <Color>\r\n    <A>255</A>\r\n    <R>255</R>\r\n    <G>3</G>\r\n    <B>0</B>\r\n    <ScA>1</ScA>\r\n    <ScR>1</ScR>\r\n    <ScG>0.000910581</ScG>\r\n    <ScB>0</ScB>\r\n  </Color>\r\n  <Color>\r\n    <A>255</A>\r\n    <R>255</R>\r\n    <G>1</G>\r\n    <B>0</B>\r\n    <ScA>1</ScA>\r\n    <ScR>1</ScR>\r\n    <ScG>0.000303527</ScG>\r\n    <ScB>0</ScB>\r\n  </Color>\r\n  <Color>\r\n    <A>255</A>\r\n    <R>255</R>\r\n    <G>0</G>\r\n    <B>0</B>\r\n    <ScA>1</ScA>\r\n    <ScR>1</ScR>\r\n    <ScG>0</ScG>\r\n    <ScB>0</ScB>\r\n  </Color>\r\n  <Color>\r\n    <A>255</A>\r\n    <R>255</R>\r\n    <G>0</G>\r\n    <B>1</B>\r\n    <ScA>1</ScA>\r\n    <ScR>1</ScR>\r\n    <ScG>0</ScG>\r\n    <ScB>0.000303527</ScB>\r\n  </Color>\r\n  <Color>\r\n    <A>255</A>\r\n    <R>255</R>\r\n    <G>255</G>\r\n    <B>255</B>\r\n    <ScA>1</ScA>\r\n    <ScR>1</ScR>\r\n    <ScG>1</ScG>\r\n    <ScB>1</ScB>\r\n  </Color>\r\n</ArrayOfColor>""",,DataBase\bgdata_extract\180.binary\strings\BG_SETUP__BEAM_DISPLAY__BEAM_DISPLAY_2D__PALETTE.txt
BG_SETUP/BEAM_DISPLAY/BEAM_DISPLAY_2D/PAN_ZOOM/SCALE,[1],float64,1,1.399489,1.399489,1.399489,1.399489,061861abe41dec393a98c5a2cf166cf23c9381a00e986c9990e3ed992cfd6b1d,1.399489,,
BG_SETUP/BEAM_DISPLAY/BEAM_DISPLAY_2D/PAN_ZOOM/TRANSLATION,[1],|S33,1,,,,,9fbc310a8049c31e1e971ea044f5312468121818afd2178272f839835fa3e8f3,"""97.9547101426146,4.82057169657929""",,
BG_SETUP/BEAM_DISPLAY/BEAM_DISPLAY_2D/SHOW_DISPLAY_PROFILES,[1],uint8,1,1.0,1.0,1.0,1.0,4bf5122f344554c53bde2ebb8cd2b7e3d1600ad631c385a5d7cce23c7785459a,1,,
BG_SETUP/BEAM_DISPLAY/BEAM_DISPLAY_2D/SHOW_REFERENCE_PROFILES,[1],uint8,1,0.0,0.0,0.0,0.0,6e340b9cffb37a989ca544e6bb780a2c78901d3fb33738768511a30617afa01d,0,,
BG_SETUP/BEAM_DISPLAY/BEAM_DISPLAY_3D/PAN_ZOOM_ROTATE/ROTATE3D,[1],float64,1,149.9480000000003,149.9480000000003,149.9480000000003,149.9480000000003,efda856e83d37028e823cfc500ec9ab3e25210fd80bfd94a0242c695fe47a44f,149.9480000000003,,
BG_SETUP/BEAM_DISPLAY/BEAM_DISPLAY_3D/PAN_ZOOM_ROTATE/SCALE3D,[1],float64,1,40.3,40.3,40.3,40.3,659583d11a913a33e2cc62292eb778637fa33988eaff81021806c14e8375e42a,40.3,,
BG_SETUP/BEAM_DISPLAY/BEAM_DISPLAY_3D/PAN_ZOOM_ROTATE/TILT3D,[1],|S22,1,,,,,aeedcbeec10720348503dc619ec3db06629c138ce0a336b6b105a9d407b46b10,"""-0.1275,3.4076,55.2239""",,
BG_SETUP/BEAM_DISPLAY/BEAM_DISPLAY_3D/PAN_ZOOM_ROTATE/TRANSLATION3D,[1],|S40,1,,,,,aaff8edc57f63ee28db899998bb5267d9b467d5d9e729cfcd93177f2eb887d7b,"""0.244611458333333,12.5,-5.67115925353082""",,
BG_SETUP/BEAM_DISPLAY/BEAM_DISPLAY_3D/RESOLUTION,[1],int32,1,5.0,5.0,5.0,5.0,2594b6a92ebfb1c3312deb7d01c015fb95e9fbe9bd7bc6b527af07813ec7b910,5,,
BG_SETUP/BEAM_DISPLAY/BEAM_DISPLAY_3D/SHOW_2D_ELEMENTS,[1],uint8,1,1.0,1.0,1.0,1.0,4bf5122f344554c53bde2ebb8cd2b7e3d1600ad631c385a5d7cce23c7785459a,1,,
BG_SETUP/BEAM_DISPLAY/BEAM_DISPLAY_3D/SHOW_3D_BACKPLANE,[1],uint8,1,1.0,1.0,1.0,1.0,4bf5122f344554c53bde2ebb8cd2b7e3d1600ad631c385a5d7cce23c7785459a,1,,
BG_SETUP/BEAM_DISPLAY/COLOR_DISPLAY/DISPLAY_SETTING,[1],|S9,1,,,,,d713a2e61e065f73257d78cf36c87fb049a1f14b1ad98cee88d4848390f8136c,"""COLOR_BAR""",,
BG_SETUP/BEAM_PROFILE/BEAM_PROFILE_TRUNK/BEAM_PROFILE_X/PAN_V2,[1],float64,1,0.5,0.5,0.5,0.5,4cfa5b42ca669328764e67cd9a34bb8f90b16ed7ca8d85e8443783d7ccce15ed,0.5,,
BG_SETUP/BEAM_PROFILE/BEAM_PROFILE_TRUNK/BEAM_PROFILE_X/SHOW_BEAM_WIDTH,[1],uint8,1,1.0,1.0,1.0,1.0,4bf5122f344554c53bde2ebb8cd2b7e3d1600ad631c385a5d7cce23c7785459a,1,,
BG_SETUP/BEAM_PROFILE/BEAM_PROFILE_TRUNK/BEAM_PROFILE_X/SHOW_CALIPER,[1],uint8,1,0.0,0.0,0.0,0.0,6e340b9cffb37a989ca544e6bb780a2c78901d3fb33738768511a30617afa01d,0,,
BG_SETUP/BEAM_PROFILE/BEAM_PROFILE_TRUNK/BEAM_PROFILE_X/SHOW_GAUSS_FIT,[1],uint8,1,1.0,1.0,1.0,1.0,4bf5122f344554c53bde2ebb8cd2b7e3d1600ad631c385a5d7cce23c7785459a,1,,
BG_SETUP/BEAM_PROFILE/BEAM_PROFILE_TRUNK/BEAM_PROFILE_X/SHOW_TOPHAT,[1],uint8,1,0.0,0.0,0.0,0.0,6e340b9cffb37a989ca544e6bb780a2c78901d3fb33738768511a30617afa01d,0,,
BG_SETUP/BEAM_PROFILE/BEAM_PROFILE_TRUNK/BEAM_PROFILE_X/ZOOM_V2,[1],float64,1,0.0,0.0,0.0,0.0,af5570f5a1810b7af78caf4bc70a660f0df51e42baf91d4de5b2328de0e83dfc,0.0,,
BG_SETUP/BEAM_PROFILE/BEAM_PROFILE_TRUNK/BEAM_PROFILE_Y/PAN_V2,[1],float64,1,0.5,0.5,0.5,0.5,4cfa5b42ca669328764e67cd9a34bb8f90b16ed7ca8d85e8443783d7ccce15ed,0.5,,
BG_SETUP/BEAM_PROFILE/BEAM_PROFILE_TRUNK/BEAM_PROFILE_Y/SHOW_BEAM_WIDTH,[1],uint8,1,1.0,1.0,1.0,1.0,4bf5122f344554c53bde2ebb8cd2b7e3d1600ad631c385a5d7cce23c7785459a,1,,
BG_SETUP/BEAM_PROFILE/BEAM_PROFILE_TRUNK/BEAM_PROFILE_Y/SHOW_CALIPER,[1],uint8,1,0.0,0.0,0.0,0.0,6e340b9cffb37a989ca544e6bb780a2c78901d3fb33738768511a30617afa01d,0,,
BG_SETUP/BEAM_PROFILE/BEAM_PROFILE_TRUNK/BEAM_PROFILE_Y/SHOW_GAUSS_FIT,[1],uint8,1,1.0,1.0,1.0,1.0,4bf5122f344554c53bde2ebb8cd2b7e3d1600ad631c385a5d7cce23c7785459a,1,,
BG_SETUP/BEAM_PROFILE/BEAM_PROFILE_TRUNK/BEAM_PROFILE_Y/SHOW_TOPHAT,[1],uint8,1,0.0,0.0,0.0,0.0,6e340b9cffb37a989ca544e6bb780a2c78901d3fb33738768511a30617afa01d,0,,
BG_SETUP/BEAM_PROFILE/BEAM_PROFILE_TRUNK/BEAM_PROFILE_Y/ZOOM_V2,[1],float64,1,0.0,0.0,0.0,0.0,af5570f5a1810b7af78caf4bc70a660f0df51e42baf91d4de5b2328de0e83dfc,0.0,,
BG_SETUP/BG_LAYOUT,[1],|S1578,1,,,,,d84ab0b180f29f4499a4cdefd7b2155012eb08beaadb3e22d31b33d3503fde45,"""<DockSite Version=\""1\""><SplitPanel Dock=\""Left\"" DockSize=\""399\"" Orientation=\""Vertical\""><DockWindowGroup RelativeSize=\""100,100\""><DockWindow Name=\""COMPUTATION_UI_Main\"" AutoHideSize=\""0,0\"" FloatRect=\""357,176,150,250\"" /></DockWindowGroup></SplitPanel><SplitPanel Dock=\""Left\"" DockSize=\""100\"" Orientation=\""Vertical\"" IsDocument=\""true\""><DockWindowGroup RelativeSize=\""100,100\""><DockWindow Name=\""_startPage\"" AutoHideSize=\""0,0\"" /><DockWindow Name=\""_beamDisplay2DDockWindow\"" AutoHideSize=\""0,0\"" /><DockWindow Name=\""_beamDisplay3DDockWindow\"" Visibility=\""Collapsed\"" AutoHideSize=\""0,0\"" FloatRect=\""264,252,150,250\"" /><DockWindow Name=\""_panZoomWindow\"" Visibility=\""Collapsed\"" AutoHideSize=\""0,0\"" /><DockWindow Name=\""BeamProfileGraphDockWindow1\"" Visibility=\""Collapsed\"" AutoHideSize=\""0,0\"" /><DockWindow Name=\""BeamProfileGraphDockWindow2\"" Visibility=\""Collapsed\"" AutoHideSize=\""0,0\"" /><DockWindow Name=\""_positionalStabilityDockWindow\"" Visibility=\""Collapsed\"" AutoHideSize=\""0,0\"" /><DockWindow Name=\""_histogramDockWindow\"" Visibility=\""Collapsed\"" AutoHideSize=\""0,0\"" /><DockWindow Name=\""_centerOfMassDelta\"" Visibility=\""Collapsed\"" AutoHideSize=\""0,0\"" /><DockWindow Name=\""_xCenterOfMassDelta\"" Visibility=\""Collapsed\"" AutoHideSize=\""0,0\"" /><DockWindow Name=\""_yCenterOfMassDelta\"" Visibility=\""Collapsed\"" AutoHideSize=\""0,0\"" /><DockWindow Name=\""PeakDeltaTable\"" Visibility=\""Collapsed\"" AutoHideSize=\""0,0\"" /><DockWindow Name=\""XPeakDeltaTable\"" Visibility=\""Collapsed\"" AutoHideSize=\""0,0\"" /><DockWindow Name=\""YPeakDeltaTable\"" Visibility=\""Collapsed\"" AutoHideSize=\""0,0\"" /></DockWindowGroup></SplitPanel><AutoHideWindows /></DockSite>""",,DataBase\bgdata_extract\180.binary\strings\BG_SETUP__BG_LAYOUT.txt
BG_SETUP/Beam Display/RIBBON_VISIBILITY_BEAMDISPLAY_PRIVILEGE,[1],|S7,1,,,,,8411f5abb4c710b176d8f28c735f55a5f1e1ac648a8a48432ce4c10014a9bb91,"""Visible""",,
BG_SETUP/Beam Display/RIBBON_VISIBILITY_COLORBAR_RIBBONBAR_PRIVILEGE,[1],|S7,1,,,,,8411f5abb4c710b176d8f28c735f55a5f1e1ac648a8a48432ce4c10014a9bb91,"""Visible""",,
BG_SETUP/Beam Display/RIBBON_VISIBILITY_CROSSHAIR_RIBBONBAR_PRIVILEGE,[1],|S7,1,,,,,8411f5abb4c710b176d8f28c735f55a5f1e1ac648a8a48432ce4c10014a9bb91,"""Visible""",,
BG_SETUP/Beam Display/RIBBON_VISIBILITY_CURSOR_RIBBONBAR_PRIVILEGE,[1],|S7,1,,,,,8411f5abb4c710b176d8f28c735f55a5f1e1ac648a8a48432ce4c10014a9bb91,"""Visible""",,
BG_SETUP/Beam Display/RIBBON_VISIBILITY_PANZOOM2D_RIBBONBAR_PRIVILEGE,[1],|S7,1,,,,,8411f5abb4c710b176d8f28c735f55a5f1e1ac648a8a48432ce4c10014a9bb91,"""Visible""",,
BG_SETUP/Beam Display/RIBBON_VISIBILITY_PANZOOMROTATETILE3D_RIBBONBAR_PRIVILEGE,[1],|S7,1,,,,,8411f5abb4c710b176d8f28c735f55a5f1e1ac648a8a48432ce4c10014a9bb91,"""Visible""",,
BG_SETUP/Beam Display/RIBBON_VISIBILITY_PROPERTIES_RIBBONBAR_PRIVILEGE,[1],|S7,1,,,,,8411f5abb4c710b176d8f28c735f55a5f1e1ac648a8a48432ce4c10014a9bb91,"""Visible""",,
BG_SETUP/Beam Profile/RIBBON_VISIBILITY_BEAMPROFILE_CONTROLBEAM_PROFILE_X,[1],|S7,1,,,,,8411f5abb4c710b176d8f28c735f55a5f1e1ac648a8a48432ce4c10014a9bb91,"""Visible""",,
BG_SETUP/Beam Profile/RIBBON_VISIBILITY_BEAMPROFILE_CONTROLBEAM_PROFILE_Y,[1],|S7,1,,,,,8411f5abb4c710b176d8f28c735f55a5f1e1ac648a8a48432ce4c10014a9bb91,"""Visible""",,
BG_SETUP/Beam Profile/RIBBON_VISIBILITY_BEAMPROFILE_PRIVILEGE,[1],|S7,1,,,,,8411f5abb4c710b176d8f28c735f55a5f1e1ac648a8a48432ce4c10014a9bb91,"""Visible""",,
BG_SETUP/CHARTS/CHART_ENGINE/CHARTS_MASTER/ENABLE_SAMPLE_SIZE,[1],uint8,1,1.0,1.0,1.0,1.0,4bf5122f344554c53bde2ebb8cd2b7e3d1600ad631c385a5d7cce23c7785459a,1,,
BG_SETUP/CHARTS/CHART_ENGINE/CHARTS_MASTER/RESET_CHARTS_ON_START,[1],uint8,1,1.0,1.0,1.0,1.0,4bf5122f344554c53bde2ebb8cd2b7e3d1600ad631c385a5d7cce23c7785459a,1,,
BG_SETUP/CHARTS/CHART_ENGINE/CHARTS_MASTER/SAMPLE_SIZE,[1],int32,1,1000.0,1000.0,1000.0,1000.0,79ff7fbc96a0a6111e3c2706d61deb84c7c8e5a137b776f34a7dc3775f3652de,1000,,
BG_SETUP/CHARTS/CHART_ENGINE/HISTOGRAM/AutoScale,[1],uint8,1,0.0,0.0,0.0,0.0,6e340b9cffb37a989ca544e6bb780a2c78901d3fb33738768511a30617afa01d,0,,
BG_SETUP/Capture/RIBBON_VISIBILITY_CAMERAOFFSET_RIBBONBAR_PRIVILEGE,[1],|S7,1,,,,,8411f5abb4c710b176d8f28c735f55a5f1e1ac648a8a48432ce4c10014a9bb91,"""Visible""",,
BG_SETUP/Capture/RIBBON_VISIBILITY_CAPTURE_PRIVILEGE,[1],|S7,1,,,,,8411f5abb4c710b176d8f28c735f55a5f1e1ac648a8a48432ce4c10014a9bb91,"""Visible""",,
BG_SETUP/Capture/RIBBON_VISIBILITY_FRAMEBUFFERSIZE_PRIVILEGE,[1],|S7,1,,,,,8411f5abb4c710b176d8f28c735f55a5f1e1ac648a8a48432ce4c10014a9bb91,"""Visible""",,
BG_SETUP/Capture/RIBBON_VISIBILITY_FRAMECOMMENT_PRIVILEGE,[1],|S7,1,,,,,8411f5abb4c710b176d8f28c735f55a5f1e1ac648a8a48432ce4c10014a9bb91,"""Visible""",,
BG_SETUP/Capture/RIBBON_VISIBILITY_REFERENCE_PRIVILEGE,[1],|S7,1,,,,,8411f5abb4c710b176d8f28c735f55a5f1e1ac648a8a48432ce4c10014a9bb91,"""Visible""",,
BG_SETUP/Capture/RIBBON_VISIBILITY_SMEAR_CORRECTION_PRIVELEGE,[1],|S9,1,,,,,b322b65227bc3ec948893e32aa98f227417327069e191d79107a2736a7b2f980,"""Collapsed""",,
BG_SETUP/Capture/RIBBON_VISIBILITY_SOURCERATE_PRIVILEGE,[1],|S7,1,,,,,8411f5abb4c710b176d8f28c735f55a5f1e1ac648a8a48432ce4c10014a9bb91,"""Visible""",,
BG_SETUP/Capture/RIBBON_VISIBILITY_SUMMINGAVERAGE_RIBBONBAR_PRIVILEGE,[1],|S7,1,,,,,8411f5abb4c710b176d8f28c735f55a5f1e1ac648a8a48432ce4c10014a9bb91,"""Visible""",,
BG_SETUP/Capture/RIBBON_VISIBILITY_WRITEPROTECT_PRIVILEGE,[1],|S7,1,,,,,8411f5abb4c710b176d8f28c735f55a5f1e1ac648a8a48432ce4c10014a9bb91,"""Visible""",,
BG_SETUP/Charts/RIBBON_VISIBILITY_CHARTS_PRIVILEGE,[1],|S7,1,,,,,8411f5abb4c710b176d8f28c735f55a5f1e1ac648a8a48432ce4c10014a9bb91,"""Visible""",,
BG_SETUP/Charts/RIBBON_VISIBILITY_HISTOGRAM_PRIVILEGE_CONTROL,[1],|S7,1,,,,,8411f5abb4c710b176d8f28c735f55a5f1e1ac648a8a48432ce4c10014a9bb91,"""Visible""",,
BG_SETUP/Charts/RIBBON_VISIBILITY_POSITIONAL_STABILITY_PRIVILEGE_CONTROL,[1],|S7,1,,,,,8411f5abb4c710b176d8f28c735f55a5f1e1ac648a8a48432ce4c10014a9bb91,"""Visible""",,
BG_SETUP/Charts/RIBBON_VISIBILITY_STRIPCHART_PRIVILEGE_CONTROL,[1],|S7,1,,,,,8411f5abb4c710b176d8f28c735f55a5f1e1ac648a8a48432ce4c10014a9bb91,"""Visible""",,
BG_SETUP/Computations/RIBBON_VISIBILITY_BEAMWIDTH_PRIVILEGE,[1],|S7,1,,,,,8411f5abb4c710b176d8f28c735f55a5f1e1ac648a8a48432ce4c10014a9bb91,"""Visible""",,
BG_SETUP/Computations/RIBBON_VISIBILITY_COMPUTATIONS_PRIVILEGE,[1],|S7,1,,,,,8411f5abb4c710b176d8f28c735f55a5f1e1ac648a8a48432ce4c10014a9bb91,"""Visible""",,
BG_SETUP/Computations/RIBBON_VISIBILITY_DIVERGENCE_PRIVILEGE,[1],|S7,1,,,,,8411f5abb4c710b176d8f28c735f55a5f1e1ac648a8a48432ce4c10014a9bb91,"""Visible""",,
BG_SETUP/Computations/RIBBON_VISIBILITY_PASS_FAIL,[1],|S7,1,,,,,8411f5abb4c710b176d8f28c735f55a5f1e1ac648a8a48432ce4c10014a9bb91,"""Visible""",,
BG_SETUP/Computations/RIBBON_VISIBILITY_POWERENERGY_PRIVILEGE,[1],|S7,1,,,,,8411f5abb4c710b176d8f28c735f55a5f1e1ac648a8a48432ce4c10014a9bb91,"""Visible""",,
BG_SETUP/Computations/RIBBON_VISIBILITY_SCALING_PRIVILEGE,[1],|S7,1,,,,,8411f5abb4c710b176d8f28c735f55a5f1e1ac648a8a48432ce4c10014a9bb91,"""Visible""",,
BG_SETUP/Computations/RIBBON_VISIBILITY_STATISTICS_PRIVILEGE,[1],|S7,1,,,,,8411f5abb4c710b176d8f28c735f55a5f1e1ac648a8a48432ce4c10014a9bb91,"""Visible""",,
BG_SETUP/DATA_SOURCE_MANAGER/AUTOX/ENABLED,[1],uint8,1,1.0,1.0,1.0,1.0,4bf5122f344554c53bde2ebb8cd2b7e3d1600ad631c385a5d7cce23c7785459a,1,,
BG_SETUP/DATA_SOURCE_MANAGER/AUTOX/ON,[1],uint8,1,0.0,0.0,0.0,0.0,6e340b9cffb37a989ca544e6bb780a2c78901d3fb33738768511a30617afa01d,0,,
BG_SETUP/DATA_SOURCE_MANAGER/BLOOMING_CORRECTION/ENABLED,[1],uint8,1,0.0,0.0,0.0,0.0,6e340b9cffb37a989ca544e6bb780a2c78901d3fb33738768511a30617afa01d,0,,
BG_SETUP/DATA_SOURCE_MANAGER/BLOOMING_CORRECTION/WAVELENGTH,[1],int32,1,1.0,1.0,1.0,1.0,67abdd721024f0ff4e0b3f4c2fc13bc5bad42d0b7851d456d88d203d15aaa450,1,,
BG_SETUP/DATA_SOURCE_MANAGER/CAPTURE/FRAME_PRIORITY,[1],uint8,1,1.0,1.0,1.0,1.0,4bf5122f344554c53bde2ebb8cd2b7e3d1600ad631c385a5d7cce23c7785459a,1,,
BG_SETUP/DATA_SOURCE_MANAGER/CAPTURE/NUM_FRAMES,[1],int32,1,0.0,0.0,0.0,0.0,df3f619804a92fdb4057192dc43dd748ea778adc52bc498ce80524c014b81119,0,,
BG_SETUP/DATA_SOURCE_MANAGER/FRAMEBUFFER/COMMENT,[1],|S1,1,,,,,6e340b9cffb37a989ca544e6bb780a2c78901d3fb33738768511a30617afa01d,"""""",,
BG_SETUP/DATA_SOURCE_MANAGER/FRAMEBUFFER/COMMENTING,[1],uint8,1,0.0,0.0,0.0,0.0,6e340b9cffb37a989ca544e6bb780a2c78901d3fb33738768511a30617afa01d,0,,
BG_SETUP/DATA_SOURCE_MANAGER/FRAMEBUFFER/NUM_FRAMES,[1],int32,1,16.0,16.0,16.0,16.0,097328e8c957de2428283954f6a1ee8ff7ad7def12e100a600178407f5decf24,16,,
BG_SETUP/DATA_SOURCE_MANAGER/PROCESSOR/AVERAGING_COUNT,[1],uint16,1,1.0,1.0,1.0,1.0,47dc540c94ceb704a23875c11273e16bb0b8a87aed84de911f2133568115f254,1,,
BG_SETUP/DATA_SOURCE_MANAGER/PROCESSOR/BAD_PIXEL_CORRECT,[1],uint8,1,0.0,0.0,0.0,0.0,6e340b9cffb37a989ca544e6bb780a2c78901d3fb33738768511a30617afa01d,0,,
BG_SETUP/DATA_SOURCE_MANAGER/PROCESSOR/CLIPPING,[1],uint8,1,0.0,0.0,0.0,0.0,6e340b9cffb37a989ca544e6bb780a2c78901d3fb33738768511a30617afa01d,0,,
BG_SETUP/DATA_SOURCE_MANAGER/PROCESSOR/CONVOLUTION,[1],|S8,1,,,,,a638874770d7132d08d1f9f85518bc4705eb757fbf39de7eb4eeb8ad9653b8b1,"""LPF_None""",,
BG_SETUP/DATA_SOURCE_MANAGER/PROCESSOR/INVERT,[1],uint8,1,0.0,0.0,0.0,0.0,6e340b9cffb37a989ca544e6bb780a2c78901d3fb33738768511a30617afa01d,0,,
BG_SETUP/DATA_SOURCE_MANAGER/PROCESSOR/OFFSET_ANGLE,[1],float64,1,0.0,0.0,0.0,0.0,af5570f5a1810b7af78caf4bc70a660f0df51e42baf91d4de5b2328de0e83dfc,0.0,,
BG_SETUP/DATA_SOURCE_MANAGER/PROCESSOR/OFFSET_AXIS,[1],|S1,1,,,,,4b68ab3847feda7d6c62c1fbcbeebfa35eab7351ed5e78f4ddadea5df64b8015,"""X""",,
BG_SETUP/DATA_SOURCE_MANAGER/PROCESSOR/SUMMING_COUNT,[1],uint16,1,1.0,1.0,1.0,1.0,47dc540c94ceb704a23875c11273e16bb0b8a87aed84de911f2133568115f254,1,,
BG_SETUP/DATA_SOURCE_MANAGER/SMEAR_CORRECTION/SMEAR_CORRECTION_DIRECTION,[1],|S8,1,,,,,da9ddf70f39905e9d89fb1f049b467a9d2a5163efd5ceb8aeda1b051640724d9,"""VERTICAL""",,
BG_SETUP/DATA_SOURCE_MANAGER/SMEAR_CORRECTION/SMEAR_CORRECTION_ENABLED,[1],uint8,1,0.0,0.0,0.0,0.0,6e340b9cffb37a989ca544e6bb780a2c78901d3fb33738768511a30617afa01d,0,,
BG_SETUP/DATA_SOURCE_MANAGER/SOURCE_SELECT_CONNECT/DATA_SOURCE/BAD_PIXEL_CORRECTION/BAD_PIX_CORRECTION_ON,[1],uint8,1,1.0,1.0,1.0,1.0,4bf5122f344554c53bde2ebb8cd2b7e3d1600ad631c385a5d7cce23c7785459a,1,,
BG_SETUP/DATA_SOURCE_MANAGER/SOURCE_SELECT_CONNECT/DATA_SOURCE/EGB/EXPOSURE,[1],float64,1,50.0,50.0,50.0,50.0,fe555d486cc8379252e92fe7c97b5e5b603a97a9f965105cfd169a1ab4327fb9,50.0,,
BG_SETUP/DATA_SOURCE_MANAGER/SOURCE_SELECT_CONNECT/DATA_SOURCE/EGB/GAIN,[1],float64,1,0.0,0.0,0.0,0.0,af5570f5a1810b7af78caf4bc70a660f0df51e42baf91d4de5b2328de0e83dfc,0.0,,
BG_SETUP/DATA_SOURCE_MANAGER/SOURCE_SELECT_CONNECT/DATA_SOURCE/GAIN_CORRECTION/GAIN_CORRECTION_ON,[1],uint8,1,0.0,0.0,0.0,0.0,6e340b9cffb37a989ca544e6bb780a2c78901d3fb33738768511a30617afa01d,0,,
BG_SETUP/DATA_SOURCE_MANAGER/SOURCE_SELECT_CONNECT/DATA_SOURCE/RAWDATASOURCE/FORMAT,[1],|S7,1,,,,,17b41b9288b11045c43285f66137f12bb48478853f9388c8108546f47633ef22,"""320,320""",,
BG_SETUP/DATA_SOURCE_MANAGER/SOURCE_SELECT_CONNECT/DATA_SOURCE/RAWDATASOURCE/GAMMA,[1],float64,1,1.0,1.0,1.0,1.0,6c3c396ed6b5c36dcae172271f462051b1266b851e92df3deea8ac65478fd712,1.0,,
BG_SETUP/DATA_SOURCE_MANAGER/SOURCE_SELECT_CONNECT/DATA_SOURCE/RAWDATASOURCE/LENS,[1],uint8,1,0.0,0.0,0.0,0.0,6e340b9cffb37a989ca544e6bb780a2c78901d3fb33738768511a30617afa01d,0,,
BG_SETUP/DATA_SOURCE_MANAGER/SOURCE_SELECT_CONNECT/DATA_SOURCE/RAWDATASOURCE/VIDEOTRIGGERLEVEL,[1],int32,1,0.0,0.0,0.0,0.0,df3f619804a92fdb4057192dc43dd748ea778adc52bc498ce80524c014b81119,0,,
BG_SETUP/DATA_SOURCE_MANAGER/SOURCE_SELECT_CONNECT/DATA_SOURCE/TRIGGER/TRIGGER_CHOP_SPEED,[1],|S16,1,,,,,dd1f70a33ff09279f3d70c29e30c2934e39fdc1ac502dc3bf48732e931221351,"""CHOPPER_SPEED_50""",,
BG_SETUP/DATA_SOURCE_MANAGER/SOURCE_SELECT_CONNECT/DATA_SOURCE/TRIGGER/TRIGGER_MODE,[1],|S6,1,,,,,78358a693d179445fd70727451a3e702b45d3ccf43e30bba33e1a2245ddd1b90,"""PULSED""",,
BG_SETUP/DATA_SOURCE_MANAGER/SOURCE_SELECT_CONNECT/DATA_SOURCE/TRIGGER/TRIGGER_PRE_TRIGGER,[1],int32,1,0.0,0.0,0.0,0.0,df3f619804a92fdb4057192dc43dd748ea778adc52bc498ce80524c014b81119,0,,
BG_SETUP/DATA_SOURCE_MANAGER/SOURCE_SELECT_CONNECT/SELECTED_DATA_SOURCE,[1],|S63,1,,,,,bb01ab7ce810d13a2691a8b12ce14cc33e25e830ebceae88aab5e5fa0eaf3f4d,"""169.254.64.40~Pyrocam_IV~2034568~Spiricon.Source.Pyrocam.IV.dll""",,
BG_SETUP/DATA_SOURCE_MANAGER/SOURCE_SELECT_CONNECT/SUBSCRIPTION_RATE/BURST,[1],uint8,1,0.0,0.0,0.0,0.0,6e340b9cffb37a989ca544e6bb780a2c78901d3fb33738768511a30617afa01d,0,,
BG_SETUP/DATA_SOURCE_MANAGER/SOURCE_SELECT_CONNECT/SUBSCRIPTION_RATE/FRAMES,[1],uint32,1,0.0,0.0,0.0,0.0,df3f619804a92fdb4057192dc43dd748ea778adc52bc498ce80524c014b81119,0,,
BG_SETUP/DATA_SOURCE_MANAGER/SOURCE_SELECT_CONNECT/SUBSCRIPTION_RATE/SECONDS,[1],uint32,1,0.0,0.0,0.0,0.0,df3f619804a92fdb4057192dc43dd748ea778adc52bc498ce80524c014b81119,0,,
BG_SETUP/DATA_SOURCE_MANAGER/VIDEO_TRIGGER/VIDEOTRIGGERLEVEL,[1],|S3,1,,,,,ca7981b46ecf2c1787b6d76d81d9fd7fa0ca95842e2fcc2a452869891a9334d1,"""Off""",,
BG_SETUP/Logging/RIBBON_VISIBILITY_LOGGER_2DIMAGE_RIBBONBAR_PRIVILEGE,[1],|S7,1,,,,,8411f5abb4c710b176d8f28c735f55a5f1e1ac648a8a48432ce4c10014a9bb91,"""Visible""",,
BG_SETUP/Logging/RIBBON_VISIBILITY_LOGGER_3DIMAGE_RIBBONBAR_PRIVILEGE,[1],|S7,1,,,,,8411f5abb4c710b176d8f28c735f55a5f1e1ac648a8a48432ce4c10014a9bb91,"""Visible""",,
BG_SETUP/Logging/RIBBON_VISIBILITY_LOGGER_FILESET_RIBBONBAR_PRIVILEGE,[1],|S7,1,,,,,8411f5abb4c710b176d8f28c735f55a5f1e1ac648a8a48432ce4c10014a9bb91,"""Visible""",,
BG_SETUP/Logging/RIBBON_VISIBILITY_LOGGER_RIBBONBAR_PRIVILEGE,[1],|S7,1,,,,,8411f5abb4c710b176d8f28c735f55a5f1e1ac648a8a48432ce4c10014a9bb91,"""Visible""",,
BG_SETUP/Logging/RIBBON_VISIBILITY_LOGGER_SUBSCRIPTION_RIBBONBAR_PRIVILEGE,[1],|S7,1,,,,,8411f5abb4c710b176d8f28c735f55a5f1e1ac648a8a48432ce4c10014a9bb91,"""Visible""",,
BG_SETUP/Logging/RIBBON_VISIBILITY_LOGGING_PRIVILEGE,[1],|S7,1,,,,,8411f5abb4c710b176d8f28c735f55a5f1e1ac648a8a48432ce4c10014a9bb91,"""Visible""",,
BG_SETUP/ProtectUserInterface,[1],uint8,1,0.0,0.0,0.0,0.0,6e340b9cffb37a989ca544e6bb780a2c78901d3fb33738768511a30617afa01d,0,,
BG_SETUP/REPORTS/REPORT_TRUNK/REPORT_SETTINGS/CENTER_DELTA,[1],uint8,1,0.0,0.0,0.0,0.0,6e340b9cffb37a989ca544e6bb780a2c78901d3fb33738768511a30617afa01d,0,,
BG_SETUP/REPORTS/REPORT_TRUNK/REPORT_SETTINGS/CENTER_DELTA_X,[1],uint8,1,0.0,0.0,0.0,0.0,6e340b9cffb37a989ca544e6bb780a2c78901d3fb33738768511a30617afa01d,0,,
BG_SETUP/REPORTS/REPORT_TRUNK/REPORT_SETTINGS/CENTER_DELTA_Y,[1],uint8,1,0.0,0.0,0.0,0.0,6e340b9cffb37a989ca544e6bb780a2c78901d3fb33738768511a30617afa01d,0,,
BG_SETUP/REPORTS/REPORT_TRUNK/REPORT_SETTINGS/COMMENT,[1],uint8,1,0.0,0.0,0.0,0.0,6e340b9cffb37a989ca544e6bb780a2c78901d3fb33738768511a30617afa01d,0,,
BG_SETUP/REPORTS/REPORT_TRUNK/REPORT_SETTINGS/HISTOGRAM,[1],uint8,1,0.0,0.0,0.0,0.0,6e340b9cffb37a989ca544e6bb780a2c78901d3fb33738768511a30617afa01d,0,,
BG_SETUP/REPORTS/REPORT_TRUNK/REPORT_SETTINGS/ONED1,[1],uint8,1,0.0,0.0,0.0,0.0,6e340b9cffb37a989ca544e6bb780a2c78901d3fb33738768511a30617afa01d,0,,
BG_SETUP/REPORTS/REPORT_TRUNK/REPORT_SETTINGS/ONED2,[1],uint8,1,0.0,0.0,0.0,0.0,6e340b9cffb37a989ca544e6bb780a2c78901d3fb33738768511a30617afa01d,0,,
BG_SETUP/REPORTS/REPORT_TRUNK/REPORT_SETTINGS/PARTITIONS,[1],|S1,1,,,,,6e340b9cffb37a989ca544e6bb780a2c78901d3fb33738768511a30617afa01d,"""""",,
BG_SETUP/REPORTS/REPORT_TRUNK/REPORT_SETTINGS/PEAK_DELTA,[1],uint8,1,0.0,0.0,0.0,0.0,6e340b9cffb37a989ca544e6bb780a2c78901d3fb33738768511a30617afa01d,0,,
BG_SETUP/REPORTS/REPORT_TRUNK/REPORT_SETTINGS/PEAK_DELTA_X,[1],uint8,1,0.0,0.0,0.0,0.0,6e340b9cffb37a989ca544e6bb780a2c78901d3fb33738768511a30617afa01d,0,,
BG_SETUP/REPORTS/REPORT_TRUNK/REPORT_SETTINGS/PEAK_DELTA_Y,[1],uint8,1,0.0,0.0,0.0,0.0,6e340b9cffb37a989ca544e6bb780a2c78901d3fb33738768511a30617afa01d,0,,
BG_SETUP/REPORTS/REPORT_TRUNK/REPORT_SETTINGS/RESULTS,[1],uint8,1,1.0,1.0,1.0,1.0,4bf5122f344554c53bde2ebb8cd2b7e3d1600ad631c385a5d7cce23c7785459a,1,,
BG_SETUP/REPORTS/REPORT_TRUNK/REPORT_SETTINGS/SEPARATE,[1],uint8,1,0.0,0.0,0.0,0.0,6e340b9cffb37a989ca544e6bb780a2c78901d3fb33738768511a30617afa01d,0,,
BG_SETUP/REPORTS/REPORT_TRUNK/REPORT_SETTINGS/SETUP,[1],uint8,1,0.0,0.0,0.0,0.0,6e340b9cffb37a989ca544e6bb780a2c78901d3fb33738768511a30617afa01d,0,,
BG_SETUP/REPORTS/REPORT_TRUNK/REPORT_SETTINGS/STABILITY,[1],uint8,1,0.0,0.0,0.0,0.0,6e340b9cffb37a989ca544e6bb780a2c78901d3fb33738768511a30617afa01d,0,,
BG_SETUP/REPORTS/REPORT_TRUNK/REPORT_SETTINGS/STRIP_CHARTS,[1],uint8,1,0.0,0.0,0.0,0.0,6e340b9cffb37a989ca544e6bb780a2c78901d3fb33738768511a30617afa01d,0,,
BG_SETUP/REPORTS/REPORT_TRUNK/REPORT_SETTINGS/THREED,[1],uint8,1,1.0,1.0,1.0,1.0,4bf5122f344554c53bde2ebb8cd2b7e3d1600ad631c385a5d7cce23c7785459a,1,,
BG_SETUP/REPORTS/REPORT_TRUNK/REPORT_SETTINGS/TWOD,[1],uint8,1,1.0,1.0,1.0,1.0,4bf5122f344554c53bde2ebb8cd2b7e3d1600ad631c385a5d7cce23c7785459a,1,,
BG_SETUP/RESULTS_MANAGER/RESULT_ENGINE/AUTO_APERTURE/IsEnabled,[1],uint8,1,1.0,1.0,1.0,1.0,4bf5122f344554c53bde2ebb8cd2b7e3d1600ad631c385a5d7cce23c7785459a,1,,
BG_SETUP/RESULTS_MANAGER/RESULT_ENGINE/BEAM_WIDTH_APERTURE/IsEnabled,[1],uint8,1,0.0,0.0,0.0,0.0,6e340b9cffb37a989ca544e6bb780a2c78901d3fb33738768511a30617afa01d,0,,
BG_SETUP/RESULTS_MANAGER/RESULT_ENGINE/BEAM_WIDTH_APERTURE/Shape,[1],|S6,1,,,,,b93d3bcecff5d7493a58a41ea44f7196a46295f6512ebc06940510676a666384,"""Circle""",,
BG_SETUP/RESULTS_MANAGER/RESULT_ENGINE/CROSSHAIR_MANAGER/FULL_FRAME/TRACKING,[1],|S8,1,,,,,0c7ef33e451eadb5c230e83d5155fe481df0dccf42529851a31110a88a776d12,"""DISABLED""",,
BG_SETUP/RESULTS_MANAGER/RESULT_ENGINE/CURSOR/SHOW_PROFILES,[1],uint8,1,1.0,1.0,1.0,1.0,4bf5122f344554c53bde2ebb8cd2b7e3d1600ad631c385a5d7cce23c7785459a,1,,
BG_SETUP/RESULTS_MANAGER/RESULT_ENGINE/CURSOR/TRACKING,[1],|S8,1,,,,,4aa3021b19c506294ad22269b81fc4ff601818147f770a5899feeeda871259f7,"""CENTROID""",,
BG_SETUP/RESULTS_MANAGER/RESULT_ENGINE/CURSOR/ZOOM_TO_CURSOR,[1],uint8,1,1.0,1.0,1.0,1.0,4bf5122f344554c53bde2ebb8cd2b7e3d1600ad631c385a5d7cce23c7785459a,1,,
BG_SETUP/RESULTS_MANAGER/RESULT_ENGINE/ENERGY_MONITOR/CALIBRATION,[1],float64,1,0.0,0.0,0.0,0.0,af5570f5a1810b7af78caf4bc70a660f0df51e42baf91d4de5b2328de0e83dfc,0.0,,
BG_SETUP/RESULTS_MANAGER/RESULT_ENGINE/ENERGY_MONITOR/MULTIPLIER,[1],float64,1,0.0,0.0,0.0,0.0,af5570f5a1810b7af78caf4bc70a660f0df51e42baf91d4de5b2328de0e83dfc,0.0,,
BG_SETUP/RESULTS_MANAGER/RESULT_ENGINE/ENERGY_MONITOR/STATUS,[1],|S4,1,,,,,c627c09c14e58e44bc51622dac392958ec88244e414b508020634f53cfcd1e69,"""NONE""",,
BG_SETUP/RESULTS_MANAGER/RESULT_ENGINE/ENERGY_MONITOR/TYPE,[1],|S4,1,,,,,c627c09c14e58e44bc51622dac392958ec88244e414b508020634f53cfcd1e69,"""NONE""",,
BG_SETUP/RESULTS_MANAGER/RESULT_ENGINE/ENERGY_MONITOR/WAS_INTERPOLATED,[1],uint8,1,0.0,0.0,0.0,0.0,6e340b9cffb37a989ca544e6bb780a2c78901d3fb33738768511a30617afa01d,0,,
BG_SETUP/RESULTS_MANAGER/RESULT_ENGINE/MANUAL_APERTURE/CenterXPercent,[1],float64,1,0.3467184551219148,0.3467184551219148,0.3467184551219148,0.3467184551219148,22ae1a38a2c1804fff41cadbd53bed8f92c48c523dcf9d01dcc786b096e7162b,0.3467184551219148,,
BG_SETUP/RESULTS_MANAGER/RESULT_ENGINE/MANUAL_APERTURE/CenterYPercent,[1],float64,1,0.4624246370247363,0.4624246370247363,0.4624246370247363,0.4624246370247363,7d4a808d2e3849c889bc87b0f89ddb00bbf6e67d3fef85f875bed543a5b0ddbd,0.4624246370247363,,
BG_SETUP/RESULTS_MANAGER/RESULT_ENGINE/MANUAL_APERTURE/HeightPercent,[1],float64,1,0.35639570632820217,0.35639570632820217,0.35639570632820217,0.35639570632820217,4c26f0a82629c5e24f42976287bbf95e24cff6e8021f0d8dc279147db4981009,0.35639570632820217,,
BG_SETUP/RESULTS_MANAGER/RESULT_ENGINE/MANUAL_APERTURE/IsEnabled,[1],uint8,1,0.0,0.0,0.0,0.0,6e340b9cffb37a989ca544e6bb780a2c78901d3fb33738768511a30617afa01d,0,,
BG_SETUP/RESULTS_MANAGER/RESULT_ENGINE/MANUAL_APERTURE/Rotation,[1],float64,1,0.0,0.0,0.0,0.0,af5570f5a1810b7af78caf4bc70a660f0df51e42baf91d4de5b2328de0e83dfc,0.0,,
BG_SETUP/RESULTS_MANAGER/RESULT_ENGINE/MANUAL_APERTURE/Shape,[1],|S6,1,,,,,b93d3bcecff5d7493a58a41ea44f7196a46295f6512ebc06940510676a666384,"""Circle""",,
BG_SETUP/RESULTS_MANAGER/RESULT_ENGINE/MANUAL_APERTURE/WidthPercent,[1],float64,1,0.35639570632820217,0.35639570632820217,0.35639570632820217,0.35639570632820217,4c26f0a82629c5e24f42976287bbf95e24cff6e8021f0d8dc279147db4981009,0.35639570632820217,,
BG_SETUP/RESULTS_MANAGER/RESULT_ENGINE/MASTER_PASSFAIL/ACTION_ON_PASS,[1],|S4,1,,,,,09230b3dbc35635f04595dc627c267a62174ba6435078ab5083dce4252c999a1,"""Fail""",,
BG_SETUP/RESULTS_MANAGER/RESULT_ENGINE/MASTER_PASSFAIL/BEEP,[1],uint8,1,0.0,0.0,0.0,0.0,6e340b9cffb37a989ca544e6bb780a2c78901d3fb33738768511a30617afa01d,0,,
BG_SETUP/RESULTS_MANAGER/RESULT_ENGINE/MASTER_PASSFAIL/ENABLED,[1],uint8,1,0.0,0.0,0.0,0.0,6e340b9cffb37a989ca544e6bb780a2c78901d3fb33738768511a30617afa01d,0,,
BG_SETUP/RESULTS_MANAGER/RESULT_ENGINE/MASTER_PASSFAIL/STOP,[1],uint8,1,0.0,0.0,0.0,0.0,6e340b9cffb37a989ca544e6bb780a2c78901d3fb33738768511a30617afa01d,0,,
BG_SETUP/RESULTS_MANAGER/RESULT_ENGINE/MASTER_PASSFAIL/TTL,[1],uint8,1,0.0,0.0,0.0,0.0,6e340b9cffb37a989ca544e6bb780a2c78901d3fb33738768511a30617afa01d,0,,
BG_SETUP/RESULTS_MANAGER/RESULT_ENGINE/MASTER_STATISTIC/FRAME_COUNT,[1],int32,1,32.0,32.0,32.0,32.0,8d71b3faab8201459ad37ef499beb336ba88bdcfa0f51ee6f0a46ec3192d750a,32,,
BG_SETUP/RESULTS_MANAGER/RESULT_ENGINE/MASTER_STATISTIC/MODE,[1],|S10,1,,,,,04f13cecbc50590b68a8c4866c8e622c3bc69fb2f8caeeba894cf5c7819315f5,"""Continuous""",,
BG_SETUP/RESULTS_MANAGER/RESULT_ENGINE/MASTER_STATISTIC/RESET_ON_START,[1],uint8,1,0.0,0.0,0.0,0.0,6e340b9cffb37a989ca544e6bb780a2c78901d3fb33738768511a30617afa01d,0,,
BG_SETUP/RESULTS_MANAGER/RESULT_ENGINE/MASTER_STATISTIC/TIME,[1],float64,1,300000.0,300000.0,300000.0,300000.0,ad686dab2758a9fa6789678a612d063178d8716cfe707ed9efb706ba370b339c,300000.0,,
BG_SETUP/RESULTS_MANAGER/RESULT_ENGINE/PARTITION_MANAGER/ACTIVE_PARTITION,[1],|S10,1,,,,,4a91614951d004ce53d3032e6894abe899c2fc509473fa61512515f35eb9144a,"""Full Frame""",,
BG_SETUP/RESULTS_MANAGER/RESULT_ENGINE/PARTITION_MANAGER/Full Frame/FORMAT/Center,[1],|S7,1,,,,,f604817d002c10ad5283ce3ac1a35afbfbdcf7b7b1f9fa05fa8c6832eb8253ad,"""160,160""",,
BG_SETUP/RESULTS_MANAGER/RESULT_ENGINE/PARTITION_MANAGER/Full Frame/FORMAT/LimitingShape,[1],|S9,1,,,,,5f704dae14a9bdafed8e3ed821ca039f86000d74507c5306e80cbb03c61664cf,"""RECTANGLE""",,
BG_SETUP/RESULTS_MANAGER/RESULT_ENGINE/PARTITION_MANAGER/Full Frame/FORMAT/LimitingType,[1],|S9,1,,,,,59d5712cd0a93ece29751afe26d8ebb1e801050932e0069cf375d3a18029e311,"""PARTITION""",,
BG_SETUP/RESULTS_MANAGER/RESULT_ENGINE/PARTITION_MANAGER/Full Frame/FORMAT/Major,[1],float64,1,320.0,320.0,320.0,320.0,9d99df3a1c1b413b1245bb5d5f38afd399854259f8d538c2464636ce187c8bfe,320.0,,
BG_SETUP/RESULTS_MANAGER/RESULT_ENGINE/PARTITION_MANAGER/Full Frame/FORMAT/Minor,[1],float64,1,320.0,320.0,320.0,320.0,9d99df3a1c1b413b1245bb5d5f38afd399854259f8d538c2464636ce187c8bfe,320.0,,
BG_SETUP/RESULTS_MANAGER/RESULT_ENGINE/PARTITION_MANAGER/Full Frame/FORMAT/Rotation,[1],float64,1,0.0,0.0,0.0,0.0,af5570f5a1810b7af78caf4bc70a660f0df51e42baf91d4de5b2328de0e83dfc,0.0,,
BG_SETUP/RESULTS_MANAGER/RESULT_ENGINE/PARTITION_MANAGER/Full Frame/LAST_FRAME_HEIGHT,[1],int32,1,320.0,320.0,320.0,320.0,874d4a57ec4bfe979629f5f5537f9926f71f6102abb4634ee48770d1ceb3384e,320,,
BG_SETUP/RESULTS_MANAGER/RESULT_ENGINE/PARTITION_MANAGER/Full Frame/LAST_FRAME_WIDTH,[1],int32,1,320.0,320.0,320.0,320.0,874d4a57ec4bfe979629f5f5537f9926f71f6102abb4634ee48770d1ceb3384e,320,,
BG_SETUP/RESULTS_MANAGER/RESULT_ENGINE/PROGRAMMABLE_SETTINGS_MANAGER/AVG_PULSE_PWR/RATE,[1],float64,1,0.0,0.0,0.0,0.0,af5570f5a1810b7af78caf4bc70a660f0df51e42baf91d4de5b2328de0e83dfc,0.0,,
BG_SETUP/RESULTS_MANAGER/RESULT_ENGINE/PROGRAMMABLE_SETTINGS_MANAGER/BEAM_WIDTH_BASIS/BEAM_WIDTH_TYPE,[1],|S7,1,,,,,b1ecbf0b14741cbf0030358dbc3194355b0b9ceb44c0d6a2070ed0dacec8f47f,"""D4Sigma""",,
BG_SETUP/RESULTS_MANAGER/RESULT_ENGINE/PROGRAMMABLE_SETTINGS_MANAGER/DIVERGENCE/DETECTOR_DISTANCE,[1],float64,1,0.0,0.0,0.0,0.0,af5570f5a1810b7af78caf4bc70a660f0df51e42baf91d4de5b2328de0e83dfc,0.0,,
BG_SETUP/RESULTS_MANAGER/RESULT_ENGINE/PROGRAMMABLE_SETTINGS_MANAGER/DIVERGENCE/DIVERGENCE_METHOD,[1],|S11,1,,,,,bdfb6526a2c80c44f2a1cbf1cc2990c9b6e9b0593e2908048aa37a794c585993,"""FocalLength""",,
BG_SETUP/RESULTS_MANAGER/RESULT_ENGINE/PROGRAMMABLE_SETTINGS_MANAGER/DIVERGENCE/FIRST_POINT_D,[1],float64,1,0.0,0.0,0.0,0.0,af5570f5a1810b7af78caf4bc70a660f0df51e42baf91d4de5b2328de0e83dfc,0.0,,
BG_SETUP/RESULTS_MANAGER/RESULT_ENGINE/PROGRAMMABLE_SETTINGS_MANAGER/DIVERGENCE/FIRST_POINT_X,[1],float64,1,0.0,0.0,0.0,0.0,af5570f5a1810b7af78caf4bc70a660f0df51e42baf91d4de5b2328de0e83dfc,0.0,,
BG_SETUP/RESULTS_MANAGER/RESULT_ENGINE/PROGRAMMABLE_SETTINGS_MANAGER/DIVERGENCE/FIRST_POINT_Y,[1],float64,1,0.0,0.0,0.0,0.0,af5570f5a1810b7af78caf4bc70a660f0df51e42baf91d4de5b2328de0e83dfc,0.0,,
BG_SETUP/RESULTS_MANAGER/RESULT_ENGINE/PROGRAMMABLE_SETTINGS_MANAGER/DIVERGENCE/FOCAL_LENGTH,[1],float64,1,0.0,0.0,0.0,0.0,af5570f5a1810b7af78caf4bc70a660f0df51e42baf91d4de5b2328de0e83dfc,0.0,,
BG_SETUP/RESULTS_MANAGER/RESULT_ENGINE/PROGRAMMABLE_SETTINGS_MANAGER/DIVERGENCE/SEPARATION_DISTANCE,[1],float64,1,0.0,0.0,0.0,0.0,af5570f5a1810b7af78caf4bc70a660f0df51e42baf91d4de5b2328de0e83dfc,0.0,,
BG_SETUP/RESULTS_MANAGER/RESULT_ENGINE/PROGRAMMABLE_SETTINGS_MANAGER/EFFICIENCY/EXPECTED_OUTPUT,[1],float64,1,0.0,0.0,0.0,0.0,af5570f5a1810b7af78caf4bc70a660f0df51e42baf91d4de5b2328de0e83dfc,0.0,,
BG_SETUP/RESULTS_MANAGER/RESULT_ENGINE/PROGRAMMABLE_SETTINGS_MANAGER/EFFICIENCY/POWER_ENERGY,[1],|S4,1,,,,,c627c09c14e58e44bc51622dac392958ec88244e414b508020634f53cfcd1e69,"""NONE""",,
BG_SETUP/RESULTS_MANAGER/RESULT_ENGINE/PROGRAMMABLE_SETTINGS_MANAGER/HISTOGRAM/BINNING,[1],int32,1,128.0,128.0,128.0,128.0,50c8ba3a6170f0a2fb6736ece8a603576ef6309a35e810911599bc6211b554a9,128,,
BG_SETUP/RESULTS_MANAGER/RESULT_ENGINE/PROGRAMMABLE_SETTINGS_MANAGER/KNIFE_EDGE/CLIP_LEVEL,[1],float64,1,0.135,0.135,0.135,0.135,7850b067c16b00450fb9ee911e1bef526546a4da980ad5339bd7e6c206641eb8,0.135,,
BG_SETUP/RESULTS_MANAGER/RESULT_ENGINE/PROGRAMMABLE_SETTINGS_MANAGER/KNIFE_EDGE/MULTIPLIER,[1],float64,1,2.0,2.0,2.0,2.0,3f710ac088db33363087de2b9a657541fe5447821debaa9fe5cbd538eb1a5f29,2.0,,
BG_SETUP/RESULTS_MANAGER/RESULT_ENGINE/PROGRAMMABLE_SETTINGS_MANAGER/MOVING_SLIT/CLIP_LEVEL,[1],float64,1,0.135,0.135,0.135,0.135,7850b067c16b00450fb9ee911e1bef526546a4da980ad5339bd7e6c206641eb8,0.135,,
BG_SETUP/RESULTS_MANAGER/RESULT_ENGINE/PROGRAMMABLE_SETTINGS_MANAGER/OPTICAL_SCALE/OPTICAL_SCALE,[1],float64,1,1.0,1.0,1.0,1.0,6c3c396ed6b5c36dcae172271f462051b1266b851e92df3deea8ac65478fd712,1.0,,
BG_SETUP/RESULTS_MANAGER/RESULT_ENGINE/PROGRAMMABLE_SETTINGS_MANAGER/PEAK_PULSE_PWR/WIDTH,[1],float64,1,0.0,0.0,0.0,0.0,af5570f5a1810b7af78caf4bc70a660f0df51e42baf91d4de5b2328de0e83dfc,0.0,,
BG_SETUP/RESULTS_MANAGER/RESULT_ENGINE/PROGRAMMABLE_SETTINGS_MANAGER/PERCENT_PEAK_CLIP/PERCENT_PEAK,[1],float64,1,0.135,0.135,0.135,0.135,7850b067c16b00450fb9ee911e1bef526546a4da980ad5339bd7e6c206641eb8,0.135,,
BG_SETUP/RESULTS_MANAGER/RESULT_ENGINE/PROGRAMMABLE_SETTINGS_MANAGER/PERCENT_TOTAL_CLIP/PERCENT_TOTAL,[1],float64,1,0.865,0.865,0.865,0.865,263f3224a48ff7ee375280ce9b1bf98e363824107130d03cce328eddbe51d14d,0.865,,
BG_SETUP/RESULTS_MANAGER/RESULT_ENGINE/PROGRAMMABLE_SETTINGS_MANAGER/POSITIONAL_STABILITY/SAMPLE_SIZE,[1],int32,1,1000.0,1000.0,1000.0,1000.0,79ff7fbc96a0a6111e3c2706d61deb84c7c8e5a137b776f34a7dc3775f3652de,1000,,
BG_SETUP/RESULTS_MANAGER/RESULT_ENGINE/PROGRAMMABLE_SETTINGS_MANAGER/POSITIONAL_STABILITY/USE_SAMPLE_SIZE,[1],uint8,1,1.0,1.0,1.0,1.0,4bf5122f344554c53bde2ebb8cd2b7e3d1600ad631c385a5d7cce23c7785459a,1,,
BG_SETUP/RESULTS_MANAGER/RESULT_ENGINE/PROGRAMMABLE_SETTINGS_MANAGER/SMALLEST_APERTURE/CLIP_LEVEL,[1],float64,1,0.865,0.865,0.865,0.865,263f3224a48ff7ee375280ce9b1bf98e363824107130d03cce328eddbe51d14d,0.865,,
BG_SETUP/RESULTS_MANAGER/RESULT_ENGINE/PROGRAMMABLE_SETTINGS_MANAGER/TOPHAT_CLIP/ENERGY_CLIP,[1],float64,1,0.0,0.0,0.0,0.0,af5570f5a1810b7af78caf4bc70a660f0df51e42baf91d4de5b2328de0e83dfc,0.0,,
BG_SETUP/RESULTS_MANAGER/RESULT_ENGINE/PROGRAMMABLE_SETTINGS_MANAGER/TOPHAT_CLIP/PERCENT_CLIP,[1],float64,1,0.0,0.0,0.0,0.0,af5570f5a1810b7af78caf4bc70a660f0df51e42baf91d4de5b2328de0e83dfc,0.0,,
BG_SETUP/RESULTS_MANAGER/RESULT_ENGINE/PROGRAMMABLE_SETTINGS_MANAGER/TOPHAT_CLIP/USE_PERCENT,[1],uint8,1,0.0,0.0,0.0,0.0,6e340b9cffb37a989ca544e6bb780a2c78901d3fb33738768511a30617afa01d,0,,
BG_SETUP/RESULTS_MANAGER/RESULT_TRANSLATOR/OPTICAL_SCALE/ENABLED,[1],uint8,1,0.0,0.0,0.0,0.0,6e340b9cffb37a989ca544e6bb780a2c78901d3fb33738768511a30617afa01d,0,,
BG_SETUP/RESULTS_MANAGER/RESULT_TRANSLATOR/OPTICAL_SCALE/SCALE_VALUE,[1],float64,1,1.0,1.0,1.0,1.0,6c3c396ed6b5c36dcae172271f462051b1266b851e92df3deea8ac65478fd712,1.0,,
BG_SETUP/RESULTS_MANAGER/RESULT_TRANSLATOR/ORIGIN/ORIGIN_POINT,[1],|S3,1,,,,,83b97b859aa5f81b2f0f86ba2a675efaf515ad2d5e2b8652cf2de7e1c2267350,"""0,1""",,
BG_SETUP/RESULTS_MANAGER/RESULT_TRANSLATOR/ORIGIN/ORIGIN_TYPE,[1],|S11,1,,,,,49888f1a26ded6a16937303ceba75a1947e1b8c816c91108ea39c190d472ba0a,"""BOTTOM_LEFT""",,
BG_SETUP/RESULTS_MANAGER/RESULT_TRANSLATOR/RESULT_TRANSLATOR_STATE/BEAM_WIDTH_UNITS,[1],|S2,1,,,,,289c90decf40c8ec15f72f6080f2a4e7cd11d4128530dd5d290fc06ebadba620,"""um""",,
BG_SETUP/RESULTS_MANAGER/RESULT_TRANSLATOR/RESULT_TRANSLATOR_STATE/DISTANCE_UNITS,[1],|S2,1,,,,,8fa1dddd53606ceb933c5c6a12e714ed41e11d37a2b7bc48e91d15b54171d033,"""mm""",,
BG_SETUP/RESULTS_MANAGER/RESULT_TRANSLATOR/RESULT_TRANSLATOR_STATE/DIVERGENCE_ANGLE_UNITS,[1],|S4,1,,,,,41af7524e0f05dfc003faf31d4e4f032f7c353c671bcba12e515505ceb2dcac0,"""mrad""",,
BG_SETUP/RESULTS_MANAGER/RESULT_TRANSLATOR/RESULT_TRANSLATOR_STATE/PE_BASE,[1],|S5,1,,,,,416b96b26d97cd79c458b7bbfb66d20f019d1597baf0350357d020a48eb4ab68,"""WATTS""",,
BG_SETUP/RESULTS_MANAGER/RESULT_TRANSLATOR/RESULT_TRANSLATOR_STATE/PE_QUANTIFIER,[1],|S4,1,,,,,c627c09c14e58e44bc51622dac392958ec88244e414b508020634f53cfcd1e69,"""NONE""",,
BG_SETUP/RESULTS_MANAGER/RESULT_TRANSLATOR/TRANSLATED_RESULTS/centroidX/Format,[1],|S12,1,,,,,93abd46ebd2a2e2b8021a3c2bfc8b5c4f1622c84519b84636ad859207ddb90a2,"""0.000000e+00""",,
BG_SETUP/RESULTS_MANAGER/RESULT_TRANSLATOR/TRANSLATED_RESULTS/centroidX/FormatManuallyChanged,[1],uint8,1,0.0,0.0,0.0,0.0,6e340b9cffb37a989ca544e6bb780a2c78901d3fb33738768511a30617afa01d,0,,
BG_SETUP/RESULTS_MANAGER/RESULT_TRANSLATOR/TRANSLATED_RESULTS/centroidY/Format,[1],|S12,1,,,,,93abd46ebd2a2e2b8021a3c2bfc8b5c4f1622c84519b84636ad859207ddb90a2,"""0.000000e+00""",,
BG_SETUP/RESULTS_MANAGER/RESULT_TRANSLATOR/TRANSLATED_RESULTS/centroidY/FormatManuallyChanged,[1],uint8,1,0.0,0.0,0.0,0.0,6e340b9cffb37a989ca544e6bb780a2c78901d3fb33738768511a30617afa01d,0,,
BG_SETUP/RESULTS_MANAGER/RESULT_TRANSLATOR/TRANSLATED_RESULTS/d4Sigma_XM_/Format,[1],|S9,1,,,,,5dcd8052b901d1606ef0e70ea576e9e856220b31799bf23ffda78ca10dbd25bb,"""0.000e+00""",,
BG_SETUP/RESULTS_MANAGER/RESULT_TRANSLATOR/TRANSLATED_RESULTS/d4Sigma_XM_/FormatManuallyChanged,[1],uint8,1,0.0,0.0,0.0,0.0,6e340b9cffb37a989ca544e6bb780a2c78901d3fb33738768511a30617afa01d,0,,
BG_SETUP/RESULTS_MANAGER/RESULT_TRANSLATOR/TRANSLATED_RESULTS/d4Sigma_Ym_/Format,[1],|S9,1,,,,,5dcd8052b901d1606ef0e70ea576e9e856220b31799bf23ffda78ca10dbd25bb,"""0.000e+00""",,
BG_SETUP/RESULTS_MANAGER/RESULT_TRANSLATOR/TRANSLATED_RESULTS/d4Sigma_Ym_/FormatManuallyChanged,[1],uint8,1,0.0,0.0,0.0,0.0,6e340b9cffb37a989ca544e6bb780a2c78901d3fb33738768511a30617afa01d,0,,
BG_SETUP/RESULTS_MANAGER/RESULT_TRANSLATOR/TRANSLATED_RESULTS/powerEnergyMin_PE_/Format,[1],|S2,1,,,,,0480a93d2e9b094b89e08e01976089ac18193af802c66b631cc8d2dc1bae8c88,"""n2""",,
BG_SETUP/RESULTS_MANAGER/RESULT_TRANSLATOR/TRANSLATED_RESULTS/powerEnergyMin_PE_/FormatManuallyChanged,[1],uint8,1,0.0,0.0,0.0,0.0,6e340b9cffb37a989ca544e6bb780a2c78901d3fb33738768511a30617afa01d,0,,
BG_SETUP/RESULTS_MANAGER/RESULT_TRANSLATOR/TRANSLATED_RESULTS/powerEnergyPeak_PE_/Format,[1],|S2,1,,,,,0480a93d2e9b094b89e08e01976089ac18193af802c66b631cc8d2dc1bae8c88,"""n2""",,
BG_SETUP/RESULTS_MANAGER/RESULT_TRANSLATOR/TRANSLATED_RESULTS/powerEnergyPeak_PE_/FormatManuallyChanged,[1],uint8,1,0.0,0.0,0.0,0.0,6e340b9cffb37a989ca544e6bb780a2c78901d3fb33738768511a30617afa01d,0,,
BG_SETUP/RESULTS_MANAGER/RESULT_TRANSLATOR/TRANSLATED_RESULTS/powerEnergyTotal_PE_/Format,[1],|S2,1,,,,,0480a93d2e9b094b89e08e01976089ac18193af802c66b631cc8d2dc1bae8c88,"""n2""",,
BG_SETUP/RESULTS_MANAGER/RESULT_TRANSLATOR/TRANSLATED_RESULTS/powerEnergyTotal_PE_/FormatManuallyChanged,[1],uint8,1,0.0,0.0,0.0,0.0,6e340b9cffb37a989ca544e6bb780a2c78901d3fb33738768511a30617afa01d,0,,
BG_SETUP/RESULTS_MANAGER/RESULT_UI/CELL_WIDTHS/DisplayName,[1],float64,1,0.0,0.0,0.0,0.0,af5570f5a1810b7af78caf4bc70a660f0df51e42baf91d4de5b2328de0e83dfc,0.0,,
BG_SETUP/RESULTS_MANAGER/RESULT_UI/CELL_WIDTHS/Header,[1],float64,1,133.0,133.0,133.0,133.0,a3980dffd38fbbde9edf6dc628134e52de1151cea8d7fa020de7778e91a80963,133.0,,
BG_SETUP/RESULTS_MANAGER/RESULT_UI/CELL_WIDTHS/Max,[1],float64,1,0.0,0.0,0.0,0.0,af5570f5a1810b7af78caf4bc70a660f0df51e42baf91d4de5b2328de0e83dfc,0.0,,
BG_SETUP/RESULTS_MANAGER/RESULT_UI/CELL_WIDTHS/Mean,[1],float64,1,0.0,0.0,0.0,0.0,af5570f5a1810b7af78caf4bc70a660f0df51e42baf91d4de5b2328de0e83dfc,0.0,,
BG_SETUP/RESULTS_MANAGER/RESULT_UI/CELL_WIDTHS/Min,[1],float64,1,0.0,0.0,0.0,0.0,af5570f5a1810b7af78caf4bc70a660f0df51e42baf91d4de5b2328de0e83dfc,0.0,,
BG_SETUP/RESULTS_MANAGER/RESULT_UI/CELL_WIDTHS/Results,[1],float64,1,0.0,0.0,0.0,0.0,af5570f5a1810b7af78caf4bc70a660f0df51e42baf91d4de5b2328de0e83dfc,0.0,,
BG_SETUP/RESULTS_MANAGER/RESULT_UI/CELL_WIDTHS/SampleSize,[1],float64,1,0.0,0.0,0.0,0.0,af5570f5a1810b7af78caf4bc70a660f0df51e42baf91d4de5b2328de0e83dfc,0.0,,
BG_SETUP/RESULTS_MANAGER/RESULT_UI/CELL_WIDTHS/StdDev,[1],float64,1,0.0,0.0,0.0,0.0,af5570f5a1810b7af78caf4bc70a660f0df51e42baf91d4de5b2328de0e83dfc,0.0,,
BG_SETUP/RESULTS_MANAGER/RESULT_UI/CELL_WIDTHS/Units,[1],float64,1,78.0,78.0,78.0,78.0,c00711a362d75c0250538b6448a7fa3c745201b7c40b83010aa626b107af0775,78.0,,
BG_SETUP/RESULTS_MANAGER/RESULT_UI/CELL_WIDTHS/Value,[1],float64,1,122.0,122.0,122.0,122.0,51296c61c21046c26a16fee9e4a42883d5546e8e839e41ee792742828c99727f,122.0,,
BG_SETUP/RESULTS_MANAGER/RESULT_UI/CELL_WIDTHS/Visible,[1],float64,1,0.0,0.0,0.0,0.0,af5570f5a1810b7af78caf4bc70a660f0df51e42baf91d4de5b2328de0e83dfc,0.0,,
BG_SETUP/RESULTS_MANAGER/RESULT_UI/DISPLAY_OPTIONS/FONT_COLOR,[1],|S253,1,,,,,54f2fa510d02216c51c0b6026bef4c7bcaaf8ea59480c2a3e7088f10794762b9,"""<?xml version=\""1.0\""?>\r\n<Color xmlns:xsd=\""http://www.w3.org/2001/XMLSchema\"" xmlns:xsi=\""http://www.w3.org/2001/XMLSchema-instance\"">\r\n  <A>255</A>\r\n  <R>0</R>\r\n  <G>0</G>\r\n  <B>0</B>\r\n  <ScA>1</ScA>\r\n  <ScR>0</ScR>\r\n  <ScG>0</ScG>\r\n  <ScB>0</ScB>\r\n</Color>""",,DataBase\bgdata_extract\180.binary\strings\BG_SETUP__RESULTS_MANAGER__RESULT_UI__DISPLAY_OPTIONS__FONT_COLOR.txt
BG_SETUP/RESULTS_MANAGER/RESULT_UI/DISPLAY_OPTIONS/FONT_SIZE,[1],int32,1,12.0,12.0,12.0,12.0,42f4aeb81c1ef81f771f3de8abca9dcf66901c575530e7672e4b1146474ae650,12,,
BG_SETUP/RESULTS_MANAGER/RESULT_UI/HEIGHT,[1],float64,1,22.0,22.0,22.0,22.0,bb384aa588e9aee3fae923334f5cec1416ad8ab038fe45e772beadf7ebfed103,22.0,,
BG_SETUP/RESULTS_MANAGER/RESULT_UI/RESULT_WINDOW_MANAGER/RESULTGROUPS/divergence/EXPANDED,[1],uint8,1,0.0,0.0,0.0,0.0,6e340b9cffb37a989ca544e6bb780a2c78901d3fb33738768511a30617afa01d,0,,
BG_SETUP/RESULTS_MANAGER/RESULT_UI/RESULT_WINDOW_MANAGER/RESULTGROUPS/frameInfo/EXPANDED,[1],uint8,1,1.0,1.0,1.0,1.0,4bf5122f344554c53bde2ebb8cd2b7e3d1600ad631c385a5d7cce23c7785459a,1,,
BG_SETUP/RESULTS_MANAGER/RESULT_UI/RESULT_WINDOW_MANAGER/RESULTGROUPS/gaussian/EXPANDED,[1],uint8,1,0.0,0.0,0.0,0.0,6e340b9cffb37a989ca544e6bb780a2c78901d3fb33738768511a30617afa01d,0,,
BG_SETUP/RESULTS_MANAGER/RESULT_UI/RESULT_WINDOW_MANAGER/RESULTGROUPS/gaussian1D/EXPANDED,[1],uint8,1,0.0,0.0,0.0,0.0,6e340b9cffb37a989ca544e6bb780a2c78901d3fb33738768511a30617afa01d,0,,
BG_SETUP/RESULTS_MANAGER/RESULT_UI/RESULT_WINDOW_MANAGER/RESULTGROUPS/powerEnergy/EXPANDED,[1],uint8,1,1.0,1.0,1.0,1.0,4bf5122f344554c53bde2ebb8cd2b7e3d1600ad631c385a5d7cce23c7785459a,1,,
BG_SETUP/RESULTS_MANAGER/RESULT_UI/RESULT_WINDOW_MANAGER/RESULTGROUPS/spatial/EXPANDED,[1],uint8,1,1.0,1.0,1.0,1.0,4bf5122f344554c53bde2ebb8cd2b7e3d1600ad631c385a5d7cce23c7785459a,1,,
BG_SETUP/RESULTS_MANAGER/RESULT_UI/RESULT_WINDOW_MANAGER/RESULTGROUPS/topHat/EXPANDED,[1],uint8,1,0.0,0.0,0.0,0.0,6e340b9cffb37a989ca544e6bb780a2c78901d3fb33738768511a30617afa01d,0,,
BG_SETUP/RESULTS_MANAGER/RESULT_UI/RESULT_WINDOW_MANAGER/RESULTGROUPS/topHat1D/EXPANDED,[1],uint8,1,0.0,0.0,0.0,0.0,6e340b9cffb37a989ca544e6bb780a2c78901d3fb33738768511a30617afa01d,0,,
BG_SETUP/RESULTS_MANAGER/RESULT_UI/RESULT_WINDOW_MANAGER/RESULTS/avgPulsePower/DISPLAY_OPTIONS/FONT_COLOR,[1],|S253,1,,,,,54f2fa510d02216c51c0b6026bef4c7bcaaf8ea59480c2a3e7088f10794762b9,"""<?xml version=\""1.0\""?>\r\n<Color xmlns:xsd=\""http://www.w3.org/2001/XMLSchema\"" xmlns:xsi=\""http://www.w3.org/2001/XMLSchema-instance\"">\r\n  <A>255</A>\r\n  <R>0</R>\r\n  <G>0</G>\r\n  <B>0</B>\r\n  <ScA>1</ScA>\r\n  <ScR>0</ScR>\r\n  <ScG>0</ScG>\r\n  <ScB>0</ScB>\r\n</Color>""",,DataBase\bgdata_extract\180.binary\strings\BG_SETUP__RESULTS_MANAGER__RESULT_UI__RESULT_WINDOW_MANAGER__RESULTS__avgPulsePower__DISPLAY_OPTIONS__FONT_COLOR.txt
BG_SETUP/RESULTS_MANAGER/RESULT_UI/RESULT_WINDOW_MANAGER/RESULTS/avgPulsePower/DISPLAY_OPTIONS/FONT_SIZE,[1],int32,1,12.0,12.0,12.0,12.0,42f4aeb81c1ef81f771f3de8abca9dcf66901c575530e7672e4b1146474ae650,12,,
BG_SETUP/RESULTS_MANAGER/RESULT_UI/RESULT_WINDOW_MANAGER/RESULTS/avgPulsePower/VISIBLE,[1],uint8,1,0.0,0.0,0.0,0.0,6e340b9cffb37a989ca544e6bb780a2c78901d3fb33738768511a30617afa01d,0,,
BG_SETUP/RESULTS_MANAGER/RESULT_UI/RESULT_WINDOW_MANAGER/RESULTS/avg_PE_Density/DISPLAY_OPTIONS/FONT_COLOR,[1],|S253,1,,,,,54f2fa510d02216c51c0b6026bef4c7bcaaf8ea59480c2a3e7088f10794762b9,"""<?xml version=\""1.0\""?>\r\n<Color xmlns:xsd=\""http://www.w3.org/2001/XMLSchema\"" xmlns:xsi=\""http://www.w3.org/2001/XMLSchema-instance\"">\r\n  <A>255</A>\r\n  <R>0</R>\r\n  <G>0</G>\r\n  <B>0</B>\r\n  <ScA>1</ScA>\r\n  <ScR>0</ScR>\r\n  <ScG>0</ScG>\r\n  <ScB>0</ScB>\r\n</Color>""",,DataBase\bgdata_extract\180.binary\strings\BG_SETUP__RESULTS_MANAGER__RESULT_UI__RESULT_WINDOW_MANAGER__RESULTS__avg_PE_Density__DISPLAY_OPTIONS__FONT_COLOR.txt
BG_SETUP/RESULTS_MANAGER/RESULT_UI/RESULT_WINDOW_MANAGER/RESULTS/avg_PE_Density/DISPLAY_OPTIONS/FONT_SIZE,[1],int32,1,12.0,12.0,12.0,12.0,42f4aeb81c1ef81f771f3de8abca9dcf66901c575530e7672e4b1146474ae650,12,,
BG_SETUP/RESULTS_MANAGER/RESULT_UI/RESULT_WINDOW_MANAGER/RESULTS/avg_PE_Density/VISIBLE,[1],uint8,1,0.0,0.0,0.0,0.0,6e340b9cffb37a989ca544e6bb780a2c78901d3fb33738768511a30617afa01d,0,,
BG_SETUP/RESULTS_MANAGER/RESULT_UI/RESULT_WINDOW_MANAGER/RESULTS/centroidCrossHairDistance/DISPLAY_OPTIONS/FONT_COLOR,[1],|S253,1,,,,,54f2fa510d02216c51c0b6026bef4c7bcaaf8ea59480c2a3e7088f10794762b9,"""<?xml version=\""1.0\""?>\r\n<Color xmlns:xsd=\""http://www.w3.org/2001/XMLSchema\"" xmlns:xsi=\""http://www.w3.org/2001/XMLSchema-instance\"">\r\n  <A>255</A>\r\n  <R>0</R>\r\n  <G>0</G>\r\n  <B>0</B>\r\n  <ScA>1</ScA>\r\n  <ScR>0</ScR>\r\n  <ScG>0</ScG>\r\n  <ScB>0</ScB>\r\n</Color>""",,DataBase\bgdata_extract\180.binary\strings\BG_SETUP__RESULTS_MANAGER__RESULT_UI__RESULT_WINDOW_MANAGER__RESULTS__centroidCrossHairDistance__DISPLAY_OPTIONS__FONT_COLOR.txt
BG_SETUP/RESULTS_MANAGER/RESULT_UI/RESULT_WINDOW_MANAGER/RESULTS/centroidCrossHairDistance/DISPLAY_OPTIONS/FONT_SIZE,[1],int32,1,12.0,12.0,12.0,12.0,42f4aeb81c1ef81f771f3de8abca9dcf66901c575530e7672e4b1146474ae650,12,,
BG_SETUP/RESULTS_MANAGER/RESULT_UI/RESULT_WINDOW_MANAGER/RESULTS/centroidCrossHairDistance/VISIBLE,[1],uint8,1,0.0,0.0,0.0,0.0,6e340b9cffb37a989ca544e6bb780a2c78901d3fb33738768511a30617afa01d,0,,
BG_SETUP/RESULTS_MANAGER/RESULT_UI/RESULT_WINDOW_MANAGER/RESULTS/centroidX/DISPLAY_OPTIONS/FONT_COLOR,[1],|S253,1,,,,,54f2fa510d02216c51c0b6026bef4c7bcaaf8ea59480c2a3e7088f10794762b9,"""<?xml version=\""1.0\""?>\r\n<Color xmlns:xsd=\""http://www.w3.org/2001/XMLSchema\"" xmlns:xsi=\""http://www.w3.org/2001/XMLSchema-instance\"">\r\n  <A>255</A>\r\n  <R>0</R>\r\n  <G>0</G>\r\n  <B>0</B>\r\n  <ScA>1</ScA>\r\n  <ScR>0</ScR>\r\n  <ScG>0</ScG>\r\n  <ScB>0</ScB>\r\n</Color>""",,DataBase\bgdata_extract\180.binary\strings\BG_SETUP__RESULTS_MANAGER__RESULT_UI__RESULT_WINDOW_MANAGER__RESULTS__centroidX__DISPLAY_OPTIONS__FONT_COLOR.txt
BG_SETUP/RESULTS_MANAGER/RESULT_UI/RESULT_WINDOW_MANAGER/RESULTS/centroidX/DISPLAY_OPTIONS/FONT_SIZE,[1],int32,1,12.0,12.0,12.0,12.0,42f4aeb81c1ef81f771f3de8abca9dcf66901c575530e7672e4b1146474ae650,12,,
BG_SETUP/RESULTS_MANAGER/RESULT_UI/RESULT_WINDOW_MANAGER/RESULTS/centroidX/VISIBLE,[1],uint8,1,1.0,1.0,1.0,1.0,4bf5122f344554c53bde2ebb8cd2b7e3d1600ad631c385a5d7cce23c7785459a,1,,
BG_SETUP/RESULTS_MANAGER/RESULT_UI/RESULT_WINDOW_MANAGER/RESULTS/centroidY/DISPLAY_OPTIONS/FONT_COLOR,[1],|S253,1,,,,,54f2fa510d02216c51c0b6026bef4c7bcaaf8ea59480c2a3e7088f10794762b9,"""<?xml version=\""1.0\""?>\r\n<Color xmlns:xsd=\""http://www.w3.org/2001/XMLSchema\"" xmlns:xsi=\""http://www.w3.org/2001/XMLSchema-instance\"">\r\n  <A>255</A>\r\n  <R>0</R>\r\n  <G>0</G>\r\n  <B>0</B>\r\n  <ScA>1</ScA>\r\n  <ScR>0</ScR>\r\n  <ScG>0</ScG>\r\n  <ScB>0</ScB>\r\n</Color>""",,DataBase\bgdata_extract\180.binary\strings\BG_SETUP__RESULTS_MANAGER__RESULT_UI__RESULT_WINDOW_MANAGER__RESULTS__centroidY__DISPLAY_OPTIONS__FONT_COLOR.txt
BG_SETUP/RESULTS_MANAGER/RESULT_UI/RESULT_WINDOW_MANAGER/RESULTS/centroidY/DISPLAY_OPTIONS/FONT_SIZE,[1],int32,1,12.0,12.0,12.0,12.0,42f4aeb81c1ef81f771f3de8abca9dcf66901c575530e7672e4b1146474ae650,12,,
BG_SETUP/RESULTS_MANAGER/RESULT_UI/RESULT_WINDOW_MANAGER/RESULTS/centroidY/VISIBLE,[1],uint8,1,1.0,1.0,1.0,1.0,4bf5122f344554c53bde2ebb8cd2b7e3d1600ad631c385a5d7cce23c7785459a,1,,
BG_SETUP/RESULTS_MANAGER/RESULT_UI/RESULT_WINDOW_MANAGER/RESULTS/crossSectionArea/DISPLAY_OPTIONS/FONT_COLOR,[1],|S253,1,,,,,54f2fa510d02216c51c0b6026bef4c7bcaaf8ea59480c2a3e7088f10794762b9,"""<?xml version=\""1.0\""?>\r\n<Color xmlns:xsd=\""http://www.w3.org/2001/XMLSchema\"" xmlns:xsi=\""http://www.w3.org/2001/XMLSchema-instance\"">\r\n  <A>255</A>\r\n  <R>0</R>\r\n  <G>0</G>\r\n  <B>0</B>\r\n  <ScA>1</ScA>\r\n  <ScR>0</ScR>\r\n  <ScG>0</ScG>\r\n  <ScB>0</ScB>\r\n</Color>""",,DataBase\bgdata_extract\180.binary\strings\BG_SETUP__RESULTS_MANAGER__RESULT_UI__RESULT_WINDOW_MANAGER__RESULTS__crossSectionArea__DISPLAY_OPTIONS__FONT_COLOR.txt
BG_SETUP/RESULTS_MANAGER/RESULT_UI/RESULT_WINDOW_MANAGER/RESULTS/crossSectionArea/DISPLAY_OPTIONS/FONT_SIZE,[1],int32,1,12.0,12.0,12.0,12.0,42f4aeb81c1ef81f771f3de8abca9dcf66901c575530e7672e4b1146474ae650,12,,
BG_SETUP/RESULTS_MANAGER/RESULT_UI/RESULT_WINDOW_MANAGER/RESULTS/crossSectionArea/VISIBLE,[1],uint8,1,0.0,0.0,0.0,0.0,6e340b9cffb37a989ca544e6bb780a2c78901d3fb33738768511a30617afa01d,0,,
BG_SETUP/RESULTS_MANAGER/RESULT_UI/RESULT_WINDOW_MANAGER/RESULTS/cursorCrossHairDistance/DISPLAY_OPTIONS/FONT_COLOR,[1],|S253,1,,,,,54f2fa510d02216c51c0b6026bef4c7bcaaf8ea59480c2a3e7088f10794762b9,"""<?xml version=\""1.0\""?>\r\n<Color xmlns:xsd=\""http://www.w3.org/2001/XMLSchema\"" xmlns:xsi=\""http://www.w3.org/2001/XMLSchema-instance\"">\r\n  <A>255</A>\r\n  <R>0</R>\r\n  <G>0</G>\r\n  <B>0</B>\r\n  <ScA>1</ScA>\r\n  <ScR>0</ScR>\r\n  <ScG>0</ScG>\r\n  <ScB>0</ScB>\r\n</Color>""",,DataBase\bgdata_extract\180.binary\strings\BG_SETUP__RESULTS_MANAGER__RESULT_UI__RESULT_WINDOW_MANAGER__RESULTS__cursorCrossHairDistance__DISPLAY_OPTIONS__FONT_COLOR.txt
BG_SETUP/RESULTS_MANAGER/RESULT_UI/RESULT_WINDOW_MANAGER/RESULTS/cursorCrossHairDistance/DISPLAY_OPTIONS/FONT_SIZE,[1],int32,1,12.0,12.0,12.0,12.0,42f4aeb81c1ef81f771f3de8abca9dcf66901c575530e7672e4b1146474ae650,12,,
BG_SETUP/RESULTS_MANAGER/RESULT_UI/RESULT_WINDOW_MANAGER/RESULTS/cursorCrossHairDistance/VISIBLE,[1],uint8,1,0.0,0.0,0.0,0.0,6e340b9cffb37a989ca544e6bb780a2c78901d3fb33738768511a30617afa01d,0,,
BG_SETUP/RESULTS_MANAGER/RESULT_UI/RESULT_WINDOW_MANAGER/RESULTS/d4Sigma/DISPLAY_OPTIONS/FONT_COLOR,[1],|S253,1,,,,,54f2fa510d02216c51c0b6026bef4c7bcaaf8ea59480c2a3e7088f10794762b9,"""<?xml version=\""1.0\""?>\r\n<Color xmlns:xsd=\""http://www.w3.org/2001/XMLSchema\"" xmlns:xsi=\""http://www.w3.org/2001/XMLSchema-instance\"">\r\n  <A>255</A>\r\n  <R>0</R>\r\n  <G>0</G>\r\n  <B>0</B>\r\n  <ScA>1</ScA>\r\n  <ScR>0</ScR>\r\n  <ScG>0</ScG>\r\n  <ScB>0</ScB>\r\n</Color>""",,DataBase\bgdata_extract\180.binary\strings\BG_SETUP__RESULTS_MANAGER__RESULT_UI__RESULT_WINDOW_MANAGER__RESULTS__d4Sigma__DISPLAY_OPTIONS__FONT_COLOR.txt
BG_SETUP/RESULTS_MANAGER/RESULT_UI/RESULT_WINDOW_MANAGER/RESULTS/d4Sigma/DISPLAY_OPTIONS/FONT_SIZE,[1],int32,1,12.0,12.0,12.0,12.0,42f4aeb81c1ef81f771f3de8abca9dcf66901c575530e7672e4b1146474ae650,12,,
BG_SETUP/RESULTS_MANAGER/RESULT_UI/RESULT_WINDOW_MANAGER/RESULTS/d4Sigma/VISIBLE,[1],uint8,1,0.0,0.0,0.0,0.0,6e340b9cffb37a989ca544e6bb780a2c78901d3fb33738768511a30617afa01d,0,,
BG_SETUP/RESULTS_MANAGER/RESULT_UI/RESULT_WINDOW_MANAGER/RESULTS/d4Sigma_XM_/DISPLAY_OPTIONS/FONT_COLOR,[1],|S253,1,,,,,54f2fa510d02216c51c0b6026bef4c7bcaaf8ea59480c2a3e7088f10794762b9,"""<?xml version=\""1.0\""?>\r\n<Color xmlns:xsd=\""http://www.w3.org/2001/XMLSchema\"" xmlns:xsi=\""http://www.w3.org/2001/XMLSchema-instance\"">\r\n  <A>255</A>\r\n  <R>0</R>\r\n  <G>0</G>\r\n  <B>0</B>\r\n  <ScA>1</ScA>\r\n  <ScR>0</ScR>\r\n  <ScG>0</ScG>\r\n  <ScB>0</ScB>\r\n</Color>""",,DataBase\bgdata_extract\180.binary\strings\BG_SETUP__RESULTS_MANAGER__RESULT_UI__RESULT_WINDOW_MANAGER__RESULTS__d4Sigma_XM___DISPLAY_OPTIONS__FONT_COLOR.txt
BG_SETUP/RESULTS_MANAGER/RESULT_UI/RESULT_WINDOW_MANAGER/RESULTS/d4Sigma_XM_/DISPLAY_OPTIONS/FONT_SIZE,[1],int32,1,12.0,12.0,12.0,12.0,42f4aeb81c1ef81f771f3de8abca9dcf66901c575530e7672e4b1146474ae650,12,,
BG_SETUP/RESULTS_MANAGER/RESULT_UI/RESULT_WINDOW_MANAGER/RESULTS/d4Sigma_XM_/VISIBLE,[1],uint8,1,1.0,1.0,1.0,1.0,4bf5122f344554c53bde2ebb8cd2b7e3d1600ad631c385a5d7cce23c7785459a,1,,
BG_SETUP/RESULTS_MANAGER/RESULT_UI/RESULT_WINDOW_MANAGER/RESULTS/d4Sigma_Ym_/DISPLAY_OPTIONS/FONT_COLOR,[1],|S253,1,,,,,54f2fa510d02216c51c0b6026bef4c7bcaaf8ea59480c2a3e7088f10794762b9,"""<?xml version=\""1.0\""?>\r\n<Color xmlns:xsd=\""http://www.w3.org/2001/XMLSchema\"" xmlns:xsi=\""http://www.w3.org/2001/XMLSchema-instance\"">\r\n  <A>255</A>\r\n  <R>0</R>\r\n  <G>0</G>\r\n  <B>0</B>\r\n  <ScA>1</ScA>\r\n  <ScR>0</ScR>\r\n  <ScG>0</ScG>\r\n  <ScB>0</ScB>\r\n</Color>""",,DataBase\bgdata_extract\180.binary\strings\BG_SETUP__RESULTS_MANAGER__RESULT_UI__RESULT_WINDOW_MANAGER__RESULTS__d4Sigma_Ym___DISPLAY_OPTIONS__FONT_COLOR.txt
BG_SETUP/RESULTS_MANAGER/RESULT_UI/RESULT_WINDOW_MANAGER/RESULTS/d4Sigma_Ym_/DISPLAY_OPTIONS/FONT_SIZE,[1],int32,1,12.0,12.0,12.0,12.0,42f4aeb81c1ef81f771f3de8abca9dcf66901c575530e7672e4b1146474ae650,12,,
BG_SETUP/RESULTS_MANAGER/RESULT_UI/RESULT_WINDOW_MANAGER/RESULTS/d4Sigma_Ym_/VISIBLE,[1],uint8,1,1.0,1.0,1.0,1.0,4bf5122f344554c53bde2ebb8cd2b7e3d1600ad631c385a5d7cce23c7785459a,1,,
BG_SETUP/RESULTS_MANAGER/RESULT_UI/RESULT_WINDOW_MANAGER/RESULTS/divergenceAngle_XM_/DISPLAY_OPTIONS/FONT_COLOR,[1],|S253,1,,,,,54f2fa510d02216c51c0b6026bef4c7bcaaf8ea59480c2a3e7088f10794762b9,"""<?xml version=\""1.0\""?>\r\n<Color xmlns:xsd=\""http://www.w3.org/2001/XMLSchema\"" xmlns:xsi=\""http://www.w3.org/2001/XMLSchema-instance\"">\r\n  <A>255</A>\r\n  <R>0</R>\r\n  <G>0</G>\r\n  <B>0</B>\r\n  <ScA>1</ScA>\r\n  <ScR>0</ScR>\r\n  <ScG>0</ScG>\r\n  <ScB>0</ScB>\r\n</Color>""",,DataBase\bgdata_extract\180.binary\strings\BG_SETUP__RESULTS_MANAGER__RESULT_UI__RESULT_WINDOW_MANAGER__RESULTS__divergenceAngle_XM___DISPLAY_OPTIONS__FONT_COLOR.txt
BG_SETUP/RESULTS_MANAGER/RESULT_UI/RESULT_WINDOW_MANAGER/RESULTS/divergenceAngle_XM_/DISPLAY_OPTIONS/FONT_SIZE,[1],int32,1,12.0,12.0,12.0,12.0,42f4aeb81c1ef81f771f3de8abca9dcf66901c575530e7672e4b1146474ae650,12,,
BG_SETUP/RESULTS_MANAGER/RESULT_UI/RESULT_WINDOW_MANAGER/RESULTS/divergenceAngle_XM_/VISIBLE,[1],uint8,1,0.0,0.0,0.0,0.0,6e340b9cffb37a989ca544e6bb780a2c78901d3fb33738768511a30617afa01d,0,,
BG_SETUP/RESULTS_MANAGER/RESULT_UI/RESULT_WINDOW_MANAGER/RESULTS/divergenceAngle_Ym_/DISPLAY_OPTIONS/FONT_COLOR,[1],|S253,1,,,,,54f2fa510d02216c51c0b6026bef4c7bcaaf8ea59480c2a3e7088f10794762b9,"""<?xml version=\""1.0\""?>\r\n<Color xmlns:xsd=\""http://www.w3.org/2001/XMLSchema\"" xmlns:xsi=\""http://www.w3.org/2001/XMLSchema-instance\"">\r\n  <A>255</A>\r\n  <R>0</R>\r\n  <G>0</G>\r\n  <B>0</B>\r\n  <ScA>1</ScA>\r\n  <ScR>0</ScR>\r\n  <ScG>0</ScG>\r\n  <ScB>0</ScB>\r\n</Color>""",,DataBase\bgdata_extract\180.binary\strings\BG_SETUP__RESULTS_MANAGER__RESULT_UI__RESULT_WINDOW_MANAGER__RESULTS__divergenceAngle_Ym___DISPLAY_OPTIONS__FONT_COLOR.txt
BG_SETUP/RESULTS_MANAGER/RESULT_UI/RESULT_WINDOW_MANAGER/RESULTS/divergenceAngle_Ym_/DISPLAY_OPTIONS/FONT_SIZE,[1],int32,1,12.0,12.0,12.0,12.0,42f4aeb81c1ef81f771f3de8abca9dcf66901c575530e7672e4b1146474ae650,12,,
BG_SETUP/RESULTS_MANAGER/RESULT_UI/RESULT_WINDOW_MANAGER/RESULTS/divergenceAngle_Ym_/VISIBLE,[1],uint8,1,0.0,0.0,0.0,0.0,6e340b9cffb37a989ca544e6bb780a2c78901d3fb33738768511a30617afa01d,0,,
BG_SETUP/RESULTS_MANAGER/RESULT_UI/RESULT_WINDOW_MANAGER/RESULTS/divergenceDAngle/DISPLAY_OPTIONS/FONT_COLOR,[1],|S253,1,,,,,54f2fa510d02216c51c0b6026bef4c7bcaaf8ea59480c2a3e7088f10794762b9,"""<?xml version=\""1.0\""?>\r\n<Color xmlns:xsd=\""http://www.w3.org/2001/XMLSchema\"" xmlns:xsi=\""http://www.w3.org/2001/XMLSchema-instance\"">\r\n  <A>255</A>\r\n  <R>0</R>\r\n  <G>0</G>\r\n  <B>0</B>\r\n  <ScA>1</ScA>\r\n  <ScR>0</ScR>\r\n  <ScG>0</ScG>\r\n  <ScB>0</ScB>\r\n</Color>""",,DataBase\bgdata_extract\180.binary\strings\BG_SETUP__RESULTS_MANAGER__RESULT_UI__RESULT_WINDOW_MANAGER__RESULTS__divergenceDAngle__DISPLAY_OPTIONS__FONT_COLOR.txt
BG_SETUP/RESULTS_MANAGER/RESULT_UI/RESULT_WINDOW_MANAGER/RESULTS/divergenceDAngle/DISPLAY_OPTIONS/FONT_SIZE,[1],int32,1,12.0,12.0,12.0,12.0,42f4aeb81c1ef81f771f3de8abca9dcf66901c575530e7672e4b1146474ae650,12,,
BG_SETUP/RESULTS_MANAGER/RESULT_UI/RESULT_WINDOW_MANAGER/RESULTS/divergenceDAngle/VISIBLE,[1],uint8,1,0.0,0.0,0.0,0.0,6e340b9cffb37a989ca544e6bb780a2c78901d3fb33738768511a30617afa01d,0,,
BG_SETUP/RESULTS_MANAGER/RESULT_UI/RESULT_WINDOW_MANAGER/RESULTS/eccentricity/DISPLAY_OPTIONS/FONT_COLOR,[1],|S253,1,,,,,54f2fa510d02216c51c0b6026bef4c7bcaaf8ea59480c2a3e7088f10794762b9,"""<?xml version=\""1.0\""?>\r\n<Color xmlns:xsd=\""http://www.w3.org/2001/XMLSchema\"" xmlns:xsi=\""http://www.w3.org/2001/XMLSchema-instance\"">\r\n  <A>255</A>\r\n  <R>0</R>\r\n  <G>0</G>\r\n  <B>0</B>\r\n  <ScA>1</ScA>\r\n  <ScR>0</ScR>\r\n  <ScG>0</ScG>\r\n  <ScB>0</ScB>\r\n</Color>""",,DataBase\bgdata_extract\180.binary\strings\BG_SETUP__RESULTS_MANAGER__RESULT_UI__RESULT_WINDOW_MANAGER__RESULTS__eccentricity__DISPLAY_OPTIONS__FONT_COLOR.txt
BG_SETUP/RESULTS_MANAGER/RESULT_UI/RESULT_WINDOW_MANAGER/RESULTS/eccentricity/DISPLAY_OPTIONS/FONT_SIZE,[1],int32,1,12.0,12.0,12.0,12.0,42f4aeb81c1ef81f771f3de8abca9dcf66901c575530e7672e4b1146474ae650,12,,
BG_SETUP/RESULTS_MANAGER/RESULT_UI/RESULT_WINDOW_MANAGER/RESULTS/eccentricity/VISIBLE,[1],uint8,1,0.0,0.0,0.0,0.0,6e340b9cffb37a989ca544e6bb780a2c78901d3fb33738768511a30617afa01d,0,,
BG_SETUP/RESULTS_MANAGER/RESULT_UI/RESULT_WINDOW_MANAGER/RESULTS/edgeSteepness1D_XM_/DISPLAY_OPTIONS/FONT_COLOR,[1],|S253,1,,,,,54f2fa510d02216c51c0b6026bef4c7bcaaf8ea59480c2a3e7088f10794762b9,"""<?xml version=\""1.0\""?>\r\n<Color xmlns:xsd=\""http://www.w3.org/2001/XMLSchema\"" xmlns:xsi=\""http://www.w3.org/2001/XMLSchema-instance\"">\r\n  <A>255</A>\r\n  <R>0</R>\r\n  <G>0</G>\r\n  <B>0</B>\r\n  <ScA>1</ScA>\r\n  <ScR>0</ScR>\r\n  <ScG>0</ScG>\r\n  <ScB>0</ScB>\r\n</Color>""",,DataBase\bgdata_extract\180.binary\strings\BG_SETUP__RESULTS_MANAGER__RESULT_UI__RESULT_WINDOW_MANAGER__RESULTS__edgeSteepness1D_XM___DISPLAY_OPTIONS__FONT_COLOR.txt
BG_SETUP/RESULTS_MANAGER/RESULT_UI/RESULT_WINDOW_MANAGER/RESULTS/edgeSteepness1D_XM_/DISPLAY_OPTIONS/FONT_SIZE,[1],int32,1,12.0,12.0,12.0,12.0,42f4aeb81c1ef81f771f3de8abca9dcf66901c575530e7672e4b1146474ae650,12,,
BG_SETUP/RESULTS_MANAGER/RESULT_UI/RESULT_WINDOW_MANAGER/RESULTS/edgeSteepness1D_XM_/VISIBLE,[1],uint8,1,0.0,0.0,0.0,0.0,6e340b9cffb37a989ca544e6bb780a2c78901d3fb33738768511a30617afa01d,0,,
BG_SETUP/RESULTS_MANAGER/RESULT_UI/RESULT_WINDOW_MANAGER/RESULTS/edgeSteepness1D_Ym_/DISPLAY_OPTIONS/FONT_COLOR,[1],|S253,1,,,,,54f2fa510d02216c51c0b6026bef4c7bcaaf8ea59480c2a3e7088f10794762b9,"""<?xml version=\""1.0\""?>\r\n<Color xmlns:xsd=\""http://www.w3.org/2001/XMLSchema\"" xmlns:xsi=\""http://www.w3.org/2001/XMLSchema-instance\"">\r\n  <A>255</A>\r\n  <R>0</R>\r\n  <G>0</G>\r\n  <B>0</B>\r\n  <ScA>1</ScA>\r\n  <ScR>0</ScR>\r\n  <ScG>0</ScG>\r\n  <ScB>0</ScB>\r\n</Color>""",,DataBase\bgdata_extract\180.binary\strings\BG_SETUP__RESULTS_MANAGER__RESULT_UI__RESULT_WINDOW_MANAGER__RESULTS__edgeSteepness1D_Ym___DISPLAY_OPTIONS__FONT_COLOR.txt
BG_SETUP/RESULTS_MANAGER/RESULT_UI/RESULT_WINDOW_MANAGER/RESULTS/edgeSteepness1D_Ym_/DISPLAY_OPTIONS/FONT_SIZE,[1],int32,1,12.0,12.0,12.0,12.0,42f4aeb81c1ef81f771f3de8abca9dcf66901c575530e7672e4b1146474ae650,12,,
BG_SETUP/RESULTS_MANAGER/RESULT_UI/RESULT_WINDOW_MANAGER/RESULTS/edgeSteepness1D_Ym_/VISIBLE,[1],uint8,1,0.0,0.0,0.0,0.0,6e340b9cffb37a989ca544e6bb780a2c78901d3fb33738768511a30617afa01d,0,,
BG_SETUP/RESULTS_MANAGER/RESULT_UI/RESULT_WINDOW_MANAGER/RESULTS/effective1D_XM_/DISPLAY_OPTIONS/FONT_COLOR,[1],|S253,1,,,,,54f2fa510d02216c51c0b6026bef4c7bcaaf8ea59480c2a3e7088f10794762b9,"""<?xml version=\""1.0\""?>\r\n<Color xmlns:xsd=\""http://www.w3.org/2001/XMLSchema\"" xmlns:xsi=\""http://www.w3.org/2001/XMLSchema-instance\"">\r\n  <A>255</A>\r\n  <R>0</R>\r\n  <G>0</G>\r\n  <B>0</B>\r\n  <ScA>1</ScA>\r\n  <ScR>0</ScR>\r\n  <ScG>0</ScG>\r\n  <ScB>0</ScB>\r\n</Color>""",,DataBase\bgdata_extract\180.binary\strings\BG_SETUP__RESULTS_MANAGER__RESULT_UI__RESULT_WINDOW_MANAGER__RESULTS__effective1D_XM___DISPLAY_OPTIONS__FONT_COLOR.txt
BG_SETUP/RESULTS_MANAGER/RESULT_UI/RESULT_WINDOW_MANAGER/RESULTS/effective1D_XM_/DISPLAY_OPTIONS/FONT_SIZE,[1],int32,1,12.0,12.0,12.0,12.0,42f4aeb81c1ef81f771f3de8abca9dcf66901c575530e7672e4b1146474ae650,12,,
BG_SETUP/RESULTS_MANAGER/RESULT_UI/RESULT_WINDOW_MANAGER/RESULTS/effective1D_XM_/VISIBLE,[1],uint8,1,0.0,0.0,0.0,0.0,6e340b9cffb37a989ca544e6bb780a2c78901d3fb33738768511a30617afa01d,0,,
BG_SETUP/RESULTS_MANAGER/RESULT_UI/RESULT_WINDOW_MANAGER/RESULTS/effective1D_Ym_/DISPLAY_OPTIONS/FONT_COLOR,[1],|S253,1,,,,,54f2fa510d02216c51c0b6026bef4c7bcaaf8ea59480c2a3e7088f10794762b9,"""<?xml version=\""1.0\""?>\r\n<Color xmlns:xsd=\""http://www.w3.org/2001/XMLSchema\"" xmlns:xsi=\""http://www.w3.org/2001/XMLSchema-instance\"">\r\n  <A>255</A>\r\n  <R>0</R>\r\n  <G>0</G>\r\n  <B>0</B>\r\n  <ScA>1</ScA>\r\n  <ScR>0</ScR>\r\n  <ScG>0</ScG>\r\n  <ScB>0</ScB>\r\n</Color>""",,DataBase\bgdata_extract\180.binary\strings\BG_SETUP__RESULTS_MANAGER__RESULT_UI__RESULT_WINDOW_MANAGER__RESULTS__effective1D_Ym___DISPLAY_OPTIONS__FONT_COLOR.txt
BG_SETUP/RESULTS_MANAGER/RESULT_UI/RESULT_WINDOW_MANAGER/RESULTS/effective1D_Ym_/DISPLAY_OPTIONS/FONT_SIZE,[1],int32,1,12.0,12.0,12.0,12.0,42f4aeb81c1ef81f771f3de8abca9dcf66901c575530e7672e4b1146474ae650,12,,
BG_SETUP/RESULTS_MANAGER/RESULT_UI/RESULT_WINDOW_MANAGER/RESULTS/effective1D_Ym_/VISIBLE,[1],uint8,1,0.0,0.0,0.0,0.0,6e340b9cffb37a989ca544e6bb780a2c78901d3fb33738768511a30617afa01d,0,,
BG_SETUP/RESULTS_MANAGER/RESULT_UI/RESULT_WINDOW_MANAGER/RESULTS/efficiency/DISPLAY_OPTIONS/FONT_COLOR,[1],|S253,1,,,,,54f2fa510d02216c51c0b6026bef4c7bcaaf8ea59480c2a3e7088f10794762b9,"""<?xml version=\""1.0\""?>\r\n<Color xmlns:xsd=\""http://www.w3.org/2001/XMLSchema\"" xmlns:xsi=\""http://www.w3.org/2001/XMLSchema-instance\"">\r\n  <A>255</A>\r\n  <R>0</R>\r\n  <G>0</G>\r\n  <B>0</B>\r\n  <ScA>1</ScA>\r\n  <ScR>0</ScR>\r\n  <ScG>0</ScG>\r\n  <ScB>0</ScB>\r\n</Color>""",,DataBase\bgdata_extract\180.binary\strings\BG_SETUP__RESULTS_MANAGER__RESULT_UI__RESULT_WINDOW_MANAGER__RESULTS__efficiency__DISPLAY_OPTIONS__FONT_COLOR.txt
BG_SETUP/RESULTS_MANAGER/RESULT_UI/RESULT_WINDOW_MANAGER/RESULTS/efficiency/DISPLAY_OPTIONS/FONT_SIZE,[1],int32,1,12.0,12.0,12.0,12.0,42f4aeb81c1ef81f771f3de8abca9dcf66901c575530e7672e4b1146474ae650,12,,
BG_SETUP/RESULTS_MANAGER/RESULT_UI/RESULT_WINDOW_MANAGER/RESULTS/efficiency/VISIBLE,[1],uint8,1,0.0,0.0,0.0,0.0,6e340b9cffb37a989ca544e6bb780a2c78901d3fb33738768511a30617afa01d,0,,
BG_SETUP/RESULTS_MANAGER/RESULT_UI/RESULT_WINDOW_MANAGER/RESULTS/ellipticity/DISPLAY_OPTIONS/FONT_COLOR,[1],|S253,1,,,,,54f2fa510d02216c51c0b6026bef4c7bcaaf8ea59480c2a3e7088f10794762b9,"""<?xml version=\""1.0\""?>\r\n<Color xmlns:xsd=\""http://www.w3.org/2001/XMLSchema\"" xmlns:xsi=\""http://www.w3.org/2001/XMLSchema-instance\"">\r\n  <A>255</A>\r\n  <R>0</R>\r\n  <G>0</G>\r\n  <B>0</B>\r\n  <ScA>1</ScA>\r\n  <ScR>0</ScR>\r\n  <ScG>0</ScG>\r\n  <ScB>0</ScB>\r\n</Color>""",,DataBase\bgdata_extract\180.binary\strings\BG_SETUP__RESULTS_MANAGER__RESULT_UI__RESULT_WINDOW_MANAGER__RESULTS__ellipticity__DISPLAY_OPTIONS__FONT_COLOR.txt
BG_SETUP/RESULTS_MANAGER/RESULT_UI/RESULT_WINDOW_MANAGER/RESULTS/ellipticity/DISPLAY_OPTIONS/FONT_SIZE,[1],int32,1,12.0,12.0,12.0,12.0,42f4aeb81c1ef81f771f3de8abca9dcf66901c575530e7672e4b1146474ae650,12,,
BG_SETUP/RESULTS_MANAGER/RESULT_UI/RESULT_WINDOW_MANAGER/RESULTS/ellipticity/VISIBLE,[1],uint8,1,0.0,0.0,0.0,0.0,6e340b9cffb37a989ca544e6bb780a2c78901d3fb33738768511a30617afa01d,0,,
BG_SETUP/RESULTS_MANAGER/RESULT_UI/RESULT_WINDOW_MANAGER/RESULTS/flatness1D_XM_/DISPLAY_OPTIONS/FONT_COLOR,[1],|S253,1,,,,,54f2fa510d02216c51c0b6026bef4c7bcaaf8ea59480c2a3e7088f10794762b9,"""<?xml version=\""1.0\""?>\r\n<Color xmlns:xsd=\""http://www.w3.org/2001/XMLSchema\"" xmlns:xsi=\""http://www.w3.org/2001/XMLSchema-instance\"">\r\n  <A>255</A>\r\n  <R>0</R>\r\n  <G>0</G>\r\n  <B>0</B>\r\n  <ScA>1</ScA>\r\n  <ScR>0</ScR>\r\n  <ScG>0</ScG>\r\n  <ScB>0</ScB>\r\n</Color>""",,DataBase\bgdata_extract\180.binary\strings\BG_SETUP__RESULTS_MANAGER__RESULT_UI__RESULT_WINDOW_MANAGER__RESULTS__flatness1D_XM___DISPLAY_OPTIONS__FONT_COLOR.txt
BG_SETUP/RESULTS_MANAGER/RESULT_UI/RESULT_WINDOW_MANAGER/RESULTS/flatness1D_XM_/DISPLAY_OPTIONS/FONT_SIZE,[1],int32,1,12.0,12.0,12.0,12.0,42f4aeb81c1ef81f771f3de8abca9dcf66901c575530e7672e4b1146474ae650,12,,
BG_SETUP/RESULTS_MANAGER/RESULT_UI/RESULT_WINDOW_MANAGER/RESULTS/flatness1D_XM_/VISIBLE,[1],uint8,1,0.0,0.0,0.0,0.0,6e340b9cffb37a989ca544e6bb780a2c78901d3fb33738768511a30617afa01d,0,,
BG_SETUP/RESULTS_MANAGER/RESULT_UI/RESULT_WINDOW_MANAGER/RESULTS/flatness1D_Ym_/DISPLAY_OPTIONS/FONT_COLOR,[1],|S253,1,,,,,54f2fa510d02216c51c0b6026bef4c7bcaaf8ea59480c2a3e7088f10794762b9,"""<?xml version=\""1.0\""?>\r\n<Color xmlns:xsd=\""http://www.w3.org/2001/XMLSchema\"" xmlns:xsi=\""http://www.w3.org/2001/XMLSchema-instance\"">\r\n  <A>255</A>\r\n  <R>0</R>\r\n  <G>0</G>\r\n  <B>0</B>\r\n  <ScA>1</ScA>\r\n  <ScR>0</ScR>\r\n  <ScG>0</ScG>\r\n  <ScB>0</ScB>\r\n</Color>""",,DataBase\bgdata_extract\180.binary\strings\BG_SETUP__RESULTS_MANAGER__RESULT_UI__RESULT_WINDOW_MANAGER__RESULTS__flatness1D_Ym___DISPLAY_OPTIONS__FONT_COLOR.txt
BG_SETUP/RESULTS_MANAGER/RESULT_UI/RESULT_WINDOW_MANAGER/RESULTS/flatness1D_Ym_/DISPLAY_OPTIONS/FONT_SIZE,[1],int32,1,12.0,12.0,12.0,12.0,42f4aeb81c1ef81f771f3de8abca9dcf66901c575530e7672e4b1146474ae650,12,,
BG_SETUP/RESULTS_MANAGER/RESULT_UI/RESULT_WINDOW_MANAGER/RESULTS/flatness1D_Ym_/VISIBLE,[1],uint8,1,0.0,0.0,0.0,0.0,6e340b9cffb37a989ca544e6bb780a2c78901d3fb33738768511a30617afa01d,0,,
BG_SETUP/RESULTS_MANAGER/RESULT_UI/RESULT_WINDOW_MANAGER/RESULTS/fractional1D_XM_/DISPLAY_OPTIONS/FONT_COLOR,[1],|S253,1,,,,,54f2fa510d02216c51c0b6026bef4c7bcaaf8ea59480c2a3e7088f10794762b9,"""<?xml version=\""1.0\""?>\r\n<Color xmlns:xsd=\""http://www.w3.org/2001/XMLSchema\"" xmlns:xsi=\""http://www.w3.org/2001/XMLSchema-instance\"">\r\n  <A>255</A>\r\n  <R>0</R>\r\n  <G>0</G>\r\n  <B>0</B>\r\n  <ScA>1</ScA>\r\n  <ScR>0</ScR>\r\n  <ScG>0</ScG>\r\n  <ScB>0</ScB>\r\n</Color>""",,DataBase\bgdata_extract\180.binary\strings\BG_SETUP__RESULTS_MANAGER__RESULT_UI__RESULT_WINDOW_MANAGER__RESULTS__fractional1D_XM___DISPLAY_OPTIONS__FONT_COLOR.txt
BG_SETUP/RESULTS_MANAGER/RESULT_UI/RESULT_WINDOW_MANAGER/RESULTS/fractional1D_XM_/DISPLAY_OPTIONS/FONT_SIZE,[1],int32,1,12.0,12.0,12.0,12.0,42f4aeb81c1ef81f771f3de8abca9dcf66901c575530e7672e4b1146474ae650,12,,
BG_SETUP/RESULTS_MANAGER/RESULT_UI/RESULT_WINDOW_MANAGER/RESULTS/fractional1D_XM_/VISIBLE,[1],uint8,1,0.0,0.0,0.0,0.0,6e340b9cffb37a989ca544e6bb780a2c78901d3fb33738768511a30617afa01d,0,,
BG_SETUP/RESULTS_MANAGER/RESULT_UI/RESULT_WINDOW_MANAGER/RESULTS/fractional1D_Ym_/DISPLAY_OPTIONS/FONT_COLOR,[1],|S253,1,,,,,54f2fa510d02216c51c0b6026bef4c7bcaaf8ea59480c2a3e7088f10794762b9,"""<?xml version=\""1.0\""?>\r\n<Color xmlns:xsd=\""http://www.w3.org/2001/XMLSchema\"" xmlns:xsi=\""http://www.w3.org/2001/XMLSchema-instance\"">\r\n  <A>255</A>\r\n  <R>0</R>\r\n  <G>0</G>\r\n  <B>0</B>\r\n  <ScA>1</ScA>\r\n  <ScR>0</ScR>\r\n  <ScG>0</ScG>\r\n  <ScB>0</ScB>\r\n</Color>""",,DataBase\bgdata_extract\180.binary\strings\BG_SETUP__RESULTS_MANAGER__RESULT_UI__RESULT_WINDOW_MANAGER__RESULTS__fractional1D_Ym___DISPLAY_OPTIONS__FONT_COLOR.txt
BG_SETUP/RESULTS_MANAGER/RESULT_UI/RESULT_WINDOW_MANAGER/RESULTS/fractional1D_Ym_/DISPLAY_OPTIONS/FONT_SIZE,[1],int32,1,12.0,12.0,12.0,12.0,42f4aeb81c1ef81f771f3de8abca9dcf66901c575530e7672e4b1146474ae650,12,,
BG_SETUP/RESULTS_MANAGER/RESULT_UI/RESULT_WINDOW_MANAGER/RESULTS/fractional1D_Ym_/VISIBLE,[1],uint8,1,0.0,0.0,0.0,0.0,6e340b9cffb37a989ca544e6bb780a2c78901d3fb33738768511a30617afa01d,0,,
BG_SETUP/RESULTS_MANAGER/RESULT_UI/RESULT_WINDOW_MANAGER/RESULTS/frameInfoBinning/DISPLAY_OPTIONS/FONT_COLOR,[1],|S253,1,,,,,54f2fa510d02216c51c0b6026bef4c7bcaaf8ea59480c2a3e7088f10794762b9,"""<?xml version=\""1.0\""?>\r\n<Color xmlns:xsd=\""http://www.w3.org/2001/XMLSchema\"" xmlns:xsi=\""http://www.w3.org/2001/XMLSchema-instance\"">\r\n  <A>255</A>\r\n  <R>0</R>\r\n  <G>0</G>\r\n  <B>0</B>\r\n  <ScA>1</ScA>\r\n  <ScR>0</ScR>\r\n  <ScG>0</ScG>\r\n  <ScB>0</ScB>\r\n</Color>""",,DataBase\bgdata_extract\180.binary\strings\BG_SETUP__RESULTS_MANAGER__RESULT_UI__RESULT_WINDOW_MANAGER__RESULTS__frameInfoBinning__DISPLAY_OPTIONS__FONT_COLOR.txt
BG_SETUP/RESULTS_MANAGER/RESULT_UI/RESULT_WINDOW_MANAGER/RESULTS/frameInfoBinning/DISPLAY_OPTIONS/FONT_SIZE,[1],int32,1,12.0,12.0,12.0,12.0,42f4aeb81c1ef81f771f3de8abca9dcf66901c575530e7672e4b1146474ae650,12,,
BG_SETUP/RESULTS_MANAGER/RESULT_UI/RESULT_WINDOW_MANAGER/RESULTS/frameInfoBinning/VISIBLE,[1],uint8,1,0.0,0.0,0.0,0.0,6e340b9cffb37a989ca544e6bb780a2c78901d3fb33738768511a30617afa01d,0,,
BG_SETUP/RESULTS_MANAGER/RESULT_UI/RESULT_WINDOW_MANAGER/RESULTS/frameInfoBitsPerPixel/DISPLAY_OPTIONS/FONT_COLOR,[1],|S253,1,,,,,54f2fa510d02216c51c0b6026bef4c7bcaaf8ea59480c2a3e7088f10794762b9,"""<?xml version=\""1.0\""?>\r\n<Color xmlns:xsd=\""http://www.w3.org/2001/XMLSchema\"" xmlns:xsi=\""http://www.w3.org/2001/XMLSchema-instance\"">\r\n  <A>255</A>\r\n  <R>0</R>\r\n  <G>0</G>\r\n  <B>0</B>\r\n  <ScA>1</ScA>\r\n  <ScR>0</ScR>\r\n  <ScG>0</ScG>\r\n  <ScB>0</ScB>\r\n</Color>""",,DataBase\bgdata_extract\180.binary\strings\BG_SETUP__RESULTS_MANAGER__RESULT_UI__RESULT_WINDOW_MANAGER__RESULTS__frameInfoBitsPerPixel__DISPLAY_OPTIONS__FONT_COLOR.txt
BG_SETUP/RESULTS_MANAGER/RESULT_UI/RESULT_WINDOW_MANAGER/RESULTS/frameInfoBitsPerPixel/DISPLAY_OPTIONS/FONT_SIZE,[1],int32,1,12.0,12.0,12.0,12.0,42f4aeb81c1ef81f771f3de8abca9dcf66901c575530e7672e4b1146474ae650,12,,
BG_SETUP/RESULTS_MANAGER/RESULT_UI/RESULT_WINDOW_MANAGER/RESULTS/frameInfoBitsPerPixel/VISIBLE,[1],uint8,1,0.0,0.0,0.0,0.0,6e340b9cffb37a989ca544e6bb780a2c78901d3fb33738768511a30617afa01d,0,,
BG_SETUP/RESULTS_MANAGER/RESULT_UI/RESULT_WINDOW_MANAGER/RESULTS/frameInfoBlackLevel/DISPLAY_OPTIONS/FONT_COLOR,[1],|S253,1,,,,,54f2fa510d02216c51c0b6026bef4c7bcaaf8ea59480c2a3e7088f10794762b9,"""<?xml version=\""1.0\""?>\r\n<Color xmlns:xsd=\""http://www.w3.org/2001/XMLSchema\"" xmlns:xsi=\""http://www.w3.org/2001/XMLSchema-instance\"">\r\n  <A>255</A>\r\n  <R>0</R>\r\n  <G>0</G>\r\n  <B>0</B>\r\n  <ScA>1</ScA>\r\n  <ScR>0</ScR>\r\n  <ScG>0</ScG>\r\n  <ScB>0</ScB>\r\n</Color>""",,DataBase\bgdata_extract\180.binary\strings\BG_SETUP__RESULTS_MANAGER__RESULT_UI__RESULT_WINDOW_MANAGER__RESULTS__frameInfoBlackLevel__DISPLAY_OPTIONS__FONT_COLOR.txt
BG_SETUP/RESULTS_MANAGER/RESULT_UI/RESULT_WINDOW_MANAGER/RESULTS/frameInfoBlackLevel/DISPLAY_OPTIONS/FONT_SIZE,[1],int32,1,12.0,12.0,12.0,12.0,42f4aeb81c1ef81f771f3de8abca9dcf66901c575530e7672e4b1146474ae650,12,,
BG_SETUP/RESULTS_MANAGER/RESULT_UI/RESULT_WINDOW_MANAGER/RESULTS/frameInfoBlackLevel/VISIBLE,[1],uint8,1,0.0,0.0,0.0,0.0,6e340b9cffb37a989ca544e6bb780a2c78901d3fb33738768511a30617afa01d,0,,
BG_SETUP/RESULTS_MANAGER/RESULT_UI/RESULT_WINDOW_MANAGER/RESULTS/frameInfoCameraTemperature/DISPLAY_OPTIONS/FONT_COLOR,[1],|S253,1,,,,,54f2fa510d02216c51c0b6026bef4c7bcaaf8ea59480c2a3e7088f10794762b9,"""<?xml version=\""1.0\""?>\r\n<Color xmlns:xsd=\""http://www.w3.org/2001/XMLSchema\"" xmlns:xsi=\""http://www.w3.org/2001/XMLSchema-instance\"">\r\n  <A>255</A>\r\n  <R>0</R>\r\n  <G>0</G>\r\n  <B>0</B>\r\n  <ScA>1</ScA>\r\n  <ScR>0</ScR>\r\n  <ScG>0</ScG>\r\n  <ScB>0</ScB>\r\n</Color>""",,DataBase\bgdata_extract\180.binary\strings\BG_SETUP__RESULTS_MANAGER__RESULT_UI__RESULT_WINDOW_MANAGER__RESULTS__frameInfoCameraTemperature__DISPLAY_OPTIONS__FONT_COLOR.txt
BG_SETUP/RESULTS_MANAGER/RESULT_UI/RESULT_WINDOW_MANAGER/RESULTS/frameInfoCameraTemperature/DISPLAY_OPTIONS/FONT_SIZE,[1],int32,1,12.0,12.0,12.0,12.0,42f4aeb81c1ef81f771f3de8abca9dcf66901c575530e7672e4b1146474ae650,12,,
BG_SETUP/RESULTS_MANAGER/RESULT_UI/RESULT_WINDOW_MANAGER/RESULTS/frameInfoCameraTemperature/VISIBLE,[1],uint8,1,0.0,0.0,0.0,0.0,6e340b9cffb37a989ca544e6bb780a2c78901d3fb33738768511a30617afa01d,0,,
BG_SETUP/RESULTS_MANAGER/RESULT_UI/RESULT_WINDOW_MANAGER/RESULTS/frameInfoComment/DISPLAY_OPTIONS/FONT_COLOR,[1],|S253,1,,,,,54f2fa510d02216c51c0b6026bef4c7bcaaf8ea59480c2a3e7088f10794762b9,"""<?xml version=\""1.0\""?>\r\n<Color xmlns:xsd=\""http://www.w3.org/2001/XMLSchema\"" xmlns:xsi=\""http://www.w3.org/2001/XMLSchema-instance\"">\r\n  <A>255</A>\r\n  <R>0</R>\r\n  <G>0</G>\r\n  <B>0</B>\r\n  <ScA>1</ScA>\r\n  <ScR>0</ScR>\r\n  <ScG>0</ScG>\r\n  <ScB>0</ScB>\r\n</Color>""",,DataBase\bgdata_extract\180.binary\strings\BG_SETUP__RESULTS_MANAGER__RESULT_UI__RESULT_WINDOW_MANAGER__RESULTS__frameInfoComment__DISPLAY_OPTIONS__FONT_COLOR.txt
BG_SETUP/RESULTS_MANAGER/RESULT_UI/RESULT_WINDOW_MANAGER/RESULTS/frameInfoComment/DISPLAY_OPTIONS/FONT_SIZE,[1],int32,1,12.0,12.0,12.0,12.0,42f4aeb81c1ef81f771f3de8abca9dcf66901c575530e7672e4b1146474ae650,12,,
BG_SETUP/RESULTS_MANAGER/RESULT_UI/RESULT_WINDOW_MANAGER/RESULTS/frameInfoComment/VISIBLE,[1],uint8,1,0.0,0.0,0.0,0.0,6e340b9cffb37a989ca544e6bb780a2c78901d3fb33738768511a30617afa01d,0,,
BG_SETUP/RESULTS_MANAGER/RESULT_UI/RESULT_WINDOW_MANAGER/RESULTS/frameInfoExposure/DISPLAY_OPTIONS/FONT_COLOR,[1],|S253,1,,,,,54f2fa510d02216c51c0b6026bef4c7bcaaf8ea59480c2a3e7088f10794762b9,"""<?xml version=\""1.0\""?>\r\n<Color xmlns:xsd=\""http://www.w3.org/2001/XMLSchema\"" xmlns:xsi=\""http://www.w3.org/2001/XMLSchema-instance\"">\r\n  <A>255</A>\r\n  <R>0</R>\r\n  <G>0</G>\r\n  <B>0</B>\r\n  <ScA>1</ScA>\r\n  <ScR>0</ScR>\r\n  <ScG>0</ScG>\r\n  <ScB>0</ScB>\r\n</Color>""",,DataBase\bgdata_extract\180.binary\strings\BG_SETUP__RESULTS_MANAGER__RESULT_UI__RESULT_WINDOW_MANAGER__RESULTS__frameInfoExposure__DISPLAY_OPTIONS__FONT_COLOR.txt
BG_SETUP/RESULTS_MANAGER/RESULT_UI/RESULT_WINDOW_MANAGER/RESULTS/frameInfoExposure/DISPLAY_OPTIONS/FONT_SIZE,[1],int32,1,12.0,12.0,12.0,12.0,42f4aeb81c1ef81f771f3de8abca9dcf66901c575530e7672e4b1146474ae650,12,,
BG_SETUP/RESULTS_MANAGER/RESULT_UI/RESULT_WINDOW_MANAGER/RESULTS/frameInfoExposure/VISIBLE,[1],uint8,1,0.0,0.0,0.0,0.0,6e340b9cffb37a989ca544e6bb780a2c78901d3fb33738768511a30617afa01d,0,,
BG_SETUP/RESULTS_MANAGER/RESULT_UI/RESULT_WINDOW_MANAGER/RESULTS/frameInfoGain/DISPLAY_OPTIONS/FONT_COLOR,[1],|S253,1,,,,,54f2fa510d02216c51c0b6026bef4c7bcaaf8ea59480c2a3e7088f10794762b9,"""<?xml version=\""1.0\""?>\r\n<Color xmlns:xsd=\""http://www.w3.org/2001/XMLSchema\"" xmlns:xsi=\""http://www.w3.org/2001/XMLSchema-instance\"">\r\n  <A>255</A>\r\n  <R>0</R>\r\n  <G>0</G>\r\n  <B>0</B>\r\n  <ScA>1</ScA>\r\n  <ScR>0</ScR>\r\n  <ScG>0</ScG>\r\n  <ScB>0</ScB>\r\n</Color>""",,DataBase\bgdata_extract\180.binary\strings\BG_SETUP__RESULTS_MANAGER__RESULT_UI__RESULT_WINDOW_MANAGER__RESULTS__frameInfoGain__DISPLAY_OPTIONS__FONT_COLOR.txt
BG_SETUP/RESULTS_MANAGER/RESULT_UI/RESULT_WINDOW_MANAGER/RESULTS/frameInfoGain/DISPLAY_OPTIONS/FONT_SIZE,[1],int32,1,12.0,12.0,12.0,12.0,42f4aeb81c1ef81f771f3de8abca9dcf66901c575530e7672e4b1146474ae650,12,,
BG_SETUP/RESULTS_MANAGER/RESULT_UI/RESULT_WINDOW_MANAGER/RESULTS/frameInfoGain/VISIBLE,[1],uint8,1,0.0,0.0,0.0,0.0,6e340b9cffb37a989ca544e6bb780a2c78901d3fb33738768511a30617afa01d,0,,
BG_SETUP/RESULTS_MANAGER/RESULT_UI/RESULT_WINDOW_MANAGER/RESULTS/frameInfoGamma/DISPLAY_OPTIONS/FONT_COLOR,[1],|S253,1,,,,,54f2fa510d02216c51c0b6026bef4c7bcaaf8ea59480c2a3e7088f10794762b9,"""<?xml version=\""1.0\""?>\r\n<Color xmlns:xsd=\""http://www.w3.org/2001/XMLSchema\"" xmlns:xsi=\""http://www.w3.org/2001/XMLSchema-instance\"">\r\n  <A>255</A>\r\n  <R>0</R>\r\n  <G>0</G>\r\n  <B>0</B>\r\n  <ScA>1</ScA>\r\n  <ScR>0</ScR>\r\n  <ScG>0</ScG>\r\n  <ScB>0</ScB>\r\n</Color>""",,DataBase\bgdata_extract\180.binary\strings\BG_SETUP__RESULTS_MANAGER__RESULT_UI__RESULT_WINDOW_MANAGER__RESULTS__frameInfoGamma__DISPLAY_OPTIONS__FONT_COLOR.txt
BG_SETUP/RESULTS_MANAGER/RESULT_UI/RESULT_WINDOW_MANAGER/RESULTS/frameInfoGamma/DISPLAY_OPTIONS/FONT_SIZE,[1],int32,1,12.0,12.0,12.0,12.0,42f4aeb81c1ef81f771f3de8abca9dcf66901c575530e7672e4b1146474ae650,12,,
BG_SETUP/RESULTS_MANAGER/RESULT_UI/RESULT_WINDOW_MANAGER/RESULTS/frameInfoGamma/VISIBLE,[1],uint8,1,0.0,0.0,0.0,0.0,6e340b9cffb37a989ca544e6bb780a2c78901d3fb33738768511a30617afa01d,0,,
BG_SETUP/RESULTS_MANAGER/RESULT_UI/RESULT_WINDOW_MANAGER/RESULTS/frameInfoHeight/DISPLAY_OPTIONS/FONT_COLOR,[1],|S253,1,,,,,54f2fa510d02216c51c0b6026bef4c7bcaaf8ea59480c2a3e7088f10794762b9,"""<?xml version=\""1.0\""?>\r\n<Color xmlns:xsd=\""http://www.w3.org/2001/XMLSchema\"" xmlns:xsi=\""http://www.w3.org/2001/XMLSchema-instance\"">\r\n  <A>255</A>\r\n  <R>0</R>\r\n  <G>0</G>\r\n  <B>0</B>\r\n  <ScA>1</ScA>\r\n  <ScR>0</ScR>\r\n  <ScG>0</ScG>\r\n  <ScB>0</ScB>\r\n</Color>""",,DataBase\bgdata_extract\180.binary\strings\BG_SETUP__RESULTS_MANAGER__RESULT_UI__RESULT_WINDOW_MANAGER__RESULTS__frameInfoHeight__DISPLAY_OPTIONS__FONT_COLOR.txt
BG_SETUP/RESULTS_MANAGER/RESULT_UI/RESULT_WINDOW_MANAGER/RESULTS/frameInfoHeight/DISPLAY_OPTIONS/FONT_SIZE,[1],int32,1,12.0,12.0,12.0,12.0,42f4aeb81c1ef81f771f3de8abca9dcf66901c575530e7672e4b1146474ae650,12,,
BG_SETUP/RESULTS_MANAGER/RESULT_UI/RESULT_WINDOW_MANAGER/RESULTS/frameInfoHeight/VISIBLE,[1],uint8,1,0.0,0.0,0.0,0.0,6e340b9cffb37a989ca544e6bb780a2c78901d3fb33738768511a30617afa01d,0,,
BG_SETUP/RESULTS_MANAGER/RESULT_UI/RESULT_WINDOW_MANAGER/RESULTS/frameInfoId/DISPLAY_OPTIONS/FONT_COLOR,[1],|S253,1,,,,,54f2fa510d02216c51c0b6026bef4c7bcaaf8ea59480c2a3e7088f10794762b9,"""<?xml version=\""1.0\""?>\r\n<Color xmlns:xsd=\""http://www.w3.org/2001/XMLSchema\"" xmlns:xsi=\""http://www.w3.org/2001/XMLSchema-instance\"">\r\n  <A>255</A>\r\n  <R>0</R>\r\n  <G>0</G>\r\n  <B>0</B>\r\n  <ScA>1</ScA>\r\n  <ScR>0</ScR>\r\n  <ScG>0</ScG>\r\n  <ScB>0</ScB>\r\n</Color>""",,DataBase\bgdata_extract\180.binary\strings\BG_SETUP__RESULTS_MANAGER__RESULT_UI__RESULT_WINDOW_MANAGER__RESULTS__frameInfoId__DISPLAY_OPTIONS__FONT_COLOR.txt
BG_SETUP/RESULTS_MANAGER/RESULT_UI/RESULT_WINDOW_MANAGER/RESULTS/frameInfoId/DISPLAY_OPTIONS/FONT_SIZE,[1],int32,1,12.0,12.0,12.0,12.0,42f4aeb81c1ef81f771f3de8abca9dcf66901c575530e7672e4b1146474ae650,12,,
BG_SETUP/RESULTS_MANAGER/RESULT_UI/RESULT_WINDOW_MANAGER/RESULTS/frameInfoId/VISIBLE,[1],uint8,1,0.0,0.0,0.0,0.0,6e340b9cffb37a989ca544e6bb780a2c78901d3fb33738768511a30617afa01d,0,,
BG_SETUP/RESULTS_MANAGER/RESULT_UI/RESULT_WINDOW_MANAGER/RESULTS/frameInfoMultitap/DISPLAY_OPTIONS/FONT_COLOR,[1],|S253,1,,,,,54f2fa510d02216c51c0b6026bef4c7bcaaf8ea59480c2a3e7088f10794762b9,"""<?xml version=\""1.0\""?>\r\n<Color xmlns:xsd=\""http://www.w3.org/2001/XMLSchema\"" xmlns:xsi=\""http://www.w3.org/2001/XMLSchema-instance\"">\r\n  <A>255</A>\r\n  <R>0</R>\r\n  <G>0</G>\r\n  <B>0</B>\r\n  <ScA>1</ScA>\r\n  <ScR>0</ScR>\r\n  <ScG>0</ScG>\r\n  <ScB>0</ScB>\r\n</Color>""",,DataBase\bgdata_extract\180.binary\strings\BG_SETUP__RESULTS_MANAGER__RESULT_UI__RESULT_WINDOW_MANAGER__RESULTS__frameInfoMultitap__DISPLAY_OPTIONS__FONT_COLOR.txt
BG_SETUP/RESULTS_MANAGER/RESULT_UI/RESULT_WINDOW_MANAGER/RESULTS/frameInfoMultitap/DISPLAY_OPTIONS/FONT_SIZE,[1],int32,1,12.0,12.0,12.0,12.0,42f4aeb81c1ef81f771f3de8abca9dcf66901c575530e7672e4b1146474ae650,12,,
BG_SETUP/RESULTS_MANAGER/RESULT_UI/RESULT_WINDOW_MANAGER/RESULTS/frameInfoMultitap/VISIBLE,[1],uint8,1,0.0,0.0,0.0,0.0,6e340b9cffb37a989ca544e6bb780a2c78901d3fb33738768511a30617afa01d,0,,
BG_SETUP/RESULTS_MANAGER/RESULT_UI/RESULT_WINDOW_MANAGER/RESULTS/frameInfoOffsetX/DISPLAY_OPTIONS/FONT_COLOR,[1],|S253,1,,,,,54f2fa510d02216c51c0b6026bef4c7bcaaf8ea59480c2a3e7088f10794762b9,"""<?xml version=\""1.0\""?>\r\n<Color xmlns:xsd=\""http://www.w3.org/2001/XMLSchema\"" xmlns:xsi=\""http://www.w3.org/2001/XMLSchema-instance\"">\r\n  <A>255</A>\r\n  <R>0</R>\r\n  <G>0</G>\r\n  <B>0</B>\r\n  <ScA>1</ScA>\r\n  <ScR>0</ScR>\r\n  <ScG>0</ScG>\r\n  <ScB>0</ScB>\r\n</Color>""",,DataBase\bgdata_extract\180.binary\strings\BG_SETUP__RESULTS_MANAGER__RESULT_UI__RESULT_WINDOW_MANAGER__RESULTS__frameInfoOffsetX__DISPLAY_OPTIONS__FONT_COLOR.txt
BG_SETUP/RESULTS_MANAGER/RESULT_UI/RESULT_WINDOW_MANAGER/RESULTS/frameInfoOffsetX/DISPLAY_OPTIONS/FONT_SIZE,[1],int32,1,12.0,12.0,12.0,12.0,42f4aeb81c1ef81f771f3de8abca9dcf66901c575530e7672e4b1146474ae650,12,,
BG_SETUP/RESULTS_MANAGER/RESULT_UI/RESULT_WINDOW_MANAGER/RESULTS/frameInfoOffsetX/VISIBLE,[1],uint8,1,0.0,0.0,0.0,0.0,6e340b9cffb37a989ca544e6bb780a2c78901d3fb33738768511a30617afa01d,0,,
BG_SETUP/RESULTS_MANAGER/RESULT_UI/RESULT_WINDOW_MANAGER/RESULTS/frameInfoOffsetY/DISPLAY_OPTIONS/FONT_COLOR,[1],|S253,1,,,,,54f2fa510d02216c51c0b6026bef4c7bcaaf8ea59480c2a3e7088f10794762b9,"""<?xml version=\""1.0\""?>\r\n<Color xmlns:xsd=\""http://www.w3.org/2001/XMLSchema\"" xmlns:xsi=\""http://www.w3.org/2001/XMLSchema-instance\"">\r\n  <A>255</A>\r\n  <R>0</R>\r\n  <G>0</G>\r\n  <B>0</B>\r\n  <ScA>1</ScA>\r\n  <ScR>0</ScR>\r\n  <ScG>0</ScG>\r\n  <ScB>0</ScB>\r\n</Color>""",,DataBase\bgdata_extract\180.binary\strings\BG_SETUP__RESULTS_MANAGER__RESULT_UI__RESULT_WINDOW_MANAGER__RESULTS__frameInfoOffsetY__DISPLAY_OPTIONS__FONT_COLOR.txt
BG_SETUP/RESULTS_MANAGER/RESULT_UI/RESULT_WINDOW_MANAGER/RESULTS/frameInfoOffsetY/DISPLAY_OPTIONS/FONT_SIZE,[1],int32,1,12.0,12.0,12.0,12.0,42f4aeb81c1ef81f771f3de8abca9dcf66901c575530e7672e4b1146474ae650,12,,
BG_SETUP/RESULTS_MANAGER/RESULT_UI/RESULT_WINDOW_MANAGER/RESULTS/frameInfoOffsetY/VISIBLE,[1],uint8,1,0.0,0.0,0.0,0.0,6e340b9cffb37a989ca544e6bb780a2c78901d3fb33738768511a30617afa01d,0,,
BG_SETUP/RESULTS_MANAGER/RESULT_UI/RESULT_WINDOW_MANAGER/RESULTS/frameInfoPixelScale/DISPLAY_OPTIONS/FONT_COLOR,[1],|S253,1,,,,,54f2fa510d02216c51c0b6026bef4c7bcaaf8ea59480c2a3e7088f10794762b9,"""<?xml version=\""1.0\""?>\r\n<Color xmlns:xsd=\""http://www.w3.org/2001/XMLSchema\"" xmlns:xsi=\""http://www.w3.org/2001/XMLSchema-instance\"">\r\n  <A>255</A>\r\n  <R>0</R>\r\n  <G>0</G>\r\n  <B>0</B>\r\n  <ScA>1</ScA>\r\n  <ScR>0</ScR>\r\n  <ScG>0</ScG>\r\n  <ScB>0</ScB>\r\n</Color>""",,DataBase\bgdata_extract\180.binary\strings\BG_SETUP__RESULTS_MANAGER__RESULT_UI__RESULT_WINDOW_MANAGER__RESULTS__frameInfoPixelScale__DISPLAY_OPTIONS__FONT_COLOR.txt
BG_SETUP/RESULTS_MANAGER/RESULT_UI/RESULT_WINDOW_MANAGER/RESULTS/frameInfoPixelScale/DISPLAY_OPTIONS/FONT_SIZE,[1],int32,1,12.0,12.0,12.0,12.0,42f4aeb81c1ef81f771f3de8abca9dcf66901c575530e7672e4b1146474ae650,12,,
BG_SETUP/RESULTS_MANAGER/RESULT_UI/RESULT_WINDOW_MANAGER/RESULTS/frameInfoPixelScale/VISIBLE,[1],uint8,1,0.0,0.0,0.0,0.0,6e340b9cffb37a989ca544e6bb780a2c78901d3fb33738768511a30617afa01d,0,,
BG_SETUP/RESULTS_MANAGER/RESULT_UI/RESULT_WINDOW_MANAGER/RESULTS/frameInfoTimestamp/DISPLAY_OPTIONS/FONT_COLOR,[1],|S253,1,,,,,54f2fa510d02216c51c0b6026bef4c7bcaaf8ea59480c2a3e7088f10794762b9,"""<?xml version=\""1.0\""?>\r\n<Color xmlns:xsd=\""http://www.w3.org/2001/XMLSchema\"" xmlns:xsi=\""http://www.w3.org/2001/XMLSchema-instance\"">\r\n  <A>255</A>\r\n  <R>0</R>\r\n  <G>0</G>\r\n  <B>0</B>\r\n  <ScA>1</ScA>\r\n  <ScR>0</ScR>\r\n  <ScG>0</ScG>\r\n  <ScB>0</ScB>\r\n</Color>""",,DataBase\bgdata_extract\180.binary\strings\BG_SETUP__RESULTS_MANAGER__RESULT_UI__RESULT_WINDOW_MANAGER__RESULTS__frameInfoTimestamp__DISPLAY_OPTIONS__FONT_COLOR.txt
BG_SETUP/RESULTS_MANAGER/RESULT_UI/RESULT_WINDOW_MANAGER/RESULTS/frameInfoTimestamp/DISPLAY_OPTIONS/FONT_SIZE,[1],int32,1,12.0,12.0,12.0,12.0,42f4aeb81c1ef81f771f3de8abca9dcf66901c575530e7672e4b1146474ae650,12,,
BG_SETUP/RESULTS_MANAGER/RESULT_UI/RESULT_WINDOW_MANAGER/RESULTS/frameInfoTimestamp/VISIBLE,[1],uint8,1,0.0,0.0,0.0,0.0,6e340b9cffb37a989ca544e6bb780a2c78901d3fb33738768511a30617afa01d,0,,
BG_SETUP/RESULTS_MANAGER/RESULT_UI/RESULT_WINDOW_MANAGER/RESULTS/frameInfoWidth/DISPLAY_OPTIONS/FONT_COLOR,[1],|S253,1,,,,,54f2fa510d02216c51c0b6026bef4c7bcaaf8ea59480c2a3e7088f10794762b9,"""<?xml version=\""1.0\""?>\r\n<Color xmlns:xsd=\""http://www.w3.org/2001/XMLSchema\"" xmlns:xsi=\""http://www.w3.org/2001/XMLSchema-instance\"">\r\n  <A>255</A>\r\n  <R>0</R>\r\n  <G>0</G>\r\n  <B>0</B>\r\n  <ScA>1</ScA>\r\n  <ScR>0</ScR>\r\n  <ScG>0</ScG>\r\n  <ScB>0</ScB>\r\n</Color>""",,DataBase\bgdata_extract\180.binary\strings\BG_SETUP__RESULTS_MANAGER__RESULT_UI__RESULT_WINDOW_MANAGER__RESULTS__frameInfoWidth__DISPLAY_OPTIONS__FONT_COLOR.txt
BG_SETUP/RESULTS_MANAGER/RESULT_UI/RESULT_WINDOW_MANAGER/RESULTS/frameInfoWidth/DISPLAY_OPTIONS/FONT_SIZE,[1],int32,1,12.0,12.0,12.0,12.0,42f4aeb81c1ef81f771f3de8abca9dcf66901c575530e7672e4b1146474ae650,12,,
BG_SETUP/RESULTS_MANAGER/RESULT_UI/RESULT_WINDOW_MANAGER/RESULTS/frameInfoWidth/VISIBLE,[1],uint8,1,0.0,0.0,0.0,0.0,6e340b9cffb37a989ca544e6bb780a2c78901d3fb33738768511a30617afa01d,0,,
BG_SETUP/RESULTS_MANAGER/RESULT_UI/RESULT_WINDOW_MANAGER/RESULTS/gaussCentroid1D_XM_/DISPLAY_OPTIONS/FONT_COLOR,[1],|S253,1,,,,,54f2fa510d02216c51c0b6026bef4c7bcaaf8ea59480c2a3e7088f10794762b9,"""<?xml version=\""1.0\""?>\r\n<Color xmlns:xsd=\""http://www.w3.org/2001/XMLSchema\"" xmlns:xsi=\""http://www.w3.org/2001/XMLSchema-instance\"">\r\n  <A>255</A>\r\n  <R>0</R>\r\n  <G>0</G>\r\n  <B>0</B>\r\n  <ScA>1</ScA>\r\n  <ScR>0</ScR>\r\n  <ScG>0</ScG>\r\n  <ScB>0</ScB>\r\n</Color>""",,DataBase\bgdata_extract\180.binary\strings\BG_SETUP__RESULTS_MANAGER__RESULT_UI__RESULT_WINDOW_MANAGER__RESULTS__gaussCentroid1D_XM___DISPLAY_OPTIONS__FONT_COLOR.txt
BG_SETUP/RESULTS_MANAGER/RESULT_UI/RESULT_WINDOW_MANAGER/RESULTS/gaussCentroid1D_XM_/DISPLAY_OPTIONS/FONT_SIZE,[1],int32,1,12.0,12.0,12.0,12.0,42f4aeb81c1ef81f771f3de8abca9dcf66901c575530e7672e4b1146474ae650,12,,
BG_SETUP/RESULTS_MANAGER/RESULT_UI/RESULT_WINDOW_MANAGER/RESULTS/gaussCentroid1D_XM_/VISIBLE,[1],uint8,1,0.0,0.0,0.0,0.0,6e340b9cffb37a989ca544e6bb780a2c78901d3fb33738768511a30617afa01d,0,,
BG_SETUP/RESULTS_MANAGER/RESULT_UI/RESULT_WINDOW_MANAGER/RESULTS/gaussCentroid1D_Ym_/DISPLAY_OPTIONS/FONT_COLOR,[1],|S253,1,,,,,54f2fa510d02216c51c0b6026bef4c7bcaaf8ea59480c2a3e7088f10794762b9,"""<?xml version=\""1.0\""?>\r\n<Color xmlns:xsd=\""http://www.w3.org/2001/XMLSchema\"" xmlns:xsi=\""http://www.w3.org/2001/XMLSchema-instance\"">\r\n  <A>255</A>\r\n  <R>0</R>\r\n  <G>0</G>\r\n  <B>0</B>\r\n  <ScA>1</ScA>\r\n  <ScR>0</ScR>\r\n  <ScG>0</ScG>\r\n  <ScB>0</ScB>\r\n</Color>""",,DataBase\bgdata_extract\180.binary\strings\BG_SETUP__RESULTS_MANAGER__RESULT_UI__RESULT_WINDOW_MANAGER__RESULTS__gaussCentroid1D_Ym___DISPLAY_OPTIONS__FONT_COLOR.txt
BG_SETUP/RESULTS_MANAGER/RESULT_UI/RESULT_WINDOW_MANAGER/RESULTS/gaussCentroid1D_Ym_/DISPLAY_OPTIONS/FONT_SIZE,[1],int32,1,12.0,12.0,12.0,12.0,42f4aeb81c1ef81f771f3de8abca9dcf66901c575530e7672e4b1146474ae650,12,,
BG_SETUP/RESULTS_MANAGER/RESULT_UI/RESULT_WINDOW_MANAGER/RESULTS/gaussCentroid1D_Ym_/VISIBLE,[1],uint8,1,0.0,0.0,0.0,0.0,6e340b9cffb37a989ca544e6bb780a2c78901d3fb33738768511a30617afa01d,0,,
BG_SETUP/RESULTS_MANAGER/RESULT_UI/RESULT_WINDOW_MANAGER/RESULTS/gaussDeltaCentroid1D_XM_/DISPLAY_OPTIONS/FONT_COLOR,[1],|S253,1,,,,,54f2fa510d02216c51c0b6026bef4c7bcaaf8ea59480c2a3e7088f10794762b9,"""<?xml version=\""1.0\""?>\r\n<Color xmlns:xsd=\""http://www.w3.org/2001/XMLSchema\"" xmlns:xsi=\""http://www.w3.org/2001/XMLSchema-instance\"">\r\n  <A>255</A>\r\n  <R>0</R>\r\n  <G>0</G>\r\n  <B>0</B>\r\n  <ScA>1</ScA>\r\n  <ScR>0</ScR>\r\n  <ScG>0</ScG>\r\n  <ScB>0</ScB>\r\n</Color>""",,DataBase\bgdata_extract\180.binary\strings\BG_SETUP__RESULTS_MANAGER__RESULT_UI__RESULT_WINDOW_MANAGER__RESULTS__gaussDeltaCentroid1D_XM___DISPLAY_OPTIONS__FONT_COLOR.txt
BG_SETUP/RESULTS_MANAGER/RESULT_UI/RESULT_WINDOW_MANAGER/RESULTS/gaussDeltaCentroid1D_XM_/DISPLAY_OPTIONS/FONT_SIZE,[1],int32,1,12.0,12.0,12.0,12.0,42f4aeb81c1ef81f771f3de8abca9dcf66901c575530e7672e4b1146474ae650,12,,
BG_SETUP/RESULTS_MANAGER/RESULT_UI/RESULT_WINDOW_MANAGER/RESULTS/gaussDeltaCentroid1D_XM_/VISIBLE,[1],uint8,1,0.0,0.0,0.0,0.0,6e340b9cffb37a989ca544e6bb780a2c78901d3fb33738768511a30617afa01d,0,,
BG_SETUP/RESULTS_MANAGER/RESULT_UI/RESULT_WINDOW_MANAGER/RESULTS/gaussDeltaCentroid1D_Ym_/DISPLAY_OPTIONS/FONT_COLOR,[1],|S253,1,,,,,54f2fa510d02216c51c0b6026bef4c7bcaaf8ea59480c2a3e7088f10794762b9,"""<?xml version=\""1.0\""?>\r\n<Color xmlns:xsd=\""http://www.w3.org/2001/XMLSchema\"" xmlns:xsi=\""http://www.w3.org/2001/XMLSchema-instance\"">\r\n  <A>255</A>\r\n  <R>0</R>\r\n  <G>0</G>\r\n  <B>0</B>\r\n  <ScA>1</ScA>\r\n  <ScR>0</ScR>\r\n  <ScG>0</ScG>\r\n  <ScB>0</ScB>\r\n</Color>""",,DataBase\bgdata_extract\180.binary\strings\BG_SETUP__RESULTS_MANAGER__RESULT_UI__RESULT_WINDOW_MANAGER__RESULTS__gaussDeltaCentroid1D_Ym___DISPLAY_OPTIONS__FONT_COLOR.txt
BG_SETUP/RESULTS_MANAGER/RESULT_UI/RESULT_WINDOW_MANAGER/RESULTS/gaussDeltaCentroid1D_Ym_/DISPLAY_OPTIONS/FONT_SIZE,[1],int32,1,12.0,12.0,12.0,12.0,42f4aeb81c1ef81f771f3de8abca9dcf66901c575530e7672e4b1146474ae650,12,,
BG_SETUP/RESULTS_MANAGER/RESULT_UI/RESULT_WINDOW_MANAGER/RESULTS/gaussDeltaCentroid1D_Ym_/VISIBLE,[1],uint8,1,0.0,0.0,0.0,0.0,6e340b9cffb37a989ca544e6bb780a2c78901d3fb33738768511a30617afa01d,0,,
BG_SETUP/RESULTS_MANAGER/RESULT_UI/RESULT_WINDOW_MANAGER/RESULTS/gaussHeight1D_XM_/DISPLAY_OPTIONS/FONT_COLOR,[1],|S253,1,,,,,54f2fa510d02216c51c0b6026bef4c7bcaaf8ea59480c2a3e7088f10794762b9,"""<?xml version=\""1.0\""?>\r\n<Color xmlns:xsd=\""http://www.w3.org/2001/XMLSchema\"" xmlns:xsi=\""http://www.w3.org/2001/XMLSchema-instance\"">\r\n  <A>255</A>\r\n  <R>0</R>\r\n  <G>0</G>\r\n  <B>0</B>\r\n  <ScA>1</ScA>\r\n  <ScR>0</ScR>\r\n  <ScG>0</ScG>\r\n  <ScB>0</ScB>\r\n</Color>""",,DataBase\bgdata_extract\180.binary\strings\BG_SETUP__RESULTS_MANAGER__RESULT_UI__RESULT_WINDOW_MANAGER__RESULTS__gaussHeight1D_XM___DISPLAY_OPTIONS__FONT_COLOR.txt
BG_SETUP/RESULTS_MANAGER/RESULT_UI/RESULT_WINDOW_MANAGER/RESULTS/gaussHeight1D_XM_/DISPLAY_OPTIONS/FONT_SIZE,[1],int32,1,12.0,12.0,12.0,12.0,42f4aeb81c1ef81f771f3de8abca9dcf66901c575530e7672e4b1146474ae650,12,,
BG_SETUP/RESULTS_MANAGER/RESULT_UI/RESULT_WINDOW_MANAGER/RESULTS/gaussHeight1D_XM_/VISIBLE,[1],uint8,1,0.0,0.0,0.0,0.0,6e340b9cffb37a989ca544e6bb780a2c78901d3fb33738768511a30617afa01d,0,,
BG_SETUP/RESULTS_MANAGER/RESULT_UI/RESULT_WINDOW_MANAGER/RESULTS/gaussHeight1D_Ym_/DISPLAY_OPTIONS/FONT_COLOR,[1],|S253,1,,,,,54f2fa510d02216c51c0b6026bef4c7bcaaf8ea59480c2a3e7088f10794762b9,"""<?xml version=\""1.0\""?>\r\n<Color xmlns:xsd=\""http://www.w3.org/2001/XMLSchema\"" xmlns:xsi=\""http://www.w3.org/2001/XMLSchema-instance\"">\r\n  <A>255</A>\r\n  <R>0</R>\r\n  <G>0</G>\r\n  <B>0</B>\r\n  <ScA>1</ScA>\r\n  <ScR>0</ScR>\r\n  <ScG>0</ScG>\r\n  <ScB>0</ScB>\r\n</Color>""",,DataBase\bgdata_extract\180.binary\strings\BG_SETUP__RESULTS_MANAGER__RESULT_UI__RESULT_WINDOW_MANAGER__RESULTS__gaussHeight1D_Ym___DISPLAY_OPTIONS__FONT_COLOR.txt
BG_SETUP/RESULTS_MANAGER/RESULT_UI/RESULT_WINDOW_MANAGER/RESULTS/gaussHeight1D_Ym_/DISPLAY_OPTIONS/FONT_SIZE,[1],int32,1,12.0,12.0,12.0,12.0,42f4aeb81c1ef81f771f3de8abca9dcf66901c575530e7672e4b1146474ae650,12,,
BG_SETUP/RESULTS_MANAGER/RESULT_UI/RESULT_WINDOW_MANAGER/RESULTS/gaussHeight1D_Ym_/VISIBLE,[1],uint8,1,0.0,0.0,0.0,0.0,6e340b9cffb37a989ca544e6bb780a2c78901d3fb33738768511a30617afa01d,0,,
BG_SETUP/RESULTS_MANAGER/RESULT_UI/RESULT_WINDOW_MANAGER/RESULTS/gaussWidth1D_XM_/DISPLAY_OPTIONS/FONT_COLOR,[1],|S253,1,,,,,54f2fa510d02216c51c0b6026bef4c7bcaaf8ea59480c2a3e7088f10794762b9,"""<?xml version=\""1.0\""?>\r\n<Color xmlns:xsd=\""http://www.w3.org/2001/XMLSchema\"" xmlns:xsi=\""http://www.w3.org/2001/XMLSchema-instance\"">\r\n  <A>255</A>\r\n  <R>0</R>\r\n  <G>0</G>\r\n  <B>0</B>\r\n  <ScA>1</ScA>\r\n  <ScR>0</ScR>\r\n  <ScG>0</ScG>\r\n  <ScB>0</ScB>\r\n</Color>""",,DataBase\bgdata_extract\180.binary\strings\BG_SETUP__RESULTS_MANAGER__RESULT_UI__RESULT_WINDOW_MANAGER__RESULTS__gaussWidth1D_XM___DISPLAY_OPTIONS__FONT_COLOR.txt
BG_SETUP/RESULTS_MANAGER/RESULT_UI/RESULT_WINDOW_MANAGER/RESULTS/gaussWidth1D_XM_/DISPLAY_OPTIONS/FONT_SIZE,[1],int32,1,12.0,12.0,12.0,12.0,42f4aeb81c1ef81f771f3de8abca9dcf66901c575530e7672e4b1146474ae650,12,,
BG_SETUP/RESULTS_MANAGER/RESULT_UI/RESULT_WINDOW_MANAGER/RESULTS/gaussWidth1D_XM_/VISIBLE,[1],uint8,1,0.0,0.0,0.0,0.0,6e340b9cffb37a989ca544e6bb780a2c78901d3fb33738768511a30617afa01d,0,,
BG_SETUP/RESULTS_MANAGER/RESULT_UI/RESULT_WINDOW_MANAGER/RESULTS/gaussWidth1D_Ym_/DISPLAY_OPTIONS/FONT_COLOR,[1],|S253,1,,,,,54f2fa510d02216c51c0b6026bef4c7bcaaf8ea59480c2a3e7088f10794762b9,"""<?xml version=\""1.0\""?>\r\n<Color xmlns:xsd=\""http://www.w3.org/2001/XMLSchema\"" xmlns:xsi=\""http://www.w3.org/2001/XMLSchema-instance\"">\r\n  <A>255</A>\r\n  <R>0</R>\r\n  <G>0</G>\r\n  <B>0</B>\r\n  <ScA>1</ScA>\r\n  <ScR>0</ScR>\r\n  <ScG>0</ScG>\r\n  <ScB>0</ScB>\r\n</Color>""",,DataBase\bgdata_extract\180.binary\strings\BG_SETUP__RESULTS_MANAGER__RESULT_UI__RESULT_WINDOW_MANAGER__RESULTS__gaussWidth1D_Ym___DISPLAY_OPTIONS__FONT_COLOR.txt
BG_SETUP/RESULTS_MANAGER/RESULT_UI/RESULT_WINDOW_MANAGER/RESULTS/gaussWidth1D_Ym_/DISPLAY_OPTIONS/FONT_SIZE,[1],int32,1,12.0,12.0,12.0,12.0,42f4aeb81c1ef81f771f3de8abca9dcf66901c575530e7672e4b1146474ae650,12,,
BG_SETUP/RESULTS_MANAGER/RESULT_UI/RESULT_WINDOW_MANAGER/RESULTS/gaussWidth1D_Ym_/VISIBLE,[1],uint8,1,0.0,0.0,0.0,0.0,6e340b9cffb37a989ca544e6bb780a2c78901d3fb33738768511a30617afa01d,0,,
BG_SETUP/RESULTS_MANAGER/RESULT_UI/RESULT_WINDOW_MANAGER/RESULTS/gaussianCentroidX/DISPLAY_OPTIONS/FONT_COLOR,[1],|S253,1,,,,,54f2fa510d02216c51c0b6026bef4c7bcaaf8ea59480c2a3e7088f10794762b9,"""<?xml version=\""1.0\""?>\r\n<Color xmlns:xsd=\""http://www.w3.org/2001/XMLSchema\"" xmlns:xsi=\""http://www.w3.org/2001/XMLSchema-instance\"">\r\n  <A>255</A>\r\n  <R>0</R>\r\n  <G>0</G>\r\n  <B>0</B>\r\n  <ScA>1</ScA>\r\n  <ScR>0</ScR>\r\n  <ScG>0</ScG>\r\n  <ScB>0</ScB>\r\n</Color>""",,DataBase\bgdata_extract\180.binary\strings\BG_SETUP__RESULTS_MANAGER__RESULT_UI__RESULT_WINDOW_MANAGER__RESULTS__gaussianCentroidX__DISPLAY_OPTIONS__FONT_COLOR.txt
BG_SETUP/RESULTS_MANAGER/RESULT_UI/RESULT_WINDOW_MANAGER/RESULTS/gaussianCentroidX/DISPLAY_OPTIONS/FONT_SIZE,[1],int32,1,12.0,12.0,12.0,12.0,42f4aeb81c1ef81f771f3de8abca9dcf66901c575530e7672e4b1146474ae650,12,,
BG_SETUP/RESULTS_MANAGER/RESULT_UI/RESULT_WINDOW_MANAGER/RESULTS/gaussianCentroidX/VISIBLE,[1],uint8,1,0.0,0.0,0.0,0.0,6e340b9cffb37a989ca544e6bb780a2c78901d3fb33738768511a30617afa01d,0,,
BG_SETUP/RESULTS_MANAGER/RESULT_UI/RESULT_WINDOW_MANAGER/RESULTS/gaussianCentroidY/DISPLAY_OPTIONS/FONT_COLOR,[1],|S253,1,,,,,54f2fa510d02216c51c0b6026bef4c7bcaaf8ea59480c2a3e7088f10794762b9,"""<?xml version=\""1.0\""?>\r\n<Color xmlns:xsd=\""http://www.w3.org/2001/XMLSchema\"" xmlns:xsi=\""http://www.w3.org/2001/XMLSchema-instance\"">\r\n  <A>255</A>\r\n  <R>0</R>\r\n  <G>0</G>\r\n  <B>0</B>\r\n  <ScA>1</ScA>\r\n  <ScR>0</ScR>\r\n  <ScG>0</ScG>\r\n  <ScB>0</ScB>\r\n</Color>""",,DataBase\bgdata_extract\180.binary\strings\BG_SETUP__RESULTS_MANAGER__RESULT_UI__RESULT_WINDOW_MANAGER__RESULTS__gaussianCentroidY__DISPLAY_OPTIONS__FONT_COLOR.txt
BG_SETUP/RESULTS_MANAGER/RESULT_UI/RESULT_WINDOW_MANAGER/RESULTS/gaussianCentroidY/DISPLAY_OPTIONS/FONT_SIZE,[1],int32,1,12.0,12.0,12.0,12.0,42f4aeb81c1ef81f771f3de8abca9dcf66901c575530e7672e4b1146474ae650,12,,
BG_SETUP/RESULTS_MANAGER/RESULT_UI/RESULT_WINDOW_MANAGER/RESULTS/gaussianCentroidY/VISIBLE,[1],uint8,1,0.0,0.0,0.0,0.0,6e340b9cffb37a989ca544e6bb780a2c78901d3fb33738768511a30617afa01d,0,,
BG_SETUP/RESULTS_MANAGER/RESULT_UI/RESULT_WINDOW_MANAGER/RESULTS/gaussianDeltaCentroid/DISPLAY_OPTIONS/FONT_COLOR,[1],|S253,1,,,,,54f2fa510d02216c51c0b6026bef4c7bcaaf8ea59480c2a3e7088f10794762b9,"""<?xml version=\""1.0\""?>\r\n<Color xmlns:xsd=\""http://www.w3.org/2001/XMLSchema\"" xmlns:xsi=\""http://www.w3.org/2001/XMLSchema-instance\"">\r\n  <A>255</A>\r\n  <R>0</R>\r\n  <G>0</G>\r\n  <B>0</B>\r\n  <ScA>1</ScA>\r\n  <ScR>0</ScR>\r\n  <ScG>0</ScG>\r\n  <ScB>0</ScB>\r\n</Color>""",,DataBase\bgdata_extract\180.binary\strings\BG_SETUP__RESULTS_MANAGER__RESULT_UI__RESULT_WINDOW_MANAGER__RESULTS__gaussianDeltaCentroid__DISPLAY_OPTIONS__FONT_COLOR.txt
BG_SETUP/RESULTS_MANAGER/RESULT_UI/RESULT_WINDOW_MANAGER/RESULTS/gaussianDeltaCentroid/DISPLAY_OPTIONS/FONT_SIZE,[1],int32,1,12.0,12.0,12.0,12.0,42f4aeb81c1ef81f771f3de8abca9dcf66901c575530e7672e4b1146474ae650,12,,
BG_SETUP/RESULTS_MANAGER/RESULT_UI/RESULT_WINDOW_MANAGER/RESULTS/gaussianDeltaCentroid/VISIBLE,[1],uint8,1,0.0,0.0,0.0,0.0,6e340b9cffb37a989ca544e6bb780a2c78901d3fb33738768511a30617afa01d,0,,
BG_SETUP/RESULTS_MANAGER/RESULT_UI/RESULT_WINDOW_MANAGER/RESULTS/gaussianDeltaCentroidX/DISPLAY_OPTIONS/FONT_COLOR,[1],|S253,1,,,,,54f2fa510d02216c51c0b6026bef4c7bcaaf8ea59480c2a3e7088f10794762b9,"""<?xml version=\""1.0\""?>\r\n<Color xmlns:xsd=\""http://www.w3.org/2001/XMLSchema\"" xmlns:xsi=\""http://www.w3.org/2001/XMLSchema-instance\"">\r\n  <A>255</A>\r\n  <R>0</R>\r\n  <G>0</G>\r\n  <B>0</B>\r\n  <ScA>1</ScA>\r\n  <ScR>0</ScR>\r\n  <ScG>0</ScG>\r\n  <ScB>0</ScB>\r\n</Color>""",,DataBase\bgdata_extract\180.binary\strings\BG_SETUP__RESULTS_MANAGER__RESULT_UI__RESULT_WINDOW_MANAGER__RESULTS__gaussianDeltaCentroidX__DISPLAY_OPTIONS__FONT_COLOR.txt
BG_SETUP/RESULTS_MANAGER/RESULT_UI/RESULT_WINDOW_MANAGER/RESULTS/gaussianDeltaCentroidX/DISPLAY_OPTIONS/FONT_SIZE,[1],int32,1,12.0,12.0,12.0,12.0,42f4aeb81c1ef81f771f3de8abca9dcf66901c575530e7672e4b1146474ae650,12,,
BG_SETUP/RESULTS_MANAGER/RESULT_UI/RESULT_WINDOW_MANAGER/RESULTS/gaussianDeltaCentroidX/VISIBLE,[1],uint8,1,0.0,0.0,0.0,0.0,6e340b9cffb37a989ca544e6bb780a2c78901d3fb33738768511a30617afa01d,0,,
BG_SETUP/RESULTS_MANAGER/RESULT_UI/RESULT_WINDOW_MANAGER/RESULTS/gaussianDeltaCentroidY/DISPLAY_OPTIONS/FONT_COLOR,[1],|S253,1,,,,,54f2fa510d02216c51c0b6026bef4c7bcaaf8ea59480c2a3e7088f10794762b9,"""<?xml version=\""1.0\""?>\r\n<Color xmlns:xsd=\""http://www.w3.org/2001/XMLSchema\"" xmlns:xsi=\""http://www.w3.org/2001/XMLSchema-instance\"">\r\n  <A>255</A>\r\n  <R>0</R>\r\n  <G>0</G>\r\n  <B>0</B>\r\n  <ScA>1</ScA>\r\n  <ScR>0</ScR>\r\n  <ScG>0</ScG>\r\n  <ScB>0</ScB>\r\n</Color>""",,DataBase\bgdata_extract\180.binary\strings\BG_SETUP__RESULTS_MANAGER__RESULT_UI__RESULT_WINDOW_MANAGER__RESULTS__gaussianDeltaCentroidY__DISPLAY_OPTIONS__FONT_COLOR.txt
BG_SETUP/RESULTS_MANAGER/RESULT_UI/RESULT_WINDOW_MANAGER/RESULTS/gaussianDeltaCentroidY/DISPLAY_OPTIONS/FONT_SIZE,[1],int32,1,12.0,12.0,12.0,12.0,42f4aeb81c1ef81f771f3de8abca9dcf66901c575530e7672e4b1146474ae650,12,,
BG_SETUP/RESULTS_MANAGER/RESULT_UI/RESULT_WINDOW_MANAGER/RESULTS/gaussianDeltaCentroidY/VISIBLE,[1],uint8,1,0.0,0.0,0.0,0.0,6e340b9cffb37a989ca544e6bb780a2c78901d3fb33738768511a30617afa01d,0,,
BG_SETUP/RESULTS_MANAGER/RESULT_UI/RESULT_WINDOW_MANAGER/RESULTS/gaussianGoodnessOfFit/DISPLAY_OPTIONS/FONT_COLOR,[1],|S253,1,,,,,54f2fa510d02216c51c0b6026bef4c7bcaaf8ea59480c2a3e7088f10794762b9,"""<?xml version=\""1.0\""?>\r\n<Color xmlns:xsd=\""http://www.w3.org/2001/XMLSchema\"" xmlns:xsi=\""http://www.w3.org/2001/XMLSchema-instance\"">\r\n  <A>255</A>\r\n  <R>0</R>\r\n  <G>0</G>\r\n  <B>0</B>\r\n  <ScA>1</ScA>\r\n  <ScR>0</ScR>\r\n  <ScG>0</ScG>\r\n  <ScB>0</ScB>\r\n</Color>""",,DataBase\bgdata_extract\180.binary\strings\BG_SETUP__RESULTS_MANAGER__RESULT_UI__RESULT_WINDOW_MANAGER__RESULTS__gaussianGoodnessOfFit__DISPLAY_OPTIONS__FONT_COLOR.txt
BG_SETUP/RESULTS_MANAGER/RESULT_UI/RESULT_WINDOW_MANAGER/RESULTS/gaussianGoodnessOfFit/DISPLAY_OPTIONS/FONT_SIZE,[1],int32,1,12.0,12.0,12.0,12.0,42f4aeb81c1ef81f771f3de8abca9dcf66901c575530e7672e4b1146474ae650,12,,
BG_SETUP/RESULTS_MANAGER/RESULT_UI/RESULT_WINDOW_MANAGER/RESULTS/gaussianGoodnessOfFit/VISIBLE,[1],uint8,1,0.0,0.0,0.0,0.0,6e340b9cffb37a989ca544e6bb780a2c78901d3fb33738768511a30617afa01d,0,,
BG_SETUP/RESULTS_MANAGER/RESULT_UI/RESULT_WINDOW_MANAGER/RESULTS/gaussianHeight/DISPLAY_OPTIONS/FONT_COLOR,[1],|S253,1,,,,,54f2fa510d02216c51c0b6026bef4c7bcaaf8ea59480c2a3e7088f10794762b9,"""<?xml version=\""1.0\""?>\r\n<Color xmlns:xsd=\""http://www.w3.org/2001/XMLSchema\"" xmlns:xsi=\""http://www.w3.org/2001/XMLSchema-instance\"">\r\n  <A>255</A>\r\n  <R>0</R>\r\n  <G>0</G>\r\n  <B>0</B>\r\n  <ScA>1</ScA>\r\n  <ScR>0</ScR>\r\n  <ScG>0</ScG>\r\n  <ScB>0</ScB>\r\n</Color>""",,DataBase\bgdata_extract\180.binary\strings\BG_SETUP__RESULTS_MANAGER__RESULT_UI__RESULT_WINDOW_MANAGER__RESULTS__gaussianHeight__DISPLAY_OPTIONS__FONT_COLOR.txt
BG_SETUP/RESULTS_MANAGER/RESULT_UI/RESULT_WINDOW_MANAGER/RESULTS/gaussianHeight/DISPLAY_OPTIONS/FONT_SIZE,[1],int32,1,12.0,12.0,12.0,12.0,42f4aeb81c1ef81f771f3de8abca9dcf66901c575530e7672e4b1146474ae650,12,,
BG_SETUP/RESULTS_MANAGER/RESULT_UI/RESULT_WINDOW_MANAGER/RESULTS/gaussianHeight/VISIBLE,[1],uint8,1,0.0,0.0,0.0,0.0,6e340b9cffb37a989ca544e6bb780a2c78901d3fb33738768511a30617afa01d,0,,
BG_SETUP/RESULTS_MANAGER/RESULT_UI/RESULT_WINDOW_MANAGER/RESULTS/gaussianRoughnessOfFit/DISPLAY_OPTIONS/FONT_COLOR,[1],|S253,1,,,,,54f2fa510d02216c51c0b6026bef4c7bcaaf8ea59480c2a3e7088f10794762b9,"""<?xml version=\""1.0\""?>\r\n<Color xmlns:xsd=\""http://www.w3.org/2001/XMLSchema\"" xmlns:xsi=\""http://www.w3.org/2001/XMLSchema-instance\"">\r\n  <A>255</A>\r\n  <R>0</R>\r\n  <G>0</G>\r\n  <B>0</B>\r\n  <ScA>1</ScA>\r\n  <ScR>0</ScR>\r\n  <ScG>0</ScG>\r\n  <ScB>0</ScB>\r\n</Color>""",,DataBase\bgdata_extract\180.binary\strings\BG_SETUP__RESULTS_MANAGER__RESULT_UI__RESULT_WINDOW_MANAGER__RESULTS__gaussianRoughnessOfFit__DISPLAY_OPTIONS__FONT_COLOR.txt
BG_SETUP/RESULTS_MANAGER/RESULT_UI/RESULT_WINDOW_MANAGER/RESULTS/gaussianRoughnessOfFit/DISPLAY_OPTIONS/FONT_SIZE,[1],int32,1,12.0,12.0,12.0,12.0,42f4aeb81c1ef81f771f3de8abca9dcf66901c575530e7672e4b1146474ae650,12,,
BG_SETUP/RESULTS_MANAGER/RESULT_UI/RESULT_WINDOW_MANAGER/RESULTS/gaussianRoughnessOfFit/VISIBLE,[1],uint8,1,0.0,0.0,0.0,0.0,6e340b9cffb37a989ca544e6bb780a2c78901d3fb33738768511a30617afa01d,0,,
BG_SETUP/RESULTS_MANAGER/RESULT_UI/RESULT_WINDOW_MANAGER/RESULTS/gaussianWidth_XM_/DISPLAY_OPTIONS/FONT_COLOR,[1],|S253,1,,,,,54f2fa510d02216c51c0b6026bef4c7bcaaf8ea59480c2a3e7088f10794762b9,"""<?xml version=\""1.0\""?>\r\n<Color xmlns:xsd=\""http://www.w3.org/2001/XMLSchema\"" xmlns:xsi=\""http://www.w3.org/2001/XMLSchema-instance\"">\r\n  <A>255</A>\r\n  <R>0</R>\r\n  <G>0</G>\r\n  <B>0</B>\r\n  <ScA>1</ScA>\r\n  <ScR>0</ScR>\r\n  <ScG>0</ScG>\r\n  <ScB>0</ScB>\r\n</Color>""",,DataBase\bgdata_extract\180.binary\strings\BG_SETUP__RESULTS_MANAGER__RESULT_UI__RESULT_WINDOW_MANAGER__RESULTS__gaussianWidth_XM___DISPLAY_OPTIONS__FONT_COLOR.txt
BG_SETUP/RESULTS_MANAGER/RESULT_UI/RESULT_WINDOW_MANAGER/RESULTS/gaussianWidth_XM_/DISPLAY_OPTIONS/FONT_SIZE,[1],int32,1,12.0,12.0,12.0,12.0,42f4aeb81c1ef81f771f3de8abca9dcf66901c575530e7672e4b1146474ae650,12,,
BG_SETUP/RESULTS_MANAGER/RESULT_UI/RESULT_WINDOW_MANAGER/RESULTS/gaussianWidth_XM_/VISIBLE,[1],uint8,1,0.0,0.0,0.0,0.0,6e340b9cffb37a989ca544e6bb780a2c78901d3fb33738768511a30617afa01d,0,,
BG_SETUP/RESULTS_MANAGER/RESULT_UI/RESULT_WINDOW_MANAGER/RESULTS/gaussianWidth_Ym_/DISPLAY_OPTIONS/FONT_COLOR,[1],|S253,1,,,,,54f2fa510d02216c51c0b6026bef4c7bcaaf8ea59480c2a3e7088f10794762b9,"""<?xml version=\""1.0\""?>\r\n<Color xmlns:xsd=\""http://www.w3.org/2001/XMLSchema\"" xmlns:xsi=\""http://www.w3.org/2001/XMLSchema-instance\"">\r\n  <A>255</A>\r\n  <R>0</R>\r\n  <G>0</G>\r\n  <B>0</B>\r\n  <ScA>1</ScA>\r\n  <ScR>0</ScR>\r\n  <ScG>0</ScG>\r\n  <ScB>0</ScB>\r\n</Color>""",,DataBase\bgdata_extract\180.binary\strings\BG_SETUP__RESULTS_MANAGER__RESULT_UI__RESULT_WINDOW_MANAGER__RESULTS__gaussianWidth_Ym___DISPLAY_OPTIONS__FONT_COLOR.txt
BG_SETUP/RESULTS_MANAGER/RESULT_UI/RESULT_WINDOW_MANAGER/RESULTS/gaussianWidth_Ym_/DISPLAY_OPTIONS/FONT_SIZE,[1],int32,1,12.0,12.0,12.0,12.0,42f4aeb81c1ef81f771f3de8abca9dcf66901c575530e7672e4b1146474ae650,12,,
BG_SETUP/RESULTS_MANAGER/RESULT_UI/RESULT_WINDOW_MANAGER/RESULTS/gaussianWidth_Ym_/VISIBLE,[1],uint8,1,0.0,0.0,0.0,0.0,6e340b9cffb37a989ca544e6bb780a2c78901d3fb33738768511a30617afa01d,0,,
BG_SETUP/RESULTS_MANAGER/RESULT_UI/RESULT_WINDOW_MANAGER/RESULTS/goodnessOfFit1D_XM_/DISPLAY_OPTIONS/FONT_COLOR,[1],|S253,1,,,,,54f2fa510d02216c51c0b6026bef4c7bcaaf8ea59480c2a3e7088f10794762b9,"""<?xml version=\""1.0\""?>\r\n<Color xmlns:xsd=\""http://www.w3.org/2001/XMLSchema\"" xmlns:xsi=\""http://www.w3.org/2001/XMLSchema-instance\"">\r\n  <A>255</A>\r\n  <R>0</R>\r\n  <G>0</G>\r\n  <B>0</B>\r\n  <ScA>1</ScA>\r\n  <ScR>0</ScR>\r\n  <ScG>0</ScG>\r\n  <ScB>0</ScB>\r\n</Color>""",,DataBase\bgdata_extract\180.binary\strings\BG_SETUP__RESULTS_MANAGER__RESULT_UI__RESULT_WINDOW_MANAGER__RESULTS__goodnessOfFit1D_XM___DISPLAY_OPTIONS__FONT_COLOR.txt
BG_SETUP/RESULTS_MANAGER/RESULT_UI/RESULT_WINDOW_MANAGER/RESULTS/goodnessOfFit1D_XM_/DISPLAY_OPTIONS/FONT_SIZE,[1],int32,1,12.0,12.0,12.0,12.0,42f4aeb81c1ef81f771f3de8abca9dcf66901c575530e7672e4b1146474ae650,12,,
BG_SETUP/RESULTS_MANAGER/RESULT_UI/RESULT_WINDOW_MANAGER/RESULTS/goodnessOfFit1D_XM_/VISIBLE,[1],uint8,1,0.0,0.0,0.0,0.0,6e340b9cffb37a989ca544e6bb780a2c78901d3fb33738768511a30617afa01d,0,,
BG_SETUP/RESULTS_MANAGER/RESULT_UI/RESULT_WINDOW_MANAGER/RESULTS/goodnessOfFit1D_Ym_/DISPLAY_OPTIONS/FONT_COLOR,[1],|S253,1,,,,,54f2fa510d02216c51c0b6026bef4c7bcaaf8ea59480c2a3e7088f10794762b9,"""<?xml version=\""1.0\""?>\r\n<Color xmlns:xsd=\""http://www.w3.org/2001/XMLSchema\"" xmlns:xsi=\""http://www.w3.org/2001/XMLSchema-instance\"">\r\n  <A>255</A>\r\n  <R>0</R>\r\n  <G>0</G>\r\n  <B>0</B>\r\n  <ScA>1</ScA>\r\n  <ScR>0</ScR>\r\n  <ScG>0</ScG>\r\n  <ScB>0</ScB>\r\n</Color>""",,DataBase\bgdata_extract\180.binary\strings\BG_SETUP__RESULTS_MANAGER__RESULT_UI__RESULT_WINDOW_MANAGER__RESULTS__goodnessOfFit1D_Ym___DISPLAY_OPTIONS__FONT_COLOR.txt
BG_SETUP/RESULTS_MANAGER/RESULT_UI/RESULT_WINDOW_MANAGER/RESULTS/goodnessOfFit1D_Ym_/DISPLAY_OPTIONS/FONT_SIZE,[1],int32,1,12.0,12.0,12.0,12.0,42f4aeb81c1ef81f771f3de8abca9dcf66901c575530e7672e4b1146474ae650,12,,
BG_SETUP/RESULTS_MANAGER/RESULT_UI/RESULT_WINDOW_MANAGER/RESULTS/goodnessOfFit1D_Ym_/VISIBLE,[1],uint8,1,0.0,0.0,0.0,0.0,6e340b9cffb37a989ca544e6bb780a2c78901d3fb33738768511a30617afa01d,0,,
BG_SETUP/RESULTS_MANAGER/RESULT_UI/RESULT_WINDOW_MANAGER/RESULTS/knifeEdge1090/DISPLAY_OPTIONS/FONT_COLOR,[1],|S253,1,,,,,54f2fa510d02216c51c0b6026bef4c7bcaaf8ea59480c2a3e7088f10794762b9,"""<?xml version=\""1.0\""?>\r\n<Color xmlns:xsd=\""http://www.w3.org/2001/XMLSchema\"" xmlns:xsi=\""http://www.w3.org/2001/XMLSchema-instance\"">\r\n  <A>255</A>\r\n  <R>0</R>\r\n  <G>0</G>\r\n  <B>0</B>\r\n  <ScA>1</ScA>\r\n  <ScR>0</ScR>\r\n  <ScG>0</ScG>\r\n  <ScB>0</ScB>\r\n</Color>""",,DataBase\bgdata_extract\180.binary\strings\BG_SETUP__RESULTS_MANAGER__RESULT_UI__RESULT_WINDOW_MANAGER__RESULTS__knifeEdge1090__DISPLAY_OPTIONS__FONT_COLOR.txt
BG_SETUP/RESULTS_MANAGER/RESULT_UI/RESULT_WINDOW_MANAGER/RESULTS/knifeEdge1090/DISPLAY_OPTIONS/FONT_SIZE,[1],int32,1,12.0,12.0,12.0,12.0,42f4aeb81c1ef81f771f3de8abca9dcf66901c575530e7672e4b1146474ae650,12,,
BG_SETUP/RESULTS_MANAGER/RESULT_UI/RESULT_WINDOW_MANAGER/RESULTS/knifeEdge1090/VISIBLE,[1],uint8,1,0.0,0.0,0.0,0.0,6e340b9cffb37a989ca544e6bb780a2c78901d3fb33738768511a30617afa01d,0,,
BG_SETUP/RESULTS_MANAGER/RESULT_UI/RESULT_WINDOW_MANAGER/RESULTS/knifeEdge1090_XM_/DISPLAY_OPTIONS/FONT_COLOR,[1],|S253,1,,,,,54f2fa510d02216c51c0b6026bef4c7bcaaf8ea59480c2a3e7088f10794762b9,"""<?xml version=\""1.0\""?>\r\n<Color xmlns:xsd=\""http://www.w3.org/2001/XMLSchema\"" xmlns:xsi=\""http://www.w3.org/2001/XMLSchema-instance\"">\r\n  <A>255</A>\r\n  <R>0</R>\r\n  <G>0</G>\r\n  <B>0</B>\r\n  <ScA>1</ScA>\r\n  <ScR>0</ScR>\r\n  <ScG>0</ScG>\r\n  <ScB>0</ScB>\r\n</Color>""",,DataBase\bgdata_extract\180.binary\strings\BG_SETUP__RESULTS_MANAGER__RESULT_UI__RESULT_WINDOW_MANAGER__RESULTS__knifeEdge1090_XM___DISPLAY_OPTIONS__FONT_COLOR.txt
BG_SETUP/RESULTS_MANAGER/RESULT_UI/RESULT_WINDOW_MANAGER/RESULTS/knifeEdge1090_XM_/DISPLAY_OPTIONS/FONT_SIZE,[1],int32,1,12.0,12.0,12.0,12.0,42f4aeb81c1ef81f771f3de8abca9dcf66901c575530e7672e4b1146474ae650,12,,
BG_SETUP/RESULTS_MANAGER/RESULT_UI/RESULT_WINDOW_MANAGER/RESULTS/knifeEdge1090_XM_/VISIBLE,[1],uint8,1,0.0,0.0,0.0,0.0,6e340b9cffb37a989ca544e6bb780a2c78901d3fb33738768511a30617afa01d,0,,
BG_SETUP/RESULTS_MANAGER/RESULT_UI/RESULT_WINDOW_MANAGER/RESULTS/knifeEdge1090_Ym_/DISPLAY_OPTIONS/FONT_COLOR,[1],|S253,1,,,,,54f2fa510d02216c51c0b6026bef4c7bcaaf8ea59480c2a3e7088f10794762b9,"""<?xml version=\""1.0\""?>\r\n<Color xmlns:xsd=\""http://www.w3.org/2001/XMLSchema\"" xmlns:xsi=\""http://www.w3.org/2001/XMLSchema-instance\"">\r\n  <A>255</A>\r\n  <R>0</R>\r\n  <G>0</G>\r\n  <B>0</B>\r\n  <ScA>1</ScA>\r\n  <ScR>0</ScR>\r\n  <ScG>0</ScG>\r\n  <ScB>0</ScB>\r\n</Color>""",,DataBase\bgdata_extract\180.binary\strings\BG_SETUP__RESULTS_MANAGER__RESULT_UI__RESULT_WINDOW_MANAGER__RESULTS__knifeEdge1090_Ym___DISPLAY_OPTIONS__FONT_COLOR.txt
BG_SETUP/RESULTS_MANAGER/RESULT_UI/RESULT_WINDOW_MANAGER/RESULTS/knifeEdge1090_Ym_/DISPLAY_OPTIONS/FONT_SIZE,[1],int32,1,12.0,12.0,12.0,12.0,42f4aeb81c1ef81f771f3de8abca9dcf66901c575530e7672e4b1146474ae650,12,,
BG_SETUP/RESULTS_MANAGER/RESULT_UI/RESULT_WINDOW_MANAGER/RESULTS/knifeEdge1090_Ym_/VISIBLE,[1],uint8,1,0.0,0.0,0.0,0.0,6e340b9cffb37a989ca544e6bb780a2c78901d3fb33738768511a30617afa01d,0,,
BG_SETUP/RESULTS_MANAGER/RESULT_UI/RESULT_WINDOW_MANAGER/RESULTS/knifeEdge1684/DISPLAY_OPTIONS/FONT_COLOR,[1],|S253,1,,,,,54f2fa510d02216c51c0b6026bef4c7bcaaf8ea59480c2a3e7088f10794762b9,"""<?xml version=\""1.0\""?>\r\n<Color xmlns:xsd=\""http://www.w3.org/2001/XMLSchema\"" xmlns:xsi=\""http://www.w3.org/2001/XMLSchema-instance\"">\r\n  <A>255</A>\r\n  <R>0</R>\r\n  <G>0</G>\r\n  <B>0</B>\r\n  <ScA>1</ScA>\r\n  <ScR>0</ScR>\r\n  <ScG>0</ScG>\r\n  <ScB>0</ScB>\r\n</Color>""",,DataBase\bgdata_extract\180.binary\strings\BG_SETUP__RESULTS_MANAGER__RESULT_UI__RESULT_WINDOW_MANAGER__RESULTS__knifeEdge1684__DISPLAY_OPTIONS__FONT_COLOR.txt
BG_SETUP/RESULTS_MANAGER/RESULT_UI/RESULT_WINDOW_MANAGER/RESULTS/knifeEdge1684/DISPLAY_OPTIONS/FONT_SIZE,[1],int32,1,12.0,12.0,12.0,12.0,42f4aeb81c1ef81f771f3de8abca9dcf66901c575530e7672e4b1146474ae650,12,,
BG_SETUP/RESULTS_MANAGER/RESULT_UI/RESULT_WINDOW_MANAGER/RESULTS/knifeEdge1684/VISIBLE,[1],uint8,1,0.0,0.0,0.0,0.0,6e340b9cffb37a989ca544e6bb780a2c78901d3fb33738768511a30617afa01d,0,,
BG_SETUP/RESULTS_MANAGER/RESULT_UI/RESULT_WINDOW_MANAGER/RESULTS/knifeEdge1684_XM_/DISPLAY_OPTIONS/FONT_COLOR,[1],|S253,1,,,,,54f2fa510d02216c51c0b6026bef4c7bcaaf8ea59480c2a3e7088f10794762b9,"""<?xml version=\""1.0\""?>\r\n<Color xmlns:xsd=\""http://www.w3.org/2001/XMLSchema\"" xmlns:xsi=\""http://www.w3.org/2001/XMLSchema-instance\"">\r\n  <A>255</A>\r\n  <R>0</R>\r\n  <G>0</G>\r\n  <B>0</B>\r\n  <ScA>1</ScA>\r\n  <ScR>0</ScR>\r\n  <ScG>0</ScG>\r\n  <ScB>0</ScB>\r\n</Color>""",,DataBase\bgdata_extract\180.binary\strings\BG_SETUP__RESULTS_MANAGER__RESULT_UI__RESULT_WINDOW_MANAGER__RESULTS__knifeEdge1684_XM___DISPLAY_OPTIONS__FONT_COLOR.txt
BG_SETUP/RESULTS_MANAGER/RESULT_UI/RESULT_WINDOW_MANAGER/RESULTS/knifeEdge1684_XM_/DISPLAY_OPTIONS/FONT_SIZE,[1],int32,1,12.0,12.0,12.0,12.0,42f4aeb81c1ef81f771f3de8abca9dcf66901c575530e7672e4b1146474ae650,12,,
BG_SETUP/RESULTS_MANAGER/RESULT_UI/RESULT_WINDOW_MANAGER/RESULTS/knifeEdge1684_XM_/VISIBLE,[1],uint8,1,0.0,0.0,0.0,0.0,6e340b9cffb37a989ca544e6bb780a2c78901d3fb33738768511a30617afa01d,0,,
BG_SETUP/RESULTS_MANAGER/RESULT_UI/RESULT_WINDOW_MANAGER/RESULTS/knifeEdge1684_Ym_/DISPLAY_OPTIONS/FONT_COLOR,[1],|S253,1,,,,,54f2fa510d02216c51c0b6026bef4c7bcaaf8ea59480c2a3e7088f10794762b9,"""<?xml version=\""1.0\""?>\r\n<Color xmlns:xsd=\""http://www.w3.org/2001/XMLSchema\"" xmlns:xsi=\""http://www.w3.org/2001/XMLSchema-instance\"">\r\n  <A>255</A>\r\n  <R>0</R>\r\n  <G>0</G>\r\n  <B>0</B>\r\n  <ScA>1</ScA>\r\n  <ScR>0</ScR>\r\n  <ScG>0</ScG>\r\n  <ScB>0</ScB>\r\n</Color>""",,DataBase\bgdata_extract\180.binary\strings\BG_SETUP__RESULTS_MANAGER__RESULT_UI__RESULT_WINDOW_MANAGER__RESULTS__knifeEdge1684_Ym___DISPLAY_OPTIONS__FONT_COLOR.txt
BG_SETUP/RESULTS_MANAGER/RESULT_UI/RESULT_WINDOW_MANAGER/RESULTS/knifeEdge1684_Ym_/DISPLAY_OPTIONS/FONT_SIZE,[1],int32,1,12.0,12.0,12.0,12.0,42f4aeb81c1ef81f771f3de8abca9dcf66901c575530e7672e4b1146474ae650,12,,
BG_SETUP/RESULTS_MANAGER/RESULT_UI/RESULT_WINDOW_MANAGER/RESULTS/knifeEdge1684_Ym_/VISIBLE,[1],uint8,1,0.0,0.0,0.0,0.0,6e340b9cffb37a989ca544e6bb780a2c78901d3fb33738768511a30617afa01d,0,,
BG_SETUP/RESULTS_MANAGER/RESULT_UI/RESULT_WINDOW_MANAGER/RESULTS/knifeEdgeProg/DISPLAY_OPTIONS/FONT_COLOR,[1],|S253,1,,,,,54f2fa510d02216c51c0b6026bef4c7bcaaf8ea59480c2a3e7088f10794762b9,"""<?xml version=\""1.0\""?>\r\n<Color xmlns:xsd=\""http://www.w3.org/2001/XMLSchema\"" xmlns:xsi=\""http://www.w3.org/2001/XMLSchema-instance\"">\r\n  <A>255</A>\r\n  <R>0</R>\r\n  <G>0</G>\r\n  <B>0</B>\r\n  <ScA>1</ScA>\r\n  <ScR>0</ScR>\r\n  <ScG>0</ScG>\r\n  <ScB>0</ScB>\r\n</Color>""",,DataBase\bgdata_extract\180.binary\strings\BG_SETUP__RESULTS_MANAGER__RESULT_UI__RESULT_WINDOW_MANAGER__RESULTS__knifeEdgeProg__DISPLAY_OPTIONS__FONT_COLOR.txt
BG_SETUP/RESULTS_MANAGER/RESULT_UI/RESULT_WINDOW_MANAGER/RESULTS/knifeEdgeProg/DISPLAY_OPTIONS/FONT_SIZE,[1],int32,1,12.0,12.0,12.0,12.0,42f4aeb81c1ef81f771f3de8abca9dcf66901c575530e7672e4b1146474ae650,12,,
BG_SETUP/RESULTS_MANAGER/RESULT_UI/RESULT_WINDOW_MANAGER/RESULTS/knifeEdgeProg/VISIBLE,[1],uint8,1,0.0,0.0,0.0,0.0,6e340b9cffb37a989ca544e6bb780a2c78901d3fb33738768511a30617afa01d,0,,
BG_SETUP/RESULTS_MANAGER/RESULT_UI/RESULT_WINDOW_MANAGER/RESULTS/knifeEdgeProg_XM_/DISPLAY_OPTIONS/FONT_COLOR,[1],|S253,1,,,,,54f2fa510d02216c51c0b6026bef4c7bcaaf8ea59480c2a3e7088f10794762b9,"""<?xml version=\""1.0\""?>\r\n<Color xmlns:xsd=\""http://www.w3.org/2001/XMLSchema\"" xmlns:xsi=\""http://www.w3.org/2001/XMLSchema-instance\"">\r\n  <A>255</A>\r\n  <R>0</R>\r\n  <G>0</G>\r\n  <B>0</B>\r\n  <ScA>1</ScA>\r\n  <ScR>0</ScR>\r\n  <ScG>0</ScG>\r\n  <ScB>0</ScB>\r\n</Color>""",,DataBase\bgdata_extract\180.binary\strings\BG_SETUP__RESULTS_MANAGER__RESULT_UI__RESULT_WINDOW_MANAGER__RESULTS__knifeEdgeProg_XM___DISPLAY_OPTIONS__FONT_COLOR.txt
BG_SETUP/RESULTS_MANAGER/RESULT_UI/RESULT_WINDOW_MANAGER/RESULTS/knifeEdgeProg_XM_/DISPLAY_OPTIONS/FONT_SIZE,[1],int32,1,12.0,12.0,12.0,12.0,42f4aeb81c1ef81f771f3de8abca9dcf66901c575530e7672e4b1146474ae650,12,,
BG_SETUP/RESULTS_MANAGER/RESULT_UI/RESULT_WINDOW_MANAGER/RESULTS/knifeEdgeProg_XM_/VISIBLE,[1],uint8,1,0.0,0.0,0.0,0.0,6e340b9cffb37a989ca544e6bb780a2c78901d3fb33738768511a30617afa01d,0,,
BG_SETUP/RESULTS_MANAGER/RESULT_UI/RESULT_WINDOW_MANAGER/RESULTS/knifeEdgeProg_Ym_/DISPLAY_OPTIONS/FONT_COLOR,[1],|S253,1,,,,,54f2fa510d02216c51c0b6026bef4c7bcaaf8ea59480c2a3e7088f10794762b9,"""<?xml version=\""1.0\""?>\r\n<Color xmlns:xsd=\""http://www.w3.org/2001/XMLSchema\"" xmlns:xsi=\""http://www.w3.org/2001/XMLSchema-instance\"">\r\n  <A>255</A>\r\n  <R>0</R>\r\n  <G>0</G>\r\n  <B>0</B>\r\n  <ScA>1</ScA>\r\n  <ScR>0</ScR>\r\n  <ScG>0</ScG>\r\n  <ScB>0</ScB>\r\n</Color>""",,DataBase\bgdata_extract\180.binary\strings\BG_SETUP__RESULTS_MANAGER__RESULT_UI__RESULT_WINDOW_MANAGER__RESULTS__knifeEdgeProg_Ym___DISPLAY_OPTIONS__FONT_COLOR.txt
BG_SETUP/RESULTS_MANAGER/RESULT_UI/RESULT_WINDOW_MANAGER/RESULTS/knifeEdgeProg_Ym_/DISPLAY_OPTIONS/FONT_SIZE,[1],int32,1,12.0,12.0,12.0,12.0,42f4aeb81c1ef81f771f3de8abca9dcf66901c575530e7672e4b1146474ae650,12,,
BG_SETUP/RESULTS_MANAGER/RESULT_UI/RESULT_WINDOW_MANAGER/RESULTS/knifeEdgeProg_Ym_/VISIBLE,[1],uint8,1,0.0,0.0,0.0,0.0,6e340b9cffb37a989ca544e6bb780a2c78901d3fb33738768511a30617afa01d,0,,
BG_SETUP/RESULTS_MANAGER/RESULT_UI/RESULT_WINDOW_MANAGER/RESULTS/movingSlit_XM_/DISPLAY_OPTIONS/FONT_COLOR,[1],|S253,1,,,,,54f2fa510d02216c51c0b6026bef4c7bcaaf8ea59480c2a3e7088f10794762b9,"""<?xml version=\""1.0\""?>\r\n<Color xmlns:xsd=\""http://www.w3.org/2001/XMLSchema\"" xmlns:xsi=\""http://www.w3.org/2001/XMLSchema-instance\"">\r\n  <A>255</A>\r\n  <R>0</R>\r\n  <G>0</G>\r\n  <B>0</B>\r\n  <ScA>1</ScA>\r\n  <ScR>0</ScR>\r\n  <ScG>0</ScG>\r\n  <ScB>0</ScB>\r\n</Color>""",,DataBase\bgdata_extract\180.binary\strings\BG_SETUP__RESULTS_MANAGER__RESULT_UI__RESULT_WINDOW_MANAGER__RESULTS__movingSlit_XM___DISPLAY_OPTIONS__FONT_COLOR.txt
BG_SETUP/RESULTS_MANAGER/RESULT_UI/RESULT_WINDOW_MANAGER/RESULTS/movingSlit_XM_/DISPLAY_OPTIONS/FONT_SIZE,[1],int32,1,12.0,12.0,12.0,12.0,42f4aeb81c1ef81f771f3de8abca9dcf66901c575530e7672e4b1146474ae650,12,,
BG_SETUP/RESULTS_MANAGER/RESULT_UI/RESULT_WINDOW_MANAGER/RESULTS/movingSlit_XM_/VISIBLE,[1],uint8,1,0.0,0.0,0.0,0.0,6e340b9cffb37a989ca544e6bb780a2c78901d3fb33738768511a30617afa01d,0,,
BG_SETUP/RESULTS_MANAGER/RESULT_UI/RESULT_WINDOW_MANAGER/RESULTS/movingSlit_Ym_/DISPLAY_OPTIONS/FONT_COLOR,[1],|S253,1,,,,,54f2fa510d02216c51c0b6026bef4c7bcaaf8ea59480c2a3e7088f10794762b9,"""<?xml version=\""1.0\""?>\r\n<Color xmlns:xsd=\""http://www.w3.org/2001/XMLSchema\"" xmlns:xsi=\""http://www.w3.org/2001/XMLSchema-instance\"">\r\n  <A>255</A>\r\n  <R>0</R>\r\n  <G>0</G>\r\n  <B>0</B>\r\n  <ScA>1</ScA>\r\n  <ScR>0</ScR>\r\n  <ScG>0</ScG>\r\n  <ScB>0</ScB>\r\n</Color>""",,DataBase\bgdata_extract\180.binary\strings\BG_SETUP__RESULTS_MANAGER__RESULT_UI__RESULT_WINDOW_MANAGER__RESULTS__movingSlit_Ym___DISPLAY_OPTIONS__FONT_COLOR.txt
BG_SETUP/RESULTS_MANAGER/RESULT_UI/RESULT_WINDOW_MANAGER/RESULTS/movingSlit_Ym_/DISPLAY_OPTIONS/FONT_SIZE,[1],int32,1,12.0,12.0,12.0,12.0,42f4aeb81c1ef81f771f3de8abca9dcf66901c575530e7672e4b1146474ae650,12,,
BG_SETUP/RESULTS_MANAGER/RESULT_UI/RESULT_WINDOW_MANAGER/RESULTS/movingSlit_Ym_/VISIBLE,[1],uint8,1,0.0,0.0,0.0,0.0,6e340b9cffb37a989ca544e6bb780a2c78901d3fb33738768511a30617afa01d,0,,
BG_SETUP/RESULTS_MANAGER/RESULT_UI/RESULT_WINDOW_MANAGER/RESULTS/orientation/DISPLAY_OPTIONS/FONT_COLOR,[1],|S253,1,,,,,54f2fa510d02216c51c0b6026bef4c7bcaaf8ea59480c2a3e7088f10794762b9,"""<?xml version=\""1.0\""?>\r\n<Color xmlns:xsd=\""http://www.w3.org/2001/XMLSchema\"" xmlns:xsi=\""http://www.w3.org/2001/XMLSchema-instance\"">\r\n  <A>255</A>\r\n  <R>0</R>\r\n  <G>0</G>\r\n  <B>0</B>\r\n  <ScA>1</ScA>\r\n  <ScR>0</ScR>\r\n  <ScG>0</ScG>\r\n  <ScB>0</ScB>\r\n</Color>""",,DataBase\bgdata_extract\180.binary\strings\BG_SETUP__RESULTS_MANAGER__RESULT_UI__RESULT_WINDOW_MANAGER__RESULTS__orientation__DISPLAY_OPTIONS__FONT_COLOR.txt
BG_SETUP/RESULTS_MANAGER/RESULT_UI/RESULT_WINDOW_MANAGER/RESULTS/orientation/DISPLAY_OPTIONS/FONT_SIZE,[1],int32,1,12.0,12.0,12.0,12.0,42f4aeb81c1ef81f771f3de8abca9dcf66901c575530e7672e4b1146474ae650,12,,
BG_SETUP/RESULTS_MANAGER/RESULT_UI/RESULT_WINDOW_MANAGER/RESULTS/orientation/VISIBLE,[1],uint8,1,0.0,0.0,0.0,0.0,6e340b9cffb37a989ca544e6bb780a2c78901d3fb33738768511a30617afa01d,0,,
BG_SETUP/RESULTS_MANAGER/RESULT_UI/RESULT_WINDOW_MANAGER/RESULTS/peakLocX/DISPLAY_OPTIONS/FONT_COLOR,[1],|S253,1,,,,,54f2fa510d02216c51c0b6026bef4c7bcaaf8ea59480c2a3e7088f10794762b9,"""<?xml version=\""1.0\""?>\r\n<Color xmlns:xsd=\""http://www.w3.org/2001/XMLSchema\"" xmlns:xsi=\""http://www.w3.org/2001/XMLSchema-instance\"">\r\n  <A>255</A>\r\n  <R>0</R>\r\n  <G>0</G>\r\n  <B>0</B>\r\n  <ScA>1</ScA>\r\n  <ScR>0</ScR>\r\n  <ScG>0</ScG>\r\n  <ScB>0</ScB>\r\n</Color>""",,DataBase\bgdata_extract\180.binary\strings\BG_SETUP__RESULTS_MANAGER__RESULT_UI__RESULT_WINDOW_MANAGER__RESULTS__peakLocX__DISPLAY_OPTIONS__FONT_COLOR.txt
BG_SETUP/RESULTS_MANAGER/RESULT_UI/RESULT_WINDOW_MANAGER/RESULTS/peakLocX/DISPLAY_OPTIONS/FONT_SIZE,[1],int32,1,12.0,12.0,12.0,12.0,42f4aeb81c1ef81f771f3de8abca9dcf66901c575530e7672e4b1146474ae650,12,,
BG_SETUP/RESULTS_MANAGER/RESULT_UI/RESULT_WINDOW_MANAGER/RESULTS/peakLocX/VISIBLE,[1],uint8,1,0.0,0.0,0.0,0.0,6e340b9cffb37a989ca544e6bb780a2c78901d3fb33738768511a30617afa01d,0,,
BG_SETUP/RESULTS_MANAGER/RESULT_UI/RESULT_WINDOW_MANAGER/RESULTS/peakLocY/DISPLAY_OPTIONS/FONT_COLOR,[1],|S253,1,,,,,54f2fa510d02216c51c0b6026bef4c7bcaaf8ea59480c2a3e7088f10794762b9,"""<?xml version=\""1.0\""?>\r\n<Color xmlns:xsd=\""http://www.w3.org/2001/XMLSchema\"" xmlns:xsi=\""http://www.w3.org/2001/XMLSchema-instance\"">\r\n  <A>255</A>\r\n  <R>0</R>\r\n  <G>0</G>\r\n  <B>0</B>\r\n  <ScA>1</ScA>\r\n  <ScR>0</ScR>\r\n  <ScG>0</ScG>\r\n  <ScB>0</ScB>\r\n</Color>""",,DataBase\bgdata_extract\180.binary\strings\BG_SETUP__RESULTS_MANAGER__RESULT_UI__RESULT_WINDOW_MANAGER__RESULTS__peakLocY__DISPLAY_OPTIONS__FONT_COLOR.txt
BG_SETUP/RESULTS_MANAGER/RESULT_UI/RESULT_WINDOW_MANAGER/RESULTS/peakLocY/DISPLAY_OPTIONS/FONT_SIZE,[1],int32,1,12.0,12.0,12.0,12.0,42f4aeb81c1ef81f771f3de8abca9dcf66901c575530e7672e4b1146474ae650,12,,
BG_SETUP/RESULTS_MANAGER/RESULT_UI/RESULT_WINDOW_MANAGER/RESULTS/peakLocY/VISIBLE,[1],uint8,1,0.0,0.0,0.0,0.0,6e340b9cffb37a989ca544e6bb780a2c78901d3fb33738768511a30617afa01d,0,,
BG_SETUP/RESULTS_MANAGER/RESULT_UI/RESULT_WINDOW_MANAGER/RESULTS/peakPulsePower/DISPLAY_OPTIONS/FONT_COLOR,[1],|S253,1,,,,,54f2fa510d02216c51c0b6026bef4c7bcaaf8ea59480c2a3e7088f10794762b9,"""<?xml version=\""1.0\""?>\r\n<Color xmlns:xsd=\""http://www.w3.org/2001/XMLSchema\"" xmlns:xsi=\""http://www.w3.org/2001/XMLSchema-instance\"">\r\n  <A>255</A>\r\n  <R>0</R>\r\n  <G>0</G>\r\n  <B>0</B>\r\n  <ScA>1</ScA>\r\n  <ScR>0</ScR>\r\n  <ScG>0</ScG>\r\n  <ScB>0</ScB>\r\n</Color>""",,DataBase\bgdata_extract\180.binary\strings\BG_SETUP__RESULTS_MANAGER__RESULT_UI__RESULT_WINDOW_MANAGER__RESULTS__peakPulsePower__DISPLAY_OPTIONS__FONT_COLOR.txt
BG_SETUP/RESULTS_MANAGER/RESULT_UI/RESULT_WINDOW_MANAGER/RESULTS/peakPulsePower/DISPLAY_OPTIONS/FONT_SIZE,[1],int32,1,12.0,12.0,12.0,12.0,42f4aeb81c1ef81f771f3de8abca9dcf66901c575530e7672e4b1146474ae650,12,,
BG_SETUP/RESULTS_MANAGER/RESULT_UI/RESULT_WINDOW_MANAGER/RESULTS/peakPulsePower/VISIBLE,[1],uint8,1,0.0,0.0,0.0,0.0,6e340b9cffb37a989ca544e6bb780a2c78901d3fb33738768511a30617afa01d,0,,
BG_SETUP/RESULTS_MANAGER/RESULT_UI/RESULT_WINDOW_MANAGER/RESULTS/percentInAperture/DISPLAY_OPTIONS/FONT_COLOR,[1],|S253,1,,,,,54f2fa510d02216c51c0b6026bef4c7bcaaf8ea59480c2a3e7088f10794762b9,"""<?xml version=\""1.0\""?>\r\n<Color xmlns:xsd=\""http://www.w3.org/2001/XMLSchema\"" xmlns:xsi=\""http://www.w3.org/2001/XMLSchema-instance\"">\r\n  <A>255</A>\r\n  <R>0</R>\r\n  <G>0</G>\r\n  <B>0</B>\r\n  <ScA>1</ScA>\r\n  <ScR>0</ScR>\r\n  <ScG>0</ScG>\r\n  <ScB>0</ScB>\r\n</Color>""",,DataBase\bgdata_extract\180.binary\strings\BG_SETUP__RESULTS_MANAGER__RESULT_UI__RESULT_WINDOW_MANAGER__RESULTS__percentInAperture__DISPLAY_OPTIONS__FONT_COLOR.txt
BG_SETUP/RESULTS_MANAGER/RESULT_UI/RESULT_WINDOW_MANAGER/RESULTS/percentInAperture/DISPLAY_OPTIONS/FONT_SIZE,[1],int32,1,12.0,12.0,12.0,12.0,42f4aeb81c1ef81f771f3de8abca9dcf66901c575530e7672e4b1146474ae650,12,,
BG_SETUP/RESULTS_MANAGER/RESULT_UI/RESULT_WINDOW_MANAGER/RESULTS/percentInAperture/VISIBLE,[1],uint8,1,0.0,0.0,0.0,0.0,6e340b9cffb37a989ca544e6bb780a2c78901d3fb33738768511a30617afa01d,0,,
BG_SETUP/RESULTS_MANAGER/RESULT_UI/RESULT_WINDOW_MANAGER/RESULTS/percentOfPeak/DISPLAY_OPTIONS/FONT_COLOR,[1],|S253,1,,,,,54f2fa510d02216c51c0b6026bef4c7bcaaf8ea59480c2a3e7088f10794762b9,"""<?xml version=\""1.0\""?>\r\n<Color xmlns:xsd=\""http://www.w3.org/2001/XMLSchema\"" xmlns:xsi=\""http://www.w3.org/2001/XMLSchema-instance\"">\r\n  <A>255</A>\r\n  <R>0</R>\r\n  <G>0</G>\r\n  <B>0</B>\r\n  <ScA>1</ScA>\r\n  <ScR>0</ScR>\r\n  <ScG>0</ScG>\r\n  <ScB>0</ScB>\r\n</Color>""",,DataBase\bgdata_extract\180.binary\strings\BG_SETUP__RESULTS_MANAGER__RESULT_UI__RESULT_WINDOW_MANAGER__RESULTS__percentOfPeak__DISPLAY_OPTIONS__FONT_COLOR.txt
BG_SETUP/RESULTS_MANAGER/RESULT_UI/RESULT_WINDOW_MANAGER/RESULTS/percentOfPeak/DISPLAY_OPTIONS/FONT_SIZE,[1],int32,1,12.0,12.0,12.0,12.0,42f4aeb81c1ef81f771f3de8abca9dcf66901c575530e7672e4b1146474ae650,12,,
BG_SETUP/RESULTS_MANAGER/RESULT_UI/RESULT_WINDOW_MANAGER/RESULTS/percentOfPeak/VISIBLE,[1],uint8,1,0.0,0.0,0.0,0.0,6e340b9cffb37a989ca544e6bb780a2c78901d3fb33738768511a30617afa01d,0,,
BG_SETUP/RESULTS_MANAGER/RESULT_UI/RESULT_WINDOW_MANAGER/RESULTS/percentOfPeak_XM_/DISPLAY_OPTIONS/FONT_COLOR,[1],|S253,1,,,,,54f2fa510d02216c51c0b6026bef4c7bcaaf8ea59480c2a3e7088f10794762b9,"""<?xml version=\""1.0\""?>\r\n<Color xmlns:xsd=\""http://www.w3.org/2001/XMLSchema\"" xmlns:xsi=\""http://www.w3.org/2001/XMLSchema-instance\"">\r\n  <A>255</A>\r\n  <R>0</R>\r\n  <G>0</G>\r\n  <B>0</B>\r\n  <ScA>1</ScA>\r\n  <ScR>0</ScR>\r\n  <ScG>0</ScG>\r\n  <ScB>0</ScB>\r\n</Color>""",,DataBase\bgdata_extract\180.binary\strings\BG_SETUP__RESULTS_MANAGER__RESULT_UI__RESULT_WINDOW_MANAGER__RESULTS__percentOfPeak_XM___DISPLAY_OPTIONS__FONT_COLOR.txt
BG_SETUP/RESULTS_MANAGER/RESULT_UI/RESULT_WINDOW_MANAGER/RESULTS/percentOfPeak_XM_/DISPLAY_OPTIONS/FONT_SIZE,[1],int32,1,12.0,12.0,12.0,12.0,42f4aeb81c1ef81f771f3de8abca9dcf66901c575530e7672e4b1146474ae650,12,,
BG_SETUP/RESULTS_MANAGER/RESULT_UI/RESULT_WINDOW_MANAGER/RESULTS/percentOfPeak_XM_/VISIBLE,[1],uint8,1,0.0,0.0,0.0,0.0,6e340b9cffb37a989ca544e6bb780a2c78901d3fb33738768511a30617afa01d,0,,
BG_SETUP/RESULTS_MANAGER/RESULT_UI/RESULT_WINDOW_MANAGER/RESULTS/percentOfPeak_Ym_/DISPLAY_OPTIONS/FONT_COLOR,[1],|S253,1,,,,,54f2fa510d02216c51c0b6026bef4c7bcaaf8ea59480c2a3e7088f10794762b9,"""<?xml version=\""1.0\""?>\r\n<Color xmlns:xsd=\""http://www.w3.org/2001/XMLSchema\"" xmlns:xsi=\""http://www.w3.org/2001/XMLSchema-instance\"">\r\n  <A>255</A>\r\n  <R>0</R>\r\n  <G>0</G>\r\n  <B>0</B>\r\n  <ScA>1</ScA>\r\n  <ScR>0</ScR>\r\n  <ScG>0</ScG>\r\n  <ScB>0</ScB>\r\n</Color>""",,DataBase\bgdata_extract\180.binary\strings\BG_SETUP__RESULTS_MANAGER__RESULT_UI__RESULT_WINDOW_MANAGER__RESULTS__percentOfPeak_Ym___DISPLAY_OPTIONS__FONT_COLOR.txt
BG_SETUP/RESULTS_MANAGER/RESULT_UI/RESULT_WINDOW_MANAGER/RESULTS/percentOfPeak_Ym_/DISPLAY_OPTIONS/FONT_SIZE,[1],int32,1,12.0,12.0,12.0,12.0,42f4aeb81c1ef81f771f3de8abca9dcf66901c575530e7672e4b1146474ae650,12,,
BG_SETUP/RESULTS_MANAGER/RESULT_UI/RESULT_WINDOW_MANAGER/RESULTS/percentOfPeak_Ym_/VISIBLE,[1],uint8,1,0.0,0.0,0.0,0.0,6e340b9cffb37a989ca544e6bb780a2c78901d3fb33738768511a30617afa01d,0,,
BG_SETUP/RESULTS_MANAGER/RESULT_UI/RESULT_WINDOW_MANAGER/RESULTS/percentOfTotal/DISPLAY_OPTIONS/FONT_COLOR,[1],|S253,1,,,,,54f2fa510d02216c51c0b6026bef4c7bcaaf8ea59480c2a3e7088f10794762b9,"""<?xml version=\""1.0\""?>\r\n<Color xmlns:xsd=\""http://www.w3.org/2001/XMLSchema\"" xmlns:xsi=\""http://www.w3.org/2001/XMLSchema-instance\"">\r\n  <A>255</A>\r\n  <R>0</R>\r\n  <G>0</G>\r\n  <B>0</B>\r\n  <ScA>1</ScA>\r\n  <ScR>0</ScR>\r\n  <ScG>0</ScG>\r\n  <ScB>0</ScB>\r\n</Color>""",,DataBase\bgdata_extract\180.binary\strings\BG_SETUP__RESULTS_MANAGER__RESULT_UI__RESULT_WINDOW_MANAGER__RESULTS__percentOfTotal__DISPLAY_OPTIONS__FONT_COLOR.txt
BG_SETUP/RESULTS_MANAGER/RESULT_UI/RESULT_WINDOW_MANAGER/RESULTS/percentOfTotal/DISPLAY_OPTIONS/FONT_SIZE,[1],int32,1,12.0,12.0,12.0,12.0,42f4aeb81c1ef81f771f3de8abca9dcf66901c575530e7672e4b1146474ae650,12,,
BG_SETUP/RESULTS_MANAGER/RESULT_UI/RESULT_WINDOW_MANAGER/RESULTS/percentOfTotal/VISIBLE,[1],uint8,1,0.0,0.0,0.0,0.0,6e340b9cffb37a989ca544e6bb780a2c78901d3fb33738768511a30617afa01d,0,,
BG_SETUP/RESULTS_MANAGER/RESULT_UI/RESULT_WINDOW_MANAGER/RESULTS/percentOfTotal_XM_/DISPLAY_OPTIONS/FONT_COLOR,[1],|S253,1,,,,,54f2fa510d02216c51c0b6026bef4c7bcaaf8ea59480c2a3e7088f10794762b9,"""<?xml version=\""1.0\""?>\r\n<Color xmlns:xsd=\""http://www.w3.org/2001/XMLSchema\"" xmlns:xsi=\""http://www.w3.org/2001/XMLSchema-instance\"">\r\n  <A>255</A>\r\n  <R>0</R>\r\n  <G>0</G>\r\n  <B>0</B>\r\n  <ScA>1</ScA>\r\n  <ScR>0</ScR>\r\n  <ScG>0</ScG>\r\n  <ScB>0</ScB>\r\n</Color>""",,DataBase\bgdata_extract\180.binary\strings\BG_SETUP__RESULTS_MANAGER__RESULT_UI__RESULT_WINDOW_MANAGER__RESULTS__percentOfTotal_XM___DISPLAY_OPTIONS__FONT_COLOR.txt
BG_SETUP/RESULTS_MANAGER/RESULT_UI/RESULT_WINDOW_MANAGER/RESULTS/percentOfTotal_XM_/DISPLAY_OPTIONS/FONT_SIZE,[1],int32,1,12.0,12.0,12.0,12.0,42f4aeb81c1ef81f771f3de8abca9dcf66901c575530e7672e4b1146474ae650,12,,
BG_SETUP/RESULTS_MANAGER/RESULT_UI/RESULT_WINDOW_MANAGER/RESULTS/percentOfTotal_XM_/VISIBLE,[1],uint8,1,0.0,0.0,0.0,0.0,6e340b9cffb37a989ca544e6bb780a2c78901d3fb33738768511a30617afa01d,0,,
BG_SETUP/RESULTS_MANAGER/RESULT_UI/RESULT_WINDOW_MANAGER/RESULTS/percentOfTotal_Ym_/DISPLAY_OPTIONS/FONT_COLOR,[1],|S253,1,,,,,54f2fa510d02216c51c0b6026bef4c7bcaaf8ea59480c2a3e7088f10794762b9,"""<?xml version=\""1.0\""?>\r\n<Color xmlns:xsd=\""http://www.w3.org/2001/XMLSchema\"" xmlns:xsi=\""http://www.w3.org/2001/XMLSchema-instance\"">\r\n  <A>255</A>\r\n  <R>0</R>\r\n  <G>0</G>\r\n  <B>0</B>\r\n  <ScA>1</ScA>\r\n  <ScR>0</ScR>\r\n  <ScG>0</ScG>\r\n  <ScB>0</ScB>\r\n</Color>""",,DataBase\bgdata_extract\180.binary\strings\BG_SETUP__RESULTS_MANAGER__RESULT_UI__RESULT_WINDOW_MANAGER__RESULTS__percentOfTotal_Ym___DISPLAY_OPTIONS__FONT_COLOR.txt
BG_SETUP/RESULTS_MANAGER/RESULT_UI/RESULT_WINDOW_MANAGER/RESULTS/percentOfTotal_Ym_/DISPLAY_OPTIONS/FONT_SIZE,[1],int32,1,12.0,12.0,12.0,12.0,42f4aeb81c1ef81f771f3de8abca9dcf66901c575530e7672e4b1146474ae650,12,,
BG_SETUP/RESULTS_MANAGER/RESULT_UI/RESULT_WINDOW_MANAGER/RESULTS/percentOfTotal_Ym_/VISIBLE,[1],uint8,1,0.0,0.0,0.0,0.0,6e340b9cffb37a989ca544e6bb780a2c78901d3fb33738768511a30617afa01d,0,,
BG_SETUP/RESULTS_MANAGER/RESULT_UI/RESULT_WINDOW_MANAGER/RESULTS/plateauUniformity1D_XM_/DISPLAY_OPTIONS/FONT_COLOR,[1],|S253,1,,,,,54f2fa510d02216c51c0b6026bef4c7bcaaf8ea59480c2a3e7088f10794762b9,"""<?xml version=\""1.0\""?>\r\n<Color xmlns:xsd=\""http://www.w3.org/2001/XMLSchema\"" xmlns:xsi=\""http://www.w3.org/2001/XMLSchema-instance\"">\r\n  <A>255</A>\r\n  <R>0</R>\r\n  <G>0</G>\r\n  <B>0</B>\r\n  <ScA>1</ScA>\r\n  <ScR>0</ScR>\r\n  <ScG>0</ScG>\r\n  <ScB>0</ScB>\r\n</Color>""",,DataBase\bgdata_extract\180.binary\strings\BG_SETUP__RESULTS_MANAGER__RESULT_UI__RESULT_WINDOW_MANAGER__RESULTS__plateauUniformity1D_XM___DISPLAY_OPTIONS__FONT_COLOR.txt
BG_SETUP/RESULTS_MANAGER/RESULT_UI/RESULT_WINDOW_MANAGER/RESULTS/plateauUniformity1D_XM_/DISPLAY_OPTIONS/FONT_SIZE,[1],int32,1,12.0,12.0,12.0,12.0,42f4aeb81c1ef81f771f3de8abca9dcf66901c575530e7672e4b1146474ae650,12,,
BG_SETUP/RESULTS_MANAGER/RESULT_UI/RESULT_WINDOW_MANAGER/RESULTS/plateauUniformity1D_XM_/VISIBLE,[1],uint8,1,0.0,0.0,0.0,0.0,6e340b9cffb37a989ca544e6bb780a2c78901d3fb33738768511a30617afa01d,0,,
BG_SETUP/RESULTS_MANAGER/RESULT_UI/RESULT_WINDOW_MANAGER/RESULTS/plateauUniformity1D_Ym_/DISPLAY_OPTIONS/FONT_COLOR,[1],|S253,1,,,,,54f2fa510d02216c51c0b6026bef4c7bcaaf8ea59480c2a3e7088f10794762b9,"""<?xml version=\""1.0\""?>\r\n<Color xmlns:xsd=\""http://www.w3.org/2001/XMLSchema\"" xmlns:xsi=\""http://www.w3.org/2001/XMLSchema-instance\"">\r\n  <A>255</A>\r\n  <R>0</R>\r\n  <G>0</G>\r\n  <B>0</B>\r\n  <ScA>1</ScA>\r\n  <ScR>0</ScR>\r\n  <ScG>0</ScG>\r\n  <ScB>0</ScB>\r\n</Color>""",,DataBase\bgdata_extract\180.binary\strings\BG_SETUP__RESULTS_MANAGER__RESULT_UI__RESULT_WINDOW_MANAGER__RESULTS__plateauUniformity1D_Ym___DISPLAY_OPTIONS__FONT_COLOR.txt
BG_SETUP/RESULTS_MANAGER/RESULT_UI/RESULT_WINDOW_MANAGER/RESULTS/plateauUniformity1D_Ym_/DISPLAY_OPTIONS/FONT_SIZE,[1],int32,1,12.0,12.0,12.0,12.0,42f4aeb81c1ef81f771f3de8abca9dcf66901c575530e7672e4b1146474ae650,12,,
BG_SETUP/RESULTS_MANAGER/RESULT_UI/RESULT_WINDOW_MANAGER/RESULTS/plateauUniformity1D_Ym_/VISIBLE,[1],uint8,1,0.0,0.0,0.0,0.0,6e340b9cffb37a989ca544e6bb780a2c78901d3fb33738768511a30617afa01d,0,,
BG_SETUP/RESULTS_MANAGER/RESULT_UI/RESULT_WINDOW_MANAGER/RESULTS/powerEnergyMin_PE_/DISPLAY_OPTIONS/FONT_COLOR,[1],|S253,1,,,,,54f2fa510d02216c51c0b6026bef4c7bcaaf8ea59480c2a3e7088f10794762b9,"""<?xml version=\""1.0\""?>\r\n<Color xmlns:xsd=\""http://www.w3.org/2001/XMLSchema\"" xmlns:xsi=\""http://www.w3.org/2001/XMLSchema-instance\"">\r\n  <A>255</A>\r\n  <R>0</R>\r\n  <G>0</G>\r\n  <B>0</B>\r\n  <ScA>1</ScA>\r\n  <ScR>0</ScR>\r\n  <ScG>0</ScG>\r\n  <ScB>0</ScB>\r\n</Color>""",,DataBase\bgdata_extract\180.binary\strings\BG_SETUP__RESULTS_MANAGER__RESULT_UI__RESULT_WINDOW_MANAGER__RESULTS__powerEnergyMin_PE___DISPLAY_OPTIONS__FONT_COLOR.txt
BG_SETUP/RESULTS_MANAGER/RESULT_UI/RESULT_WINDOW_MANAGER/RESULTS/powerEnergyMin_PE_/DISPLAY_OPTIONS/FONT_SIZE,[1],int32,1,12.0,12.0,12.0,12.0,42f4aeb81c1ef81f771f3de8abca9dcf66901c575530e7672e4b1146474ae650,12,,
BG_SETUP/RESULTS_MANAGER/RESULT_UI/RESULT_WINDOW_MANAGER/RESULTS/powerEnergyMin_PE_/VISIBLE,[1],uint8,1,1.0,1.0,1.0,1.0,4bf5122f344554c53bde2ebb8cd2b7e3d1600ad631c385a5d7cce23c7785459a,1,,
BG_SETUP/RESULTS_MANAGER/RESULT_UI/RESULT_WINDOW_MANAGER/RESULTS/powerEnergyPeak_PE_/DISPLAY_OPTIONS/FONT_COLOR,[1],|S253,1,,,,,54f2fa510d02216c51c0b6026bef4c7bcaaf8ea59480c2a3e7088f10794762b9,"""<?xml version=\""1.0\""?>\r\n<Color xmlns:xsd=\""http://www.w3.org/2001/XMLSchema\"" xmlns:xsi=\""http://www.w3.org/2001/XMLSchema-instance\"">\r\n  <A>255</A>\r\n  <R>0</R>\r\n  <G>0</G>\r\n  <B>0</B>\r\n  <ScA>1</ScA>\r\n  <ScR>0</ScR>\r\n  <ScG>0</ScG>\r\n  <ScB>0</ScB>\r\n</Color>""",,DataBase\bgdata_extract\180.binary\strings\BG_SETUP__RESULTS_MANAGER__RESULT_UI__RESULT_WINDOW_MANAGER__RESULTS__powerEnergyPeak_PE___DISPLAY_OPTIONS__FONT_COLOR.txt
BG_SETUP/RESULTS_MANAGER/RESULT_UI/RESULT_WINDOW_MANAGER/RESULTS/powerEnergyPeak_PE_/DISPLAY_OPTIONS/FONT_SIZE,[1],int32,1,12.0,12.0,12.0,12.0,42f4aeb81c1ef81f771f3de8abca9dcf66901c575530e7672e4b1146474ae650,12,,
BG_SETUP/RESULTS_MANAGER/RESULT_UI/RESULT_WINDOW_MANAGER/RESULTS/powerEnergyPeak_PE_/VISIBLE,[1],uint8,1,1.0,1.0,1.0,1.0,4bf5122f344554c53bde2ebb8cd2b7e3d1600ad631c385a5d7cce23c7785459a,1,,
BG_SETUP/RESULTS_MANAGER/RESULT_UI/RESULT_WINDOW_MANAGER/RESULTS/powerEnergyTotal_PE_/DISPLAY_OPTIONS/FONT_COLOR,[1],|S253,1,,,,,54f2fa510d02216c51c0b6026bef4c7bcaaf8ea59480c2a3e7088f10794762b9,"""<?xml version=\""1.0\""?>\r\n<Color xmlns:xsd=\""http://www.w3.org/2001/XMLSchema\"" xmlns:xsi=\""http://www.w3.org/2001/XMLSchema-instance\"">\r\n  <A>255</A>\r\n  <R>0</R>\r\n  <G>0</G>\r\n  <B>0</B>\r\n  <ScA>1</ScA>\r\n  <ScR>0</ScR>\r\n  <ScG>0</ScG>\r\n  <ScB>0</ScB>\r\n</Color>""",,DataBase\bgdata_extract\180.binary\strings\BG_SETUP__RESULTS_MANAGER__RESULT_UI__RESULT_WINDOW_MANAGER__RESULTS__powerEnergyTotal_PE___DISPLAY_OPTIONS__FONT_COLOR.txt
BG_SETUP/RESULTS_MANAGER/RESULT_UI/RESULT_WINDOW_MANAGER/RESULTS/powerEnergyTotal_PE_/DISPLAY_OPTIONS/FONT_SIZE,[1],int32,1,12.0,12.0,12.0,12.0,42f4aeb81c1ef81f771f3de8abca9dcf66901c575530e7672e4b1146474ae650,12,,
BG_SETUP/RESULTS_MANAGER/RESULT_UI/RESULT_WINDOW_MANAGER/RESULTS/powerEnergyTotal_PE_/VISIBLE,[1],uint8,1,1.0,1.0,1.0,1.0,4bf5122f344554c53bde2ebb8cd2b7e3d1600ad631c385a5d7cce23c7785459a,1,,
BG_SETUP/RESULTS_MANAGER/RESULT_UI/RESULT_WINDOW_MANAGER/RESULTS/radiantIntensity/DISPLAY_OPTIONS/FONT_COLOR,[1],|S253,1,,,,,54f2fa510d02216c51c0b6026bef4c7bcaaf8ea59480c2a3e7088f10794762b9,"""<?xml version=\""1.0\""?>\r\n<Color xmlns:xsd=\""http://www.w3.org/2001/XMLSchema\"" xmlns:xsi=\""http://www.w3.org/2001/XMLSchema-instance\"">\r\n  <A>255</A>\r\n  <R>0</R>\r\n  <G>0</G>\r\n  <B>0</B>\r\n  <ScA>1</ScA>\r\n  <ScR>0</ScR>\r\n  <ScG>0</ScG>\r\n  <ScB>0</ScB>\r\n</Color>""",,DataBase\bgdata_extract\180.binary\strings\BG_SETUP__RESULTS_MANAGER__RESULT_UI__RESULT_WINDOW_MANAGER__RESULTS__radiantIntensity__DISPLAY_OPTIONS__FONT_COLOR.txt
BG_SETUP/RESULTS_MANAGER/RESULT_UI/RESULT_WINDOW_MANAGER/RESULTS/radiantIntensity/DISPLAY_OPTIONS/FONT_SIZE,[1],int32,1,12.0,12.0,12.0,12.0,42f4aeb81c1ef81f771f3de8abca9dcf66901c575530e7672e4b1146474ae650,12,,
BG_SETUP/RESULTS_MANAGER/RESULT_UI/RESULT_WINDOW_MANAGER/RESULTS/radiantIntensity/VISIBLE,[1],uint8,1,0.0,0.0,0.0,0.0,6e340b9cffb37a989ca544e6bb780a2c78901d3fb33738768511a30617afa01d,0,,
BG_SETUP/RESULTS_MANAGER/RESULT_UI/RESULT_WINDOW_MANAGER/RESULTS/roughnessOfFit1D_XM_/DISPLAY_OPTIONS/FONT_COLOR,[1],|S253,1,,,,,54f2fa510d02216c51c0b6026bef4c7bcaaf8ea59480c2a3e7088f10794762b9,"""<?xml version=\""1.0\""?>\r\n<Color xmlns:xsd=\""http://www.w3.org/2001/XMLSchema\"" xmlns:xsi=\""http://www.w3.org/2001/XMLSchema-instance\"">\r\n  <A>255</A>\r\n  <R>0</R>\r\n  <G>0</G>\r\n  <B>0</B>\r\n  <ScA>1</ScA>\r\n  <ScR>0</ScR>\r\n  <ScG>0</ScG>\r\n  <ScB>0</ScB>\r\n</Color>""",,DataBase\bgdata_extract\180.binary\strings\BG_SETUP__RESULTS_MANAGER__RESULT_UI__RESULT_WINDOW_MANAGER__RESULTS__roughnessOfFit1D_XM___DISPLAY_OPTIONS__FONT_COLOR.txt
BG_SETUP/RESULTS_MANAGER/RESULT_UI/RESULT_WINDOW_MANAGER/RESULTS/roughnessOfFit1D_XM_/DISPLAY_OPTIONS/FONT_SIZE,[1],int32,1,12.0,12.0,12.0,12.0,42f4aeb81c1ef81f771f3de8abca9dcf66901c575530e7672e4b1146474ae650,12,,
BG_SETUP/RESULTS_MANAGER/RESULT_UI/RESULT_WINDOW_MANAGER/RESULTS/roughnessOfFit1D_XM_/VISIBLE,[1],uint8,1,0.0,0.0,0.0,0.0,6e340b9cffb37a989ca544e6bb780a2c78901d3fb33738768511a30617afa01d,0,,
BG_SETUP/RESULTS_MANAGER/RESULT_UI/RESULT_WINDOW_MANAGER/RESULTS/roughnessOfFit1D_Ym_/DISPLAY_OPTIONS/FONT_COLOR,[1],|S253,1,,,,,54f2fa510d02216c51c0b6026bef4c7bcaaf8ea59480c2a3e7088f10794762b9,"""<?xml version=\""1.0\""?>\r\n<Color xmlns:xsd=\""http://www.w3.org/2001/XMLSchema\"" xmlns:xsi=\""http://www.w3.org/2001/XMLSchema-instance\"">\r\n  <A>255</A>\r\n  <R>0</R>\r\n  <G>0</G>\r\n  <B>0</B>\r\n  <ScA>1</ScA>\r\n  <ScR>0</ScR>\r\n  <ScG>0</ScG>\r\n  <ScB>0</ScB>\r\n</Color>""",,DataBase\bgdata_extract\180.binary\strings\BG_SETUP__RESULTS_MANAGER__RESULT_UI__RESULT_WINDOW_MANAGER__RESULTS__roughnessOfFit1D_Ym___DISPLAY_OPTIONS__FONT_COLOR.txt
BG_SETUP/RESULTS_MANAGER/RESULT_UI/RESULT_WINDOW_MANAGER/RESULTS/roughnessOfFit1D_Ym_/DISPLAY_OPTIONS/FONT_SIZE,[1],int32,1,12.0,12.0,12.0,12.0,42f4aeb81c1ef81f771f3de8abca9dcf66901c575530e7672e4b1146474ae650,12,,
BG_SETUP/RESULTS_MANAGER/RESULT_UI/RESULT_WINDOW_MANAGER/RESULTS/roughnessOfFit1D_Ym_/VISIBLE,[1],uint8,1,0.0,0.0,0.0,0.0,6e340b9cffb37a989ca544e6bb780a2c78901d3fb33738768511a30617afa01d,0,,
BG_SETUP/RESULTS_MANAGER/RESULT_UI/RESULT_WINDOW_MANAGER/RESULTS/smallestAperatureProg/DISPLAY_OPTIONS/FONT_COLOR,[1],|S253,1,,,,,54f2fa510d02216c51c0b6026bef4c7bcaaf8ea59480c2a3e7088f10794762b9,"""<?xml version=\""1.0\""?>\r\n<Color xmlns:xsd=\""http://www.w3.org/2001/XMLSchema\"" xmlns:xsi=\""http://www.w3.org/2001/XMLSchema-instance\"">\r\n  <A>255</A>\r\n  <R>0</R>\r\n  <G>0</G>\r\n  <B>0</B>\r\n  <ScA>1</ScA>\r\n  <ScR>0</ScR>\r\n  <ScG>0</ScG>\r\n  <ScB>0</ScB>\r\n</Color>""",,DataBase\bgdata_extract\180.binary\strings\BG_SETUP__RESULTS_MANAGER__RESULT_UI__RESULT_WINDOW_MANAGER__RESULTS__smallestAperatureProg__DISPLAY_OPTIONS__FONT_COLOR.txt
BG_SETUP/RESULTS_MANAGER/RESULT_UI/RESULT_WINDOW_MANAGER/RESULTS/smallestAperatureProg/DISPLAY_OPTIONS/FONT_SIZE,[1],int32,1,12.0,12.0,12.0,12.0,42f4aeb81c1ef81f771f3de8abca9dcf66901c575530e7672e4b1146474ae650,12,,
BG_SETUP/RESULTS_MANAGER/RESULT_UI/RESULT_WINDOW_MANAGER/RESULTS/smallestAperatureProg/VISIBLE,[1],uint8,1,0.0,0.0,0.0,0.0,6e340b9cffb37a989ca544e6bb780a2c78901d3fb33738768511a30617afa01d,0,,
BG_SETUP/RESULTS_MANAGER/RESULT_UI/RESULT_WINDOW_MANAGER/RESULTS/smallestAperture865/DISPLAY_OPTIONS/FONT_COLOR,[1],|S253,1,,,,,54f2fa510d02216c51c0b6026bef4c7bcaaf8ea59480c2a3e7088f10794762b9,"""<?xml version=\""1.0\""?>\r\n<Color xmlns:xsd=\""http://www.w3.org/2001/XMLSchema\"" xmlns:xsi=\""http://www.w3.org/2001/XMLSchema-instance\"">\r\n  <A>255</A>\r\n  <R>0</R>\r\n  <G>0</G>\r\n  <B>0</B>\r\n  <ScA>1</ScA>\r\n  <ScR>0</ScR>\r\n  <ScG>0</ScG>\r\n  <ScB>0</ScB>\r\n</Color>""",,DataBase\bgdata_extract\180.binary\strings\BG_SETUP__RESULTS_MANAGER__RESULT_UI__RESULT_WINDOW_MANAGER__RESULTS__smallestAperture865__DISPLAY_OPTIONS__FONT_COLOR.txt
BG_SETUP/RESULTS_MANAGER/RESULT_UI/RESULT_WINDOW_MANAGER/RESULTS/smallestAperture865/DISPLAY_OPTIONS/FONT_SIZE,[1],int32,1,12.0,12.0,12.0,12.0,42f4aeb81c1ef81f771f3de8abca9dcf66901c575530e7672e4b1146474ae650,12,,
BG_SETUP/RESULTS_MANAGER/RESULT_UI/RESULT_WINDOW_MANAGER/RESULTS/smallestAperture865/VISIBLE,[1],uint8,1,0.0,0.0,0.0,0.0,6e340b9cffb37a989ca544e6bb780a2c78901d3fb33738768511a30617afa01d,0,,
BG_SETUP/RESULTS_MANAGER/RESULT_UI/RESULT_WINDOW_MANAGER/RESULTS/smallestSlit954_XM_/DISPLAY_OPTIONS/FONT_COLOR,[1],|S253,1,,,,,54f2fa510d02216c51c0b6026bef4c7bcaaf8ea59480c2a3e7088f10794762b9,"""<?xml version=\""1.0\""?>\r\n<Color xmlns:xsd=\""http://www.w3.org/2001/XMLSchema\"" xmlns:xsi=\""http://www.w3.org/2001/XMLSchema-instance\"">\r\n  <A>255</A>\r\n  <R>0</R>\r\n  <G>0</G>\r\n  <B>0</B>\r\n  <ScA>1</ScA>\r\n  <ScR>0</ScR>\r\n  <ScG>0</ScG>\r\n  <ScB>0</ScB>\r\n</Color>""",,DataBase\bgdata_extract\180.binary\strings\BG_SETUP__RESULTS_MANAGER__RESULT_UI__RESULT_WINDOW_MANAGER__RESULTS__smallestSlit954_XM___DISPLAY_OPTIONS__FONT_COLOR.txt
BG_SETUP/RESULTS_MANAGER/RESULT_UI/RESULT_WINDOW_MANAGER/RESULTS/smallestSlit954_XM_/DISPLAY_OPTIONS/FONT_SIZE,[1],int32,1,12.0,12.0,12.0,12.0,42f4aeb81c1ef81f771f3de8abca9dcf66901c575530e7672e4b1146474ae650,12,,
BG_SETUP/RESULTS_MANAGER/RESULT_UI/RESULT_WINDOW_MANAGER/RESULTS/smallestSlit954_XM_/VISIBLE,[1],uint8,1,0.0,0.0,0.0,0.0,6e340b9cffb37a989ca544e6bb780a2c78901d3fb33738768511a30617afa01d,0,,
BG_SETUP/RESULTS_MANAGER/RESULT_UI/RESULT_WINDOW_MANAGER/RESULTS/smallestSlit954_Ym_/DISPLAY_OPTIONS/FONT_COLOR,[1],|S253,1,,,,,54f2fa510d02216c51c0b6026bef4c7bcaaf8ea59480c2a3e7088f10794762b9,"""<?xml version=\""1.0\""?>\r\n<Color xmlns:xsd=\""http://www.w3.org/2001/XMLSchema\"" xmlns:xsi=\""http://www.w3.org/2001/XMLSchema-instance\"">\r\n  <A>255</A>\r\n  <R>0</R>\r\n  <G>0</G>\r\n  <B>0</B>\r\n  <ScA>1</ScA>\r\n  <ScR>0</ScR>\r\n  <ScG>0</ScG>\r\n  <ScB>0</ScB>\r\n</Color>""",,DataBase\bgdata_extract\180.binary\strings\BG_SETUP__RESULTS_MANAGER__RESULT_UI__RESULT_WINDOW_MANAGER__RESULTS__smallestSlit954_Ym___DISPLAY_OPTIONS__FONT_COLOR.txt
BG_SETUP/RESULTS_MANAGER/RESULT_UI/RESULT_WINDOW_MANAGER/RESULTS/smallestSlit954_Ym_/DISPLAY_OPTIONS/FONT_SIZE,[1],int32,1,12.0,12.0,12.0,12.0,42f4aeb81c1ef81f771f3de8abca9dcf66901c575530e7672e4b1146474ae650,12,,
BG_SETUP/RESULTS_MANAGER/RESULT_UI/RESULT_WINDOW_MANAGER/RESULTS/smallestSlit954_Ym_/VISIBLE,[1],uint8,1,0.0,0.0,0.0,0.0,6e340b9cffb37a989ca544e6bb780a2c78901d3fb33738768511a30617afa01d,0,,
BG_SETUP/RESULTS_MANAGER/RESULT_UI/RESULT_WINDOW_MANAGER/RESULTS/topHatEdgeSteepness/DISPLAY_OPTIONS/FONT_COLOR,[1],|S253,1,,,,,54f2fa510d02216c51c0b6026bef4c7bcaaf8ea59480c2a3e7088f10794762b9,"""<?xml version=\""1.0\""?>\r\n<Color xmlns:xsd=\""http://www.w3.org/2001/XMLSchema\"" xmlns:xsi=\""http://www.w3.org/2001/XMLSchema-instance\"">\r\n  <A>255</A>\r\n  <R>0</R>\r\n  <G>0</G>\r\n  <B>0</B>\r\n  <ScA>1</ScA>\r\n  <ScR>0</ScR>\r\n  <ScG>0</ScG>\r\n  <ScB>0</ScB>\r\n</Color>""",,DataBase\bgdata_extract\180.binary\strings\BG_SETUP__RESULTS_MANAGER__RESULT_UI__RESULT_WINDOW_MANAGER__RESULTS__topHatEdgeSteepness__DISPLAY_OPTIONS__FONT_COLOR.txt
BG_SETUP/RESULTS_MANAGER/RESULT_UI/RESULT_WINDOW_MANAGER/RESULTS/topHatEdgeSteepness/DISPLAY_OPTIONS/FONT_SIZE,[1],int32,1,12.0,12.0,12.0,12.0,42f4aeb81c1ef81f771f3de8abca9dcf66901c575530e7672e4b1146474ae650,12,,
BG_SETUP/RESULTS_MANAGER/RESULT_UI/RESULT_WINDOW_MANAGER/RESULTS/topHatEdgeSteepness/VISIBLE,[1],uint8,1,0.0,0.0,0.0,0.0,6e340b9cffb37a989ca544e6bb780a2c78901d3fb33738768511a30617afa01d,0,,
BG_SETUP/RESULTS_MANAGER/RESULT_UI/RESULT_WINDOW_MANAGER/RESULTS/topHatEffAvgFluence/DISPLAY_OPTIONS/FONT_COLOR,[1],|S253,1,,,,,54f2fa510d02216c51c0b6026bef4c7bcaaf8ea59480c2a3e7088f10794762b9,"""<?xml version=\""1.0\""?>\r\n<Color xmlns:xsd=\""http://www.w3.org/2001/XMLSchema\"" xmlns:xsi=\""http://www.w3.org/2001/XMLSchema-instance\"">\r\n  <A>255</A>\r\n  <R>0</R>\r\n  <G>0</G>\r\n  <B>0</B>\r\n  <ScA>1</ScA>\r\n  <ScR>0</ScR>\r\n  <ScG>0</ScG>\r\n  <ScB>0</ScB>\r\n</Color>""",,DataBase\bgdata_extract\180.binary\strings\BG_SETUP__RESULTS_MANAGER__RESULT_UI__RESULT_WINDOW_MANAGER__RESULTS__topHatEffAvgFluence__DISPLAY_OPTIONS__FONT_COLOR.txt
BG_SETUP/RESULTS_MANAGER/RESULT_UI/RESULT_WINDOW_MANAGER/RESULTS/topHatEffAvgFluence/DISPLAY_OPTIONS/FONT_SIZE,[1],int32,1,12.0,12.0,12.0,12.0,42f4aeb81c1ef81f771f3de8abca9dcf66901c575530e7672e4b1146474ae650,12,,
BG_SETUP/RESULTS_MANAGER/RESULT_UI/RESULT_WINDOW_MANAGER/RESULTS/topHatEffAvgFluence/VISIBLE,[1],uint8,1,0.0,0.0,0.0,0.0,6e340b9cffb37a989ca544e6bb780a2c78901d3fb33738768511a30617afa01d,0,,
BG_SETUP/RESULTS_MANAGER/RESULT_UI/RESULT_WINDOW_MANAGER/RESULTS/topHatEffectiveArea/DISPLAY_OPTIONS/FONT_COLOR,[1],|S253,1,,,,,54f2fa510d02216c51c0b6026bef4c7bcaaf8ea59480c2a3e7088f10794762b9,"""<?xml version=\""1.0\""?>\r\n<Color xmlns:xsd=\""http://www.w3.org/2001/XMLSchema\"" xmlns:xsi=\""http://www.w3.org/2001/XMLSchema-instance\"">\r\n  <A>255</A>\r\n  <R>0</R>\r\n  <G>0</G>\r\n  <B>0</B>\r\n  <ScA>1</ScA>\r\n  <ScR>0</ScR>\r\n  <ScG>0</ScG>\r\n  <ScB>0</ScB>\r\n</Color>""",,DataBase\bgdata_extract\180.binary\strings\BG_SETUP__RESULTS_MANAGER__RESULT_UI__RESULT_WINDOW_MANAGER__RESULTS__topHatEffectiveArea__DISPLAY_OPTIONS__FONT_COLOR.txt
BG_SETUP/RESULTS_MANAGER/RESULT_UI/RESULT_WINDOW_MANAGER/RESULTS/topHatEffectiveArea/DISPLAY_OPTIONS/FONT_SIZE,[1],int32,1,12.0,12.0,12.0,12.0,42f4aeb81c1ef81f771f3de8abca9dcf66901c575530e7672e4b1146474ae650,12,,
BG_SETUP/RESULTS_MANAGER/RESULT_UI/RESULT_WINDOW_MANAGER/RESULTS/topHatEffectiveArea/VISIBLE,[1],uint8,1,0.0,0.0,0.0,0.0,6e340b9cffb37a989ca544e6bb780a2c78901d3fb33738768511a30617afa01d,0,,
BG_SETUP/RESULTS_MANAGER/RESULT_UI/RESULT_WINDOW_MANAGER/RESULTS/topHatEffective_PE_/DISPLAY_OPTIONS/FONT_COLOR,[1],|S253,1,,,,,54f2fa510d02216c51c0b6026bef4c7bcaaf8ea59480c2a3e7088f10794762b9,"""<?xml version=\""1.0\""?>\r\n<Color xmlns:xsd=\""http://www.w3.org/2001/XMLSchema\"" xmlns:xsi=\""http://www.w3.org/2001/XMLSchema-instance\"">\r\n  <A>255</A>\r\n  <R>0</R>\r\n  <G>0</G>\r\n  <B>0</B>\r\n  <ScA>1</ScA>\r\n  <ScR>0</ScR>\r\n  <ScG>0</ScG>\r\n  <ScB>0</ScB>\r\n</Color>""",,DataBase\bgdata_extract\180.binary\strings\BG_SETUP__RESULTS_MANAGER__RESULT_UI__RESULT_WINDOW_MANAGER__RESULTS__topHatEffective_PE___DISPLAY_OPTIONS__FONT_COLOR.txt
BG_SETUP/RESULTS_MANAGER/RESULT_UI/RESULT_WINDOW_MANAGER/RESULTS/topHatEffective_PE_/DISPLAY_OPTIONS/FONT_SIZE,[1],int32,1,12.0,12.0,12.0,12.0,42f4aeb81c1ef81f771f3de8abca9dcf66901c575530e7672e4b1146474ae650,12,,
BG_SETUP/RESULTS_MANAGER/RESULT_UI/RESULT_WINDOW_MANAGER/RESULTS/topHatEffective_PE_/VISIBLE,[1],uint8,1,0.0,0.0,0.0,0.0,6e340b9cffb37a989ca544e6bb780a2c78901d3fb33738768511a30617afa01d,0,,
BG_SETUP/RESULTS_MANAGER/RESULT_UI/RESULT_WINDOW_MANAGER/RESULTS/topHatFlatness/DISPLAY_OPTIONS/FONT_COLOR,[1],|S253,1,,,,,54f2fa510d02216c51c0b6026bef4c7bcaaf8ea59480c2a3e7088f10794762b9,"""<?xml version=\""1.0\""?>\r\n<Color xmlns:xsd=\""http://www.w3.org/2001/XMLSchema\"" xmlns:xsi=\""http://www.w3.org/2001/XMLSchema-instance\"">\r\n  <A>255</A>\r\n  <R>0</R>\r\n  <G>0</G>\r\n  <B>0</B>\r\n  <ScA>1</ScA>\r\n  <ScR>0</ScR>\r\n  <ScG>0</ScG>\r\n  <ScB>0</ScB>\r\n</Color>""",,DataBase\bgdata_extract\180.binary\strings\BG_SETUP__RESULTS_MANAGER__RESULT_UI__RESULT_WINDOW_MANAGER__RESULTS__topHatFlatness__DISPLAY_OPTIONS__FONT_COLOR.txt
BG_SETUP/RESULTS_MANAGER/RESULT_UI/RESULT_WINDOW_MANAGER/RESULTS/topHatFlatness/DISPLAY_OPTIONS/FONT_SIZE,[1],int32,1,12.0,12.0,12.0,12.0,42f4aeb81c1ef81f771f3de8abca9dcf66901c575530e7672e4b1146474ae650,12,,
BG_SETUP/RESULTS_MANAGER/RESULT_UI/RESULT_WINDOW_MANAGER/RESULTS/topHatFlatness/VISIBLE,[1],uint8,1,0.0,0.0,0.0,0.0,6e340b9cffb37a989ca544e6bb780a2c78901d3fb33738768511a30617afa01d,0,,
BG_SETUP/RESULTS_MANAGER/RESULT_UI/RESULT_WINDOW_MANAGER/RESULTS/topHatFractional_PE_/DISPLAY_OPTIONS/FONT_COLOR,[1],|S253,1,,,,,54f2fa510d02216c51c0b6026bef4c7bcaaf8ea59480c2a3e7088f10794762b9,"""<?xml version=\""1.0\""?>\r\n<Color xmlns:xsd=\""http://www.w3.org/2001/XMLSchema\"" xmlns:xsi=\""http://www.w3.org/2001/XMLSchema-instance\"">\r\n  <A>255</A>\r\n  <R>0</R>\r\n  <G>0</G>\r\n  <B>0</B>\r\n  <ScA>1</ScA>\r\n  <ScR>0</ScR>\r\n  <ScG>0</ScG>\r\n  <ScB>0</ScB>\r\n</Color>""",,DataBase\bgdata_extract\180.binary\strings\BG_SETUP__RESULTS_MANAGER__RESULT_UI__RESULT_WINDOW_MANAGER__RESULTS__topHatFractional_PE___DISPLAY_OPTIONS__FONT_COLOR.txt
BG_SETUP/RESULTS_MANAGER/RESULT_UI/RESULT_WINDOW_MANAGER/RESULTS/topHatFractional_PE_/DISPLAY_OPTIONS/FONT_SIZE,[1],int32,1,12.0,12.0,12.0,12.0,42f4aeb81c1ef81f771f3de8abca9dcf66901c575530e7672e4b1146474ae650,12,,
BG_SETUP/RESULTS_MANAGER/RESULT_UI/RESULT_WINDOW_MANAGER/RESULTS/topHatFractional_PE_/VISIBLE,[1],uint8,1,0.0,0.0,0.0,0.0,6e340b9cffb37a989ca544e6bb780a2c78901d3fb33738768511a30617afa01d,0,,
BG_SETUP/RESULTS_MANAGER/RESULT_UI/RESULT_WINDOW_MANAGER/RESULTS/topHatPlateauUniformity/DISPLAY_OPTIONS/FONT_COLOR,[1],|S253,1,,,,,54f2fa510d02216c51c0b6026bef4c7bcaaf8ea59480c2a3e7088f10794762b9,"""<?xml version=\""1.0\""?>\r\n<Color xmlns:xsd=\""http://www.w3.org/2001/XMLSchema\"" xmlns:xsi=\""http://www.w3.org/2001/XMLSchema-instance\"">\r\n  <A>255</A>\r\n  <R>0</R>\r\n  <G>0</G>\r\n  <B>0</B>\r\n  <ScA>1</ScA>\r\n  <ScR>0</ScR>\r\n  <ScG>0</ScG>\r\n  <ScB>0</ScB>\r\n</Color>""",,DataBase\bgdata_extract\180.binary\strings\BG_SETUP__RESULTS_MANAGER__RESULT_UI__RESULT_WINDOW_MANAGER__RESULTS__topHatPlateauUniformity__DISPLAY_OPTIONS__FONT_COLOR.txt
BG_SETUP/RESULTS_MANAGER/RESULT_UI/RESULT_WINDOW_MANAGER/RESULTS/topHatPlateauUniformity/DISPLAY_OPTIONS/FONT_SIZE,[1],int32,1,12.0,12.0,12.0,12.0,42f4aeb81c1ef81f771f3de8abca9dcf66901c575530e7672e4b1146474ae650,12,,
BG_SETUP/RESULTS_MANAGER/RESULT_UI/RESULT_WINDOW_MANAGER/RESULTS/topHatPlateauUniformity/VISIBLE,[1],uint8,1,0.0,0.0,0.0,0.0,6e340b9cffb37a989ca544e6bb780a2c78901d3fb33738768511a30617afa01d,0,,
BG_SETUP/RESULTS_MANAGER/RESULT_UI/RESULT_WINDOW_MANAGER/RESULTS/topHatUniformity/DISPLAY_OPTIONS/FONT_COLOR,[1],|S253,1,,,,,54f2fa510d02216c51c0b6026bef4c7bcaaf8ea59480c2a3e7088f10794762b9,"""<?xml version=\""1.0\""?>\r\n<Color xmlns:xsd=\""http://www.w3.org/2001/XMLSchema\"" xmlns:xsi=\""http://www.w3.org/2001/XMLSchema-instance\"">\r\n  <A>255</A>\r\n  <R>0</R>\r\n  <G>0</G>\r\n  <B>0</B>\r\n  <ScA>1</ScA>\r\n  <ScR>0</ScR>\r\n  <ScG>0</ScG>\r\n  <ScB>0</ScB>\r\n</Color>""",,DataBase\bgdata_extract\180.binary\strings\BG_SETUP__RESULTS_MANAGER__RESULT_UI__RESULT_WINDOW_MANAGER__RESULTS__topHatUniformity__DISPLAY_OPTIONS__FONT_COLOR.txt
BG_SETUP/RESULTS_MANAGER/RESULT_UI/RESULT_WINDOW_MANAGER/RESULTS/topHatUniformity/DISPLAY_OPTIONS/FONT_SIZE,[1],int32,1,12.0,12.0,12.0,12.0,42f4aeb81c1ef81f771f3de8abca9dcf66901c575530e7672e4b1146474ae650,12,,
BG_SETUP/RESULTS_MANAGER/RESULT_UI/RESULT_WINDOW_MANAGER/RESULTS/topHatUniformity/VISIBLE,[1],uint8,1,0.0,0.0,0.0,0.0,6e340b9cffb37a989ca544e6bb780a2c78901d3fb33738768511a30617afa01d,0,,
BG_SETUP/RESULTS_MANAGER/RESULT_UI/RESULT_WINDOW_MANAGER/RESULTS/uniformity1D_XM_/DISPLAY_OPTIONS/FONT_COLOR,[1],|S253,1,,,,,54f2fa510d02216c51c0b6026bef4c7bcaaf8ea59480c2a3e7088f10794762b9,"""<?xml version=\""1.0\""?>\r\n<Color xmlns:xsd=\""http://www.w3.org/2001/XMLSchema\"" xmlns:xsi=\""http://www.w3.org/2001/XMLSchema-instance\"">\r\n  <A>255</A>\r\n  <R>0</R>\r\n  <G>0</G>\r\n  <B>0</B>\r\n  <ScA>1</ScA>\r\n  <ScR>0</ScR>\r\n  <ScG>0</ScG>\r\n  <ScB>0</ScB>\r\n</Color>""",,DataBase\bgdata_extract\180.binary\strings\BG_SETUP__RESULTS_MANAGER__RESULT_UI__RESULT_WINDOW_MANAGER__RESULTS__uniformity1D_XM___DISPLAY_OPTIONS__FONT_COLOR.txt
BG_SETUP/RESULTS_MANAGER/RESULT_UI/RESULT_WINDOW_MANAGER/RESULTS/uniformity1D_XM_/DISPLAY_OPTIONS/FONT_SIZE,[1],int32,1,12.0,12.0,12.0,12.0,42f4aeb81c1ef81f771f3de8abca9dcf66901c575530e7672e4b1146474ae650,12,,
BG_SETUP/RESULTS_MANAGER/RESULT_UI/RESULT_WINDOW_MANAGER/RESULTS/uniformity1D_XM_/VISIBLE,[1],uint8,1,0.0,0.0,0.0,0.0,6e340b9cffb37a989ca544e6bb780a2c78901d3fb33738768511a30617afa01d,0,,
BG_SETUP/RESULTS_MANAGER/RESULT_UI/RESULT_WINDOW_MANAGER/RESULTS/uniformity1D_Ym_/DISPLAY_OPTIONS/FONT_COLOR,[1],|S253,1,,,,,54f2fa510d02216c51c0b6026bef4c7bcaaf8ea59480c2a3e7088f10794762b9,"""<?xml version=\""1.0\""?>\r\n<Color xmlns:xsd=\""http://www.w3.org/2001/XMLSchema\"" xmlns:xsi=\""http://www.w3.org/2001/XMLSchema-instance\"">\r\n  <A>255</A>\r\n  <R>0</R>\r\n  <G>0</G>\r\n  <B>0</B>\r\n  <ScA>1</ScA>\r\n  <ScR>0</ScR>\r\n  <ScG>0</ScG>\r\n  <ScB>0</ScB>\r\n</Color>""",,DataBase\bgdata_extract\180.binary\strings\BG_SETUP__RESULTS_MANAGER__RESULT_UI__RESULT_WINDOW_MANAGER__RESULTS__uniformity1D_Ym___DISPLAY_OPTIONS__FONT_COLOR.txt
BG_SETUP/RESULTS_MANAGER/RESULT_UI/RESULT_WINDOW_MANAGER/RESULTS/uniformity1D_Ym_/DISPLAY_OPTIONS/FONT_SIZE,[1],int32,1,12.0,12.0,12.0,12.0,42f4aeb81c1ef81f771f3de8abca9dcf66901c575530e7672e4b1146474ae650,12,,
BG_SETUP/RESULTS_MANAGER/RESULT_UI/RESULT_WINDOW_MANAGER/RESULTS/uniformity1D_Ym_/VISIBLE,[1],uint8,1,0.0,0.0,0.0,0.0,6e340b9cffb37a989ca544e6bb780a2c78901d3fb33738768511a30617afa01d,0,,
BG_SETUP/RESULTS_MANAGER/RESULT_UI/WIDTH,[1],float64,1,89.22666666666666,89.22666666666666,89.22666666666666,89.22666666666666,9d3a47ebf7adcadb95a56b1c13b074f48249e8e1e11aecb9bcbbe09c577601f0,89.22666666666666,,
BG_SETUP/Reports/RIBBON_VISIBILITY_PRINT_FRAME,[1],|S7,1,,,,,8411f5abb4c710b176d8f28c735f55a5f1e1ac648a8a48432ce4c10014a9bb91,"""Visible""",,
BG_SETUP/Reports/RIBBON_VISIBILITY_PRINT_PRIVILEGE,[1],|S7,1,,,,,8411f5abb4c710b176d8f28c735f55a5f1e1ac648a8a48432ce4c10014a9bb91,"""Visible""",,
BG_SETUP/SETUP_APPLICATION_TYPE,[1],|S15,1,,,,,804c07f6157608b1f4663c59ced8b61b9b01b77a7d450fb4395d9dabf7163e6b,"""BG_PROFESSIONAL""",,
BG_SETUP/SETUP_CULTURE,[1],|S36,1,,,,,4169cf63dceed03b46ae5c53084196ef8c131d48ac937a63e0ab9f137fcdc1fa,"""Chinese (Simplified, Mainland China)""",,
BG_SETUP/Source/RIBBON_VISIBILITY_A String,[1],|S7,1,,,,,8411f5abb4c710b176d8f28c735f55a5f1e1ac648a8a48432ce4c10014a9bb91,"""Visible""",,
BG_SETUP/Source/RIBBON_VISIBILITY_BAD_PIXEL_CORRECTION,[1],|S9,1,,,,,b322b65227bc3ec948893e32aa98f227417327069e191d79107a2736a7b2f980,"""Collapsed""",,
BG_SETUP/Source/RIBBON_VISIBILITY_DATASOURCE_PRIVILEGE,[1],|S7,1,,,,,8411f5abb4c710b176d8f28c735f55a5f1e1ac648a8a48432ce4c10014a9bb91,"""Visible""",,
BG_SETUP/Source/RIBBON_VISIBILITY_EGB_PRIVILEGE,[1],|S7,1,,,,,8411f5abb4c710b176d8f28c735f55a5f1e1ac648a8a48432ce4c10014a9bb91,"""Visible""",,
BG_SETUP/Source/RIBBON_VISIBILITY_GAIN_CORRECTION,[1],|S9,1,,,,,b322b65227bc3ec948893e32aa98f227417327069e191d79107a2736a7b2f980,"""Collapsed""",,
BG_SETUP/Source/RIBBON_VISIBILITY_Need to implement this,[1],|S7,1,,,,,8411f5abb4c710b176d8f28c735f55a5f1e1ac648a8a48432ce4c10014a9bb91,"""Visible""",,
BG_SETUP/Source/RIBBON_VISIBILITY_POWERMETER_PRIVILEGE,[1],|S7,1,,,,,8411f5abb4c710b176d8f28c735f55a5f1e1ac648a8a48432ce4c10014a9bb91,"""Visible""",,
BG_SETUP/Source/RIBBON_VISIBILITY_SOURCESELECTCONNECT_RIBBONBAR_PRIVILEGE,[1],|S7,1,,,,,8411f5abb4c710b176d8f28c735f55a5f1e1ac648a8a48432ce4c10014a9bb91,"""Visible""",,
BG_SETUP/Source/RIBBON_VISIBILITY_STARTSTOP_PRIVILEGE,[1],|S7,1,,,,,8411f5abb4c710b176d8f28c735f55a5f1e1ac648a8a48432ce4c10014a9bb91,"""Visible""",,
BG_SETUP/Source/RIBBON_VISIBILITY_TRIGGERMETHOD_PRIVILEGE,[1],|S7,1,,,,,8411f5abb4c710b176d8f28c735f55a5f1e1ac648a8a48432ce4c10014a9bb91,"""Visible""",,
BG_SETUP/Source/RIBBON_VISIBILITY_ULTRACAL_PRIVILEGE,[1],|S7,1,,,,,8411f5abb4c710b176d8f28c735f55a5f1e1ac648a8a48432ce4c10014a9bb91,"""Visible""",,
BG_SETUP/Source/RIBBON_VISIBILITY_VIDEOTRIGGER_PRIVILEGES,[1],|S7,1,,,,,8411f5abb4c710b176d8f28c735f55a5f1e1ac648a8a48432ce4c10014a9bb91,"""Visible""",,
BG_SETUP/StateVersion,[1],|S3,1,,,,,b05e244762b1e472be89a93800cc3ee326743cecb55984bf12813addb8de66d0,"""1.1""",,
BG_SETUP/VERSION_NUMBER,[1],|S6,1,,,,,6c05a0474d2f522c6c06a925982b62710d7d6f823a44f6dda71d4fe5413850ac,"""6.23.0""",,
